Txhash,BlockTimeUnix,BlockTime,Fee(SOL),TokenAccount,ChangeType,ChangeAmount,PreBalancer,PostBalancer,TokenAddress,TokenDecimals,TokenMultiplier
4cdL4DFFZdtgKiwkbpo2LBHFTMfb4a21wyDKy4svJgEJ58WW98rS4aS46kGXDFM8XwVTUvxRb97JeiqkirTKgvwZ,1754161657,2025-08-02T21:07:37,5.002e-06,AK1TDZ8TUrLRMGyRHWBNSge8zmtXeRmMHZGsZ41QfpST,inc,410675756,629553764,1040229520,So11111111111111111111111111111111111111111,9,1.0
4cdL4DFFZdtgKiwkbpo2LBHFTMfb4a21wyDKy4svJgEJ58WW98rS4aS46kGXDFM8XwVTUvxRb97JeiqkirTKgvwZ,1754161657,2025-08-02T21:07:37,5.002e-06,AK1TDZ8TUrLRMGyRHWBNSge8zmtXeRmMHZGsZ41QfpST,dec,2715521880916,2732330953361,16809072445,6FHLTwY2EuUQqdV3AjYb1T7HvVKbGzpex8JnTBvL9466,6,1.0
4Dk1uCuwGgiah1F7EuFycGuKj3uo6vzqEMruH91eLqbVxetnTz9FRQTPqWNdBjmBsMRQqr6mv34hpoadDNzFEPrC,1754161608,2025-08-02T21:06:48,5.003e-06,AK1TDZ8TUrLRMGyRHWBNSge8zmtXeRmMHZGsZ41QfpST,dec,403612489,1033172253,629559764,So11111111111111111111111111111111111111111,9,1.0
4Dk1uCuwGgiah1F7EuFycGuKj3uo6vzqEMruH91eLqbVxetnTz9FRQTPqWNdBjmBsMRQqr6mv34hpoadDNzFEPrC,1754161608,2025-08-02T21:06:48,5.003e-06,AK1TDZ8TUrLRMGyRHWBNSge8zmtXeRmMHZGsZ41QfpST,inc,2732330950524,2837,2732330953361,6FHLTwY2EuUQqdV3AjYb1T7HvVKbGzpex8JnTBvL9466,6,1.0
3PYingqcWPLYQwMKuA4pKjL7nso4KyDT9abJk3Gobp5mVbpCBZo684C3yZ1XrGHLB5GaccPd3t5vr7RdZWyzoRtR,1754161597,2025-08-02T21:06:37,5.002e-06,AK1TDZ8TUrLRMGyRHWBNSge8zmtXeRmMHZGsZ41QfpST,inc,1003864150,29314103,1033178253,So11111111111111111111111111111111111111111,9,1.0
3PYingqcWPLYQwMKuA4pKjL7nso4KyDT9abJk3Gobp5mVbpCBZo684C3yZ1XrGHLB5GaccPd3t5vr7RdZWyzoRtR,1754161597,2025-08-02T21:06:37,5.002e-06,AK1TDZ8TUrLRMGyRHWBNSge8zmtXeRmMHZGsZ41QfpST,dec,7055189492098,7055189494935,2837,6FHLTwY2EuUQqdV3AjYb1T7HvVKbGzpex8JnTBvL9466,6,1.0
4Ke5JP3rQcaVtEvCU3vDKu9EmWgr72jk9UeQiL2egjPJL9t2eBLtatfXmF2pFi73q8r7g7VPMM1gQoDg6A524ATJ,1754161461,2025-08-02T21:04:21,5.003e-06,AK1TDZ8TUrLRMGyRHWBNSge8zmtXeRmMHZGsZ41QfpST,dec,227845329,257165432,29320103,So11111111111111111111111111111111111111111,9,1.0
4Ke5JP3rQcaVtEvCU3vDKu9EmWgr72jk9UeQiL2egjPJL9t2eBLtatfXmF2pFi73q8r7g7VPMM1gQoDg6A524ATJ,1754161461,2025-08-02T21:04:21,5.003e-06,AK1TDZ8TUrLRMGyRHWBNSge8zmtXeRmMHZGsZ41QfpST,inc,1614333976157,5440855518778,7055189494935,6FHLTwY2EuUQqdV3AjYb1T7HvVKbGzpex8JnTBvL9466,6,1.0
WPBi5hv32QaB3E7dtV9LA2y32WpPcp1WGyBp2eFBWgJGFJxqUKH2yCt5Hr1xfePGwofs7qSe7sPbKUNpK1igzBJ,1754161416,2025-08-02T21:03:36,5.003e-06,AK1TDZ8TUrLRMGyRHWBNSge8zmtXeRmMHZGsZ41QfpST,dec,232015486,489186918,257171431,So11111111111111111111111111111111111111111,9,1.0
WPBi5hv32QaB3E7dtV9LA2y32WpPcp1WGyBp2eFBWgJGFJxqUKH2yCt5Hr1xfePGwofs7qSe7sPbKUNpK1igzBJ,1754161416,2025-08-02T21:03:36,5.003e-06,AK1TDZ8TUrLRMGyRHWBNSge8zmtXeRmMHZGsZ41QfpST,inc,1686996811766,3753858707012,5440855518778,6FHLTwY2EuUQqdV3AjYb1T7HvVKbGzpex8JnTBvL9466,6,1.0
3NXN2WEr3Qm1NLwSXRDArZs8vRB1pknP29MnGcpmoyLjwyW4PfegGkQkQbcUscoZL1HD6zehU4d5ZBywDfmqFrz7,1754161374,2025-08-02T21:02:54,5.002e-06,AK1TDZ8TUrLRMGyRHWBNSge8zmtXeRmMHZGsZ41QfpST,inc,400756786,88436132,489192918,So11111111111111111111111111111111111111111,9,1.0
3NXN2WEr3Qm1NLwSXRDArZs8vRB1pknP29MnGcpmoyLjwyW4PfegGkQkQbcUscoZL1HD6zehU4d5ZBywDfmqFrz7,1754161374,2025-08-02T21:02:54,5.002e-06,AK1TDZ8TUrLRMGyRHWBNSge8zmtXeRmMHZGsZ41QfpST,dec,2955562499494,6709421206506,3753858707012,6FHLTwY2EuUQqdV3AjYb1T7HvVKbGzpex8JnTBvL9466,6,1.0
5ZdQDhxCzAvD4EMd6ARVCdddLy1C4CdZXrgbV1doBiYrGL8a55SY9vXhsuNmTgo3c1SzV3TYf3xMpEgC59dFta1B,1754161373,2025-08-02T21:02:53,5.003e-06,AK1TDZ8TUrLRMGyRHWBNSge8zmtXeRmMHZGsZ41QfpST,dec,505549998,593992130,88442132,So11111111111111111111111111111111111111111,9,1.0
5ZdQDhxCzAvD4EMd6ARVCdddLy1C4CdZXrgbV1doBiYrGL8a55SY9vXhsuNmTgo3c1SzV3TYf3xMpEgC59dFta1B,1754161373,2025-08-02T21:02:53,5.003e-06,AK1TDZ8TUrLRMGyRHWBNSge8zmtXeRmMHZGsZ41QfpST,inc,3727383591097,2982037615409,6709421206506,6FHLTwY2EuUQqdV3AjYb1T7HvVKbGzpex8JnTBvL9466,6,1.0
2uWEaJi16TwGS2vc9ucQYySbFYxALU1Z9woz1ZwfXCzk1gftxuHzqziRqZpYGUpD38bSFSKwCVcNV2xfGmELtcFd,1754161344,2025-08-02T21:02:24,5.003e-06,AK1TDZ8TUrLRMGyRHWBNSge8zmtXeRmMHZGsZ41QfpST,dec,386986060,980984190,593998130,So11111111111111111111111111111111111111111,9,1.0
2uWEaJi16TwGS2vc9ucQYySbFYxALU1Z9woz1ZwfXCzk1gftxuHzqziRqZpYGUpD38bSFSKwCVcNV2xfGmELtcFd,1754161344,2025-08-02T21:02:24,5.003e-06,AK1TDZ8TUrLRMGyRHWBNSge8zmtXeRmMHZGsZ41QfpST,inc,2982037610236,5173,2982037615409,6FHLTwY2EuUQqdV3AjYb1T7HvVKbGzpex8JnTBvL9466,6,1.0
ozZGcC7yMKXG5ZuZgJWM3g3QHZTJBZHzUyhkERbJkCbXcMuC9bgq9eSEf4R5NonbZGH666rj6q6AP59UMnPLJHG,1754161330,2025-08-02T21:02:10,5.002e-06,AK1TDZ8TUrLRMGyRHWBNSge8zmtXeRmMHZGsZ41QfpST,inc,266984550,714005640,980990190,So11111111111111111111111111111111111111111,9,1.0
ozZGcC7yMKXG5ZuZgJWM3g3QHZTJBZHzUyhkERbJkCbXcMuC9bgq9eSEf4R5NonbZGH666rj6q6AP59UMnPLJHG,1754161330,2025-08-02T21:02:10,5.002e-06,AK1TDZ8TUrLRMGyRHWBNSge8zmtXeRmMHZGsZ41QfpST,dec,2069175489314,2069175494487,5173,6FHLTwY2EuUQqdV3AjYb1T7HvVKbGzpex8JnTBvL9466,6,1.0
4csU9ePFF9MpA7EvGzU542kJYmBkQr7shHogrWiqZ5go6t9Z4e2Vg7zX83Z33xMFKxqvyZE9JM6spsDwx6EmSkwq,1754161316,2025-08-02T21:01:56,5.003e-06,AK1TDZ8TUrLRMGyRHWBNSge8zmtXeRmMHZGsZ41QfpST,dec,277563164,991574804,714011640,So11111111111111111111111111111111111111111,9,1.0
4csU9ePFF9MpA7EvGzU542kJYmBkQr7shHogrWiqZ5go6t9Z4e2Vg7zX83Z33xMFKxqvyZE9JM6spsDwx6EmSkwq,1754161316,2025-08-02T21:01:56,5.003e-06,AK1TDZ8TUrLRMGyRHWBNSge8zmtXeRmMHZGsZ41QfpST,inc,2069175494419,68,2069175494487,6FHLTwY2EuUQqdV3AjYb1T7HvVKbGzpex8JnTBvL9466,6,1.0
36eSyrxTkTg7ck951RUBzAsQVxvDkcNBb38XZT18DinAq9HU7fqbxswm1N3jKtBdAS4HTvUeAYKLiacHxu2ifVoD,1754161246,2025-08-02T21:00:46,5.002e-06,AK1TDZ8TUrLRMGyRHWBNSge8zmtXeRmMHZGsZ41QfpST,dec,509494,509561,68,6FHLTwY2EuUQqdV3AjYb1T7HvVKbGzpex8JnTBvL9466,6,1.0
63VaeQ4qmjU4mTh1jB6tk4KZHyjedeo6tbFFHMPx8MitbtxyxDFD21njw2DEc7zNmVEY3dhQjMjpRcoqGQXNkMm,1754161226,2025-08-02T21:00:26,5.002e-06,AK1TDZ8TUrLRMGyRHWBNSge8zmtXeRmMHZGsZ41QfpST,dec,80447521,80957084,509561,6FHLTwY2EuUQqdV3AjYb1T7HvVKbGzpex8JnTBvL9466,6,1.0
34B2KrF7Axg6fEcz41AkBPYo6LtmuVKJvGCLk33juxrfi99VyavGWCuV8RkU8tdKYMvcVNsAy3KPet8k3hDyGSUN,1754161224,2025-08-02T21:00:24,5.002e-06,AK1TDZ8TUrLRMGyRHWBNSge8zmtXeRmMHZGsZ41QfpST,inc,2849447,988742023,991591471,So11111111111111111111111111111111111111111,9,1.0
34B2KrF7Axg6fEcz41AkBPYo6LtmuVKJvGCLk33juxrfi99VyavGWCuV8RkU8tdKYMvcVNsAy3KPet8k3hDyGSUN,1754161224,2025-08-02T21:00:24,5.002e-06,AK1TDZ8TUrLRMGyRHWBNSge8zmtXeRmMHZGsZ41QfpST,dec,20316189656,20397146740,80957084,6FHLTwY2EuUQqdV3AjYb1T7HvVKbGzpex8JnTBvL9466,6,1.0
FqciHw53wHu8fz3pc1mhPBQW2YYHCWdbD8aUjc8NTCuJradqP8Nd3kPS2yoGx2fhbgKFPNF1xUa98GFwB5HRCb6,1754161220,2025-08-02T21:00:20,5.002e-06,AK1TDZ8TUrLRMGyRHWBNSge8zmtXeRmMHZGsZ41QfpST,inc,402803527,585944496,988748023,So11111111111111111111111111111111111111111,9,1.0
FqciHw53wHu8fz3pc1mhPBQW2YYHCWdbD8aUjc8NTCuJradqP8Nd3kPS2yoGx2fhbgKFPNF1xUa98GFwB5HRCb6,1754161220,2025-08-02T21:00:20,5.002e-06,AK1TDZ8TUrLRMGyRHWBNSge8zmtXeRmMHZGsZ41QfpST,dec,2873945549464,2894342696204,20397146740,6FHLTwY2EuUQqdV3AjYb1T7HvVKbGzpex8JnTBvL9466,6,1.0
5niwsLtdsL4graFHQyQkgYNubjbnkBndp5mWccZBEi4ZD7Sv8Z36vmiy24RJWpEepkVLjfYnBb8vYv78mLb916kT,1754161206,2025-08-02T21:00:06,5.003e-06,AK1TDZ8TUrLRMGyRHWBNSge8zmtXeRmMHZGsZ41QfpST,dec,396214344,982164841,585950496,So11111111111111111111111111111111111111111,9,1.0
5niwsLtdsL4graFHQyQkgYNubjbnkBndp5mWccZBEi4ZD7Sv8Z36vmiy24RJWpEepkVLjfYnBb8vYv78mLb916kT,1754161206,2025-08-02T21:00:06,5.003e-06,AK1TDZ8TUrLRMGyRHWBNSge8zmtXeRmMHZGsZ41QfpST,inc,2877238294637,17104401567,2894342696204,6FHLTwY2EuUQqdV3AjYb1T7HvVKbGzpex8JnTBvL9466,6,1.0
dvgzCrvaUJkugbcsWKXpJ9BWQ3LaojLw8F66te8nTp6UfrXDHCRLtvJ6dEBzY7cymzuF3aRcxGbivkzXe4w4uSJ,1754161176,2025-08-02T20:59:36,5.002e-06,AK1TDZ8TUrLRMGyRHWBNSge8zmtXeRmMHZGsZ41QfpST,inc,867090599,115080242,982170841,So11111111111111111111111111111111111111111,9,1.0
dvgzCrvaUJkugbcsWKXpJ9BWQ3LaojLw8F66te8nTp6UfrXDHCRLtvJ6dEBzY7cymzuF3aRcxGbivkzXe4w4uSJ,1754161176,2025-08-02T20:59:36,5.002e-06,AK1TDZ8TUrLRMGyRHWBNSge8zmtXeRmMHZGsZ41QfpST,dec,6388241984520,6405346386087,17104401567,6FHLTwY2EuUQqdV3AjYb1T7HvVKbGzpex8JnTBvL9466,6,1.0
642GFWX6CtMYcnJbc68rKhGGSKgD8o7edLkcqkJ2M41xdYTnm3NQey1BnLeSenEQdKZ3WMeefcrozfLTZdvpEFJR,1754160863,2025-08-02T20:54:23,5.003e-06,AK1TDZ8TUrLRMGyRHWBNSge8zmtXeRmMHZGsZ41QfpST,dec,260467779,375554021,115086242,So11111111111111111111111111111111111111111,9,1.0
642GFWX6CtMYcnJbc68rKhGGSKgD8o7edLkcqkJ2M41xdYTnm3NQey1BnLeSenEQdKZ3WMeefcrozfLTZdvpEFJR,1754160863,2025-08-02T20:54:23,5.003e-06,AK1TDZ8TUrLRMGyRHWBNSge8zmtXeRmMHZGsZ41QfpST,inc,1776846021363,4628500364724,6405346386087,6FHLTwY2EuUQqdV3AjYb1T7HvVKbGzpex8JnTBvL9466,6,1.0
32oxiufpQh6UL1bxakfB4tHjvQQ358ge1jBJ5jMmoqS4F1n2yEFNwtMLtXt6egzNAz8Ar8VB8eWyJA9s6v5ro5c7,1754160838,2025-08-02T20:53:58,5.003e-06,AK1TDZ8TUrLRMGyRHWBNSge8zmtXeRmMHZGsZ41QfpST,dec,105450021,481010042,375560021,So11111111111111111111111111111111111111111,9,1.0
32oxiufpQh6UL1bxakfB4tHjvQQ358ge1jBJ5jMmoqS4F1n2yEFNwtMLtXt6egzNAz8Ar8VB8eWyJA9s6v5ro5c7,1754160838,2025-08-02T20:53:58,5.003e-06,AK1TDZ8TUrLRMGyRHWBNSge8zmtXeRmMHZGsZ41QfpST,inc,744946733889,3883553630834,4628500364724,6FHLTwY2EuUQqdV3AjYb1T7HvVKbGzpex8JnTBvL9466,6,1.0
2n8LTrGa529WnJekM4NA9tYGG4iB18TV8k54QUZzMWtrYj8gZhDf35i1zqoHGtGCvw8Gr9FZULkHnVtYEy17HQsM,1754160794,2025-08-02T20:53:14,5.003e-06,AK1TDZ8TUrLRMGyRHWBNSge8zmtXeRmMHZGsZ41QfpST,dec,519774495,1000790537,481016042,So11111111111111111111111111111111111111111,9,1.0
2n8LTrGa529WnJekM4NA9tYGG4iB18TV8k54QUZzMWtrYj8gZhDf35i1zqoHGtGCvw8Gr9FZULkHnVtYEy17HQsM,1754160794,2025-08-02T20:53:14,5.003e-06,AK1TDZ8TUrLRMGyRHWBNSge8zmtXeRmMHZGsZ41QfpST,inc,3883553623615,7219,3883553630834,6FHLTwY2EuUQqdV3AjYb1T7HvVKbGzpex8JnTBvL9466,6,1.0
3gE4CcmN6TtL97DqXs3DhzohWvuExM3Hbp2z5V8FEsK2qpAHpyvth2qxbqJUaCQFntgbusmSAWebwEozZccr8xaJ,1754160696,2025-08-02T20:51:36,5.002e-06,AK1TDZ8TUrLRMGyRHWBNSge8zmtXeRmMHZGsZ41QfpST,dec,2057748,2064967,7219,6FHLTwY2EuUQqdV3AjYb1T7HvVKbGzpex8JnTBvL9466,6,1.0
3cJzJfFgYtorK2XPdEAH9CbKsanCAwVj4wasvDzNFXaCkHaKb7WN37z6W2kf9FKep4p544s7yLQUZ6it6KikxKjS,1754160686,2025-08-02T20:51:26,5.002e-06,AK1TDZ8TUrLRMGyRHWBNSge8zmtXeRmMHZGsZ41QfpST,dec,161865424,163930391,2064967,6FHLTwY2EuUQqdV3AjYb1T7HvVKbGzpex8JnTBvL9466,6,1.0
2t1QRQ2p71RAuwn6KzYP8w1amkqU3RYT4RDHwRHWCv7pvdphtFv2yPd674Q9BUNnbYc2KSzRtjKU147Raqs9YcJg,1754160519,2025-08-02T20:48:39,5.002e-06,AK1TDZ8TUrLRMGyRHWBNSge8zmtXeRmMHZGsZ41QfpST,inc,1431171,999365555,1000796727,So11111111111111111111111111111111111111111,9,1.0
2t1QRQ2p71RAuwn6KzYP8w1amkqU3RYT4RDHwRHWCv7pvdphtFv2yPd674Q9BUNnbYc2KSzRtjKU147Raqs9YcJg,1754160519,2025-08-02T20:48:39,5.002e-06,AK1TDZ8TUrLRMGyRHWBNSge8zmtXeRmMHZGsZ41QfpST,dec,12118900883,12282831274,163930391,6FHLTwY2EuUQqdV3AjYb1T7HvVKbGzpex8JnTBvL9466,6,1.0
2Zbj5c4uFRwFPfQoe5pRchEm3bbabzxUENg8b9FUWEVUJuwQBtY9QGUKfap9imqaVsiZHr8Z6foV7ZwSo4mYr8Yh,1754160439,2025-08-02T20:47:19,5.002e-06,AK1TDZ8TUrLRMGyRHWBNSge8zmtXeRmMHZGsZ41QfpST,inc,197581679,801789876,999371555,So11111111111111111111111111111111111111111,9,1.0
2Zbj5c4uFRwFPfQoe5pRchEm3bbabzxUENg8b9FUWEVUJuwQBtY9QGUKfap9imqaVsiZHr8Z6foV7ZwSo4mYr8Yh,1754160439,2025-08-02T20:47:19,5.002e-06,AK1TDZ8TUrLRMGyRHWBNSge8zmtXeRmMHZGsZ41QfpST,dec,2109719317969,2122002149243,12282831274,6FHLTwY2EuUQqdV3AjYb1T7HvVKbGzpex8JnTBvL9466,6,1.0
2tyv3ieS4t1gBDmcptRbr3Fem2ncCRaCEArFCKtLCPohWwxqamtKEsLMf7L79qLtPXit6SUJ3xogZPNfv55fwJpi,1754160436,2025-08-02T20:47:16,5.004e-06,AK1TDZ8TUrLRMGyRHWBNSge8zmtXeRmMHZGsZ41QfpST,dec,199704124,1001500000,801795876,So11111111111111111111111111111111111111111,9,1.0
2tyv3ieS4t1gBDmcptRbr3Fem2ncCRaCEArFCKtLCPohWwxqamtKEsLMf7L79qLtPXit6SUJ3xogZPNfv55fwJpi,1754160436,2025-08-02T20:47:16,5.004e-06,AK1TDZ8TUrLRMGyRHWBNSge8zmtXeRmMHZGsZ41QfpST,inc,2122002149243,0,2122002149243,6FHLTwY2EuUQqdV3AjYb1T7HvVKbGzpex8JnTBvL9466,6,1.0
2K4ohQJR9KNtiyvLA9SiQ7wTJmbSvX3kxn1XmK3xrCaYusX4AELwtF7wRZnpEBBf7wQJGg6JQTUnyB1s6EhQG2s,1754160354,2025-08-02T20:45:54,3.14e-05,AK1TDZ8TUrLRMGyRHWBNSge8zmtXeRmMHZGsZ41QfpST,inc,999999999,1500001,1001500000,So11111111111111111111111111111111111111111,9,1.0
DP5VNbFv6anNDHyzvHKwmJ1T2nxRr6m5Umskvm8Gaq626WGuxw1xLRiALNNCBneKZe37W8eFWHkHdrz9sy8Rfqb,1754160303,2025-08-02T20:45:03,6.66e-05,AK1TDZ8TUrLRMGyRHWBNSge8zmtXeRmMHZGsZ41QfpST,dec,1059586109,1061086110,1500001,So11111111111111111111111111111111111111111,9,1.0
3vLFwa3XEig5jbgvrWriPDvcKWyc6hpmYTUW353pykYZFYKw5beUzVphz4B7rsrLGrwwTaMsZrLztsimvgA6ZZ6o,1754159785,2025-08-02T20:36:25,5.002e-06,AK1TDZ8TUrLRMGyRHWBNSge8zmtXeRmMHZGsZ41QfpST,inc,8635917,1052456192,1061092109,So11111111111111111111111111111111111111111,9,1.0
3vLFwa3XEig5jbgvrWriPDvcKWyc6hpmYTUW353pykYZFYKw5beUzVphz4B7rsrLGrwwTaMsZrLztsimvgA6ZZ6o,1754159785,2025-08-02T20:36:25,5.002e-06,AK1TDZ8TUrLRMGyRHWBNSge8zmtXeRmMHZGsZ41QfpST,dec,59145717819,59612664241,466946422,8uF88wRh5atb9n6UB3k7kHj8go19DALM6g82ZZXz1GpT,6,1.0
25JcbJc6WB3XvsmqvYQk4JfJJTkens2hQDfx6WM9a9Er2PDx6LhsSuiJpyuHEvhEZ8XgSYdASFpjpemHCirUKo8S,1754159762,2025-08-02T20:36:02,5.002e-06,AK1TDZ8TUrLRMGyRHWBNSge8zmtXeRmMHZGsZ41QfpST,inc,889198778,163263413,1052462191,So11111111111111111111111111111111111111111,9,1.0
25JcbJc6WB3XvsmqvYQk4JfJJTkens2hQDfx6WM9a9Er2PDx6LhsSuiJpyuHEvhEZ8XgSYdASFpjpemHCirUKo8S,1754159762,2025-08-02T20:36:02,5.002e-06,AK1TDZ8TUrLRMGyRHWBNSge8zmtXeRmMHZGsZ41QfpST,dec,6248917403801,6308530068042,59612664241,8uF88wRh5atb9n6UB3k7kHj8go19DALM6g82ZZXz1GpT,6,1.0
4BNsRpFkzvXX3LBVFMBqkoRwtRJueipWLyDNpfCXKmRGBQF8shpWXtZWrNb6yLqFCsKnvWz98FfZjZktS47B8GrQ,1754159486,2025-08-02T20:31:26,5.003e-06,AK1TDZ8TUrLRMGyRHWBNSge8zmtXeRmMHZGsZ41QfpST,dec,330993709,494263122,163269413,So11111111111111111111111111111111111111111,9,1.0
4BNsRpFkzvXX3LBVFMBqkoRwtRJueipWLyDNpfCXKmRGBQF8shpWXtZWrNb6yLqFCsKnvWz98FfZjZktS47B8GrQ,1754159486,2025-08-02T20:31:26,5.003e-06,AK1TDZ8TUrLRMGyRHWBNSge8zmtXeRmMHZGsZ41QfpST,inc,2381438327441,3927091740600,6308530068042,8uF88wRh5atb9n6UB3k7kHj8go19DALM6g82ZZXz1GpT,6,1.0
E9E8n5zuhYdFK7pGbGdr55gPKJCUzWPp13r3VrJjNjiBEHkYhZzd5qpBjRsNwXRe4Temo8gnuTS663mi6gqCxGA,1754159479,2025-08-02T20:31:19,5.003e-06,AK1TDZ8TUrLRMGyRHWBNSge8zmtXeRmMHZGsZ41QfpST,dec,537261067,1031530188,494269122,So11111111111111111111111111111111111111111,9,1.0
E9E8n5zuhYdFK7pGbGdr55gPKJCUzWPp13r3VrJjNjiBEHkYhZzd5qpBjRsNwXRe4Temo8gnuTS663mi6gqCxGA,1754159479,2025-08-02T20:31:19,5.003e-06,AK1TDZ8TUrLRMGyRHWBNSge8zmtXeRmMHZGsZ41QfpST,inc,3905282780217,21808960383,3927091740600,8uF88wRh5atb9n6UB3k7kHj8go19DALM6g82ZZXz1GpT,6,1.0
4Qc2znfTbZe9xsfxaz6Bj3aG7Zosiq3kp7LPDMKwMP6QmCCq8FhbqdJYiKY22ADb4KevpWobgHDZH8snTSBoCxrW,1754159419,2025-08-02T20:30:19,5.002e-06,AK1TDZ8TUrLRMGyRHWBNSge8zmtXeRmMHZGsZ41QfpST,inc,490195432,541340757,1031536189,So11111111111111111111111111111111111111111,9,1.0
4Qc2znfTbZe9xsfxaz6Bj3aG7Zosiq3kp7LPDMKwMP6QmCCq8FhbqdJYiKY22ADb4KevpWobgHDZH8snTSBoCxrW,1754159419,2025-08-02T20:30:19,5.002e-06,AK1TDZ8TUrLRMGyRHWBNSge8zmtXeRmMHZGsZ41QfpST,dec,3506301269723,3528110230106,21808960383,8uF88wRh5atb9n6UB3k7kHj8go19DALM6g82ZZXz1GpT,6,1.0
47NsmZsFVoF27KGc4cgmSNxP6u9XikczYMQuisyM7Qn5kVGQHqETzCyBoKE4BncnmZqWUWbva1X8wPgnT9xSmHE3,1754159376,2025-08-02T20:29:36,5.003e-06,AK1TDZ8TUrLRMGyRHWBNSge8zmtXeRmMHZGsZ41QfpST,dec,189752540,731099298,541346757,So11111111111111111111111111111111111111111,9,1.0
47NsmZsFVoF27KGc4cgmSNxP6u9XikczYMQuisyM7Qn5kVGQHqETzCyBoKE4BncnmZqWUWbva1X8wPgnT9xSmHE3,1754159376,2025-08-02T20:29:36,5.003e-06,AK1TDZ8TUrLRMGyRHWBNSge8zmtXeRmMHZGsZ41QfpST,inc,1352828353557,2175281876548,3528110230106,8uF88wRh5atb9n6UB3k7kHj8go19DALM6g82ZZXz1GpT,6,1.0
iyktsEFBF83MKeRxzWYY96HtBk6epLm8Qqe4G29hoGvf8hWLMLKcFizbHZttbuhaGFR49kYT4AR29zGoD8wW88r,1754159349,2025-08-02T20:29:09,5.003e-06,AK1TDZ8TUrLRMGyRHWBNSge8zmtXeRmMHZGsZ41QfpST,dec,109539415,840644714,731105298,So11111111111111111111111111111111111111111,9,1.0
iyktsEFBF83MKeRxzWYY96HtBk6epLm8Qqe4G29hoGvf8hWLMLKcFizbHZttbuhaGFR49kYT4AR29zGoD8wW88r,1754159349,2025-08-02T20:29:09,5.003e-06,AK1TDZ8TUrLRMGyRHWBNSge8zmtXeRmMHZGsZ41QfpST,inc,811298587919,1363983288629,2175281876548,8uF88wRh5atb9n6UB3k7kHj8go19DALM6g82ZZXz1GpT,6,1.0
3sV8okwvk9jh3C9B3gaRDqWMNMQxq6uzSz2ieE6N7vKq6eRxjviLh1TnaQtSbXVSJHAN9rSYHwt5ExWvaGdYJ1pH,1754159326,2025-08-02T20:28:46,5.003e-06,AK1TDZ8TUrLRMGyRHWBNSge8zmtXeRmMHZGsZ41QfpST,dec,188117610,1028768324,840650714,So11111111111111111111111111111111111111111,9,1.0
3sV8okwvk9jh3C9B3gaRDqWMNMQxq6uzSz2ieE6N7vKq6eRxjviLh1TnaQtSbXVSJHAN9rSYHwt5ExWvaGdYJ1pH,1754159326,2025-08-02T20:28:46,5.003e-06,AK1TDZ8TUrLRMGyRHWBNSge8zmtXeRmMHZGsZ41QfpST,inc,1363983258396,30233,1363983288629,8uF88wRh5atb9n6UB3k7kHj8go19DALM6g82ZZXz1GpT,6,1.0
ZMN9umbEGEQStTLE2iJbw8EpppD5KUen8uMnkLkZur6js5aMVuiav38XFuWLGfD8CCQTbTQ58KjfYj9RSDr7JDk,1754159258,2025-08-02T20:27:38,5.002e-06,AK1TDZ8TUrLRMGyRHWBNSge8zmtXeRmMHZGsZ41QfpST,dec,1199570,1229803,30233,8uF88wRh5atb9n6UB3k7kHj8go19DALM6g82ZZXz1GpT,6,1.0
5qsqxzaxgxA5pE8rbfhpWk37rGBJVx2ioTj3RxBDZoiWVLVLnGVsZpDgpxksCtTFYoGmG5pkrwL4KuDBqdMJkaYN,1754159246,2025-08-02T20:27:26,5.002e-06,AK1TDZ8TUrLRMGyRHWBNSge8zmtXeRmMHZGsZ41QfpST,dec,390208193,391437996,1229803,8uF88wRh5atb9n6UB3k7kHj8go19DALM6g82ZZXz1GpT,6,1.0
Jh2SwEMrVFcEervyR5EGnTAusBexjhgdngtCRvywGPsQuXWzpkcsrL1qySPTwyVqgL8Tf2WxtKoRvWTCEsnQ3wU,1754159232,2025-08-02T20:27:12,5.002e-06,AK1TDZ8TUrLRMGyRHWBNSge8zmtXeRmMHZGsZ41QfpST,inc,7897929,1020846399,1028744329,So11111111111111111111111111111111111111111,9,1.0
Jh2SwEMrVFcEervyR5EGnTAusBexjhgdngtCRvywGPsQuXWzpkcsrL1qySPTwyVqgL8Tf2WxtKoRvWTCEsnQ3wU,1754159232,2025-08-02T20:27:12,5.002e-06,AK1TDZ8TUrLRMGyRHWBNSge8zmtXeRmMHZGsZ41QfpST,dec,60376943240,60768381236,391437996,8uF88wRh5atb9n6UB3k7kHj8go19DALM6g82ZZXz1GpT,6,1.0
3VRAYn8ge462QAmhvEFp6YowNTtgtmnUGkiVSSEFR5hwSAidPxx6vZjBSJrR2Ek5UifZmm2r6f3UcDfrD6KmegVm,1754159219,2025-08-02T20:26:59,5.002e-06,AK1TDZ8TUrLRMGyRHWBNSge8zmtXeRmMHZGsZ41QfpST,inc,728254736,292597663,1020852399,So11111111111111111111111111111111111111111,9,1.0
3VRAYn8ge462QAmhvEFp6YowNTtgtmnUGkiVSSEFR5hwSAidPxx6vZjBSJrR2Ek5UifZmm2r6f3UcDfrD6KmegVm,1754159219,2025-08-02T20:26:59,5.002e-06,AK1TDZ8TUrLRMGyRHWBNSge8zmtXeRmMHZGsZ41QfpST,dec,5678581606886,5739349988122,60768381236,8uF88wRh5atb9n6UB3k7kHj8go19DALM6g82ZZXz1GpT,6,1.0
37Xa1BoCyynd7KdM73bkRC8t72pqqD2YDyPJWFEDqUD1Dqb3LUqRBQpmLAhYbGF1r1ofYe4bUh5SC2pEmu6FL4ar,1754159110,2025-08-02T20:25:10,5.003e-06,AK1TDZ8TUrLRMGyRHWBNSge8zmtXeRmMHZGsZ41QfpST,dec,314126152,606729815,292603663,So11111111111111111111111111111111111111111,9,1.0
37Xa1BoCyynd7KdM73bkRC8t72pqqD2YDyPJWFEDqUD1Dqb3LUqRBQpmLAhYbGF1r1ofYe4bUh5SC2pEmu6FL4ar,1754159110,2025-08-02T20:25:10,5.003e-06,AK1TDZ8TUrLRMGyRHWBNSge8zmtXeRmMHZGsZ41QfpST,inc,2474808416588,3264541571534,5739349988122,8uF88wRh5atb9n6UB3k7kHj8go19DALM6g82ZZXz1GpT,6,1.0
59nxcFipmshmr4zvMuwvGgPCxZUAA5zcKAmD8N6nisLhjuTpCQ3jmW8AuPgEL6duuNMWxpRBaV3Z1sAdqHgHGo98,1754159086,2025-08-02T20:24:46,5.003e-06,AK1TDZ8TUrLRMGyRHWBNSge8zmtXeRmMHZGsZ41QfpST,dec,110810010,717545825,606735815,So11111111111111111111111111111111111111111,9,1.0
59nxcFipmshmr4zvMuwvGgPCxZUAA5zcKAmD8N6nisLhjuTpCQ3jmW8AuPgEL6duuNMWxpRBaV3Z1sAdqHgHGo98,1754159086,2025-08-02T20:24:46,5.003e-06,AK1TDZ8TUrLRMGyRHWBNSge8zmtXeRmMHZGsZ41QfpST,inc,894341092623,2370200478911,3264541571534,8uF88wRh5atb9n6UB3k7kHj8go19DALM6g82ZZXz1GpT,6,1.0
3aUhvTjmMHUdgKSteYiVRJGjKhrgmzpvfgQPGKpzxSm9yndLEecNtEd7Kxfin9n2wn931Uvd9NVAjmYNHB3t6GYs,1754159076,2025-08-02T20:24:36,5.004e-06,AK1TDZ8TUrLRMGyRHWBNSge8zmtXeRmMHZGsZ41QfpST,dec,283948177,1001500000,717551823,So11111111111111111111111111111111111111111,9,1.0
3aUhvTjmMHUdgKSteYiVRJGjKhrgmzpvfgQPGKpzxSm9yndLEecNtEd7Kxfin9n2wn931Uvd9NVAjmYNHB3t6GYs,1754159076,2025-08-02T20:24:36,5.004e-06,AK1TDZ8TUrLRMGyRHWBNSge8zmtXeRmMHZGsZ41QfpST,inc,2370200478911,0,2370200478911,8uF88wRh5atb9n6UB3k7kHj8go19DALM6g82ZZXz1GpT,6,1.0
515uWawS9N1QMv1v5gdVVeBDsH3WQPR8owaGuqMNZfxx6KjjcBAxJfwdoMMCVN3D5eEMzBpGysUwrAXjkWDjKL8G,1754158913,2025-08-02T20:21:53,3.14e-05,AK1TDZ8TUrLRMGyRHWBNSge8zmtXeRmMHZGsZ41QfpST,inc,999999999,1500001,1001500000,So11111111111111111111111111111111111111111,9,1.0
63G67pMa5h2E8soi3NYnxwcrY22gzHgMKjPiyEddoKSVMXQzqrMf3tqKBZ5Z7Snvq9kJYpFAWoD7EYWppjK6LmwT,1754156588,2025-08-02T19:43:08,1e-05,AK1TDZ8TUrLRMGyRHWBNSge8zmtXeRmMHZGsZ41QfpST,dec,13862541249,13862541249,0,DHJbjUc91A7X4H2NHhBHkdhJCCNVw4LYwyWZy1grKKEr,6,1.0
63G67pMa5h2E8soi3NYnxwcrY22gzHgMKjPiyEddoKSVMXQzqrMf3tqKBZ5Z7Snvq9kJYpFAWoD7EYWppjK6LmwT,1754156588,2025-08-02T19:43:08,1e-05,AK1TDZ8TUrLRMGyRHWBNSge8zmtXeRmMHZGsZ41QfpST,dec,7290248,7290248,0,F8zU3t8Y1mnaVi396FYCCFUP2fGUgX38ccgtXrWEhCBv,6,1.0
3F86RH9f9Cco3CTXdvajjDYotd1gLUtY5T832QWNviY85XyCskgo5qRFPvckvtpvUb2uqcQHp2R7JzuQwGxtKKsE,1754156546,2025-08-02T19:42:26,6.6457e-05,AK1TDZ8TUrLRMGyRHWBNSge8zmtXeRmMHZGsZ41QfpST,dec,1064181104,1065681104,1500001,So11111111111111111111111111111111111111111,9,1.0
2eX3MwgKikhbZjSZc9JoDCkP2yQYuP9C883ugzVeBk41a7NzFrh8iHmyBXkRzCXvP1XEtZYtWEqS3mhEDiqdyZQS,1754156474,2025-08-02T19:41:14,5.002e-06,AK1TDZ8TUrLRMGyRHWBNSge8zmtXeRmMHZGsZ41QfpST,dec,430384080,437674328,7290248,F8zU3t8Y1mnaVi396FYCCFUP2fGUgX38ccgtXrWEhCBv,6,1.0
2B9FBKLwTL8y7PTLfhCnKoi5iBvDu9ytX7LNDeGLgr7A17VS7jLyafc7hGWE1AsjAHH5x5CTq2FTt1SGL2YSNupa,1754156465,2025-08-02T19:41:05,5.002e-06,AK1TDZ8TUrLRMGyRHWBNSge8zmtXeRmMHZGsZ41QfpST,inc,5547152,1060095582,1065642734,So11111111111111111111111111111111111111111,9,1.0
2B9FBKLwTL8y7PTLfhCnKoi5iBvDu9ytX7LNDeGLgr7A17VS7jLyafc7hGWE1AsjAHH5x5CTq2FTt1SGL2YSNupa,1754156465,2025-08-02T19:41:05,5.002e-06,AK1TDZ8TUrLRMGyRHWBNSge8zmtXeRmMHZGsZ41QfpST,dec,44673024376,45110698704,437674328,F8zU3t8Y1mnaVi396FYCCFUP2fGUgX38ccgtXrWEhCBv,6,1.0
Az9XDfwfCu2yEvCR6KUcx9psUC4vbZCezvyCSWQhQSQ6gktD4rRtemEDwVRPGPurtD1s1GywVnYUdhDegKFPv8o,1754156430,2025-08-02T19:40:30,5.002e-06,AK1TDZ8TUrLRMGyRHWBNSge8zmtXeRmMHZGsZ41QfpST,inc,563043647,497057935,1060101581,So11111111111111111111111111111111111111111,9,1.0
Az9XDfwfCu2yEvCR6KUcx9psUC4vbZCezvyCSWQhQSQ6gktD4rRtemEDwVRPGPurtD1s1GywVnYUdhDegKFPv8o,1754156430,2025-08-02T19:40:30,5.002e-06,AK1TDZ8TUrLRMGyRHWBNSge8zmtXeRmMHZGsZ41QfpST,dec,5009949685720,5055060384424,45110698704,F8zU3t8Y1mnaVi396FYCCFUP2fGUgX38ccgtXrWEhCBv,6,1.0
4fQpTUnmAUhgyvXEKFqjbkw1Ah8KMN3mabhyddgMGj3ozxXp5ZZGkWetS18848LDtT1aMjk59zYCGmUhED97B7yM,1754156396,2025-08-02T19:39:56,5.003e-06,AK1TDZ8TUrLRMGyRHWBNSge8zmtXeRmMHZGsZ41QfpST,dec,203009950,700073886,497063935,So11111111111111111111111111111111111111111,9,1.0
4fQpTUnmAUhgyvXEKFqjbkw1Ah8KMN3mabhyddgMGj3ozxXp5ZZGkWetS18848LDtT1aMjk59zYCGmUhED97B7yM,1754156396,2025-08-02T19:39:56,5.003e-06,AK1TDZ8TUrLRMGyRHWBNSge8zmtXeRmMHZGsZ41QfpST,inc,1968280307428,3086780076996,5055060384424,F8zU3t8Y1mnaVi396FYCCFUP2fGUgX38ccgtXrWEhCBv,6,1.0
5uVSeu3iATCUnojYQ4yDKFDVkXr4NFqYoSiW8o2PYhZikZtccvoubJv4Funn6DLSovJYgrZZA8LdkV3cyZW2rU7E,1754156388,2025-08-02T19:39:48,5.004e-06,AK1TDZ8TUrLRMGyRHWBNSge8zmtXeRmMHZGsZ41QfpST,dec,301420114,1001500000,700079886,So11111111111111111111111111111111111111111,9,1.0
5uVSeu3iATCUnojYQ4yDKFDVkXr4NFqYoSiW8o2PYhZikZtccvoubJv4Funn6DLSovJYgrZZA8LdkV3cyZW2rU7E,1754156388,2025-08-02T19:39:48,5.004e-06,AK1TDZ8TUrLRMGyRHWBNSge8zmtXeRmMHZGsZ41QfpST,inc,3086780076996,0,3086780076996,F8zU3t8Y1mnaVi396FYCCFUP2fGUgX38ccgtXrWEhCBv,6,1.0
5837QgpSYBiuk8N15uf6YgJFVaNou8wDHzAFMnHzEx281N9HGBKoHaQTk1hXNLHvcRvdTdMobjkDxeRH6PPHwNuN,1754156303,2025-08-02T19:38:23,3.14e-05,AK1TDZ8TUrLRMGyRHWBNSge8zmtXeRmMHZGsZ41QfpST,inc,1000000000,1500000,1001500000,So11111111111111111111111111111111111111111,9,1.0
3FPS9c4QU1MnA1tE2CvNq5e16MWmrjLg5dHzS7a88p4cYR3KSMtLzng3CYCFaPkpv2vm9WSrSqMcDHyxCAiq74rr,1754156175,2025-08-02T19:36:15,6.66e-05,AK1TDZ8TUrLRMGyRHWBNSge8zmtXeRmMHZGsZ41QfpST,dec,1017629079,1019129079,1500000,So11111111111111111111111111111111111111111,9,1.0
n1gKJhQvbtRWY1vwtMjCgJqXRkq4NbkXdQKT3t1vPhq83yLSjmo2E4HRiw5MAs7nSmGQWtM6t1qLnWbSYLaEhYn,1754156138,2025-08-02T19:35:38,5.002e-06,AK1TDZ8TUrLRMGyRHWBNSge8zmtXeRmMHZGsZ41QfpST,inc,121811910,897323169,1019135079,So11111111111111111111111111111111111111111,9,1.0
n1gKJhQvbtRWY1vwtMjCgJqXRkq4NbkXdQKT3t1vPhq83yLSjmo2E4HRiw5MAs7nSmGQWtM6t1qLnWbSYLaEhYn,1754156138,2025-08-02T19:35:38,5.002e-06,AK1TDZ8TUrLRMGyRHWBNSge8zmtXeRmMHZGsZ41QfpST,dec,932337830741,946200371990,13862541249,DHJbjUc91A7X4H2NHhBHkdhJCCNVw4LYwyWZy1grKKEr,6,1.0
5XZr6Cnrds4icKBLh9Rfs53ega4zJGyhPLwePEtR2BaZiyCquHzxjCLSHATaWqNTgka2fQjUoorQCvfosVjZD8z6,1754156004,2025-08-02T19:33:24,5.004e-06,AK1TDZ8TUrLRMGyRHWBNSge8zmtXeRmMHZGsZ41QfpST,dec,104170831,1001500000,897329169,So11111111111111111111111111111111111111111,9,1.0
5XZr6Cnrds4icKBLh9Rfs53ega4zJGyhPLwePEtR2BaZiyCquHzxjCLSHATaWqNTgka2fQjUoorQCvfosVjZD8z6,1754156004,2025-08-02T19:33:24,5.004e-06,AK1TDZ8TUrLRMGyRHWBNSge8zmtXeRmMHZGsZ41QfpST,inc,946200371990,0,946200371990,DHJbjUc91A7X4H2NHhBHkdhJCCNVw4LYwyWZy1grKKEr,6,1.0
47ahsnAr3JxrLJyq7oTtF1pCyDnbMcwf7CacJYVzDpMbVjSdMBrj5SUMSr3Ff6bS6eueSWT8i4wcGQ1ZsUAGyPg7,1754155894,2025-08-02T19:31:34,2.975e-05,AK1TDZ8TUrLRMGyRHWBNSge8zmtXeRmMHZGsZ41QfpST,inc,1000000000,1500000,1001500000,So11111111111111111111111111111111111111111,9,1.0
5qTCQYkoAhFpw43wuiVURK5xDkb64xn4hHHcyTVhZK19HKg6goQ3kJcEJTiVPoFMyixNNAroovVkvwBTSPpJGzvu,1754155805,2025-08-02T19:30:05,1e-05,AK1TDZ8TUrLRMGyRHWBNSge8zmtXeRmMHZGsZ41QfpST,dec,1576330705924,1576330705924,0,CdWLs4aUtXjezkviopD4h2LmQtShuKmdsUJ5fcyNJ4vJ,6,1.0
4Nj1Gq2atsDUv6TdoCz5cH2bXjtJX8EjCfRX5rgrN5if9YYTy6LqpR8NfseqxzjoT9wGnoyrDgHBB1QuM2YpjhFX,1754155762,2025-08-02T19:29:22,5.85e-05,AK1TDZ8TUrLRMGyRHWBNSge8zmtXeRmMHZGsZ41QfpST,dec,850716507,852216507,1500000,So11111111111111111111111111111111111111111,9,1.0
4X4kWaC7nbtGABah6uJWZRtAAef28xQAk6bWUy2gEBoANyLLWqjwiV9E5S2gP3nJZ9su88ucGAPNM2RWHQsdj7sE,1754155648,2025-08-02T19:27:28,5.004e-06,AK1TDZ8TUrLRMGyRHWBNSge8zmtXeRmMHZGsZ41QfpST,dec,149277493,1001500000,852222507,So11111111111111111111111111111111111111111,9,1.0
4X4kWaC7nbtGABah6uJWZRtAAef28xQAk6bWUy2gEBoANyLLWqjwiV9E5S2gP3nJZ9su88ucGAPNM2RWHQsdj7sE,1754155648,2025-08-02T19:27:28,5.004e-06,AK1TDZ8TUrLRMGyRHWBNSge8zmtXeRmMHZGsZ41QfpST,inc,1576330705924,0,1576330705924,CdWLs4aUtXjezkviopD4h2LmQtShuKmdsUJ5fcyNJ4vJ,6,1.0
5EtPTS45kX3wRu17fzA11ScxuFpRmnBpkjVNRCHdFNKWKsdtLtiHcGx8aV5AbvWRHbYG2SqQo8yB3nKG7aaw5cAx,1754155569,2025-08-02T19:26:09,2.15e-05,AK1TDZ8TUrLRMGyRHWBNSge8zmtXeRmMHZGsZ41QfpST,inc,1000000000,1500000,1001500000,So11111111111111111111111111111111111111111,9,1.0
3eMHr7i7CCgZqQRGtuSsssMEPSHoo3XfFKUkrFWJW76xAmRbPfqYaG53FzMECDzngNyjTF9NAznTUdKM9DLb9CAy,1754155435,2025-08-02T19:23:55,6.66e-05,AK1TDZ8TUrLRMGyRHWBNSge8zmtXeRmMHZGsZ41QfpST,dec,1000000000,1001500000,1500000,So11111111111111111111111111111111111111111,9,1.0
2Vai6w3hCoE2BtK1bVVKWL6yoFnnkQTkJ2wvKWvMH7yexUNf3wTgYCXfFmycZaCmaHocVZkBDZR881dECqAUdp9e,1754155243,2025-08-02T19:20:43,2.8943e-05,AK1TDZ8TUrLRMGyRHWBNSge8zmtXeRmMHZGsZ41QfpST,inc,1000000000,1500000,1001500000,So11111111111111111111111111111111111111111,9,1.0
5KoGpdajQGR4VJytqFH6ZZFRG9PF2DmGsvbVWNJCzUnmvy4oSkFjWbNXp41prYgFd8kjqyGjpWU7xfbkpbCttJCZ,1754155158,2025-08-02T19:19:18,1e-05,AK1TDZ8TUrLRMGyRHWBNSge8zmtXeRmMHZGsZ41QfpST,dec,3037801575190,3037801575190,0,GEGLQijVQFJqATnFUw3qf7SRBqXk84wsUysgmgcrNbhM,6,1.0
3Sg7oxYmWDJVMUKeKH5Vw86gq7UwMdDQCqAhmEQfmn49SfAsrF1xzz44CnjUn6UgeBdVFWxx4YzijuEJqT5nvhnV,1754155112,2025-08-02T19:18:32,6.66e-05,AK1TDZ8TUrLRMGyRHWBNSge8zmtXeRmMHZGsZ41QfpST,dec,520582819,522082819,1500000,So11111111111111111111111111111111111111111,9,1.0
5eqqpFZticyrASTpYUNkTvo88kM5mpbsTKo91sx2M5Nm4hh5UdPwFASchr16VMbN3gmu2cAc4PkQdavv17Sp68UQ,1754155048,2025-08-02T19:17:28,5.003e-06,AK1TDZ8TUrLRMGyRHWBNSge8zmtXeRmMHZGsZ41QfpST,dec,347136027,869224846,522088819,So11111111111111111111111111111111111111111,9,1.0
5eqqpFZticyrASTpYUNkTvo88kM5mpbsTKo91sx2M5Nm4hh5UdPwFASchr16VMbN3gmu2cAc4PkQdavv17Sp68UQ,1754155048,2025-08-02T19:17:28,5.003e-06,AK1TDZ8TUrLRMGyRHWBNSge8zmtXeRmMHZGsZ41QfpST,inc,2067074586717,970726988472,3037801575190,GEGLQijVQFJqATnFUw3qf7SRBqXk84wsUysgmgcrNbhM,6,1.0
vXgZGbWYUtKAH3ZdVtTu6hFBGuTxnXMYHaqsbvksqgjhvDF6ucdy52BgvKiWXG5TpmsyukuX5gomsUjYkTAJCpT,1754155037,2025-08-02T19:17:17,5.003e-06,AK1TDZ8TUrLRMGyRHWBNSge8zmtXeRmMHZGsZ41QfpST,dec,157195174,1026426018,869230844,So11111111111111111111111111111111111111111,9,1.0
vXgZGbWYUtKAH3ZdVtTu6hFBGuTxnXMYHaqsbvksqgjhvDF6ucdy52BgvKiWXG5TpmsyukuX5gomsUjYkTAJCpT,1754155037,2025-08-02T19:17:17,5.003e-06,AK1TDZ8TUrLRMGyRHWBNSge8zmtXeRmMHZGsZ41QfpST,inc,970726985774,2698,970726988472,GEGLQijVQFJqATnFUw3qf7SRBqXk84wsUysgmgcrNbhM,6,1.0
4pwSUQ4VE8MEBdNbBh4wWZov8nsZYvrYAoiB17GS2a53BzJseFQarg6ULo7n1mVJ76D9EuFFWXJFtPvrucwbiKiu,1754154973,2025-08-02T19:16:13,5.002e-06,AK1TDZ8TUrLRMGyRHWBNSge8zmtXeRmMHZGsZ41QfpST,dec,2135627203,2135629900,2698,GEGLQijVQFJqATnFUw3qf7SRBqXk84wsUysgmgcrNbhM,6,1.0
2zUkWFFxCWTK8vL1tg9HuqLChJfqLJnU6GifnYguehx62UwhW7VLNV6AMyn11yDXr6vohRJka7Wh989HjcqryL4P,1754154759,2025-08-02T19:12:39,5.002e-06,AK1TDZ8TUrLRMGyRHWBNSge8zmtXeRmMHZGsZ41QfpST,inc,145970690,880129775,1026100465,So11111111111111111111111111111111111111111,9,1.0
2zUkWFFxCWTK8vL1tg9HuqLChJfqLJnU6GifnYguehx62UwhW7VLNV6AMyn11yDXr6vohRJka7Wh989HjcqryL4P,1754154759,2025-08-02T19:12:39,5.002e-06,AK1TDZ8TUrLRMGyRHWBNSge8zmtXeRmMHZGsZ41QfpST,dec,1055234701403,1057370331305,2135629900,GEGLQijVQFJqATnFUw3qf7SRBqXk84wsUysgmgcrNbhM,6,1.0
5w1zMABmss9D84eB2rQjWJ2Gbp8Ft7gP6wDoeuEVMewzqPjTSe7NtrL4meMJk1mYmS6TeT4Roxi1npy8YsWS4XCd,1754154733,2025-08-02T19:12:13,5.003e-06,AK1TDZ8TUrLRMGyRHWBNSge8zmtXeRmMHZGsZ41QfpST,dec,149100397,1029236172,880135775,So11111111111111111111111111111111111111111,9,1.0
5w1zMABmss9D84eB2rQjWJ2Gbp8Ft7gP6wDoeuEVMewzqPjTSe7NtrL4meMJk1mYmS6TeT4Roxi1npy8YsWS4XCd,1754154733,2025-08-02T19:12:13,5.003e-06,AK1TDZ8TUrLRMGyRHWBNSge8zmtXeRmMHZGsZ41QfpST,inc,1057367726659,2604645,1057370331305,GEGLQijVQFJqATnFUw3qf7SRBqXk84wsUysgmgcrNbhM,6,1.0
2dTPSLHxMqMgQgAqN7otmTqssZSFTruWwcjhv324DciuiqZXUBThrEGcH6YErPVKMgf4b1EgLw4cZYqfvoTKF4A1,1754154722,2025-08-02T19:12:02,5.002e-06,AK1TDZ8TUrLRMGyRHWBNSge8zmtXeRmMHZGsZ41QfpST,dec,167819459,170424104,2604645,GEGLQijVQFJqATnFUw3qf7SRBqXk84wsUysgmgcrNbhM,6,1.0
4s68SSoLa33wEHBxQRSdwtVVChpobTrLDXrddYud5mL7ToZjgkmqKtfWH17Gax8PCwsCrHM49ftExD2u7Bw3Pq7T,1754154565,2025-08-02T19:09:25,5.002e-06,AK1TDZ8TUrLRMGyRHWBNSge8zmtXeRmMHZGsZ41QfpST,inc,1624836,1027603840,1029228677,So11111111111111111111111111111111111111111,9,1.0
4s68SSoLa33wEHBxQRSdwtVVChpobTrLDXrddYud5mL7ToZjgkmqKtfWH17Gax8PCwsCrHM49ftExD2u7Bw3Pq7T,1754154565,2025-08-02T19:09:25,5.002e-06,AK1TDZ8TUrLRMGyRHWBNSge8zmtXeRmMHZGsZ41QfpST,dec,10853174988,11023599092,170424104,GEGLQijVQFJqATnFUw3qf7SRBqXk84wsUysgmgcrNbhM,6,1.0
4c37Fi97GrYBfnui1ifuG6MUqS8QaZjtZYbL4QbxixFpSakJ5kQocn1zsxFCZmuLmf72sGRPW44CgW4s5Gj7MxNE,1754154441,2025-08-02T19:07:21,5.002e-06,AK1TDZ8TUrLRMGyRHWBNSge8zmtXeRmMHZGsZ41QfpST,inc,259124116,768485725,1027609841,So11111111111111111111111111111111111111111,9,1.0
4c37Fi97GrYBfnui1ifuG6MUqS8QaZjtZYbL4QbxixFpSakJ5kQocn1zsxFCZmuLmf72sGRPW44CgW4s5Gj7MxNE,1754154441,2025-08-02T19:07:21,5.002e-06,AK1TDZ8TUrLRMGyRHWBNSge8zmtXeRmMHZGsZ41QfpST,dec,1895069909629,1906093508721,11023599092,GEGLQijVQFJqATnFUw3qf7SRBqXk84wsUysgmgcrNbhM,6,1.0
ks9hYiqKaTqTSndG2YsmEmyxfLFaH58eyfMiUrTCJKCRjsumuoHVgrFCsTPyw61yxdgexPf4Uf3YHAFq94iZ5PH,1754154393,2025-08-02T19:06:33,5.003e-06,AK1TDZ8TUrLRMGyRHWBNSge8zmtXeRmMHZGsZ41QfpST,dec,259014622,1027506347,768491725,So11111111111111111111111111111111111111111,9,1.0
ks9hYiqKaTqTSndG2YsmEmyxfLFaH58eyfMiUrTCJKCRjsumuoHVgrFCsTPyw61yxdgexPf4Uf3YHAFq94iZ5PH,1754154393,2025-08-02T19:06:33,5.003e-06,AK1TDZ8TUrLRMGyRHWBNSge8zmtXeRmMHZGsZ41QfpST,inc,1865630215968,40463292753,1906093508721,GEGLQijVQFJqATnFUw3qf7SRBqXk84wsUysgmgcrNbhM,6,1.0
3uDCHCdkS3qqzHLuVVmjFos4wMt9wpSg9gNLoCWusbqPh88RibiAzxtfrgNzwZNCQDhFq5ddu6ZQs61HBPAPXzkH,1754154386,2025-08-02T19:06:26,5.002e-06,AK1TDZ8TUrLRMGyRHWBNSge8zmtXeRmMHZGsZ41QfpST,inc,368367841,659144506,1027512347,So11111111111111111111111111111111111111111,9,1.0
3uDCHCdkS3qqzHLuVVmjFos4wMt9wpSg9gNLoCWusbqPh88RibiAzxtfrgNzwZNCQDhFq5ddu6ZQs61HBPAPXzkH,1754154386,2025-08-02T19:06:26,5.002e-06,AK1TDZ8TUrLRMGyRHWBNSge8zmtXeRmMHZGsZ41QfpST,dec,2679815584524,2720278877277,40463292753,GEGLQijVQFJqATnFUw3qf7SRBqXk84wsUysgmgcrNbhM,6,1.0
xXEBm9uUsobJboesxPCJiNTfLWPgUBH8QUua5z5nJjd3BjXqcDJpNWjo73F6wP9hBdtpSPKBCwLb6SuGC1rjk5r,1754154281,2025-08-02T19:04:41,5.002e-06,AK1TDZ8TUrLRMGyRHWBNSge8zmtXeRmMHZGsZ41QfpST,dec,194474390,2720473351667,2720278877277,GEGLQijVQFJqATnFUw3qf7SRBqXk84wsUysgmgcrNbhM,6,1.0
34SpKRpuDZwxmyDMNWmQPZok3Zi3ur1b4bK41WTrHsbvgRjFLovfPYy6xuDpJcWnSAWt6HZz8mEu3Y5bKAvMjsWy,1754154279,2025-08-02T19:04:39,5.003e-06,AK1TDZ8TUrLRMGyRHWBNSge8zmtXeRmMHZGsZ41QfpST,dec,220528352,879662936,659134583,So11111111111111111111111111111111111111111,9,1.0
34SpKRpuDZwxmyDMNWmQPZok3Zi3ur1b4bK41WTrHsbvgRjFLovfPYy6xuDpJcWnSAWt6HZz8mEu3Y5bKAvMjsWy,1754154279,2025-08-02T19:04:39,5.003e-06,AK1TDZ8TUrLRMGyRHWBNSge8zmtXeRmMHZGsZ41QfpST,inc,1587973378192,1132499973474,2720473351667,GEGLQijVQFJqATnFUw3qf7SRBqXk84wsUysgmgcrNbhM,6,1.0
VmFiSn1yK2xq2fQvZNLzzkg6hyemcxKrszRSzJFtc9EVE96iNyiC6feDfZZKQqguwGpSpBgbsiqqP9hq2oFoj1D,1754154279,2025-08-02T19:04:39,5.003e-06,AK1TDZ8TUrLRMGyRHWBNSge8zmtXeRmMHZGsZ41QfpST,dec,155408749,1035077686,879668936,So11111111111111111111111111111111111111111,9,1.0
VmFiSn1yK2xq2fQvZNLzzkg6hyemcxKrszRSzJFtc9EVE96iNyiC6feDfZZKQqguwGpSpBgbsiqqP9hq2oFoj1D,1754154279,2025-08-02T19:04:39,5.003e-06,AK1TDZ8TUrLRMGyRHWBNSge8zmtXeRmMHZGsZ41QfpST,inc,1132301101763,198871711,1132499973474,GEGLQijVQFJqATnFUw3qf7SRBqXk84wsUysgmgcrNbhM,6,1.0
5CYKV6Y8N4DfhwXzUMk5VJKyxG1Q7oGQ76soafgD1YBNQaPa5wKT4JUpxCoAWuTsp5HmwJFLPVgepySSN5ZWP1wJ,1754154272,2025-08-02T19:04:32,5.002e-06,AK1TDZ8TUrLRMGyRHWBNSge8zmtXeRmMHZGsZ41QfpST,inc,2984973,1032098712,1035083685,So11111111111111111111111111111111111111111,9,1.0
5CYKV6Y8N4DfhwXzUMk5VJKyxG1Q7oGQ76soafgD1YBNQaPa5wKT4JUpxCoAWuTsp5HmwJFLPVgepySSN5ZWP1wJ,1754154272,2025-08-02T19:04:32,5.002e-06,AK1TDZ8TUrLRMGyRHWBNSge8zmtXeRmMHZGsZ41QfpST,dec,22083349317,22282221028,198871711,GEGLQijVQFJqATnFUw3qf7SRBqXk84wsUysgmgcrNbhM,6,1.0
2DAqyaXAZAuoge47N3i2x8M4DJc5KkYJ6R2q3FgdAYE4gX458diGLcV1yW5Q5u7j3DjYtPgABzXUwoo9gKqA8CNQ,1754154165,2025-08-02T19:02:45,5.002e-06,AK1TDZ8TUrLRMGyRHWBNSge8zmtXeRmMHZGsZ41QfpST,inc,367718607,664386105,1032104712,So11111111111111111111111111111111111111111,9,1.0
2DAqyaXAZAuoge47N3i2x8M4DJc5KkYJ6R2q3FgdAYE4gX458diGLcV1yW5Q5u7j3DjYtPgABzXUwoo9gKqA8CNQ,1754154165,2025-08-02T19:02:45,5.002e-06,AK1TDZ8TUrLRMGyRHWBNSge8zmtXeRmMHZGsZ41QfpST,dec,2600211852604,2622494073632,22282221028,GEGLQijVQFJqATnFUw3qf7SRBqXk84wsUysgmgcrNbhM,6,1.0
PQGDEmwGnBTGaaCqiWqJsiPfNSEV9sPQwRjdjgSkc6VRZmdnc6RR1c8wULA5i6ochoJXL2rx41G8YHmYSczT7gV,1754154156,2025-08-02T19:02:36,5.003e-06,AK1TDZ8TUrLRMGyRHWBNSge8zmtXeRmMHZGsZ41QfpST,dec,373023811,1037415916,664392105,So11111111111111111111111111111111111111111,9,1.0
PQGDEmwGnBTGaaCqiWqJsiPfNSEV9sPQwRjdjgSkc6VRZmdnc6RR1c8wULA5i6ochoJXL2rx41G8YHmYSczT7gV,1754154156,2025-08-02T19:02:36,5.003e-06,AK1TDZ8TUrLRMGyRHWBNSge8zmtXeRmMHZGsZ41QfpST,inc,2590651482641,31842590991,2622494073632,GEGLQijVQFJqATnFUw3qf7SRBqXk84wsUysgmgcrNbhM,6,1.0
46XTrBGZo97shLadB3RGF5U2mZDwxVYJaypHyhqc6waDoYeajbrPxMgXT7e4LXmBN18gF6esmQoMsLF5dWruLfRg,1754154079,2025-08-02T19:01:19,5.002e-06,AK1TDZ8TUrLRMGyRHWBNSge8zmtXeRmMHZGsZ41QfpST,inc,700040029,337381888,1037421917,So11111111111111111111111111111111111111111,9,1.0
46XTrBGZo97shLadB3RGF5U2mZDwxVYJaypHyhqc6waDoYeajbrPxMgXT7e4LXmBN18gF6esmQoMsLF5dWruLfRg,1754154079,2025-08-02T19:01:19,5.002e-06,AK1TDZ8TUrLRMGyRHWBNSge8zmtXeRmMHZGsZ41QfpST,dec,5193777703758,5225620294749,31842590991,GEGLQijVQFJqATnFUw3qf7SRBqXk84wsUysgmgcrNbhM,6,1.0
5di28nKQT4RqTUnFXfR4kvo6FpNdu345oedNE58DkUuvmUm92F1DzQBuBr5Z4QVikHpFbSA5fXwUiBRN9GaEDFmF,1754154062,2025-08-02T19:01:02,5.003e-06,AK1TDZ8TUrLRMGyRHWBNSge8zmtXeRmMHZGsZ41QfpST,dec,117731843,455119732,337387888,So11111111111111111111111111111111111111111,9,1.0
5di28nKQT4RqTUnFXfR4kvo6FpNdu345oedNE58DkUuvmUm92F1DzQBuBr5Z4QVikHpFbSA5fXwUiBRN9GaEDFmF,1754154062,2025-08-02T19:01:02,5.003e-06,AK1TDZ8TUrLRMGyRHWBNSge8zmtXeRmMHZGsZ41QfpST,inc,868986155806,4356634138942,5225620294749,GEGLQijVQFJqATnFUw3qf7SRBqXk84wsUysgmgcrNbhM,6,1.0
599QDbjYc3XLeHV7TxKVhfuAj3r5vrWTkgDcxU3b1ZfUCMCJgw1E4UsvYDf5pB5ZwshaawWLHNTjJbVWnx9DH6kN,1754154022,2025-08-02T19:00:22,5.003e-06,AK1TDZ8TUrLRMGyRHWBNSge8zmtXeRmMHZGsZ41QfpST,dec,168478256,623603988,455125732,So11111111111111111111111111111111111111111,9,1.0
599QDbjYc3XLeHV7TxKVhfuAj3r5vrWTkgDcxU3b1ZfUCMCJgw1E4UsvYDf5pB5ZwshaawWLHNTjJbVWnx9DH6kN,1754154022,2025-08-02T19:00:22,5.003e-06,AK1TDZ8TUrLRMGyRHWBNSge8zmtXeRmMHZGsZ41QfpST,inc,1189581908839,3167052230103,4356634138942,GEGLQijVQFJqATnFUw3qf7SRBqXk84wsUysgmgcrNbhM,6,1.0
2XQz6EjRYhRNktshoVhfyQp41ogmgxfoBXb8XCLPNxcmBFhXYDfcRC8JGtMRdjBnFm13dcdomMbmnefek2L2iVv1,1754154012,2025-08-02T19:00:12,5.003e-06,AK1TDZ8TUrLRMGyRHWBNSge8zmtXeRmMHZGsZ41QfpST,dec,433651807,1057261795,623609988,So11111111111111111111111111111111111111111,9,1.0
2XQz6EjRYhRNktshoVhfyQp41ogmgxfoBXb8XCLPNxcmBFhXYDfcRC8JGtMRdjBnFm13dcdomMbmnefek2L2iVv1,1754154012,2025-08-02T19:00:12,5.003e-06,AK1TDZ8TUrLRMGyRHWBNSge8zmtXeRmMHZGsZ41QfpST,inc,3139872913915,27179316188,3167052230103,GEGLQijVQFJqATnFUw3qf7SRBqXk84wsUysgmgcrNbhM,6,1.0
Ujp9QDXJE6wsqyNaRk5vuN8teVmFVyB9aCWk7uzatfDBgJvayAagwBhptiRDhfh63gUiDEtpNBGvpr3rp4to8RX,1754153950,2025-08-02T18:59:10,5.002e-06,AK1TDZ8TUrLRMGyRHWBNSge8zmtXeRmMHZGsZ41QfpST,inc,436976412,620291384,1057267796,So11111111111111111111111111111111111111111,9,1.0
Ujp9QDXJE6wsqyNaRk5vuN8teVmFVyB9aCWk7uzatfDBgJvayAagwBhptiRDhfh63gUiDEtpNBGvpr3rp4to8RX,1754153950,2025-08-02T18:59:10,5.002e-06,AK1TDZ8TUrLRMGyRHWBNSge8zmtXeRmMHZGsZ41QfpST,dec,3114625791266,3141805107455,27179316188,GEGLQijVQFJqATnFUw3qf7SRBqXk84wsUysgmgcrNbhM,6,1.0
3Hbr9nJTd7rzK9n5YX63d1YntmvvuP5ZWpYM4dcDdQ1XPFpRboAnNZrVNSv3BPuRpUpj4rqVj1wJE8phWowdwocx,1754153939,2025-08-02T18:58:59,5.003e-06,AK1TDZ8TUrLRMGyRHWBNSge8zmtXeRmMHZGsZ41QfpST,dec,420732752,1041030136,620297384,So11111111111111111111111111111111111111111,9,1.0
3Hbr9nJTd7rzK9n5YX63d1YntmvvuP5ZWpYM4dcDdQ1XPFpRboAnNZrVNSv3BPuRpUpj4rqVj1wJE8phWowdwocx,1754153939,2025-08-02T18:58:59,5.003e-06,AK1TDZ8TUrLRMGyRHWBNSge8zmtXeRmMHZGsZ41QfpST,inc,3141805105213,2242,3141805107455,GEGLQijVQFJqATnFUw3qf7SRBqXk84wsUysgmgcrNbhM,6,1.0
3SYTP1Ykh2RuzGYg3Hiu9VoBxyjsUA7s4YwAJJ6ZTPpkSdqzh4zwLtpP78VZWfwjDLbNFHTgCVtHRdXV6C2KKK8Z,1754153929,2025-08-02T18:58:49,5.002e-06,AK1TDZ8TUrLRMGyRHWBNSge8zmtXeRmMHZGsZ41QfpST,inc,9150723,1031885414,1041036137,So11111111111111111111111111111111111111111,9,1.0
3SYTP1Ykh2RuzGYg3Hiu9VoBxyjsUA7s4YwAJJ6ZTPpkSdqzh4zwLtpP78VZWfwjDLbNFHTgCVtHRdXV6C2KKK8Z,1754153929,2025-08-02T18:58:49,5.002e-06,AK1TDZ8TUrLRMGyRHWBNSge8zmtXeRmMHZGsZ41QfpST,dec,67331847267,67331849509,2242,GEGLQijVQFJqATnFUw3qf7SRBqXk84wsUysgmgcrNbhM,6,1.0
4vZXqdisMcJXpWEmsY42RDMhJTCaYUdohzMYmdjX81HURam7Zi3ryNndfpMDkrZFiDHQKeDRhxe9JSyR3x8qLyv7,1754153914,2025-08-02T18:58:34,5.002e-06,AK1TDZ8TUrLRMGyRHWBNSge8zmtXeRmMHZGsZ41QfpST,inc,987242069,44649345,1031891414,So11111111111111111111111111111111111111111,9,1.0
4vZXqdisMcJXpWEmsY42RDMhJTCaYUdohzMYmdjX81HURam7Zi3ryNndfpMDkrZFiDHQKeDRhxe9JSyR3x8qLyv7,1754153914,2025-08-02T18:58:34,5.002e-06,AK1TDZ8TUrLRMGyRHWBNSge8zmtXeRmMHZGsZ41QfpST,dec,7278276538116,7345608387625,67331849509,GEGLQijVQFJqATnFUw3qf7SRBqXk84wsUysgmgcrNbhM,6,1.0
2fXBNvRhW8tgyqxfLsBMVB4wEKBQ4xyrWUXH6VYdvEmkNfnJzMGvLCzPTGkzFwq6pn5dG5v54iidRnre8XaYqVJj,1754153763,2025-08-02T18:56:03,5.003e-06,AK1TDZ8TUrLRMGyRHWBNSge8zmtXeRmMHZGsZ41QfpST,dec,372076231,416731576,44655345,So11111111111111111111111111111111111111111,9,1.0
2fXBNvRhW8tgyqxfLsBMVB4wEKBQ4xyrWUXH6VYdvEmkNfnJzMGvLCzPTGkzFwq6pn5dG5v54iidRnre8XaYqVJj,1754153763,2025-08-02T18:56:03,5.003e-06,AK1TDZ8TUrLRMGyRHWBNSge8zmtXeRmMHZGsZ41QfpST,inc,2690534714224,4655073673401,7345608387625,GEGLQijVQFJqATnFUw3qf7SRBqXk84wsUysgmgcrNbhM,6,1.0
54CFHAnSCJGhu2eRVmwAUjwbZbSZDPi8hED4pBmRLLvkRhK3U8edgjHccZkE1C4carr32WZjh7yXbQf27CGjsswp,1754153748,2025-08-02T18:55:48,5.003e-06,AK1TDZ8TUrLRMGyRHWBNSge8zmtXeRmMHZGsZ41QfpST,dec,339738204,756475780,416737576,So11111111111111111111111111111111111111111,9,1.0
54CFHAnSCJGhu2eRVmwAUjwbZbSZDPi8hED4pBmRLLvkRhK3U8edgjHccZkE1C4carr32WZjh7yXbQf27CGjsswp,1754153748,2025-08-02T18:55:48,5.003e-06,AK1TDZ8TUrLRMGyRHWBNSge8zmtXeRmMHZGsZ41QfpST,inc,2389721989236,2265351684165,4655073673401,GEGLQijVQFJqATnFUw3qf7SRBqXk84wsUysgmgcrNbhM,6,1.0
2ksCWzwQ74wALn71bE3G55iwPM7sQ5av4RVe9JmBpUovF2HaHAUmhbyXnoADtahgqehiQhVQ4HvFHhg9z5Y7oY6P,1754153568,2025-08-02T18:52:48,5.003e-06,AK1TDZ8TUrLRMGyRHWBNSge8zmtXeRmMHZGsZ41QfpST,dec,145901693,902383473,756481780,So11111111111111111111111111111111111111111,9,1.0
2ksCWzwQ74wALn71bE3G55iwPM7sQ5av4RVe9JmBpUovF2HaHAUmhbyXnoADtahgqehiQhVQ4HvFHhg9z5Y7oY6P,1754153568,2025-08-02T18:52:48,5.003e-06,AK1TDZ8TUrLRMGyRHWBNSge8zmtXeRmMHZGsZ41QfpST,inc,1178397950768,1086953733397,2265351684165,GEGLQijVQFJqATnFUw3qf7SRBqXk84wsUysgmgcrNbhM,6,1.0
2PgZN5bhekh5wBoTHoPo7XqUgNx9LodeNpXmoYEswuC9thdKfE6CdsgkbASFkmqAkrZCMsmdpG9ZRbHXbkcpEQvz,1754153531,2025-08-02T18:52:11,5.003e-06,AK1TDZ8TUrLRMGyRHWBNSge8zmtXeRmMHZGsZ41QfpST,dec,117086058,1019475532,902389473,So11111111111111111111111111111111111111111,9,1.0
2PgZN5bhekh5wBoTHoPo7XqUgNx9LodeNpXmoYEswuC9thdKfE6CdsgkbASFkmqAkrZCMsmdpG9ZRbHXbkcpEQvz,1754153531,2025-08-02T18:52:11,5.003e-06,AK1TDZ8TUrLRMGyRHWBNSge8zmtXeRmMHZGsZ41QfpST,inc,1025237283577,61716449820,1086953733397,GEGLQijVQFJqATnFUw3qf7SRBqXk84wsUysgmgcrNbhM,6,1.0
2zDRDV1VDWoPkdTZxndMpQv4JnRPWjDYci2Q1rUyedD6idpYwqMgKpGTZ64bnrXVmALx3BgFJW7bhAX4aCzgQmua,1754153486,2025-08-02T18:51:26,5.002e-06,AK1TDZ8TUrLRMGyRHWBNSge8zmtXeRmMHZGsZ41QfpST,inc,563920464,455561067,1019481531,So11111111111111111111111111111111111111111,9,1.0
2zDRDV1VDWoPkdTZxndMpQv4JnRPWjDYci2Q1rUyedD6idpYwqMgKpGTZ64bnrXVmALx3BgFJW7bhAX4aCzgQmua,1754153486,2025-08-02T18:51:26,5.002e-06,AK1TDZ8TUrLRMGyRHWBNSge8zmtXeRmMHZGsZ41QfpST,dec,5456617107033,5518333556853,61716449820,GEGLQijVQFJqATnFUw3qf7SRBqXk84wsUysgmgcrNbhM,6,1.0
5r91ehWHTEaTrLrpMRaL3n8L6TprmWnYVAiY2ymeoe3PDdvZFdXGC5SmFYrnAFFJqLqSZm9L6MDuwLgU2cGfqtBR,1754153470,2025-08-02T18:51:10,5.004e-06,AK1TDZ8TUrLRMGyRHWBNSge8zmtXeRmMHZGsZ41QfpST,dec,545932933,1001500000,455567067,So11111111111111111111111111111111111111111,9,1.0
5r91ehWHTEaTrLrpMRaL3n8L6TprmWnYVAiY2ymeoe3PDdvZFdXGC5SmFYrnAFFJqLqSZm9L6MDuwLgU2cGfqtBR,1754153470,2025-08-02T18:51:10,5.004e-06,AK1TDZ8TUrLRMGyRHWBNSge8zmtXeRmMHZGsZ41QfpST,inc,5518333556853,0,5518333556853,GEGLQijVQFJqATnFUw3qf7SRBqXk84wsUysgmgcrNbhM,6,1.0
5qLQvWXtvaSjNg2zRniJmmSmtniR36FRxwfjrqMT7uxQogk6ZP3J76E3reEcXnWUqG7ST9ypyApGRsj59BEpF6CN,1754153377,2025-08-02T18:49:37,2.8943e-05,AK1TDZ8TUrLRMGyRHWBNSge8zmtXeRmMHZGsZ41QfpST,inc,1000000000,1500000,1001500000,So11111111111111111111111111111111111111111,9,1.0
4H4ZFW5w8xhuibj4PKsM6ygfsKNsLaGzMy8cadyTv4n5ZWSxhhR8BQYQQED45uDB4UU6FA2j6dUZrNMdrgaqNTn7,1754153293,2025-08-02T18:48:13,1e-05,AK1TDZ8TUrLRMGyRHWBNSge8zmtXeRmMHZGsZ41QfpST,dec,3529918031250,3529918031250,0,FruNEFGc3sLaZDe7jB8gYrPgqyYvNfbzGn5FFZiNqfA4,6,1.0
5kKDmy8CEMGFfbMjGDLVNF5yzz8GxB5CZmk4Jwj3nSQfZ9tsjCKZTNxAUwhLGQGRtEvF869VMsbHAekDfya2fdL9,1754153243,2025-08-02T18:47:23,6.5864e-05,AK1TDZ8TUrLRMGyRHWBNSge8zmtXeRmMHZGsZ41QfpST,dec,559251691,560751691,1500000,So11111111111111111111111111111111111111111,9,1.0
5iyFEiZA8fhUuKbNawRLPttnDhPLkANwGsmabM7RYK5PjSJqJX6PJ5kG31UE9vA9GGjSmdKwvQq2YbhTSYBLHdHn,1754153174,2025-08-02T18:46:14,5.003e-06,AK1TDZ8TUrLRMGyRHWBNSge8zmtXeRmMHZGsZ41QfpST,dec,336164458,896922149,560757691,So11111111111111111111111111111111111111111,9,1.0
5iyFEiZA8fhUuKbNawRLPttnDhPLkANwGsmabM7RYK5PjSJqJX6PJ5kG31UE9vA9GGjSmdKwvQq2YbhTSYBLHdHn,1754153174,2025-08-02T18:46:14,5.003e-06,AK1TDZ8TUrLRMGyRHWBNSge8zmtXeRmMHZGsZ41QfpST,inc,2610036594158,919881437092,3529918031250,FruNEFGc3sLaZDe7jB8gYrPgqyYvNfbzGn5FFZiNqfA4,6,1.0
4T7REcCRM86a9Ng3tiKAEwpSwGF6rD6R2bZNBYCA8Eh543FXxoVXgtfjJZ4F3EPtP9snLFrSWA32VBnnqUqdfAuL,1754153072,2025-08-02T18:44:32,5.004e-06,AK1TDZ8TUrLRMGyRHWBNSge8zmtXeRmMHZGsZ41QfpST,dec,104571851,1001500000,896928149,So11111111111111111111111111111111111111111,9,1.0
4T7REcCRM86a9Ng3tiKAEwpSwGF6rD6R2bZNBYCA8Eh543FXxoVXgtfjJZ4F3EPtP9snLFrSWA32VBnnqUqdfAuL,1754153072,2025-08-02T18:44:32,5.004e-06,AK1TDZ8TUrLRMGyRHWBNSge8zmtXeRmMHZGsZ41QfpST,inc,919881437092,0,919881437092,FruNEFGc3sLaZDe7jB8gYrPgqyYvNfbzGn5FFZiNqfA4,6,1.0
5S8WgkjR5A2QnY49QESGy9PRWqVKjuG8LX11UALKRF8Z2d9E4sTHgmTqwMpcsWW4muoSSjYD8R2PMwmW9cWhTPx4,1754152943,2025-08-02T18:42:23,3.14e-05,AK1TDZ8TUrLRMGyRHWBNSge8zmtXeRmMHZGsZ41QfpST,inc,1000000000,1500000,1001500000,So11111111111111111111111111111111111111111,9,1.0
LhdZWW4gvSnGef6EEf4ujvJS3Gnk4YrXUqKyYDWtYo2ifgTtBHApoVf8B2kzb3Ld9ZxHfbwm3oH4nL3w5Qh195Y,1754152855,2025-08-02T18:40:55,1e-05,AK1TDZ8TUrLRMGyRHWBNSge8zmtXeRmMHZGsZ41QfpST,dec,5789742645552,5789742645552,0,AQsMu12pAqb5wUNSUURbYtPhoeaJKVE3M3gPMwGWWYYZ,6,1.0
LhdZWW4gvSnGef6EEf4ujvJS3Gnk4YrXUqKyYDWtYo2ifgTtBHApoVf8B2kzb3Ld9ZxHfbwm3oH4nL3w5Qh195Y,1754152855,2025-08-02T18:40:55,1e-05,AK1TDZ8TUrLRMGyRHWBNSge8zmtXeRmMHZGsZ41QfpST,dec,6367034354299,6367034354299,0,CbrKJKsSRCUyk3orCAqcfpLbRuSX9yrqGZFs3WQFuSpG,6,1.0
LhdZWW4gvSnGef6EEf4ujvJS3Gnk4YrXUqKyYDWtYo2ifgTtBHApoVf8B2kzb3Ld9ZxHfbwm3oH4nL3w5Qh195Y,1754152855,2025-08-02T18:40:55,1e-05,AK1TDZ8TUrLRMGyRHWBNSge8zmtXeRmMHZGsZ41QfpST,dec,75552568792,75552568792,0,5icHea1jco4QXdk45WFbhBs3FqVfkWe8fuh28cN2Ja7x,6,1.0
2bDHSWPtifSNdJVhZsQv63oyVJ3dChPnkC6FQZrP6eGLZdDg93EWXZBs1b4jCd2kcuU4BYjz1K1q7wMVw45uQb1f,1754152809,2025-08-02T18:40:09,6.66e-05,AK1TDZ8TUrLRMGyRHWBNSge8zmtXeRmMHZGsZ41QfpST,dec,58148863,59648863,1500000,So11111111111111111111111111111111111111111,9,1.0
4QwiKFQ6USgoZkxwwcEF6ErijbyFRxXFgF9rcnctGuQyuB4Da4x4Zq6mYPSCZNzd2ZLvD544zPx8979QYzfQCrsh,1754152558,2025-08-02T18:35:58,5.003e-06,AK1TDZ8TUrLRMGyRHWBNSge8zmtXeRmMHZGsZ41QfpST,dec,260359938,320014801,59654863,So11111111111111111111111111111111111111111,9,1.0
4QwiKFQ6USgoZkxwwcEF6ErijbyFRxXFgF9rcnctGuQyuB4Da4x4Zq6mYPSCZNzd2ZLvD544zPx8979QYzfQCrsh,1754152558,2025-08-02T18:35:58,5.003e-06,AK1TDZ8TUrLRMGyRHWBNSge8zmtXeRmMHZGsZ41QfpST,inc,1429541326989,4937493027310,6367034354299,CbrKJKsSRCUyk3orCAqcfpLbRuSX9yrqGZFs3WQFuSpG,6,1.0
cuntFTNUY1KWKc9d958Es6bEzA33XLT4J83B9fbYkjpqBAXzUAkyAWyCqdoLSthCfMCgkq2R4uPMRVmkWUupw26,1754152132,2025-08-02T18:28:52,5.003e-06,AK1TDZ8TUrLRMGyRHWBNSge8zmtXeRmMHZGsZ41QfpST,dec,499368146,819388948,320020801,So11111111111111111111111111111111111111111,9,1.0
cuntFTNUY1KWKc9d958Es6bEzA33XLT4J83B9fbYkjpqBAXzUAkyAWyCqdoLSthCfMCgkq2R4uPMRVmkWUupw26,1754152132,2025-08-02T18:28:52,5.003e-06,AK1TDZ8TUrLRMGyRHWBNSge8zmtXeRmMHZGsZ41QfpST,inc,3484783933793,1452709093517,4937493027310,CbrKJKsSRCUyk3orCAqcfpLbRuSX9yrqGZFs3WQFuSpG,6,1.0
3uT7NNqfBNNGmf1jpAXTmtkdKKYmTRh3q9bd7KXFwiC4ZTwSTfWnxL31qNKnAJoZ3tExoqC3WVpu5oPqGr5Ezi2M,1754152098,2025-08-02T18:28:18,5.003e-06,AK1TDZ8TUrLRMGyRHWBNSge8zmtXeRmMHZGsZ41QfpST,dec,209562167,1028957116,819394948,So11111111111111111111111111111111111111111,9,1.0
3uT7NNqfBNNGmf1jpAXTmtkdKKYmTRh3q9bd7KXFwiC4ZTwSTfWnxL31qNKnAJoZ3tExoqC3WVpu5oPqGr5Ezi2M,1754152098,2025-08-02T18:28:18,5.003e-06,AK1TDZ8TUrLRMGyRHWBNSge8zmtXeRmMHZGsZ41QfpST,inc,1395663163109,57045930408,1452709093517,CbrKJKsSRCUyk3orCAqcfpLbRuSX9yrqGZFs3WQFuSpG,6,1.0
5y7M3VKgkex58ZNWh8xSQPb2w62QWSVB45mEtYp2cYLQXquxxCXpeiqQMa5FfFK1qKX4suCsmcKfzmYr7oWvuDwD,1754152089,2025-08-02T18:28:09,5.002e-06,AK1TDZ8TUrLRMGyRHWBNSge8zmtXeRmMHZGsZ41QfpST,inc,946339101,82624014,1028963115,So11111111111111111111111111111111111111111,9,1.0
5y7M3VKgkex58ZNWh8xSQPb2w62QWSVB45mEtYp2cYLQXquxxCXpeiqQMa5FfFK1qKX4suCsmcKfzmYr7oWvuDwD,1754152089,2025-08-02T18:28:09,5.002e-06,AK1TDZ8TUrLRMGyRHWBNSge8zmtXeRmMHZGsZ41QfpST,dec,6276183038028,6333228968436,57045930408,CbrKJKsSRCUyk3orCAqcfpLbRuSX9yrqGZFs3WQFuSpG,6,1.0
6np87pzMbQbdJ5zpBgMJqQWiSxVtH4TWvD8RCaDiG3pd9eBXJLm8ci2fn7mUT5Rf6GfSSvTNKYDom8YEWqDHant,1754152056,2025-08-02T18:27:36,5.003e-06,AK1TDZ8TUrLRMGyRHWBNSge8zmtXeRmMHZGsZ41QfpST,dec,486362681,568992695,82630014,So11111111111111111111111111111111111111111,9,1.0
6np87pzMbQbdJ5zpBgMJqQWiSxVtH4TWvD8RCaDiG3pd9eBXJLm8ci2fn7mUT5Rf6GfSSvTNKYDom8YEWqDHant,1754152056,2025-08-02T18:27:36,5.003e-06,AK1TDZ8TUrLRMGyRHWBNSge8zmtXeRmMHZGsZ41QfpST,inc,3152758931300,3180470037136,6333228968436,CbrKJKsSRCUyk3orCAqcfpLbRuSX9yrqGZFs3WQFuSpG,6,1.0
ijQrqLXLZVXLfTndXgCnhpQmXRREtBgjkxDgU8dTeye76iFyRzgG9mmvzjYtYob5dF6cfUL1fibjsVk8kkQEocJ,1754151928,2025-08-02T18:25:28,5.003e-06,AK1TDZ8TUrLRMGyRHWBNSge8zmtXeRmMHZGsZ41QfpST,dec,463970244,1032968940,568998695,So11111111111111111111111111111111111111111,9,1.0
ijQrqLXLZVXLfTndXgCnhpQmXRREtBgjkxDgU8dTeye76iFyRzgG9mmvzjYtYob5dF6cfUL1fibjsVk8kkQEocJ,1754151928,2025-08-02T18:25:28,5.003e-06,AK1TDZ8TUrLRMGyRHWBNSge8zmtXeRmMHZGsZ41QfpST,inc,3176533476502,3936560634,3180470037136,CbrKJKsSRCUyk3orCAqcfpLbRuSX9yrqGZFs3WQFuSpG,6,1.0
4tEDpzhVu5t6q2gUHQWzbu2da4Vw44drYmuF1ibKQRh9nP2Z4AsBh3enww5825i2ZcDHYR68Y3fEnr7gzS484ZEM,1754151830,2025-08-02T18:23:50,5.002e-06,AK1TDZ8TUrLRMGyRHWBNSge8zmtXeRmMHZGsZ41QfpST,inc,319615893,713359046,1032974939,So11111111111111111111111111111111111111111,9,1.0
4tEDpzhVu5t6q2gUHQWzbu2da4Vw44drYmuF1ibKQRh9nP2Z4AsBh3enww5825i2ZcDHYR68Y3fEnr7gzS484ZEM,1754151830,2025-08-02T18:23:50,5.002e-06,AK1TDZ8TUrLRMGyRHWBNSge8zmtXeRmMHZGsZ41QfpST,dec,2078860447456,2082797008090,3936560634,CbrKJKsSRCUyk3orCAqcfpLbRuSX9yrqGZFs3WQFuSpG,6,1.0
2jTWCrn1rWUuQd7LhQWenspaj4JDm5KFum9ZcGjagCnthYQHpYpE53HawWBkskGWB7B7a7tEkEs8msxV3dryvrk3,1754151825,2025-08-02T18:23:45,5.003e-06,AK1TDZ8TUrLRMGyRHWBNSge8zmtXeRmMHZGsZ41QfpST,dec,168584977,881950023,713365046,So11111111111111111111111111111111111111111,9,1.0
2jTWCrn1rWUuQd7LhQWenspaj4JDm5KFum9ZcGjagCnthYQHpYpE53HawWBkskGWB7B7a7tEkEs8msxV3dryvrk3,1754151825,2025-08-02T18:23:45,5.003e-06,AK1TDZ8TUrLRMGyRHWBNSge8zmtXeRmMHZGsZ41QfpST,inc,1085891757551,996905250539,2082797008090,CbrKJKsSRCUyk3orCAqcfpLbRuSX9yrqGZFs3WQFuSpG,6,1.0
GD9pak12kRxoCEWjFme6w7zimW3ex2bp5qM4WYzvXMPHtKUEthyWF5vFvWQwbjva3TbzMn9JdBTGUBy5YF5Eotw,1754151631,2025-08-02T18:20:31,5.003e-06,AK1TDZ8TUrLRMGyRHWBNSge8zmtXeRmMHZGsZ41QfpST,dec,135145678,1017101702,881956023,So11111111111111111111111111111111111111111,9,1.0
GD9pak12kRxoCEWjFme6w7zimW3ex2bp5qM4WYzvXMPHtKUEthyWF5vFvWQwbjva3TbzMn9JdBTGUBy5YF5Eotw,1754151631,2025-08-02T18:20:31,5.003e-06,AK1TDZ8TUrLRMGyRHWBNSge8zmtXeRmMHZGsZ41QfpST,inc,996905249136,1403,996905250539,CbrKJKsSRCUyk3orCAqcfpLbRuSX9yrqGZFs3WQFuSpG,6,1.0
7Fg5zPKj7FbgA18K3d3yox4K5dATX5NU2p8SGqBgbLxy9GciNxR1ewFfNyPtcg9bFVL86eeKgj4ybhQSkJYYkiF,1754151530,2025-08-02T18:18:50,5.002e-06,AK1TDZ8TUrLRMGyRHWBNSge8zmtXeRmMHZGsZ41QfpST,inc,214537133,802570568,1017107701,So11111111111111111111111111111111111111111,9,1.0
7Fg5zPKj7FbgA18K3d3yox4K5dATX5NU2p8SGqBgbLxy9GciNxR1ewFfNyPtcg9bFVL86eeKgj4ybhQSkJYYkiF,1754151530,2025-08-02T18:18:50,5.002e-06,AK1TDZ8TUrLRMGyRHWBNSge8zmtXeRmMHZGsZ41QfpST,dec,1621045673303,1621045674706,1403,CbrKJKsSRCUyk3orCAqcfpLbRuSX9yrqGZFs3WQFuSpG,6,1.0
MZGDCFBJGufSWNMJ9bheuMurbTQ2A89sPzTC25uQ5u5LfkB9h3nh1obqbZ7zMeE9SrW3HuRixEy48bj4dMugUgG,1754151505,2025-08-02T18:18:25,5.003e-06,AK1TDZ8TUrLRMGyRHWBNSge8zmtXeRmMHZGsZ41QfpST,dec,221816630,1024393198,802576568,So11111111111111111111111111111111111111111,9,1.0
MZGDCFBJGufSWNMJ9bheuMurbTQ2A89sPzTC25uQ5u5LfkB9h3nh1obqbZ7zMeE9SrW3HuRixEy48bj4dMugUgG,1754151505,2025-08-02T18:18:25,5.003e-06,AK1TDZ8TUrLRMGyRHWBNSge8zmtXeRmMHZGsZ41QfpST,inc,1621045672649,2056,1621045674706,CbrKJKsSRCUyk3orCAqcfpLbRuSX9yrqGZFs3WQFuSpG,6,1.0
3fvbEJjadXL9tNcxhP2AgVdVSkqqngBFVHiAuRD2fJWTf2fudLYfpzSPn3Yh87zYKJuGneJ68e4LGw9qqUFdcJwu,1754151432,2025-08-02T18:17:12,5.002e-06,AK1TDZ8TUrLRMGyRHWBNSge8zmtXeRmMHZGsZ41QfpST,inc,885020009,139379190,1024399199,So11111111111111111111111111111111111111111,9,1.0
3fvbEJjadXL9tNcxhP2AgVdVSkqqngBFVHiAuRD2fJWTf2fudLYfpzSPn3Yh87zYKJuGneJ68e4LGw9qqUFdcJwu,1754151432,2025-08-02T18:17:12,5.002e-06,AK1TDZ8TUrLRMGyRHWBNSge8zmtXeRmMHZGsZ41QfpST,dec,6658778270732,6658778272788,2056,CbrKJKsSRCUyk3orCAqcfpLbRuSX9yrqGZFs3WQFuSpG,6,1.0
5gbkXmof7GNYA2Enk5JuGpiuaVj7QPeyGzr5bvf43p4b3Noc5Jpcj72mdLWCzP8fHWqbV2cr16c9YuFYxSdAMdgr,1754151396,2025-08-02T18:16:36,5.003e-06,AK1TDZ8TUrLRMGyRHWBNSge8zmtXeRmMHZGsZ41QfpST,dec,478173798,617558986,139385188,So11111111111111111111111111111111111111111,9,1.0
5gbkXmof7GNYA2Enk5JuGpiuaVj7QPeyGzr5bvf43p4b3Noc5Jpcj72mdLWCzP8fHWqbV2cr16c9YuFYxSdAMdgr,1754151396,2025-08-02T18:16:36,5.003e-06,AK1TDZ8TUrLRMGyRHWBNSge8zmtXeRmMHZGsZ41QfpST,inc,3608601166750,3050177106038,6658778272788,CbrKJKsSRCUyk3orCAqcfpLbRuSX9yrqGZFs3WQFuSpG,6,1.0
3iz7uZQuMpbdtaQRnw9eRCh7SMQAUGQQFu7gSi8SpyPtDyiXEcU971U3GLxHa2LWfA3FQt9EaVuwQk18Ujqo77Ft,1754151373,2025-08-02T18:16:13,5.003e-06,AK1TDZ8TUrLRMGyRHWBNSge8zmtXeRmMHZGsZ41QfpST,dec,403065963,1020630949,617564986,So11111111111111111111111111111111111111111,9,1.0
3iz7uZQuMpbdtaQRnw9eRCh7SMQAUGQQFu7gSi8SpyPtDyiXEcU971U3GLxHa2LWfA3FQt9EaVuwQk18Ujqo77Ft,1754151373,2025-08-02T18:16:13,5.003e-06,AK1TDZ8TUrLRMGyRHWBNSge8zmtXeRmMHZGsZ41QfpST,inc,3027416862726,22760243312,3050177106038,CbrKJKsSRCUyk3orCAqcfpLbRuSX9yrqGZFs3WQFuSpG,6,1.0
3qGvkn3DbMnURwuvmfUyTnHeptgBkqnTwSrrozwE5GED9CkmEArCg67vURwrH4RU7PAQWWM2vWg7nT1a7uKkEvaX,1754151359,2025-08-02T18:15:59,5.002e-06,AK1TDZ8TUrLRMGyRHWBNSge8zmtXeRmMHZGsZ41QfpST,inc,747045708,273591241,1020636949,So11111111111111111111111111111111111111111,9,1.0
3qGvkn3DbMnURwuvmfUyTnHeptgBkqnTwSrrozwE5GED9CkmEArCg67vURwrH4RU7PAQWWM2vWg7nT1a7uKkEvaX,1754151359,2025-08-02T18:15:59,5.002e-06,AK1TDZ8TUrLRMGyRHWBNSge8zmtXeRmMHZGsZ41QfpST,dec,5622307815013,5645068058325,22760243312,CbrKJKsSRCUyk3orCAqcfpLbRuSX9yrqGZFs3WQFuSpG,6,1.0
4WBY8NkWDpAo2ad6NErqEAZYgAEKGgpW6xXHevDpX7rYxfiUQBXHiEmez7mtkjdEPD6JM9DE4Na5s7bu3SEzJrGn,1754151354,2025-08-02T18:15:54,5.003e-06,AK1TDZ8TUrLRMGyRHWBNSge8zmtXeRmMHZGsZ41QfpST,dec,302594879,576192121,273597241,So11111111111111111111111111111111111111111,9,1.0
4WBY8NkWDpAo2ad6NErqEAZYgAEKGgpW6xXHevDpX7rYxfiUQBXHiEmez7mtkjdEPD6JM9DE4Na5s7bu3SEzJrGn,1754151354,2025-08-02T18:15:54,5.003e-06,AK1TDZ8TUrLRMGyRHWBNSge8zmtXeRmMHZGsZ41QfpST,inc,2288050378200,3357017680125,5645068058325,CbrKJKsSRCUyk3orCAqcfpLbRuSX9yrqGZFs3WQFuSpG,6,1.0
2unRziY3KCz2K1iStKQfMoAkvSncEhiPPZXFBLHyphJnHX9NJiukTg9sTcKfj35VMzWQHkoq4FYrZFJRsRvv6DYT,1754151328,2025-08-02T18:15:28,5.003e-06,AK1TDZ8TUrLRMGyRHWBNSge8zmtXeRmMHZGsZ41QfpST,dec,459051775,1035249896,576198121,So11111111111111111111111111111111111111111,9,1.0
2unRziY3KCz2K1iStKQfMoAkvSncEhiPPZXFBLHyphJnHX9NJiukTg9sTcKfj35VMzWQHkoq4FYrZFJRsRvv6DYT,1754151328,2025-08-02T18:15:28,5.003e-06,AK1TDZ8TUrLRMGyRHWBNSge8zmtXeRmMHZGsZ41QfpST,inc,3356235269387,782410738,3357017680125,CbrKJKsSRCUyk3orCAqcfpLbRuSX9yrqGZFs3WQFuSpG,6,1.0
2iWbLQuENFfhfXSHgQSa4y74XKMuaiqAfbTE6NGhhPksACnyRgxBCnRw69vwct4UoXm7c2G99RGdwEo34k7AZnzw,1754151298,2025-08-02T18:14:58,5.002e-06,AK1TDZ8TUrLRMGyRHWBNSge8zmtXeRmMHZGsZ41QfpST,inc,4911578,1030344318,1035255897,So11111111111111111111111111111111111111111,9,1.0
2iWbLQuENFfhfXSHgQSa4y74XKMuaiqAfbTE6NGhhPksACnyRgxBCnRw69vwct4UoXm7c2G99RGdwEo34k7AZnzw,1754151298,2025-08-02T18:14:58,5.002e-06,AK1TDZ8TUrLRMGyRHWBNSge8zmtXeRmMHZGsZ41QfpST,dec,35956782890,36739193628,782410738,CbrKJKsSRCUyk3orCAqcfpLbRuSX9yrqGZFs3WQFuSpG,6,1.0
jWe2XCxqZmmaMPBwFH5WwfkQzWYF4ejdZ56ZFwZaDvVmu5DgK9Ktbf1a8ru2zD6f4hTEFMQLZSSsxsDUTy327Dw,1754151273,2025-08-02T18:14:33,5.002e-06,AK1TDZ8TUrLRMGyRHWBNSge8zmtXeRmMHZGsZ41QfpST,inc,394822717,635527602,1030350319,So11111111111111111111111111111111111111111,9,1.0
jWe2XCxqZmmaMPBwFH5WwfkQzWYF4ejdZ56ZFwZaDvVmu5DgK9Ktbf1a8ru2zD6f4hTEFMQLZSSsxsDUTy327Dw,1754151273,2025-08-02T18:14:33,5.002e-06,AK1TDZ8TUrLRMGyRHWBNSge8zmtXeRmMHZGsZ41QfpST,dec,3138486395586,3175225589214,36739193628,CbrKJKsSRCUyk3orCAqcfpLbRuSX9yrqGZFs3WQFuSpG,6,1.0
dPc3hguw7N2y3PK72SgaMnUven7HvzQ4RVxdCavnsZd1RSbVUtrtBpbvptLjdhvXHb9p8yKPDe8F3NCSb7ZLuut,1754151229,2025-08-02T18:13:49,5.004e-06,AK1TDZ8TUrLRMGyRHWBNSge8zmtXeRmMHZGsZ41QfpST,dec,365966398,1001500000,635533602,So11111111111111111111111111111111111111111,9,1.0
dPc3hguw7N2y3PK72SgaMnUven7HvzQ4RVxdCavnsZd1RSbVUtrtBpbvptLjdhvXHb9p8yKPDe8F3NCSb7ZLuut,1754151229,2025-08-02T18:13:49,5.004e-06,AK1TDZ8TUrLRMGyRHWBNSge8zmtXeRmMHZGsZ41QfpST,inc,3175225589214,0,3175225589214,CbrKJKsSRCUyk3orCAqcfpLbRuSX9yrqGZFs3WQFuSpG,6,1.0
4acAa9xApFahYxvAUh1S1aohL2sLP8LJQSg42w5dAVQPDxmsmHf7LgHrLzUm6EAEathCey6Pg4Y9dFUyWN9Wbdce,1754151095,2025-08-02T18:11:35,3.14e-05,AK1TDZ8TUrLRMGyRHWBNSge8zmtXeRmMHZGsZ41QfpST,inc,999999999,1500001,1001500000,So11111111111111111111111111111111111111111,9,1.0
4oveyzn2HY7yJcSSoLhWkTAzkGVioNh4hyVk9cQ45X2VgddyVpHygovVvXCpHtwPUh9JwwDk2NxrwUJ2k1H48ywX,1754150966,2025-08-02T18:09:26,6.66e-05,AK1TDZ8TUrLRMGyRHWBNSge8zmtXeRmMHZGsZ41QfpST,dec,98779209,100279210,1500001,So11111111111111111111111111111111111111111,9,1.0
2Rz5yrR5TrSmgWcfshthc3VWCfzhoDmstYnQtXDdaBETYpxMzdJtkRTSKjAxnciBein8NryHF7SdMMZvsA82nByy,1754150656,2025-08-02T18:04:16,5.003e-06,AK1TDZ8TUrLRMGyRHWBNSge8zmtXeRmMHZGsZ41QfpST,dec,231000841,331286051,100285210,So11111111111111111111111111111111111111111,9,1.0
2Rz5yrR5TrSmgWcfshthc3VWCfzhoDmstYnQtXDdaBETYpxMzdJtkRTSKjAxnciBein8NryHF7SdMMZvsA82nByy,1754150656,2025-08-02T18:04:16,5.003e-06,AK1TDZ8TUrLRMGyRHWBNSge8zmtXeRmMHZGsZ41QfpST,inc,1451791984208,4337950661344,5789742645552,AQsMu12pAqb5wUNSUURbYtPhoeaJKVE3M3gPMwGWWYYZ,6,1.0
43sErQhxPDQEa3bsFpRgEKWDwtnVu39RSyCxfFjAaKYBS7N1hwxWrhHmCymJJXfWJj2BGuuNYPNB2413hkDieFoL,1754150650,2025-08-02T18:04:10,5.003e-06,AK1TDZ8TUrLRMGyRHWBNSge8zmtXeRmMHZGsZ41QfpST,dec,301249284,632541335,331292051,So11111111111111111111111111111111111111111,9,1.0
43sErQhxPDQEa3bsFpRgEKWDwtnVu39RSyCxfFjAaKYBS7N1hwxWrhHmCymJJXfWJj2BGuuNYPNB2413hkDieFoL,1754150650,2025-08-02T18:04:10,5.003e-06,AK1TDZ8TUrLRMGyRHWBNSge8zmtXeRmMHZGsZ41QfpST,inc,1904218371161,2433732290183,4337950661344,AQsMu12pAqb5wUNSUURbYtPhoeaJKVE3M3gPMwGWWYYZ,6,1.0
5UoQydgSDGE8AXH523NdwadTkGm11Db7iFmbA9rRXHzTMCSpmnuNxez3kdeVLoaYaBfQ1Rst6am5aaPwiCHen4cH,1754150642,2025-08-02T18:04:02,5.003e-06,AK1TDZ8TUrLRMGyRHWBNSge8zmtXeRmMHZGsZ41QfpST,dec,384216097,1016763432,632547335,So11111111111111111111111111111111111111111,9,1.0
5UoQydgSDGE8AXH523NdwadTkGm11Db7iFmbA9rRXHzTMCSpmnuNxez3kdeVLoaYaBfQ1Rst6am5aaPwiCHen4cH,1754150642,2025-08-02T18:04:02,5.003e-06,AK1TDZ8TUrLRMGyRHWBNSge8zmtXeRmMHZGsZ41QfpST,inc,2412322552386,21409737797,2433732290183,AQsMu12pAqb5wUNSUURbYtPhoeaJKVE3M3gPMwGWWYYZ,6,1.0
5e5MFsP8M9komQpt9P7azfiCSaJS38KSrdZBXzXnH5J7BCBrhF2AHZtDZFvQA9NBxTh1DC1UdWj3qCYGY3hct8ys,1754150541,2025-08-02T18:02:21,5.002e-06,AK1TDZ8TUrLRMGyRHWBNSge8zmtXeRmMHZGsZ41QfpST,inc,975685295,41084137,1016769432,So11111111111111111111111111111111111111111,9,1.0
5e5MFsP8M9komQpt9P7azfiCSaJS38KSrdZBXzXnH5J7BCBrhF2AHZtDZFvQA9NBxTh1DC1UdWj3qCYGY3hct8ys,1754150541,2025-08-02T18:02:21,5.002e-06,AK1TDZ8TUrLRMGyRHWBNSge8zmtXeRmMHZGsZ41QfpST,dec,6083919647991,6105329385788,21409737797,AQsMu12pAqb5wUNSUURbYtPhoeaJKVE3M3gPMwGWWYYZ,6,1.0
5MHVrkwo8BiiJW65LcRs82FQ9sQsnLY98BQSp8HRTePTymH6v9sVijg1SPEToqEvPcqZjFDKJ6XP4k5fN946vLiN,1754150451,2025-08-02T18:00:51,5.003e-06,AK1TDZ8TUrLRMGyRHWBNSge8zmtXeRmMHZGsZ41QfpST,dec,195423200,236513337,41090137,So11111111111111111111111111111111111111111,9,1.0
5MHVrkwo8BiiJW65LcRs82FQ9sQsnLY98BQSp8HRTePTymH6v9sVijg1SPEToqEvPcqZjFDKJ6XP4k5fN946vLiN,1754150451,2025-08-02T18:00:51,5.003e-06,AK1TDZ8TUrLRMGyRHWBNSge8zmtXeRmMHZGsZ41QfpST,inc,1185267058682,4920062327106,6105329385788,AQsMu12pAqb5wUNSUURbYtPhoeaJKVE3M3gPMwGWWYYZ,6,1.0
5sXzQ9YyyAm91sPRsqd5TVfES9eRdeisVbT3pVDWp6VbtyJjCbuJECvfVjzRrb6FWtBYh1dyRdnj8aWAbjxR8Adj,1754150247,2025-08-02T17:57:27,5.003e-06,AK1TDZ8TUrLRMGyRHWBNSge8zmtXeRmMHZGsZ41QfpST,dec,314166550,550685887,236519337,So11111111111111111111111111111111111111111,9,1.0
5sXzQ9YyyAm91sPRsqd5TVfES9eRdeisVbT3pVDWp6VbtyJjCbuJECvfVjzRrb6FWtBYh1dyRdnj8aWAbjxR8Adj,1754150247,2025-08-02T17:57:27,5.003e-06,AK1TDZ8TUrLRMGyRHWBNSge8zmtXeRmMHZGsZ41QfpST,inc,2001574030737,2918488296368,4920062327106,AQsMu12pAqb5wUNSUURbYtPhoeaJKVE3M3gPMwGWWYYZ,6,1.0
2oosrqmYgcGpZPNzFbkAMCnvDDfw2WPUb7zxLMDqrEJzighSYFWArtNanMVW8gZFjvP6k8K7MzEVbwFkEWyPfbUJ,1754150080,2025-08-02T17:54:40,5.003e-06,AK1TDZ8TUrLRMGyRHWBNSge8zmtXeRmMHZGsZ41QfpST,dec,477459728,1028151615,550691887,So11111111111111111111111111111111111111111,9,1.0
2oosrqmYgcGpZPNzFbkAMCnvDDfw2WPUb7zxLMDqrEJzighSYFWArtNanMVW8gZFjvP6k8K7MzEVbwFkEWyPfbUJ,1754150080,2025-08-02T17:54:40,5.003e-06,AK1TDZ8TUrLRMGyRHWBNSge8zmtXeRmMHZGsZ41QfpST,inc,2834313392025,84174904343,2918488296368,AQsMu12pAqb5wUNSUURbYtPhoeaJKVE3M3gPMwGWWYYZ,6,1.0
4ReWRHCfDzPEArFFwEWZAuCjbejCwQ8GqxUA2p4REaEehWVDZsfx7GKp5cEF5SakbJ8T9PYLYaYSjoXMN4sd4DAW,1754150035,2025-08-02T17:53:55,5.002e-06,AK1TDZ8TUrLRMGyRHWBNSge8zmtXeRmMHZGsZ41QfpST,inc,725156136,303001479,1028157615,So11111111111111111111111111111111111111111,9,1.0
4ReWRHCfDzPEArFFwEWZAuCjbejCwQ8GqxUA2p4REaEehWVDZsfx7GKp5cEF5SakbJ8T9PYLYaYSjoXMN4sd4DAW,1754150035,2025-08-02T17:53:55,5.002e-06,AK1TDZ8TUrLRMGyRHWBNSge8zmtXeRmMHZGsZ41QfpST,dec,4698432332309,4782607236652,84174904343,AQsMu12pAqb5wUNSUURbYtPhoeaJKVE3M3gPMwGWWYYZ,6,1.0
4Jz6JNXMXeBv1yRJi27zcN8eMMfWcQqhDi55RMCbB5PYYNGNhYEeipkSX1XFkapcGvnnZnUVzDCpWTXvDGUkzCnS,1754149933,2025-08-02T17:52:13,5.003e-06,AK1TDZ8TUrLRMGyRHWBNSge8zmtXeRmMHZGsZ41QfpST,dec,536596024,839603504,303007479,So11111111111111111111111111111111111111111,9,1.0
4Jz6JNXMXeBv1yRJi27zcN8eMMfWcQqhDi55RMCbB5PYYNGNhYEeipkSX1XFkapcGvnnZnUVzDCpWTXvDGUkzCnS,1754149933,2025-08-02T17:52:13,5.003e-06,AK1TDZ8TUrLRMGyRHWBNSge8zmtXeRmMHZGsZ41QfpST,inc,3690972757413,1091634479239,4782607236652,AQsMu12pAqb5wUNSUURbYtPhoeaJKVE3M3gPMwGWWYYZ,6,1.0
4h5HkhubNTQUYgf2irkL238518pNPNCLbS6rva5uQADTTeudQwgrwJaEZCahigNDMGowEuCKduWp2fVhSHugedQ,1754149906,2025-08-02T17:51:46,5.004e-06,AK1TDZ8TUrLRMGyRHWBNSge8zmtXeRmMHZGsZ41QfpST,dec,161890496,1001500000,839609504,So11111111111111111111111111111111111111111,9,1.0
4h5HkhubNTQUYgf2irkL238518pNPNCLbS6rva5uQADTTeudQwgrwJaEZCahigNDMGowEuCKduWp2fVhSHugedQ,1754149906,2025-08-02T17:51:46,5.004e-06,AK1TDZ8TUrLRMGyRHWBNSge8zmtXeRmMHZGsZ41QfpST,inc,1091634479239,0,1091634479239,AQsMu12pAqb5wUNSUURbYtPhoeaJKVE3M3gPMwGWWYYZ,6,1.0
otxyWPxW59UubP97ykmKK2F4yDvxSw9cbo9HqaaejSSmd4ADau2dXsV8ZxqHmseuykfLsf6S8jAfP4RWMHjC8n5,1754149236,2025-08-02T17:40:36,3.14e-05,AK1TDZ8TUrLRMGyRHWBNSge8zmtXeRmMHZGsZ41QfpST,inc,999999999,1500001,1001500000,So11111111111111111111111111111111111111111,9,1.0
3mfbn4YX78BZgDMX6pBNW2ChUCuRheVkmNnQiw75tetqVPxSEQm5f4eQ5yVFCuT4qPMUp9GbLfbjSEhaN6xviEBR,1754149111,2025-08-02T17:38:31,6.66e-05,AK1TDZ8TUrLRMGyRHWBNSge8zmtXeRmMHZGsZ41QfpST,dec,999999999,1001500000,1500001,So11111111111111111111111111111111111111111,9,1.0
2gm41mNMgQTVvxuRmnrNjPnhXtpCDDuEPS8JvpSPvt6VzbiALmvX5P4t9D8E8cdWfmjQqrWxEC8uRan6MWTP9Xjq,1754148981,2025-08-02T17:36:21,3.14e-05,AK1TDZ8TUrLRMGyRHWBNSge8zmtXeRmMHZGsZ41QfpST,inc,999999999,1500001,1001500000,So11111111111111111111111111111111111111111,9,1.0
VLtY4hZH1aBsTzZjY7h6aVrgRCx6pCCp11CetQ1mt6sBGbj36Dh1agLSmNjeLDSZixGXryWvkWEkq11R3491xQr,1754148845,2025-08-02T17:34:05,6.66e-05,AK1TDZ8TUrLRMGyRHWBNSge8zmtXeRmMHZGsZ41QfpST,dec,1003649923,1005149923,1500001,So11111111111111111111111111111111111111111,9,1.0
5WypaxKusdW24HaSybS9cG3brKHQSTi6rDfVrmsTwxcoEA4pECRMMc38pXCuCjBNEQrsTXT1Con393HuuHTTfoWq,1754148787,2025-08-02T17:33:07,5.002e-06,AK1TDZ8TUrLRMGyRHWBNSge8zmtXeRmMHZGsZ41QfpST,inc,549609501,455546423,1005155924,So11111111111111111111111111111111111111111,9,1.0
5WypaxKusdW24HaSybS9cG3brKHQSTi6rDfVrmsTwxcoEA4pECRMMc38pXCuCjBNEQrsTXT1Con393HuuHTTfoWq,1754148787,2025-08-02T17:33:07,5.002e-06,AK1TDZ8TUrLRMGyRHWBNSge8zmtXeRmMHZGsZ41QfpST,dec,4563133876084,4638686444876,75552568792,5icHea1jco4QXdk45WFbhBs3FqVfkWe8fuh28cN2Ja7x,6,1.0
3KQ1Dffv7edHdUNgY5Az8e52nggUmdTdC3vcpZH4XXQkS6xQKz9DWfHF1spA3geso5mWRJLgPdBcYDk1Gz7PnqiP,1754148779,2025-08-02T17:32:59,5.004e-06,AK1TDZ8TUrLRMGyRHWBNSge8zmtXeRmMHZGsZ41QfpST,dec,545947577,1001500000,455552423,So11111111111111111111111111111111111111111,9,1.0
3KQ1Dffv7edHdUNgY5Az8e52nggUmdTdC3vcpZH4XXQkS6xQKz9DWfHF1spA3geso5mWRJLgPdBcYDk1Gz7PnqiP,1754148779,2025-08-02T17:32:59,5.004e-06,AK1TDZ8TUrLRMGyRHWBNSge8zmtXeRmMHZGsZ41QfpST,inc,4638686444876,0,4638686444876,5icHea1jco4QXdk45WFbhBs3FqVfkWe8fuh28cN2Ja7x,6,1.0
5V2wFW9K2qo3w4Fwz1AZnEuwtAHxDHSEMcUubEJUNMSyAS4XgUhPfJvRNomniLbBqvuQnKJRTmnEiY1W8UzNKiB7,1754148661,2025-08-02T17:31:01,3.14e-05,AK1TDZ8TUrLRMGyRHWBNSge8zmtXeRmMHZGsZ41QfpST,inc,1000000000,1500000,1001500000,So11111111111111111111111111111111111111111,9,1.0
5wDERAyTzW9aFZckveCoSJ2BCtSmH6kUC63qk2zet17iM5yAhbetok7YfNSsiTM8VRJutg2Q58rHMozr8Z9gztXu,1754148537,2025-08-02T17:28:57,6.66e-05,AK1TDZ8TUrLRMGyRHWBNSge8zmtXeRmMHZGsZ41QfpST,dec,1000000000,1001500000,1500000,So11111111111111111111111111111111111111111,9,1.0
5z1JjDdpc4WV8NoRTHVoqDH2L7LakSyXqMhB7CcPRsn5z5dVQyzAj9LT7AJ4e9mnAm5qMtmxTKHdqqBuv7AbgZth,1754148166,2025-08-02T17:22:46,3.14e-05,AK1TDZ8TUrLRMGyRHWBNSge8zmtXeRmMHZGsZ41QfpST,inc,1000000000,1500000,1001500000,So11111111111111111111111111111111111111111,9,1.0
5VNxLE6cRiRRZVw6W4DaSm5jCgcHYaRe1jJKsez8YpiCA7gm9fRFEtkKYWLzt6v2WWV1Euff3MDyPQHVRBWMCCJ7,1754148080,2025-08-02T17:21:20,1e-05,AK1TDZ8TUrLRMGyRHWBNSge8zmtXeRmMHZGsZ41QfpST,dec,6083092776022,6083092776022,0,F7ZJhiPJstSVJjkM1bhHmrZyN89qkHcZWDfYLmrTRfsV,6,1.0
518bh2wuqPRgAHXJ1qYuGJ87xd9HSwYhVrf3KWUZ8A3w6KzL3o3XSemURxtKG9bP7KT5vTkHEHw1MegiLLxu4F49,1754148036,2025-08-02T17:20:36,6.66e-05,AK1TDZ8TUrLRMGyRHWBNSge8zmtXeRmMHZGsZ41QfpST,dec,311486553,312986553,1500000,So11111111111111111111111111111111111111111,9,1.0
5Z8QdZTFGFwthSJGoMgCcMHmaDTqafYgZYrrrpt4HnYwTLEpVWrmPmQNTCdoCTdbnsRPsxYetETHA1KJpR7acf9K,1754147826,2025-08-02T17:17:06,5.003e-06,AK1TDZ8TUrLRMGyRHWBNSge8zmtXeRmMHZGsZ41QfpST,dec,482777694,795770248,312992553,So11111111111111111111111111111111111111111,9,1.0
5Z8QdZTFGFwthSJGoMgCcMHmaDTqafYgZYrrrpt4HnYwTLEpVWrmPmQNTCdoCTdbnsRPsxYetETHA1KJpR7acf9K,1754147826,2025-08-02T17:17:06,5.003e-06,AK1TDZ8TUrLRMGyRHWBNSge8zmtXeRmMHZGsZ41QfpST,inc,4099808207056,1983284568966,6083092776022,F7ZJhiPJstSVJjkM1bhHmrZyN89qkHcZWDfYLmrTRfsV,6,1.0
Zymvwb35Sozwc799MoyRMj2b5gKyVyb23BR3Qu9oXyUDtzouyAWEJjChXCx6oZZ6pCdSD2LQYKf123Ad3yaBTFS,1754147786,2025-08-02T17:16:26,5.003e-06,AK1TDZ8TUrLRMGyRHWBNSge8zmtXeRmMHZGsZ41QfpST,dec,231014809,1026791054,795776245,So11111111111111111111111111111111111111111,9,1.0
Zymvwb35Sozwc799MoyRMj2b5gKyVyb23BR3Qu9oXyUDtzouyAWEJjChXCx6oZZ6pCdSD2LQYKf123Ad3yaBTFS,1754147786,2025-08-02T17:16:26,5.003e-06,AK1TDZ8TUrLRMGyRHWBNSge8zmtXeRmMHZGsZ41QfpST,inc,1962894444574,20390124392,1983284568966,F7ZJhiPJstSVJjkM1bhHmrZyN89qkHcZWDfYLmrTRfsV,6,1.0
rY859fqygoa2XTPF9JiTwXzUTkSzx7aVrLtogCwnFLsuiDEe7PbiCrHVAUyt6RNWP973VwiNoBvpjutvjxKVG1D,1754147711,2025-08-02T17:15:11,5.002e-06,AK1TDZ8TUrLRMGyRHWBNSge8zmtXeRmMHZGsZ41QfpST,inc,250638456,776158597,1026797054,So11111111111111111111111111111111111111111,9,1.0
rY859fqygoa2XTPF9JiTwXzUTkSzx7aVrLtogCwnFLsuiDEe7PbiCrHVAUyt6RNWP973VwiNoBvpjutvjxKVG1D,1754147711,2025-08-02T17:15:11,5.002e-06,AK1TDZ8TUrLRMGyRHWBNSge8zmtXeRmMHZGsZ41QfpST,dec,2390283627378,2410673751770,20390124392,F7ZJhiPJstSVJjkM1bhHmrZyN89qkHcZWDfYLmrTRfsV,6,1.0
5D6wRQfGaSFkxXmmBpBC9nHD3Q8ssmV2WwRFdj9DuNp2C1KAmswfPGWJ9wEktcr5qvir7Rx6jLiTtcj6fRS69gBT,1754147685,2025-08-02T17:14:45,5.004e-06,AK1TDZ8TUrLRMGyRHWBNSge8zmtXeRmMHZGsZ41QfpST,dec,225335403,1001500000,776164597,So11111111111111111111111111111111111111111,9,1.0
5D6wRQfGaSFkxXmmBpBC9nHD3Q8ssmV2WwRFdj9DuNp2C1KAmswfPGWJ9wEktcr5qvir7Rx6jLiTtcj6fRS69gBT,1754147685,2025-08-02T17:14:45,5.004e-06,AK1TDZ8TUrLRMGyRHWBNSge8zmtXeRmMHZGsZ41QfpST,inc,2410673751770,0,2410673751770,F7ZJhiPJstSVJjkM1bhHmrZyN89qkHcZWDfYLmrTRfsV,6,1.0
rHwW3Rs3D45hLPNdiYjsQDWttB9swHn9qCBrBVa6MANz69R8oPVKKc1oAHeVz7BBoJA9aWmzvoCAG1bEp3djWtP,1754147608,2025-08-02T17:13:28,3.14e-05,AK1TDZ8TUrLRMGyRHWBNSge8zmtXeRmMHZGsZ41QfpST,inc,999999999,1500001,1001500000,So11111111111111111111111111111111111111111,9,1.0
FFmyLj578HE4uTaf1yVzV66fPD4m7vkH2m744Kek5jLEvvwyN4JuCTppxu1ostSWbydjNyahFMF8XVQSsMuNSij,1754147526,2025-08-02T17:12:06,1e-05,AK1TDZ8TUrLRMGyRHWBNSge8zmtXeRmMHZGsZ41QfpST,dec,1514844642942,1514844642942,0,G1xH1NRkggzVMA39RoivyPdx59Rm8pJTDQRoZV6oP2oi,6,1.0
FFmyLj578HE4uTaf1yVzV66fPD4m7vkH2m744Kek5jLEvvwyN4JuCTppxu1ostSWbydjNyahFMF8XVQSsMuNSij,1754147526,2025-08-02T17:12:06,1e-05,AK1TDZ8TUrLRMGyRHWBNSge8zmtXeRmMHZGsZ41QfpST,dec,69018014650,69018014650,0,DnjuL9z5iMxstKGGuruSVjq5WGTmrAJnNjZGcLmNZjqW,6,1.0
FFmyLj578HE4uTaf1yVzV66fPD4m7vkH2m744Kek5jLEvvwyN4JuCTppxu1ostSWbydjNyahFMF8XVQSsMuNSij,1754147526,2025-08-02T17:12:06,1e-05,AK1TDZ8TUrLRMGyRHWBNSge8zmtXeRmMHZGsZ41QfpST,dec,8925406548,8925406548,0,4EAZJunovXEf1CpKBx6pgu6QQmquK4aFFygPAmRLXXGA,6,1.0
FFmyLj578HE4uTaf1yVzV66fPD4m7vkH2m744Kek5jLEvvwyN4JuCTppxu1ostSWbydjNyahFMF8XVQSsMuNSij,1754147526,2025-08-02T17:12:06,1e-05,AK1TDZ8TUrLRMGyRHWBNSge8zmtXeRmMHZGsZ41QfpST,dec,4945,4945,0,F3JfAZJRzhE5qkJu8RfPDRbVpQnLCbJxarVsB8mWN1HS,6,1.0
4VzBvrMdECigpqb38DCErUHePh7YPQLk84y9LcPkg4jju6g3fTWN8huDdAwNGsxkpgaVFt8VeRLqNeKi97jdqZzb,1754147486,2025-08-02T17:11:26,6.66e-05,AK1TDZ8TUrLRMGyRHWBNSge8zmtXeRmMHZGsZ41QfpST,dec,999999999,1001500000,1500001,So11111111111111111111111111111111111111111,9,1.0
5Xmzg6isLeGhpRrVds4DrjNZ6LS1fWMKC6PmXg79LBj6rr9vbT7xXDde8Ba7jJCh9BU2mh1m7Ecyzvn4fKPEbbNc,1754147354,2025-08-02T17:09:14,3.14e-05,AK1TDZ8TUrLRMGyRHWBNSge8zmtXeRmMHZGsZ41QfpST,inc,999999999,1500001,1001500000,So11111111111111111111111111111111111111111,9,1.0
mRnWPxo8ZvoHu67azwVfkgFxFh3z1aqrRrNF3MVifVNzyzHpkoCWvyL2G8J9pK5UrT5veAgysqtm94pAwuxzy2M,1754147227,2025-08-02T17:07:07,6.66e-05,AK1TDZ8TUrLRMGyRHWBNSge8zmtXeRmMHZGsZ41QfpST,dec,1024669351,1026169351,1500001,So11111111111111111111111111111111111111111,9,1.0
5hf7V4mmRqFJzkitVd6SbmJPKTJrxhTa4VsseLdhvRNCDxoJkngrFJXm3vqpsoGrX2wfBkL6jSR8rauUG6rkd735,1754147117,2025-08-02T17:05:17,5.002e-06,AK1TDZ8TUrLRMGyRHWBNSge8zmtXeRmMHZGsZ41QfpST,inc,288548283,737627069,1026175352,So11111111111111111111111111111111111111111,9,1.0
5hf7V4mmRqFJzkitVd6SbmJPKTJrxhTa4VsseLdhvRNCDxoJkngrFJXm3vqpsoGrX2wfBkL6jSR8rauUG6rkd735,1754147117,2025-08-02T17:05:17,5.002e-06,AK1TDZ8TUrLRMGyRHWBNSge8zmtXeRmMHZGsZ41QfpST,dec,2449917462649,2458842869197,8925406548,4EAZJunovXEf1CpKBx6pgu6QQmquK4aFFygPAmRLXXGA,6,1.0
HrbuLCZi797ycB8hKrz3oqrZAZWYcc9DuuUeTKHXGAgf7oqUWXG1r7b82Z6YH3NQg591W1NMNtGB223A2qciPoh,1754147086,2025-08-02T17:04:46,5.004e-06,AK1TDZ8TUrLRMGyRHWBNSge8zmtXeRmMHZGsZ41QfpST,dec,263866931,1001500000,737633069,So11111111111111111111111111111111111111111,9,1.0
HrbuLCZi797ycB8hKrz3oqrZAZWYcc9DuuUeTKHXGAgf7oqUWXG1r7b82Z6YH3NQg591W1NMNtGB223A2qciPoh,1754147086,2025-08-02T17:04:46,5.004e-06,AK1TDZ8TUrLRMGyRHWBNSge8zmtXeRmMHZGsZ41QfpST,inc,2458842869197,0,2458842869197,4EAZJunovXEf1CpKBx6pgu6QQmquK4aFFygPAmRLXXGA,6,1.0
4fvsdDX4HEnps9DzuCnN9TkviXdLjRx3kbmtdQ6jQQVwhnYfocHpqVmvVCqwRhNhh996mReM8tp1Nw2XBXqcVvVs,1754146965,2025-08-02T17:02:45,3.14e-05,AK1TDZ8TUrLRMGyRHWBNSge8zmtXeRmMHZGsZ41QfpST,inc,1000000000,1500000,1001500000,So11111111111111111111111111111111111111111,9,1.0
4a9C7Y7P1n3S2mQgiqSsrS5DsbUMk414LiVVzFTHQvLjPvWUU6caYxq6hfpVKmiCSGiiaixTmEKWiNCvrudjw6At,1754146835,2025-08-02T17:00:35,6.66e-05,AK1TDZ8TUrLRMGyRHWBNSge8zmtXeRmMHZGsZ41QfpST,dec,1048976444,1050476444,1500000,So11111111111111111111111111111111111111111,9,1.0
BpCstfY6Z65DxtQ4uuHg5sa8iLBu2hzmXq3J3VXqqZCWmBzkrgWBEi2sL9c4ske1UBBiy8NMHP4kjNwsVTpD7vQ,1754146600,2025-08-02T16:56:40,5.002e-06,AK1TDZ8TUrLRMGyRHWBNSge8zmtXeRmMHZGsZ41QfpST,inc,493789145,556693299,1050482444,So11111111111111111111111111111111111111111,9,1.0
BpCstfY6Z65DxtQ4uuHg5sa8iLBu2hzmXq3J3VXqqZCWmBzkrgWBEi2sL9c4ske1UBBiy8NMHP4kjNwsVTpD7vQ,1754146600,2025-08-02T16:56:40,5.002e-06,AK1TDZ8TUrLRMGyRHWBNSge8zmtXeRmMHZGsZ41QfpST,dec,3462369563170,3531387577820,69018014650,DnjuL9z5iMxstKGGuruSVjq5WGTmrAJnNjZGcLmNZjqW,6,1.0
2XSNebX7QPnmaM6zDrGR771xNBf4AQkLkXTxb2WYtTs6fbaFua4yanfZRD6hPt8zzkkFheG27wMaYPYvSn4EbPrL,1754146558,2025-08-02T16:55:58,5.003e-06,AK1TDZ8TUrLRMGyRHWBNSge8zmtXeRmMHZGsZ41QfpST,dec,492182875,1048882174,556699299,So11111111111111111111111111111111111111111,9,1.0
2XSNebX7QPnmaM6zDrGR771xNBf4AQkLkXTxb2WYtTs6fbaFua4yanfZRD6hPt8zzkkFheG27wMaYPYvSn4EbPrL,1754146558,2025-08-02T16:55:58,5.003e-06,AK1TDZ8TUrLRMGyRHWBNSge8zmtXeRmMHZGsZ41QfpST,inc,3531387576312,1508,3531387577820,DnjuL9z5iMxstKGGuruSVjq5WGTmrAJnNjZGcLmNZjqW,6,1.0
yiVbsByBKR2NpYku9SzC8df7AGBZe9Pux2BtPKVVoCHNrY3QoEYjSMFygNSPZsrGnq4vfvte1dLxYCEJjWTtR52,1754146510,2025-08-02T16:55:10,5.002e-06,AK1TDZ8TUrLRMGyRHWBNSge8zmtXeRmMHZGsZ41QfpST,inc,434400356,614487819,1048888175,So11111111111111111111111111111111111111111,9,1.0
yiVbsByBKR2NpYku9SzC8df7AGBZe9Pux2BtPKVVoCHNrY3QoEYjSMFygNSPZsrGnq4vfvte1dLxYCEJjWTtR52,1754146510,2025-08-02T16:55:10,5.002e-06,AK1TDZ8TUrLRMGyRHWBNSge8zmtXeRmMHZGsZ41QfpST,dec,3509326370072,3509326371580,1508,DnjuL9z5iMxstKGGuruSVjq5WGTmrAJnNjZGcLmNZjqW,6,1.0
3P6sL1evzNXRRebppq6g5AbFp9nTCHrmTWVNJfSxf9VtUmGFhWf6bFMgq3uX68tgbcoUG7Apj3awyXwY4ARHSouY,1754146411,2025-08-02T16:53:31,5.004e-06,AK1TDZ8TUrLRMGyRHWBNSge8zmtXeRmMHZGsZ41QfpST,dec,387006181,1001500000,614493819,So11111111111111111111111111111111111111111,9,1.0
3P6sL1evzNXRRebppq6g5AbFp9nTCHrmTWVNJfSxf9VtUmGFhWf6bFMgq3uX68tgbcoUG7Apj3awyXwY4ARHSouY,1754146411,2025-08-02T16:53:31,5.004e-06,AK1TDZ8TUrLRMGyRHWBNSge8zmtXeRmMHZGsZ41QfpST,inc,3509326371580,0,3509326371580,DnjuL9z5iMxstKGGuruSVjq5WGTmrAJnNjZGcLmNZjqW,6,1.0
5Q2bC7tFvL96LenSVnoMDxAv9AhQ3ThQ6NdB6uLFpxXXBz7pvwfSNUsvo6v78fxzLaj9o5bCejbSCVMmqDnv8m2W,1754146294,2025-08-02T16:51:34,3.14e-05,AK1TDZ8TUrLRMGyRHWBNSge8zmtXeRmMHZGsZ41QfpST,inc,1000000000,1500000,1001500000,So11111111111111111111111111111111111111111,9,1.0
2kLWBeVinhW2aroBUvrSuzoki5xeBtRorLbGHeyYsHXM3kRVY33pxbyJSsMcChnsXbiZWQZV5bAtgp58qdKMi1hE,1754146159,2025-08-02T16:49:19,6.66e-05,AK1TDZ8TUrLRMGyRHWBNSge8zmtXeRmMHZGsZ41QfpST,dec,814305875,815805875,1500000,So11111111111111111111111111111111111111111,9,1.0
mpNn7aRwLHpDGcB2aDiGWeGqBsEAKpQTfxM7yaLmGyqVa7jCWBHLSz45Pi2WiTZmibTd3jt1Xreg6oM4AYXjswz,1754146059,2025-08-02T16:47:39,5.003e-06,AK1TDZ8TUrLRMGyRHWBNSge8zmtXeRmMHZGsZ41QfpST,dec,234649538,1050461413,815811875,So11111111111111111111111111111111111111111,9,1.0
mpNn7aRwLHpDGcB2aDiGWeGqBsEAKpQTfxM7yaLmGyqVa7jCWBHLSz45Pi2WiTZmibTd3jt1Xreg6oM4AYXjswz,1754146059,2025-08-02T16:47:39,5.003e-06,AK1TDZ8TUrLRMGyRHWBNSge8zmtXeRmMHZGsZ41QfpST,inc,1514844638153,4789,1514844642942,G1xH1NRkggzVMA39RoivyPdx59Rm8pJTDQRoZV6oP2oi,6,1.0
4RWfVt2gadfY2uduwzPJj9TEHvb86HCteajEvTvr4WzdAKhGUbbuZUrhjbMmrP1SJ37KEF5H4BGVV96uypxboxHz,1754146036,2025-08-02T16:47:16,5.002e-06,AK1TDZ8TUrLRMGyRHWBNSge8zmtXeRmMHZGsZ41QfpST,inc,547805890,502661523,1050467413,So11111111111111111111111111111111111111111,9,1.0
4RWfVt2gadfY2uduwzPJj9TEHvb86HCteajEvTvr4WzdAKhGUbbuZUrhjbMmrP1SJ37KEF5H4BGVV96uypxboxHz,1754146036,2025-08-02T16:47:16,5.002e-06,AK1TDZ8TUrLRMGyRHWBNSge8zmtXeRmMHZGsZ41QfpST,dec,3608434071087,3608434075876,4789,G1xH1NRkggzVMA39RoivyPdx59Rm8pJTDQRoZV6oP2oi,6,1.0
2E899WiKW2HM88Bu8oYDCeywqydLdNkm6SquXYgqfZ9Z4G5DGK16QYJjFggQbuUytmG1eeURkLKDarbi9kGS5sHQ,1754145962,2025-08-02T16:46:02,5.003e-06,AK1TDZ8TUrLRMGyRHWBNSge8zmtXeRmMHZGsZ41QfpST,dec,510050454,1012717977,502667522,So11111111111111111111111111111111111111111,9,1.0
2E899WiKW2HM88Bu8oYDCeywqydLdNkm6SquXYgqfZ9Z4G5DGK16QYJjFggQbuUytmG1eeURkLKDarbi9kGS5sHQ,1754145962,2025-08-02T16:46:02,5.003e-06,AK1TDZ8TUrLRMGyRHWBNSge8zmtXeRmMHZGsZ41QfpST,inc,3608434069518,6357,3608434075876,G1xH1NRkggzVMA39RoivyPdx59Rm8pJTDQRoZV6oP2oi,6,1.0
3w7hYofyngjGYTfsXpcTPd4M4VuWb45Ba4cfAPHiTxxarzuJmgRQWij879QvtgitnQnUKx3npWk5BR9mge7hU5Z6,1754145924,2025-08-02T16:45:24,5.002e-06,AK1TDZ8TUrLRMGyRHWBNSge8zmtXeRmMHZGsZ41QfpST,inc,7090327,1005633650,1012723977,So11111111111111111111111111111111111111111,9,1.0
3w7hYofyngjGYTfsXpcTPd4M4VuWb45Ba4cfAPHiTxxarzuJmgRQWij879QvtgitnQnUKx3npWk5BR9mge7hU5Z6,1754145924,2025-08-02T16:45:24,5.002e-06,AK1TDZ8TUrLRMGyRHWBNSge8zmtXeRmMHZGsZ41QfpST,dec,52080248035,52080254392,6357,G1xH1NRkggzVMA39RoivyPdx59Rm8pJTDQRoZV6oP2oi,6,1.0
2myLD8fr4y1QM154KtgkyTeQsVi1Pv3Ltd9D3kPqfMeMqwBRtVXuEKE6pRFAj3ZRg7S9PU4uCh5gMFdRxi58gwf9,1754145908,2025-08-02T16:45:08,5.002e-06,AK1TDZ8TUrLRMGyRHWBNSge8zmtXeRmMHZGsZ41QfpST,inc,414947826,590691824,1005639650,So11111111111111111111111111111111111111111,9,1.0
2myLD8fr4y1QM154KtgkyTeQsVi1Pv3Ltd9D3kPqfMeMqwBRtVXuEKE6pRFAj3ZRg7S9PU4uCh5gMFdRxi58gwf9,1754145908,2025-08-02T16:45:08,5.002e-06,AK1TDZ8TUrLRMGyRHWBNSge8zmtXeRmMHZGsZ41QfpST,dec,3086873033110,3138953287502,52080254392,G1xH1NRkggzVMA39RoivyPdx59Rm8pJTDQRoZV6oP2oi,6,1.0
4JutVAafW7umy3nMdQg5gGRz268Y2LNYKFYTCsfmQ1UECB3sr4bQjLgqXbqcr86DiwjdC7k5RsLGPLHH3GNp7ouG,1754145904,2025-08-02T16:45:04,5.004e-06,AK1TDZ8TUrLRMGyRHWBNSge8zmtXeRmMHZGsZ41QfpST,dec,410802176,1001500000,590697824,So11111111111111111111111111111111111111111,9,1.0
4JutVAafW7umy3nMdQg5gGRz268Y2LNYKFYTCsfmQ1UECB3sr4bQjLgqXbqcr86DiwjdC7k5RsLGPLHH3GNp7ouG,1754145904,2025-08-02T16:45:04,5.004e-06,AK1TDZ8TUrLRMGyRHWBNSge8zmtXeRmMHZGsZ41QfpST,inc,3138953287502,0,3138953287502,G1xH1NRkggzVMA39RoivyPdx59Rm8pJTDQRoZV6oP2oi,6,1.0
2MXLUSTXeVTLEERMDKDhdjeMMrtMFZro7D7yufvpUsaHva3pCke7MHTZHkdv8oHXrorU57s9KLh8xk4nptUaQwCp,1754145750,2025-08-02T16:42:30,3.14e-05,AK1TDZ8TUrLRMGyRHWBNSge8zmtXeRmMHZGsZ41QfpST,inc,1000000000,1500000,1001500000,So11111111111111111111111111111111111111111,9,1.0
3iyMbdfC5sX95jcdFvrCukhCwDu2AoBHxrxT1qjswHMshQuUx2QTEFqspvSF4uKo1ue9p1RDxZ3TQjb8LKXYi6Pz,1754145622,2025-08-02T16:40:22,6.66e-05,AK1TDZ8TUrLRMGyRHWBNSge8zmtXeRmMHZGsZ41QfpST,dec,1144152176,1145652176,1500000,So11111111111111111111111111111111111111111,9,1.0
JEoVCs38r3vyi41x4J2DRvk6HSjn9dAMFkaws9ULwcNYc51UstmraZ6HqbaftkqStm4D8trmLMZseHdoT7h3sNi,1754145393,2025-08-02T16:36:33,5.002e-06,AK1TDZ8TUrLRMGyRHWBNSge8zmtXeRmMHZGsZ41QfpST,inc,1070230210,75427965,1145658176,So11111111111111111111111111111111111111111,9,1.0
JEoVCs38r3vyi41x4J2DRvk6HSjn9dAMFkaws9ULwcNYc51UstmraZ6HqbaftkqStm4D8trmLMZseHdoT7h3sNi,1754145393,2025-08-02T16:36:33,5.002e-06,AK1TDZ8TUrLRMGyRHWBNSge8zmtXeRmMHZGsZ41QfpST,dec,6974509883503,6974509888448,4945,F3JfAZJRzhE5qkJu8RfPDRbVpQnLCbJxarVsB8mWN1HS,6,1.0
2k3pJvv7vP4KQ6PxuUbSYDjM1wNuUxoTPAaYdnJd22sNh7yoDxRivhE5BZhjr9oxG5kat1Ed3yJqf5Jv2NhXeSmj,1754145349,2025-08-02T16:35:49,5.003e-06,AK1TDZ8TUrLRMGyRHWBNSge8zmtXeRmMHZGsZ41QfpST,dec,283789460,359223425,75433965,So11111111111111111111111111111111111111111,9,1.0
2k3pJvv7vP4KQ6PxuUbSYDjM1wNuUxoTPAaYdnJd22sNh7yoDxRivhE5BZhjr9oxG5kat1Ed3yJqf5Jv2NhXeSmj,1754145349,2025-08-02T16:35:49,5.003e-06,AK1TDZ8TUrLRMGyRHWBNSge8zmtXeRmMHZGsZ41QfpST,inc,1845077004820,5129432883627,6974509888448,F3JfAZJRzhE5qkJu8RfPDRbVpQnLCbJxarVsB8mWN1HS,6,1.0
2FgCVHYA9xpZF5je8nGuM659MmkiFMknc273Ft67PSErqpJFLn9ixbAqChxMDcUFFGnqu5wRjmaMFirnxgzNRv8M,1754145254,2025-08-02T16:34:14,5.003e-06,AK1TDZ8TUrLRMGyRHWBNSge8zmtXeRmMHZGsZ41QfpST,dec,386379121,745608546,359229425,So11111111111111111111111111111111111111111,9,1.0
2FgCVHYA9xpZF5je8nGuM659MmkiFMknc273Ft67PSErqpJFLn9ixbAqChxMDcUFFGnqu5wRjmaMFirnxgzNRv8M,1754145254,2025-08-02T16:34:14,5.003e-06,AK1TDZ8TUrLRMGyRHWBNSge8zmtXeRmMHZGsZ41QfpST,inc,2627008065832,2502424817795,5129432883627,F3JfAZJRzhE5qkJu8RfPDRbVpQnLCbJxarVsB8mWN1HS,6,1.0
5qW1uFsdj5Rcps7TFSFSpVtBZiV3bUKp5bKBzDdKvzhURYDduFsBN5qJrh79jKrdx1MiLiQdm8xhuRAeoA217Teo,1754145211,2025-08-02T16:33:31,5.003e-06,AK1TDZ8TUrLRMGyRHWBNSge8zmtXeRmMHZGsZ41QfpST,dec,376491113,1122105659,745614546,So11111111111111111111111111111111111111111,9,1.0
5qW1uFsdj5Rcps7TFSFSpVtBZiV3bUKp5bKBzDdKvzhURYDduFsBN5qJrh79jKrdx1MiLiQdm8xhuRAeoA217Teo,1754145211,2025-08-02T16:33:31,5.003e-06,AK1TDZ8TUrLRMGyRHWBNSge8zmtXeRmMHZGsZ41QfpST,inc,2480071663658,22353154137,2502424817795,F3JfAZJRzhE5qkJu8RfPDRbVpQnLCbJxarVsB8mWN1HS,6,1.0
ZViqZEmn6YPoKrEyN9nadY5Uji5bBguFKBenfG7RXjoJ19BorKASx5PSL8uVBnbhNUTRJTeiXZXGC7DuQV5jVzW,1754145110,2025-08-02T16:31:50,5.002e-06,AK1TDZ8TUrLRMGyRHWBNSge8zmtXeRmMHZGsZ41QfpST,inc,448205777,673905881,1122111659,So11111111111111111111111111111111111111111,9,1.0
ZViqZEmn6YPoKrEyN9nadY5Uji5bBguFKBenfG7RXjoJ19BorKASx5PSL8uVBnbhNUTRJTeiXZXGC7DuQV5jVzW,1754145110,2025-08-02T16:31:50,5.002e-06,AK1TDZ8TUrLRMGyRHWBNSge8zmtXeRmMHZGsZ41QfpST,dec,3079630744694,3101983898831,22353154137,F3JfAZJRzhE5qkJu8RfPDRbVpQnLCbJxarVsB8mWN1HS,6,1.0
4gseoKiykJ9D9fKdb2ra5ELKuZBKejLPXqn1jDR7GXgW7LZbXr857oHm4tNyFVx7qZC6VijPxFZjRj4NEARuYshK,1754145045,2025-08-02T16:30:45,5.003e-06,AK1TDZ8TUrLRMGyRHWBNSge8zmtXeRmMHZGsZ41QfpST,dec,423623528,1097535409,673911881,So11111111111111111111111111111111111111111,9,1.0
4gseoKiykJ9D9fKdb2ra5ELKuZBKejLPXqn1jDR7GXgW7LZbXr857oHm4tNyFVx7qZC6VijPxFZjRj4NEARuYshK,1754145045,2025-08-02T16:30:45,5.003e-06,AK1TDZ8TUrLRMGyRHWBNSge8zmtXeRmMHZGsZ41QfpST,inc,3101983841383,57448,3101983898831,F3JfAZJRzhE5qkJu8RfPDRbVpQnLCbJxarVsB8mWN1HS,6,1.0
3cxsJFQbsbYM6xtvxP66AxSfwZdLwXY8Z4K9Kwv7VWz3YDU5W2sQjFGHrfcJwEMqTfbuiXbN7bohTa1yonyva4yw,1754145038,2025-08-02T16:30:38,5.002e-06,AK1TDZ8TUrLRMGyRHWBNSge8zmtXeRmMHZGsZ41QfpST,dec,2810098,2867546,57448,F3JfAZJRzhE5qkJu8RfPDRbVpQnLCbJxarVsB8mWN1HS,6,1.0
xDw3z6rs33WKPssJKw8HjuJeU1nGtZ8SXrebogP5fTordNZN4xCT2V5rfbGLnPzgtim9VoHWMFpouNnSyguThdJ,1754144946,2025-08-02T16:29:06,5.002e-06,AK1TDZ8TUrLRMGyRHWBNSge8zmtXeRmMHZGsZ41QfpST,dec,432222751,435090297,2867546,F3JfAZJRzhE5qkJu8RfPDRbVpQnLCbJxarVsB8mWN1HS,6,1.0
3tm866uDRWXu37e4zZW2houvCUH3DHfouofBmhBJfrSeENYT9cKMueVuCeUh521Dwzg4wSZUX3nx2oN4LFoVhU37,1754144874,2025-08-02T16:27:54,5.002e-06,AK1TDZ8TUrLRMGyRHWBNSge8zmtXeRmMHZGsZ41QfpST,inc,7061978,1090439327,1097501305,So11111111111111111111111111111111111111111,9,1.0
3tm866uDRWXu37e4zZW2houvCUH3DHfouofBmhBJfrSeENYT9cKMueVuCeUh521Dwzg4wSZUX3nx2oN4LFoVhU37,1754144874,2025-08-02T16:27:54,5.002e-06,AK1TDZ8TUrLRMGyRHWBNSge8zmtXeRmMHZGsZ41QfpST,dec,46201787202,46636877499,435090297,F3JfAZJRzhE5qkJu8RfPDRbVpQnLCbJxarVsB8mWN1HS,6,1.0
5uDof8m5GYGaTHfeh1MTapvXfJpti3wh6qJxgWRaRLirHV2b7dMmNdprNrAaKatgpqi7E22x8TZ7634DPkEvvyjm,1754144771,2025-08-02T16:26:11,5.002e-06,AK1TDZ8TUrLRMGyRHWBNSge8zmtXeRmMHZGsZ41QfpST,inc,773616162,316829165,1090445327,So11111111111111111111111111111111111111111,9,1.0
5uDof8m5GYGaTHfeh1MTapvXfJpti3wh6qJxgWRaRLirHV2b7dMmNdprNrAaKatgpqi7E22x8TZ7634DPkEvvyjm,1754144771,2025-08-02T16:26:11,5.002e-06,AK1TDZ8TUrLRMGyRHWBNSge8zmtXeRmMHZGsZ41QfpST,dec,5439739355425,5486376232924,46636877499,F3JfAZJRzhE5qkJu8RfPDRbVpQnLCbJxarVsB8mWN1HS,6,1.0
Yrs3CfwiWT4gte6oowMTBDbcsxZ5iw1E8hVa2J3x9Crjj1AUgr9h4j8srntEEoE5UAwQaRuuvCgHDcp6DpEFe9a,1754144733,2025-08-02T16:25:33,5.003e-06,AK1TDZ8TUrLRMGyRHWBNSge8zmtXeRmMHZGsZ41QfpST,dec,290316577,607151742,316835165,So11111111111111111111111111111111111111111,9,1.0
Yrs3CfwiWT4gte6oowMTBDbcsxZ5iw1E8hVa2J3x9Crjj1AUgr9h4j8srntEEoE5UAwQaRuuvCgHDcp6DpEFe9a,1754144733,2025-08-02T16:25:33,5.003e-06,AK1TDZ8TUrLRMGyRHWBNSge8zmtXeRmMHZGsZ41QfpST,inc,2104607994734,3381768238190,5486376232924,F3JfAZJRzhE5qkJu8RfPDRbVpQnLCbJxarVsB8mWN1HS,6,1.0
2yWGfDkcrb14SvxYDG3rxCo9zFR3TjRCjPUbxVXe1Kf9TqwV1j7qxcXVHTmJVdyo8nCGKN3mZ7hSvSQhMokDadfS,1754144724,2025-08-02T16:25:24,5.003e-06,AK1TDZ8TUrLRMGyRHWBNSge8zmtXeRmMHZGsZ41QfpST,dec,149815105,756972847,607157742,So11111111111111111111111111111111111111111,9,1.0
2yWGfDkcrb14SvxYDG3rxCo9zFR3TjRCjPUbxVXe1Kf9TqwV1j7qxcXVHTmJVdyo8nCGKN3mZ7hSvSQhMokDadfS,1754144724,2025-08-02T16:25:24,5.003e-06,AK1TDZ8TUrLRMGyRHWBNSge8zmtXeRmMHZGsZ41QfpST,inc,1111815512585,2269952725605,3381768238190,F3JfAZJRzhE5qkJu8RfPDRbVpQnLCbJxarVsB8mWN1HS,6,1.0
T6xBgXLoUUuTRzKAwGKYGfLSnsCfZkMEcSuac7snmuBhBsrVH9SiusAVYR8Y4JwLDLsFv5jG4iNAss7sNiftEqT,1754144661,2025-08-02T16:24:21,5.003e-06,AK1TDZ8TUrLRMGyRHWBNSge8zmtXeRmMHZGsZ41QfpST,dec,314309207,1071288054,756978847,So11111111111111111111111111111111111111111,9,1.0
T6xBgXLoUUuTRzKAwGKYGfLSnsCfZkMEcSuac7snmuBhBsrVH9SiusAVYR8Y4JwLDLsFv5jG4iNAss7sNiftEqT,1754144661,2025-08-02T16:24:21,5.003e-06,AK1TDZ8TUrLRMGyRHWBNSge8zmtXeRmMHZGsZ41QfpST,inc,2269952718676,6929,2269952725605,F3JfAZJRzhE5qkJu8RfPDRbVpQnLCbJxarVsB8mWN1HS,6,1.0
5JJhSYgTWLbjiBw2mMwWAYWhj5c1zjftrwq5fxfmQPjdSmtr46MywwHaU9yNyHKfJCd44SPsHseboA1TYc9GaY2T,1754144653,2025-08-02T16:24:13,5.002e-06,AK1TDZ8TUrLRMGyRHWBNSge8zmtXeRmMHZGsZ41QfpST,inc,1918438,1069375617,1071294055,So11111111111111111111111111111111111111111,9,1.0
5JJhSYgTWLbjiBw2mMwWAYWhj5c1zjftrwq5fxfmQPjdSmtr46MywwHaU9yNyHKfJCd44SPsHseboA1TYc9GaY2T,1754144653,2025-08-02T16:24:13,5.002e-06,AK1TDZ8TUrLRMGyRHWBNSge8zmtXeRmMHZGsZ41QfpST,dec,13996053702,13996060631,6929,F3JfAZJRzhE5qkJu8RfPDRbVpQnLCbJxarVsB8mWN1HS,6,1.0
nBAGVD5ZjNGNrF2riZsU8h8dUKtBufFeZrGtwYNoa5LJyTe9ZfxiFD3Ki2RM6QexaKaUEEkzpiLi8uEZBSvZEk7,1754144651,2025-08-02T16:24:11,5.002e-06,AK1TDZ8TUrLRMGyRHWBNSge8zmtXeRmMHZGsZ41QfpST,inc,404726568,664655048,1069381616,So11111111111111111111111111111111111111111,9,1.0
nBAGVD5ZjNGNrF2riZsU8h8dUKtBufFeZrGtwYNoa5LJyTe9ZfxiFD3Ki2RM6QexaKaUEEkzpiLi8uEZBSvZEk7,1754144651,2025-08-02T16:24:11,5.002e-06,AK1TDZ8TUrLRMGyRHWBNSge8zmtXeRmMHZGsZ41QfpST,dec,2934051289371,2948047350002,13996060631,F3JfAZJRzhE5qkJu8RfPDRbVpQnLCbJxarVsB8mWN1HS,6,1.0
4Tz5HEbm8CUyzeqP6ZXm26DNZiXeLjffcFcuKUj4KfEgV6hPcRiuXJ8XPXfxPxBgEdbGmdZ1ETeTMB4jWt77nxJF,1754144630,2025-08-02T16:23:50,5.002e-06,AK1TDZ8TUrLRMGyRHWBNSge8zmtXeRmMHZGsZ41QfpST,inc,280411187,384249861,664661048,So11111111111111111111111111111111111111111,9,1.0
4Tz5HEbm8CUyzeqP6ZXm26DNZiXeLjffcFcuKUj4KfEgV6hPcRiuXJ8XPXfxPxBgEdbGmdZ1ETeTMB4jWt77nxJF,1754144630,2025-08-02T16:23:50,5.002e-06,AK1TDZ8TUrLRMGyRHWBNSge8zmtXeRmMHZGsZ41QfpST,dec,2037208730302,4985256080305,2948047350002,F3JfAZJRzhE5qkJu8RfPDRbVpQnLCbJxarVsB8mWN1HS,6,1.0
31PTto8pJDJafkHUhaiACcqeTwGtA2geJac31YLJDq4d9A49Q4Q8fU7UBHmdsieNUTNPmcZSWmv8CswyYcHtRqPM,1754144629,2025-08-02T16:23:49,5.003e-06,AK1TDZ8TUrLRMGyRHWBNSge8zmtXeRmMHZGsZ41QfpST,dec,405254648,789510509,384255861,So11111111111111111111111111111111111111111,9,1.0
31PTto8pJDJafkHUhaiACcqeTwGtA2geJac31YLJDq4d9A49Q4Q8fU7UBHmdsieNUTNPmcZSWmv8CswyYcHtRqPM,1754144629,2025-08-02T16:23:49,5.003e-06,AK1TDZ8TUrLRMGyRHWBNSge8zmtXeRmMHZGsZ41QfpST,inc,2932784432553,2052471647752,4985256080305,F3JfAZJRzhE5qkJu8RfPDRbVpQnLCbJxarVsB8mWN1HS,6,1.0
279td4oqvydxad7cWryrHRz11wbqLn2xjQZwmS2rDG3Z5pfYt7SC1jHM168AM2TkB4KiduCstc14wvtYFQJrQfMW,1754144585,2025-08-02T16:23:05,5.002e-06,AK1TDZ8TUrLRMGyRHWBNSge8zmtXeRmMHZGsZ41QfpST,inc,227548517,561967987,789516504,So11111111111111111111111111111111111111111,9,1.0
279td4oqvydxad7cWryrHRz11wbqLn2xjQZwmS2rDG3Z5pfYt7SC1jHM168AM2TkB4KiduCstc14wvtYFQJrQfMW,1754144585,2025-08-02T16:23:05,5.002e-06,AK1TDZ8TUrLRMGyRHWBNSge8zmtXeRmMHZGsZ41QfpST,dec,1579527903980,3631999551732,2052471647752,F3JfAZJRzhE5qkJu8RfPDRbVpQnLCbJxarVsB8mWN1HS,6,1.0
gvynTxATVcahJRsXTLnhBKmjqwNWXAkqbZ5hrJDDsaBtKbP7FHA8mJu1yHM27ihVWqqTVhTcXuDJQZKrd15Yk7E,1754144584,2025-08-02T16:23:04,5.003e-06,AK1TDZ8TUrLRMGyRHWBNSge8zmtXeRmMHZGsZ41QfpST,dec,296149741,858123728,561973987,So11111111111111111111111111111111111111111,9,1.0
gvynTxATVcahJRsXTLnhBKmjqwNWXAkqbZ5hrJDDsaBtKbP7FHA8mJu1yHM27ihVWqqTVhTcXuDJQZKrd15Yk7E,1754144584,2025-08-02T16:23:04,5.003e-06,AK1TDZ8TUrLRMGyRHWBNSge8zmtXeRmMHZGsZ41QfpST,inc,2049983177972,1582016373759,3631999551732,F3JfAZJRzhE5qkJu8RfPDRbVpQnLCbJxarVsB8mWN1HS,6,1.0
5p9tTJ1RUqs1iwjVBSW9z87xZjnKJHDwCH4jtQXbtSZTtabKJYxq82MZLWoKE7K1tW3r2zs3D2dKkU5EkbZ7yMTm,1754144578,2025-08-02T16:22:58,5.003e-06,AK1TDZ8TUrLRMGyRHWBNSge8zmtXeRmMHZGsZ41QfpST,dec,228347489,1086477217,858129728,So11111111111111111111111111111111111111111,9,1.0
5p9tTJ1RUqs1iwjVBSW9z87xZjnKJHDwCH4jtQXbtSZTtabKJYxq82MZLWoKE7K1tW3r2zs3D2dKkU5EkbZ7yMTm,1754144578,2025-08-02T16:22:58,5.003e-06,AK1TDZ8TUrLRMGyRHWBNSge8zmtXeRmMHZGsZ41QfpST,inc,1582016372455,1304,1582016373759,F3JfAZJRzhE5qkJu8RfPDRbVpQnLCbJxarVsB8mWN1HS,6,1.0
4EswudFa4UUS7KkXebpEH6X9QgGUNZNRYVZ2JfvNrCNpXm6kwmcFJrz1WYPoHuE8FsLxUd4tB4UdwePxHgjKLu86,1754144467,2025-08-02T16:21:07,5.002e-06,AK1TDZ8TUrLRMGyRHWBNSge8zmtXeRmMHZGsZ41QfpST,inc,498729973,587753244,1086483217,So11111111111111111111111111111111111111111,9,1.0
4EswudFa4UUS7KkXebpEH6X9QgGUNZNRYVZ2JfvNrCNpXm6kwmcFJrz1WYPoHuE8FsLxUd4tB4UdwePxHgjKLu86,1754144467,2025-08-02T16:21:07,5.002e-06,AK1TDZ8TUrLRMGyRHWBNSge8zmtXeRmMHZGsZ41QfpST,dec,3409748709229,3409748710534,1304,F3JfAZJRzhE5qkJu8RfPDRbVpQnLCbJxarVsB8mWN1HS,6,1.0
C3iZxvWUF8MaeqQvtJFdijKpDy3ME36BgnyDBouU1SEUw1BkCmpxeV9yZtyhFGRGA3wzAfyvJsTMH6SJhXdw3X1,1754144460,2025-08-02T16:21:00,5.003e-06,AK1TDZ8TUrLRMGyRHWBNSge8zmtXeRmMHZGsZ41QfpST,dec,474579076,1062338320,587759244,So11111111111111111111111111111111111111111,9,1.0
C3iZxvWUF8MaeqQvtJFdijKpDy3ME36BgnyDBouU1SEUw1BkCmpxeV9yZtyhFGRGA3wzAfyvJsTMH6SJhXdw3X1,1754144460,2025-08-02T16:21:00,5.003e-06,AK1TDZ8TUrLRMGyRHWBNSge8zmtXeRmMHZGsZ41QfpST,inc,3317188654946,92560055588,3409748710534,F3JfAZJRzhE5qkJu8RfPDRbVpQnLCbJxarVsB8mWN1HS,6,1.0
5zkoRT8DjpUZvKJnvg3q592TRv7QSmTigHaGi6iHnjiZAUHf8u4at42gC21VYayhTXnTsdotpp3ThMWKrJpQeSEv,1754144408,2025-08-02T16:20:08,5.002e-06,AK1TDZ8TUrLRMGyRHWBNSge8zmtXeRmMHZGsZ41QfpST,inc,803875269,258469051,1062344320,So11111111111111111111111111111111111111111,9,1.0
5zkoRT8DjpUZvKJnvg3q592TRv7QSmTigHaGi6iHnjiZAUHf8u4at42gC21VYayhTXnTsdotpp3ThMWKrJpQeSEv,1754144408,2025-08-02T16:20:08,5.002e-06,AK1TDZ8TUrLRMGyRHWBNSge8zmtXeRmMHZGsZ41QfpST,dec,5373948224536,5466508280125,92560055588,F3JfAZJRzhE5qkJu8RfPDRbVpQnLCbJxarVsB8mWN1HS,6,1.0
28U4BJazXTMmXn7NnHu5BsPu2xwfkNShLMBygbaEs8Y6vEfdre1vqqzpWBBBUVQW7AR8fy2J5tFMUGfGPbv7BPQe,1754144336,2025-08-02T16:18:56,5.003e-06,AK1TDZ8TUrLRMGyRHWBNSge8zmtXeRmMHZGsZ41QfpST,dec,107413109,365888160,258475051,So11111111111111111111111111111111111111111,9,1.0
28U4BJazXTMmXn7NnHu5BsPu2xwfkNShLMBygbaEs8Y6vEfdre1vqqzpWBBBUVQW7AR8fy2J5tFMUGfGPbv7BPQe,1754144336,2025-08-02T16:18:56,5.003e-06,AK1TDZ8TUrLRMGyRHWBNSge8zmtXeRmMHZGsZ41QfpST,inc,713709581143,4752798698981,5466508280125,F3JfAZJRzhE5qkJu8RfPDRbVpQnLCbJxarVsB8mWN1HS,6,1.0
3QXJqgiDFktDgLjm8nbTFVXFD6BFGXKqFovV1QkphH41qVeH4hFDowtfqZdf1HYG7C1DKdfRrPcuoBQijy4Rj9gf,1754144261,2025-08-02T16:17:41,5.003e-06,AK1TDZ8TUrLRMGyRHWBNSge8zmtXeRmMHZGsZ41QfpST,dec,134722769,500616929,365894160,So11111111111111111111111111111111111111111,9,1.0
3QXJqgiDFktDgLjm8nbTFVXFD6BFGXKqFovV1QkphH41qVeH4hFDowtfqZdf1HYG7C1DKdfRrPcuoBQijy4Rj9gf,1754144261,2025-08-02T16:17:41,5.003e-06,AK1TDZ8TUrLRMGyRHWBNSge8zmtXeRmMHZGsZ41QfpST,inc,953762708841,3799035990140,4752798698981,F3JfAZJRzhE5qkJu8RfPDRbVpQnLCbJxarVsB8mWN1HS,6,1.0
5UUwBe51aaBCKgKR7PLRSGNquMv62SLc2cW9e2Zs1npAASHsyaKnJ93sB54MLJKLTSDG5grjXCx8jxbMALxWeryw,1754144147,2025-08-02T16:15:47,5.003e-06,AK1TDZ8TUrLRMGyRHWBNSge8zmtXeRmMHZGsZ41QfpST,dec,321066129,821689059,500622930,So11111111111111111111111111111111111111111,9,1.0
5UUwBe51aaBCKgKR7PLRSGNquMv62SLc2cW9e2Zs1npAASHsyaKnJ93sB54MLJKLTSDG5grjXCx8jxbMALxWeryw,1754144147,2025-08-02T16:15:47,5.003e-06,AK1TDZ8TUrLRMGyRHWBNSge8zmtXeRmMHZGsZ41QfpST,inc,2395154943985,1403881046154,3799035990140,F3JfAZJRzhE5qkJu8RfPDRbVpQnLCbJxarVsB8mWN1HS,6,1.0
4Q24Uy7EUxPz54qseKveWXGHhYjRBp7HhR8zinzWdYapBxg3LtMxBQH8eUuZD87ACQdJt1NJC1fX8WUstepWPMyZ,1754144128,2025-08-02T16:15:28,5.003e-06,AK1TDZ8TUrLRMGyRHWBNSge8zmtXeRmMHZGsZ41QfpST,dec,186547249,1008242307,821695057,So11111111111111111111111111111111111111111,9,1.0
4Q24Uy7EUxPz54qseKveWXGHhYjRBp7HhR8zinzWdYapBxg3LtMxBQH8eUuZD87ACQdJt1NJC1fX8WUstepWPMyZ,1754144128,2025-08-02T16:15:28,5.003e-06,AK1TDZ8TUrLRMGyRHWBNSge8zmtXeRmMHZGsZ41QfpST,inc,1403881037412,8742,1403881046154,F3JfAZJRzhE5qkJu8RfPDRbVpQnLCbJxarVsB8mWN1HS,6,1.0
2Eupngjxoqzi1nP6HSS3EqwXXeFi51f5B75oCFedRFdD5Py9PPSzR1neAYX78ywJfp6nELTiVC3W4rbZdVsgxCn3,1754143993,2025-08-02T16:13:13,5.002e-06,AK1TDZ8TUrLRMGyRHWBNSge8zmtXeRmMHZGsZ41QfpST,inc,391472539,616775767,1008248306,So11111111111111111111111111111111111111111,9,1.0
2Eupngjxoqzi1nP6HSS3EqwXXeFi51f5B75oCFedRFdD5Py9PPSzR1neAYX78ywJfp6nELTiVC3W4rbZdVsgxCn3,1754143993,2025-08-02T16:13:13,5.002e-06,AK1TDZ8TUrLRMGyRHWBNSge8zmtXeRmMHZGsZ41QfpST,dec,4417133171530,4417133180272,8742,F3JfAZJRzhE5qkJu8RfPDRbVpQnLCbJxarVsB8mWN1HS,6,1.0
5DfNB7Divf9TAiX84FTBRPuq9GH9LVdAogvx5Sr5u7vPkEcZNCuYXcYmdoexwBDo8XhD7rGeaZqmgJfxPs9wPLzX,1754143987,2025-08-02T16:13:07,5.004e-06,AK1TDZ8TUrLRMGyRHWBNSge8zmtXeRmMHZGsZ41QfpST,dec,384718233,1001500000,616781767,So11111111111111111111111111111111111111111,9,1.0
5DfNB7Divf9TAiX84FTBRPuq9GH9LVdAogvx5Sr5u7vPkEcZNCuYXcYmdoexwBDo8XhD7rGeaZqmgJfxPs9wPLzX,1754143987,2025-08-02T16:13:07,5.004e-06,AK1TDZ8TUrLRMGyRHWBNSge8zmtXeRmMHZGsZ41QfpST,inc,4417133180272,0,4417133180272,F3JfAZJRzhE5qkJu8RfPDRbVpQnLCbJxarVsB8mWN1HS,6,1.0
4g2UhHPvaftmzkb4wYCEFz6uTfy8vVRYodogGFFCDkPLnKU77SpPVeJPMEX6XVJMXwrX61CMYfYvDweZHeKAXEx,1754143922,2025-08-02T16:12:02,3.14e-05,AK1TDZ8TUrLRMGyRHWBNSge8zmtXeRmMHZGsZ41QfpST,inc,1000000000,1500000,1001500000,So11111111111111111111111111111111111111111,9,1.0
o8CeQSqYiieGf4awoGbuLtLPY55CGHjAanK6cDVGLYKBhphTcaT4iyk4WwFWy91ggjg4YtKm6Lao711YdWR4era,1754143842,2025-08-02T16:10:42,1e-05,AK1TDZ8TUrLRMGyRHWBNSge8zmtXeRmMHZGsZ41QfpST,dec,3365342030608,3365342030608,0,B7ainezxf9M6XoRhLmYvLDg9vnuxVEiwTpnSmjhg36jn,6,1.0
o8CeQSqYiieGf4awoGbuLtLPY55CGHjAanK6cDVGLYKBhphTcaT4iyk4WwFWy91ggjg4YtKm6Lao711YdWR4era,1754143842,2025-08-02T16:10:42,1e-05,AK1TDZ8TUrLRMGyRHWBNSge8zmtXeRmMHZGsZ41QfpST,dec,7180680421501,7180680421501,0,3Y9vY1mbLg9zHFkDKRYbZsTjT1yfPHwsfWNe4pUNmD1M,6,1.0
2NE9ZpRKp7aW7Bi3etCFEABMX6cfZTsrnwSn7SPiupK64snqYnYrf4FfV3BhQAe9AkeRdtwSkKa43RZEiHiYHZkz,1754143797,2025-08-02T16:09:57,6.3e-05,AK1TDZ8TUrLRMGyRHWBNSge8zmtXeRmMHZGsZ41QfpST,dec,112452570,113952570,1500000,So11111111111111111111111111111111111111111,9,1.0
5voc2HEYWLdPwziaUJxVGasBbhyWMEVnrvec1WGVZBaJdtBC1vduStLB5NcoGvpjXikDHFEHcY923tX8y4EYomDU,1754143673,2025-08-02T16:07:53,5.003e-06,AK1TDZ8TUrLRMGyRHWBNSge8zmtXeRmMHZGsZ41QfpST,dec,472545848,586504418,113958570,So11111111111111111111111111111111111111111,9,1.0
5voc2HEYWLdPwziaUJxVGasBbhyWMEVnrvec1WGVZBaJdtBC1vduStLB5NcoGvpjXikDHFEHcY923tX8y4EYomDU,1754143673,2025-08-02T16:07:53,5.003e-06,AK1TDZ8TUrLRMGyRHWBNSge8zmtXeRmMHZGsZ41QfpST,inc,3689115002235,3491565419266,7180680421501,3Y9vY1mbLg9zHFkDKRYbZsTjT1yfPHwsfWNe4pUNmD1M,6,1.0
ADCY2yBPtLomdwguSNSYRvuzoqSszS7YDKPzHz8vvqQ72CkLLcD1iTptH7nqqpp8asQ42vkdDyvxcp8DBgLGbNF,1754143619,2025-08-02T16:06:59,5.003e-06,AK1TDZ8TUrLRMGyRHWBNSge8zmtXeRmMHZGsZ41QfpST,dec,450417713,1036928131,586510418,So11111111111111111111111111111111111111111,9,1.0
ADCY2yBPtLomdwguSNSYRvuzoqSszS7YDKPzHz8vvqQ72CkLLcD1iTptH7nqqpp8asQ42vkdDyvxcp8DBgLGbNF,1754143619,2025-08-02T16:06:59,5.003e-06,AK1TDZ8TUrLRMGyRHWBNSge8zmtXeRmMHZGsZ41QfpST,inc,3491565417041,2224,3491565419266,3Y9vY1mbLg9zHFkDKRYbZsTjT1yfPHwsfWNe4pUNmD1M,6,1.0
3YAvccLLiUfhrQ9tYuNFieonRr4iioiBvBPhSXqaA4PWqZKepnTxMi22wS94VYirqc3ituk2nYRefoQL4g3uB3VN,1754143555,2025-08-02T16:05:55,5.002e-06,AK1TDZ8TUrLRMGyRHWBNSge8zmtXeRmMHZGsZ41QfpST,inc,465601094,571333038,1036934132,So11111111111111111111111111111111111111111,9,1.0
3YAvccLLiUfhrQ9tYuNFieonRr4iioiBvBPhSXqaA4PWqZKepnTxMi22wS94VYirqc3ituk2nYRefoQL4g3uB3VN,1754143555,2025-08-02T16:05:55,5.002e-06,AK1TDZ8TUrLRMGyRHWBNSge8zmtXeRmMHZGsZ41QfpST,dec,3602973425271,3602973427495,2224,3Y9vY1mbLg9zHFkDKRYbZsTjT1yfPHwsfWNe4pUNmD1M,6,1.0
3xpqfw2gt59GM4vDaMjyKzPcPCtncuQVqR67wPgpa7SVz3oa9YXowPzn6u4d9zXUUR1GdpYxTZUBRhq8Ya61vtWf,1754143542,2025-08-02T16:05:42,5.003e-06,AK1TDZ8TUrLRMGyRHWBNSge8zmtXeRmMHZGsZ41QfpST,dec,461865580,1033204618,571339038,So11111111111111111111111111111111111111111,9,1.0
3xpqfw2gt59GM4vDaMjyKzPcPCtncuQVqR67wPgpa7SVz3oa9YXowPzn6u4d9zXUUR1GdpYxTZUBRhq8Ya61vtWf,1754143542,2025-08-02T16:05:42,5.003e-06,AK1TDZ8TUrLRMGyRHWBNSge8zmtXeRmMHZGsZ41QfpST,inc,3569010751409,33962676086,3602973427495,3Y9vY1mbLg9zHFkDKRYbZsTjT1yfPHwsfWNe4pUNmD1M,6,1.0
4PVi3zGqeaRajHkrnq1sJ4L1ZUELtqHRYi2QCWnTFS5d6EzZcL9LWqBkwstRS9yUzD7aZNNNTmt3gYbkDEyszBFg,1754143538,2025-08-02T16:05:38,5.002e-06,AK1TDZ8TUrLRMGyRHWBNSge8zmtXeRmMHZGsZ41QfpST,inc,580199293,453011325,1033210618,So11111111111111111111111111111111111111111,9,1.0
4PVi3zGqeaRajHkrnq1sJ4L1ZUELtqHRYi2QCWnTFS5d6EzZcL9LWqBkwstRS9yUzD7aZNNNTmt3gYbkDEyszBFg,1754143538,2025-08-02T16:05:38,5.002e-06,AK1TDZ8TUrLRMGyRHWBNSge8zmtXeRmMHZGsZ41QfpST,dec,4571565234449,4605527910536,33962676086,3Y9vY1mbLg9zHFkDKRYbZsTjT1yfPHwsfWNe4pUNmD1M,6,1.0
5Kgvo377zTBB4qT77tXeTpUEFPrW5a1MLK68GFjWz9mMvqYP6JoiJYRAs7sJPJVySMAxdfHwh4RNd8HS7s3bfjL6,1754143486,2025-08-02T16:04:46,5.003e-06,AK1TDZ8TUrLRMGyRHWBNSge8zmtXeRmMHZGsZ41QfpST,dec,304496569,757513894,453017325,So11111111111111111111111111111111111111111,9,1.0
5Kgvo377zTBB4qT77tXeTpUEFPrW5a1MLK68GFjWz9mMvqYP6JoiJYRAs7sJPJVySMAxdfHwh4RNd8HS7s3bfjL6,1754143486,2025-08-02T16:04:46,5.003e-06,AK1TDZ8TUrLRMGyRHWBNSge8zmtXeRmMHZGsZ41QfpST,inc,2484499941378,2121027969157,4605527910536,3Y9vY1mbLg9zHFkDKRYbZsTjT1yfPHwsfWNe4pUNmD1M,6,1.0
4WWfXNfDu6MqkRrUCsAdTHsYP44joFML3jZq5QCc6gYYeJNqJYAyncw7wpP5JVaTq5tGmNN9kj1t4GdhpE4Ges3v,1754143462,2025-08-02T16:04:22,5.004e-06,AK1TDZ8TUrLRMGyRHWBNSge8zmtXeRmMHZGsZ41QfpST,dec,243980106,1001500000,757519894,So11111111111111111111111111111111111111111,9,1.0
4WWfXNfDu6MqkRrUCsAdTHsYP44joFML3jZq5QCc6gYYeJNqJYAyncw7wpP5JVaTq5tGmNN9kj1t4GdhpE4Ges3v,1754143462,2025-08-02T16:04:22,5.004e-06,AK1TDZ8TUrLRMGyRHWBNSge8zmtXeRmMHZGsZ41QfpST,inc,2121027969157,0,2121027969157,3Y9vY1mbLg9zHFkDKRYbZsTjT1yfPHwsfWNe4pUNmD1M,6,1.0
5g3cn3udRkHTXLqoX8rShDprJzwXzey4oQxh3rhCJzBVDnLr38JAdQxgXWewLSqq2n2NS1mETgt8nXTtCw5uKko2,1754143350,2025-08-02T16:02:30,2.81e-05,AK1TDZ8TUrLRMGyRHWBNSge8zmtXeRmMHZGsZ41QfpST,inc,1000000000,1500000,1001500000,So11111111111111111111111111111111111111111,9,1.0
2bdSxABvu1kYeDZVLYxfmCrB6BWM8vy7sBjoG9kSE1pzRgwkznvWrCB9VDG4bddauANLWTgZgyQM8ghaRSBZQM5v,1754142552,2025-08-02T15:49:12,6.2927e-05,AK1TDZ8TUrLRMGyRHWBNSge8zmtXeRmMHZGsZ41QfpST,dec,574146616,575646616,1500000,So11111111111111111111111111111111111111111,9,1.0
4Whxsg8Dy37bMAm18WDQMcvpkkXiDADyhxcUZ9HRVw6cXqyJ7aoRAvTzMzwurMAqnEy1qgg14GK82FFaMEKEpJup,1754142449,2025-08-02T15:47:29,5.003e-06,AK1TDZ8TUrLRMGyRHWBNSge8zmtXeRmMHZGsZ41QfpST,dec,367479367,943131983,575652616,So11111111111111111111111111111111111111111,9,1.0
4Whxsg8Dy37bMAm18WDQMcvpkkXiDADyhxcUZ9HRVw6cXqyJ7aoRAvTzMzwurMAqnEy1qgg14GK82FFaMEKEpJup,1754142449,2025-08-02T15:47:29,5.003e-06,AK1TDZ8TUrLRMGyRHWBNSge8zmtXeRmMHZGsZ41QfpST,inc,2545482450500,819859580108,3365342030608,B7ainezxf9M6XoRhLmYvLDg9vnuxVEiwTpnSmjhg36jn,6,1.0
Vij6MZxTjcdJ8daezcCGXLsZdERHmRrGLiAb2QznJkNqaUJwX7h6hZri17b4SXG4wXLuR7pW3zmqvJhMqxATRWK,1754142404,2025-08-02T15:46:44,5.003e-06,AK1TDZ8TUrLRMGyRHWBNSge8zmtXeRmMHZGsZ41QfpST,dec,114203317,1057341300,943137983,So11111111111111111111111111111111111111111,9,1.0
Vij6MZxTjcdJ8daezcCGXLsZdERHmRrGLiAb2QznJkNqaUJwX7h6hZri17b4SXG4wXLuR7pW3zmqvJhMqxATRWK,1754142404,2025-08-02T15:46:44,5.003e-06,AK1TDZ8TUrLRMGyRHWBNSge8zmtXeRmMHZGsZ41QfpST,inc,819859574379,5729,819859580108,B7ainezxf9M6XoRhLmYvLDg9vnuxVEiwTpnSmjhg36jn,6,1.0
535J33nwYyShCb45bqZ5VNTe4Sx8CsSjuQzNGgiKSk2FdakB8VowGFphSXrcr3tSBD1ggS8JNzxvad1Fu98ifN1m,1754142377,2025-08-02T15:46:17,5.002e-06,AK1TDZ8TUrLRMGyRHWBNSge8zmtXeRmMHZGsZ41QfpST,dec,197596,203325,5729,B7ainezxf9M6XoRhLmYvLDg9vnuxVEiwTpnSmjhg36jn,6,1.0
259ANmPGrJrTx1K6xfbzA9mJzbLPkNtcQx2rJxG7bghLGFnkSzfeS5gKg4JfwuFmaVmRS2e6Zrm6KqYPXmqSEJ18,1754142322,2025-08-02T15:45:22,5.002e-06,AK1TDZ8TUrLRMGyRHWBNSge8zmtXeRmMHZGsZ41QfpST,dec,16933102,17136427,203325,B7ainezxf9M6XoRhLmYvLDg9vnuxVEiwTpnSmjhg36jn,6,1.0
3e94xYm3tqXiXzy5GGiFi6XUxBi9R32eC5Yu2cpQJ3bCPjjpARriFuBifqE8MddMS1sWnZjwzqYLkZKvvmb8X8F8,1754142284,2025-08-02T15:44:44,5.002e-06,AK1TDZ8TUrLRMGyRHWBNSge8zmtXeRmMHZGsZ41QfpST,dec,3381879855,3399016282,17136427,B7ainezxf9M6XoRhLmYvLDg9vnuxVEiwTpnSmjhg36jn,6,1.0
5VezJ3JXjRiRfdUmzFHhYfxUMeqPqq8kD1yg7oWrUYQX9M6wq7yjxT4KzToS29BMMTXCKiP1z5KRYKFLyEx4XHB2,1754142276,2025-08-02T15:44:36,5.002e-06,AK1TDZ8TUrLRMGyRHWBNSge8zmtXeRmMHZGsZ41QfpST,inc,99026907,957904536,1056931443,So11111111111111111111111111111111111111111,9,1.0
5VezJ3JXjRiRfdUmzFHhYfxUMeqPqq8kD1yg7oWrUYQX9M6wq7yjxT4KzToS29BMMTXCKiP1z5KRYKFLyEx4XHB2,1754142276,2025-08-02T15:44:36,5.002e-06,AK1TDZ8TUrLRMGyRHWBNSge8zmtXeRmMHZGsZ41QfpST,dec,762838981120,766237997402,3399016282,B7ainezxf9M6XoRhLmYvLDg9vnuxVEiwTpnSmjhg36jn,6,1.0
Lh3xzErB82rfK7cxARmzm2LGDgbYSYcbmfPVKUFP8PSTq2j9DSvwKDfPYXRGGZwRnYt3KF3xS4C6XkgLcsxFj9o,1754142243,2025-08-02T15:44:03,5.003e-06,AK1TDZ8TUrLRMGyRHWBNSge8zmtXeRmMHZGsZ41QfpST,dec,102868697,1060779234,957910536,So11111111111111111111111111111111111111111,9,1.0
Lh3xzErB82rfK7cxARmzm2LGDgbYSYcbmfPVKUFP8PSTq2j9DSvwKDfPYXRGGZwRnYt3KF3xS4C6XkgLcsxFj9o,1754142243,2025-08-02T15:44:03,5.003e-06,AK1TDZ8TUrLRMGyRHWBNSge8zmtXeRmMHZGsZ41QfpST,inc,766237990253,7149,766237997402,B7ainezxf9M6XoRhLmYvLDg9vnuxVEiwTpnSmjhg36jn,6,1.0
56HqejFkKSiCU38WxKoqWvF6Jy9YuNYHrBfekNN15kCGsny3tBVR13xUWhovcNBjWoDJMHLPgxUv7Q6yGQRP3Kj7,1754141919,2025-08-02T15:38:39,5.002e-06,AK1TDZ8TUrLRMGyRHWBNSge8zmtXeRmMHZGsZ41QfpST,dec,28803893,28811042,7149,B7ainezxf9M6XoRhLmYvLDg9vnuxVEiwTpnSmjhg36jn,6,1.0
2jDZRA3Lxc5mmdYAXfVr1bXq6iRDBDnCCREF3A75KxTg4eNSMUWD5hzwpYESU2JYaP9NAeHeCA9iPszcFSY5tKH8,1754141912,2025-08-02T15:38:32,5.002e-06,AK1TDZ8TUrLRMGyRHWBNSge8zmtXeRmMHZGsZ41QfpST,inc,2339234,1058453487,1060792721,So11111111111111111111111111111111111111111,9,1.0
2jDZRA3Lxc5mmdYAXfVr1bXq6iRDBDnCCREF3A75KxTg4eNSMUWD5hzwpYESU2JYaP9NAeHeCA9iPszcFSY5tKH8,1754141912,2025-08-02T15:38:32,5.002e-06,AK1TDZ8TUrLRMGyRHWBNSge8zmtXeRmMHZGsZ41QfpST,dec,19041539205,19070350248,28811042,B7ainezxf9M6XoRhLmYvLDg9vnuxVEiwTpnSmjhg36jn,6,1.0
c9VjEi72BDhfMgBvPZFynHAFvC1RA34F9vi5t18vJTwCoQSZxre9nAgkBpfJ7SLZwGzr9niWWFmH4626wKfV8cS,1754141909,2025-08-02T15:38:29,5.002e-06,AK1TDZ8TUrLRMGyRHWBNSge8zmtXeRmMHZGsZ41QfpST,inc,589732356,468727130,1058459486,So11111111111111111111111111111111111111111,9,1.0
c9VjEi72BDhfMgBvPZFynHAFvC1RA34F9vi5t18vJTwCoQSZxre9nAgkBpfJ7SLZwGzr9niWWFmH4626wKfV8cS,1754141909,2025-08-02T15:38:29,5.002e-06,AK1TDZ8TUrLRMGyRHWBNSge8zmtXeRmMHZGsZ41QfpST,dec,4818777230794,4837847581042,19070350248,B7ainezxf9M6XoRhLmYvLDg9vnuxVEiwTpnSmjhg36jn,6,1.0
2NWoJNmDQQtj4CkNiK5796daJ989K5Q8zG1yrFMTwsxgzivscUSUwgXDtqhumyTx4ztYMuwAsnCVVZDSWk48duC8,1754141850,2025-08-02T15:37:30,5.003e-06,AK1TDZ8TUrLRMGyRHWBNSge8zmtXeRmMHZGsZ41QfpST,dec,329438044,798171174,468733130,So11111111111111111111111111111111111111111,9,1.0
2NWoJNmDQQtj4CkNiK5796daJ989K5Q8zG1yrFMTwsxgzivscUSUwgXDtqhumyTx4ztYMuwAsnCVVZDSWk48duC8,1754141850,2025-08-02T15:37:30,5.003e-06,AK1TDZ8TUrLRMGyRHWBNSge8zmtXeRmMHZGsZ41QfpST,inc,2730948669081,2106898911961,4837847581042,B7ainezxf9M6XoRhLmYvLDg9vnuxVEiwTpnSmjhg36jn,6,1.0
2QD8LjpsUpjQ2F9Bqdu7TPeR2cjuuFtGjpUQpmEma5BUjDDcPvHqE1qQ2pVjt81aYr7THWDMmrYabzZT7CFYftR7,1754141764,2025-08-02T15:36:04,5.004e-06,AK1TDZ8TUrLRMGyRHWBNSge8zmtXeRmMHZGsZ41QfpST,dec,203322826,1001500000,798177174,So11111111111111111111111111111111111111111,9,1.0
2QD8LjpsUpjQ2F9Bqdu7TPeR2cjuuFtGjpUQpmEma5BUjDDcPvHqE1qQ2pVjt81aYr7THWDMmrYabzZT7CFYftR7,1754141764,2025-08-02T15:36:04,5.004e-06,AK1TDZ8TUrLRMGyRHWBNSge8zmtXeRmMHZGsZ41QfpST,inc,2106898911961,0,2106898911961,B7ainezxf9M6XoRhLmYvLDg9vnuxVEiwTpnSmjhg36jn,6,1.0
67BcVzk2Ut4dzskH7twMq8FbZm6riib1E4CKoLomCxCRpL3gv6pUotGbTaDaRhRGzrfXY1vX1R1sVtMfrorsBLXz,1754141676,2025-08-02T15:34:36,2.7e-05,AK1TDZ8TUrLRMGyRHWBNSge8zmtXeRmMHZGsZ41QfpST,inc,1000000000,1500000,1001500000,So11111111111111111111111111111111111111111,9,1.0
5q8PsftokgAanqFbg2o5KjcS8MtekHGRtjjA5sN9wVZTXJjgHphj4ziy9RyUTVGH2cX5J7NKXpQf2AJGE2ewZ3sp,1754141598,2025-08-02T15:33:18,1e-05,AK1TDZ8TUrLRMGyRHWBNSge8zmtXeRmMHZGsZ41QfpST,dec,3531332031357,3531332031357,0,HHqKyHzaF6xxsmu6vUA7G8X6UTpcLdYsZWnpgtaU9A9w,6,1.0
2NZ59snzMgdrz7BA4Ywe1JB99933D5f1qf5dBdZEHgjUnkB4KBBEzdnJwj8ZfgtdbJT5d2nbnzNdzSPN41Mn9JW1,1754141553,2025-08-02T15:32:33,5.85e-05,AK1TDZ8TUrLRMGyRHWBNSge8zmtXeRmMHZGsZ41QfpST,dec,685133867,686633867,1500000,So11111111111111111111111111111111111111111,9,1.0
4nfoQaQD53LzVyi2JNgF9THyB58a6swzLSZ1uTy5vhaKxgMZKezkZwX2NseTpoGon5Vg4ai5YKDDzu4oLUbT1faM,1754141487,2025-08-02T15:31:27,5.003e-06,AK1TDZ8TUrLRMGyRHWBNSge8zmtXeRmMHZGsZ41QfpST,dec,522314262,1208954130,686639867,So11111111111111111111111111111111111111111,9,1.0
4nfoQaQD53LzVyi2JNgF9THyB58a6swzLSZ1uTy5vhaKxgMZKezkZwX2NseTpoGon5Vg4ai5YKDDzu4oLUbT1faM,1754141487,2025-08-02T15:31:27,5.003e-06,AK1TDZ8TUrLRMGyRHWBNSge8zmtXeRmMHZGsZ41QfpST,inc,3531332009380,21977,3531332031357,HHqKyHzaF6xxsmu6vUA7G8X6UTpcLdYsZWnpgtaU9A9w,6,1.0
3snfG1ZBs1jPQuFif2zV2ESqFZd7gnfAjnZMKAubY1bTTb9xappK1iaKgRrCng9f5p7yNkmzCjpBm9CufRJpLkeQ,1754141460,2025-08-02T15:31:00,5.002e-06,AK1TDZ8TUrLRMGyRHWBNSge8zmtXeRmMHZGsZ41QfpST,dec,1023543,1045520,21977,HHqKyHzaF6xxsmu6vUA7G8X6UTpcLdYsZWnpgtaU9A9w,6,1.0
4o6LPWv8z98ajkDiMD8Jp8nHqFBxzBAe7F7t5buHabzhnprMybomo147iPzbuoVQbqFDrvCLcFTQJGe93hEBK7Rj,1754141362,2025-08-02T15:29:22,5.002e-06,AK1TDZ8TUrLRMGyRHWBNSge8zmtXeRmMHZGsZ41QfpST,dec,428815816,429861336,1045520,HHqKyHzaF6xxsmu6vUA7G8X6UTpcLdYsZWnpgtaU9A9w,6,1.0
ActDK3raxzQb7uiD4Vnxh31SWxwcV3oxPJLw13YzZPG9Gee91YJTtCKDgT3FYUobAncYZb9CdqNZccwTJrp8Xby,1754141328,2025-08-02T15:28:48,5.002e-06,AK1TDZ8TUrLRMGyRHWBNSge8zmtXeRmMHZGsZ41QfpST,inc,2820449,1206099216,1208919665,So11111111111111111111111111111111111111111,9,1.0
ActDK3raxzQb7uiD4Vnxh31SWxwcV3oxPJLw13YzZPG9Gee91YJTtCKDgT3FYUobAncYZb9CdqNZccwTJrp8Xby,1754141328,2025-08-02T15:28:48,5.002e-06,AK1TDZ8TUrLRMGyRHWBNSge8zmtXeRmMHZGsZ41QfpST,dec,19643494788,20073356124,429861336,HHqKyHzaF6xxsmu6vUA7G8X6UTpcLdYsZWnpgtaU9A9w,6,1.0
5HLCz7LgmtvKHPTEaezCvdDRQRwG5RVXU2mzrGpcyQig3Ty6GFPHNwfGDD93b4eQ1qkSAkMu6jdbpbDZUA4XDVy6,1754141271,2025-08-02T15:27:51,5.002e-06,AK1TDZ8TUrLRMGyRHWBNSge8zmtXeRmMHZGsZ41QfpST,inc,482186289,723918927,1206105216,So11111111111111111111111111111111111111111,9,1.0
5HLCz7LgmtvKHPTEaezCvdDRQRwG5RVXU2mzrGpcyQig3Ty6GFPHNwfGDD93b4eQ1qkSAkMu6jdbpbDZUA4XDVy6,1754141271,2025-08-02T15:27:51,5.002e-06,AK1TDZ8TUrLRMGyRHWBNSge8zmtXeRmMHZGsZ41QfpST,dec,3411401522021,3431474878145,20073356124,HHqKyHzaF6xxsmu6vUA7G8X6UTpcLdYsZWnpgtaU9A9w,6,1.0
5kzg7WrYsRbGWTBcQihQsKfKyybD8NSH7j6cbmvUtMVL9ahU9ugvftbY9dVneEqQ9zc7EvEkQd5Gu8TCyfLgiJ7G,1754141256,2025-08-02T15:27:36,5.003e-06,AK1TDZ8TUrLRMGyRHWBNSge8zmtXeRmMHZGsZ41QfpST,dec,492081810,1216006738,723924927,So11111111111111111111111111111111111111111,9,1.0
5kzg7WrYsRbGWTBcQihQsKfKyybD8NSH7j6cbmvUtMVL9ahU9ugvftbY9dVneEqQ9zc7EvEkQd5Gu8TCyfLgiJ7G,1754141256,2025-08-02T15:27:36,5.003e-06,AK1TDZ8TUrLRMGyRHWBNSge8zmtXeRmMHZGsZ41QfpST,inc,3431474875492,2653,3431474878145,HHqKyHzaF6xxsmu6vUA7G8X6UTpcLdYsZWnpgtaU9A9w,6,1.0
5oyGxThDbJdDmrcvHnhqxPvahC2TS8A7qLiNFYvfoUovJsGzfGKGepcjHtYKKH1CjCTjvCRmMyEraDvB1UXTjQqy,1754141242,2025-08-02T15:27:22,5.002e-06,AK1TDZ8TUrLRMGyRHWBNSge8zmtXeRmMHZGsZ41QfpST,inc,4084038,1211928700,1216012738,So11111111111111111111111111111111111111111,9,1.0
5oyGxThDbJdDmrcvHnhqxPvahC2TS8A7qLiNFYvfoUovJsGzfGKGepcjHtYKKH1CjCTjvCRmMyEraDvB1UXTjQqy,1754141242,2025-08-02T15:27:22,5.002e-06,AK1TDZ8TUrLRMGyRHWBNSge8zmtXeRmMHZGsZ41QfpST,dec,28683169675,28683172328,2653,HHqKyHzaF6xxsmu6vUA7G8X6UTpcLdYsZWnpgtaU9A9w,6,1.0
5JCb3HfMuwaehnuAKbU7yyWUge7tGi5rSTmj4mbKeR5LPriahWsW1RxDFBnTFPWtiBS2T5spnhJZbWpmpdJZd9KU,1754141240,2025-08-02T15:27:20,5.002e-06,AK1TDZ8TUrLRMGyRHWBNSge8zmtXeRmMHZGsZ41QfpST,inc,220888321,991046379,1211934700,So11111111111111111111111111111111111111111,9,1.0
5JCb3HfMuwaehnuAKbU7yyWUge7tGi5rSTmj4mbKeR5LPriahWsW1RxDFBnTFPWtiBS2T5spnhJZbWpmpdJZd9KU,1754141240,2025-08-02T15:27:20,5.002e-06,AK1TDZ8TUrLRMGyRHWBNSge8zmtXeRmMHZGsZ41QfpST,dec,1533590444585,1562273616913,28683172328,HHqKyHzaF6xxsmu6vUA7G8X6UTpcLdYsZWnpgtaU9A9w,6,1.0
3JjURVymTd6AoTWe7rnjzdh6pY1hmon5uDwiK7UMd4H8PpLNNrLYmvhwKEVgNSeeHPtJZvP3R77sieTXmnMsJLfz,1754141196,2025-08-02T15:26:36,5.003e-06,AK1TDZ8TUrLRMGyRHWBNSge8zmtXeRmMHZGsZ41QfpST,dec,220430025,1211482405,991052379,So11111111111111111111111111111111111111111,9,1.0
3JjURVymTd6AoTWe7rnjzdh6pY1hmon5uDwiK7UMd4H8PpLNNrLYmvhwKEVgNSeeHPtJZvP3R77sieTXmnMsJLfz,1754141196,2025-08-02T15:26:36,5.003e-06,AK1TDZ8TUrLRMGyRHWBNSge8zmtXeRmMHZGsZ41QfpST,inc,1562273612938,3975,1562273616913,HHqKyHzaF6xxsmu6vUA7G8X6UTpcLdYsZWnpgtaU9A9w,6,1.0
3hg9keAnZ8Dab4BVnaPkz1KwrYuW3KPE5TBSTgKvp6UABFt9BtXrhTKAKzJYQBvhbgmLeBJz4GgLAW6UwbNdXw9A,1754141009,2025-08-02T15:23:29,5.002e-06,AK1TDZ8TUrLRMGyRHWBNSge8zmtXeRmMHZGsZ41QfpST,inc,286275050,925213355,1211488405,So11111111111111111111111111111111111111111,9,1.0
3hg9keAnZ8Dab4BVnaPkz1KwrYuW3KPE5TBSTgKvp6UABFt9BtXrhTKAKzJYQBvhbgmLeBJz4GgLAW6UwbNdXw9A,1754141009,2025-08-02T15:23:29,5.002e-06,AK1TDZ8TUrLRMGyRHWBNSge8zmtXeRmMHZGsZ41QfpST,dec,2127952936778,2127952940754,3975,HHqKyHzaF6xxsmu6vUA7G8X6UTpcLdYsZWnpgtaU9A9w,6,1.0
2yGWG7n8obwp3LxvK2YcDyfbX6HYLuqo9utUQNrMCuKmhdrkfHsGFmK5u1Y6ZGmHxuc5JAxosihiCsiRCmZs8736,1754140993,2025-08-02T15:23:13,5.003e-06,AK1TDZ8TUrLRMGyRHWBNSge8zmtXeRmMHZGsZ41QfpST,dec,288213006,1213432361,925219355,So11111111111111111111111111111111111111111,9,1.0
2yGWG7n8obwp3LxvK2YcDyfbX6HYLuqo9utUQNrMCuKmhdrkfHsGFmK5u1Y6ZGmHxuc5JAxosihiCsiRCmZs8736,1754140993,2025-08-02T15:23:13,5.003e-06,AK1TDZ8TUrLRMGyRHWBNSge8zmtXeRmMHZGsZ41QfpST,inc,2127952934073,6681,2127952940754,HHqKyHzaF6xxsmu6vUA7G8X6UTpcLdYsZWnpgtaU9A9w,6,1.0
4wrH5rdvxBYxF7Zqaeg7YJS1aM9kDoTpiXGzhLqsUV1dk4NDPSoeHtWaqtaWyD2zPpaxUDExRLQyc9prJ2F7wBwD,1754140888,2025-08-02T15:21:28,5.002e-06,AK1TDZ8TUrLRMGyRHWBNSge8zmtXeRmMHZGsZ41QfpST,inc,784570740,428867620,1213438361,So11111111111111111111111111111111111111111,9,1.0
4wrH5rdvxBYxF7Zqaeg7YJS1aM9kDoTpiXGzhLqsUV1dk4NDPSoeHtWaqtaWyD2zPpaxUDExRLQyc9prJ2F7wBwD,1754140888,2025-08-02T15:21:28,5.002e-06,AK1TDZ8TUrLRMGyRHWBNSge8zmtXeRmMHZGsZ41QfpST,dec,5961635692552,5961635699233,6681,HHqKyHzaF6xxsmu6vUA7G8X6UTpcLdYsZWnpgtaU9A9w,6,1.0
51zF3TfMwmtwGKrWrjgcynxCxmxiJ4wkhCUMx9GRQ4bTxsH9arGbXodtsQFxigT88JuFcdd13PCxkhLGCrXSgahn,1754140842,2025-08-02T15:20:42,5.003e-06,AK1TDZ8TUrLRMGyRHWBNSge8zmtXeRmMHZGsZ41QfpST,dec,404686742,833560362,428873620,So11111111111111111111111111111111111111111,9,1.0
51zF3TfMwmtwGKrWrjgcynxCxmxiJ4wkhCUMx9GRQ4bTxsH9arGbXodtsQFxigT88JuFcdd13PCxkhLGCrXSgahn,1754140842,2025-08-02T15:20:42,5.003e-06,AK1TDZ8TUrLRMGyRHWBNSge8zmtXeRmMHZGsZ41QfpST,inc,3124483464599,2837152234634,5961635699233,HHqKyHzaF6xxsmu6vUA7G8X6UTpcLdYsZWnpgtaU9A9w,6,1.0
4E6FTsoQGBvL7WFFrKvEwVKRo1Hrq49GuSStQbhT3GRnk1wgXufcVX9aEwPeMJaaMBrJc3dLEbEFc7FKfsvyCEQZ,1754140687,2025-08-02T15:18:07,5.003e-06,AK1TDZ8TUrLRMGyRHWBNSge8zmtXeRmMHZGsZ41QfpST,dec,344032374,1177598736,833566362,So11111111111111111111111111111111111111111,9,1.0
4E6FTsoQGBvL7WFFrKvEwVKRo1Hrq49GuSStQbhT3GRnk1wgXufcVX9aEwPeMJaaMBrJc3dLEbEFc7FKfsvyCEQZ,1754140687,2025-08-02T15:18:07,5.003e-06,AK1TDZ8TUrLRMGyRHWBNSge8zmtXeRmMHZGsZ41QfpST,inc,2837152226769,7865,2837152234634,HHqKyHzaF6xxsmu6vUA7G8X6UTpcLdYsZWnpgtaU9A9w,6,1.0
4WexK2QvM7dtBqiz722BZ75A9ExVT9w6eumBa7N1B1WsX6BiU3uKfxdHczPpizuKWkGAJuD5CiQWiz7tSaxtJWE7,1754140596,2025-08-02T15:16:36,5.002e-06,AK1TDZ8TUrLRMGyRHWBNSge8zmtXeRmMHZGsZ41QfpST,inc,128018352,1049586383,1177604736,So11111111111111111111111111111111111111111,9,1.0
4WexK2QvM7dtBqiz722BZ75A9ExVT9w6eumBa7N1B1WsX6BiU3uKfxdHczPpizuKWkGAJuD5CiQWiz7tSaxtJWE7,1754140596,2025-08-02T15:16:36,5.002e-06,AK1TDZ8TUrLRMGyRHWBNSge8zmtXeRmMHZGsZ41QfpST,dec,1018189905029,1018189912895,7865,HHqKyHzaF6xxsmu6vUA7G8X6UTpcLdYsZWnpgtaU9A9w,6,1.0
3CEa9fWFEki5Yc8CwR6mkmaSHPZzQHbJjJZNA7BJoUfnHEKzYzWaWztN5h7T3bSZD6mdxZop7yDVUXAqmtqYW79a,1754140561,2025-08-02T15:16:01,5.003e-06,AK1TDZ8TUrLRMGyRHWBNSge8zmtXeRmMHZGsZ41QfpST,dec,129371850,1178964234,1049592383,So11111111111111111111111111111111111111111,9,1.0
3CEa9fWFEki5Yc8CwR6mkmaSHPZzQHbJjJZNA7BJoUfnHEKzYzWaWztN5h7T3bSZD6mdxZop7yDVUXAqmtqYW79a,1754140561,2025-08-02T15:16:01,5.003e-06,AK1TDZ8TUrLRMGyRHWBNSge8zmtXeRmMHZGsZ41QfpST,inc,1017981628044,208284850,1018189912895,HHqKyHzaF6xxsmu6vUA7G8X6UTpcLdYsZWnpgtaU9A9w,6,1.0
5fKmjiPfavdpzDQEFysAwV5xGBESL1YjAYaDG8JB2eYQUqkhexYfPZArDrfButMDzzX323GrbD15fdCFMippE5yq,1754140434,2025-08-02T15:13:54,5.002e-06,AK1TDZ8TUrLRMGyRHWBNSge8zmtXeRmMHZGsZ41QfpST,inc,3193663,1175776568,1178970231,So11111111111111111111111111111111111111111,9,1.0
5fKmjiPfavdpzDQEFysAwV5xGBESL1YjAYaDG8JB2eYQUqkhexYfPZArDrfButMDzzX323GrbD15fdCFMippE5yq,1754140434,2025-08-02T15:13:54,5.002e-06,AK1TDZ8TUrLRMGyRHWBNSge8zmtXeRmMHZGsZ41QfpST,dec,23726677648,23934962498,208284850,HHqKyHzaF6xxsmu6vUA7G8X6UTpcLdYsZWnpgtaU9A9w,6,1.0
3bRP7b7169pwKCbS38SBBt1aV62LHpDC8yiodyjD5aRJUhJqnzNY75j8TtkXaaNXF3tvTbez9kkCPAgLiUwMWyZd,1754140418,2025-08-02T15:13:38,5.002e-06,AK1TDZ8TUrLRMGyRHWBNSge8zmtXeRmMHZGsZ41QfpST,inc,411911753,763870815,1175782568,So11111111111111111111111111111111111111111,9,1.0
3bRP7b7169pwKCbS38SBBt1aV62LHpDC8yiodyjD5aRJUhJqnzNY75j8TtkXaaNXF3tvTbez9kkCPAgLiUwMWyZd,1754140418,2025-08-02T15:13:38,5.002e-06,AK1TDZ8TUrLRMGyRHWBNSge8zmtXeRmMHZGsZ41QfpST,dec,3036479370137,3060414332635,23934962498,HHqKyHzaF6xxsmu6vUA7G8X6UTpcLdYsZWnpgtaU9A9w,6,1.0
5gMk9KVGhf6mxH6UHq55CC9doPWxgov3mLMQ2WYb1ko57aNb7GxKnzjBjNWuKGKwYwBn1gGio311bXgYawbH49vg,1754140334,2025-08-02T15:12:14,5.003e-06,AK1TDZ8TUrLRMGyRHWBNSge8zmtXeRmMHZGsZ41QfpST,dec,399680023,1163556839,763876815,So11111111111111111111111111111111111111111,9,1.0
5gMk9KVGhf6mxH6UHq55CC9doPWxgov3mLMQ2WYb1ko57aNb7GxKnzjBjNWuKGKwYwBn1gGio311bXgYawbH49vg,1754140334,2025-08-02T15:12:14,5.003e-06,AK1TDZ8TUrLRMGyRHWBNSge8zmtXeRmMHZGsZ41QfpST,inc,3060414326295,6340,3060414332635,HHqKyHzaF6xxsmu6vUA7G8X6UTpcLdYsZWnpgtaU9A9w,6,1.0
3ZbefX91EcVx8xr3YXWRnzTK1TXvGfstGUmEMVC4df5XnTaFZAQxWbj5vw1cpfs1mBFFGzE1R3PKLvHhtx84NfjH,1754140152,2025-08-02T15:09:12,5.002e-06,AK1TDZ8TUrLRMGyRHWBNSge8zmtXeRmMHZGsZ41QfpST,inc,676836755,486726083,1163562839,So11111111111111111111111111111111111111111,9,1.0
3ZbefX91EcVx8xr3YXWRnzTK1TXvGfstGUmEMVC4df5XnTaFZAQxWbj5vw1cpfs1mBFFGzE1R3PKLvHhtx84NfjH,1754140152,2025-08-02T15:09:12,5.002e-06,AK1TDZ8TUrLRMGyRHWBNSge8zmtXeRmMHZGsZ41QfpST,dec,5377961664084,5377961670424,6340,HHqKyHzaF6xxsmu6vUA7G8X6UTpcLdYsZWnpgtaU9A9w,6,1.0
cCvWE5TaYiAJrA17yb9eVtsyHMWXHuP4vyqsWgkiTVhVVeoCMqZbGkKuHxfXRWNoUDqAYX4gSt9PzoyPPRKUW1b,1754140010,2025-08-02T15:06:50,5.004e-06,AK1TDZ8TUrLRMGyRHWBNSge8zmtXeRmMHZGsZ41QfpST,dec,514767917,1001500000,486732083,So11111111111111111111111111111111111111111,9,1.0
cCvWE5TaYiAJrA17yb9eVtsyHMWXHuP4vyqsWgkiTVhVVeoCMqZbGkKuHxfXRWNoUDqAYX4gSt9PzoyPPRKUW1b,1754140010,2025-08-02T15:06:50,5.004e-06,AK1TDZ8TUrLRMGyRHWBNSge8zmtXeRmMHZGsZ41QfpST,inc,5377961670424,0,5377961670424,HHqKyHzaF6xxsmu6vUA7G8X6UTpcLdYsZWnpgtaU9A9w,6,1.0
3qr5mehgAePauWkNBe7U7cSGhWqG9AjuYGD53taR3Yf5PW8VWBQf68nBoLSsrzYZ4Q9G5DtB72G2gvTGc44eJz4w,1754139922,2025-08-02T15:05:22,2.15e-05,AK1TDZ8TUrLRMGyRHWBNSge8zmtXeRmMHZGsZ41QfpST,inc,1000000000,1500000,1001500000,So11111111111111111111111111111111111111111,9,1.0
5yebMFMqugdxEKPvRjkFuhXFkTjNXL8NsWAQSeVw2sFaLh4v9FQbDKJ8nh4g8rZwWM37cCgvJzVdd1bw6Fdv7Z4V,1754139834,2025-08-02T15:03:54,1e-05,AK1TDZ8TUrLRMGyRHWBNSge8zmtXeRmMHZGsZ41QfpST,dec,4043669646930,4043669646930,0,8BwPEaxqgctwcFH89c7nBT6mmLxqtqEU9kfxy2ZgZi5x,6,1.0
PpPHyJNvKyTGYDLzTqoJ2CZteMKWPzgwgMjPaVxBXXz9H3aGwu4KXb54V9ZrRdcWYKg2UWnydhqEwUsSpZuXQ3o,1754139788,2025-08-02T15:03:08,6.3621e-05,AK1TDZ8TUrLRMGyRHWBNSge8zmtXeRmMHZGsZ41QfpST,dec,677695366,679195366,1500000,So11111111111111111111111111111111111111111,9,1.0
2gvAm4sJNupLrSvwEwSW6yNipnNjjH2RVPZyZZDnnciPGNKbchqgNybbbP9zkKJuX8552kZNnR98QEPFjv87FgiS,1754139678,2025-08-02T15:01:18,5.003e-06,AK1TDZ8TUrLRMGyRHWBNSge8zmtXeRmMHZGsZ41QfpST,dec,491128626,1170329993,679201366,So11111111111111111111111111111111111111111,9,1.0
2gvAm4sJNupLrSvwEwSW6yNipnNjjH2RVPZyZZDnnciPGNKbchqgNybbbP9zkKJuX8552kZNnR98QEPFjv87FgiS,1754139678,2025-08-02T15:01:18,5.003e-06,AK1TDZ8TUrLRMGyRHWBNSge8zmtXeRmMHZGsZ41QfpST,inc,4018602067152,25067579778,4043669646930,8BwPEaxqgctwcFH89c7nBT6mmLxqtqEU9kfxy2ZgZi5x,6,1.0
QAfWS88qZ2LJK8sQwdsuULNXPUgMw4QzwcKVmYKEaSDo7Y3GQDKrkQhGb2hLTebJqijcedTxDMNLAmku7uDwaUQ,1754139659,2025-08-02T15:00:59,5.002e-06,AK1TDZ8TUrLRMGyRHWBNSge8zmtXeRmMHZGsZ41QfpST,inc,949482701,220853291,1170335993,So11111111111111111111111111111111111111111,9,1.0
QAfWS88qZ2LJK8sQwdsuULNXPUgMw4QzwcKVmYKEaSDo7Y3GQDKrkQhGb2hLTebJqijcedTxDMNLAmku7uDwaUQ,1754139659,2025-08-02T15:00:59,5.002e-06,AK1TDZ8TUrLRMGyRHWBNSge8zmtXeRmMHZGsZ41QfpST,dec,7680418924396,7705486504174,25067579778,8BwPEaxqgctwcFH89c7nBT6mmLxqtqEU9kfxy2ZgZi5x,6,1.0
3Wp2zytdL1WB2nhGGuuKs3GdtQ41w2pywshtMqmEbTAnTgne9egfwZDjEccTagGc4n9oU32z8DKp61ZZu6Kgx4Tt,1754139489,2025-08-02T14:58:09,5.003e-06,AK1TDZ8TUrLRMGyRHWBNSge8zmtXeRmMHZGsZ41QfpST,dec,462384805,683244096,220859291,So11111111111111111111111111111111111111111,9,1.0
3Wp2zytdL1WB2nhGGuuKs3GdtQ41w2pywshtMqmEbTAnTgne9egfwZDjEccTagGc4n9oU32z8DKp61ZZu6Kgx4Tt,1754139489,2025-08-02T14:58:09,5.003e-06,AK1TDZ8TUrLRMGyRHWBNSge8zmtXeRmMHZGsZ41QfpST,inc,4347208602561,3358277901613,7705486504174,8BwPEaxqgctwcFH89c7nBT6mmLxqtqEU9kfxy2ZgZi5x,6,1.0
3p6xfeNpytcnH5aTUiT1VNbLYtkLP7MAUML7HuLrrSJ6bsu2miqHN5aPTCycv4jTrJYjz2cPhW1oANMJPmkCkuR4,1754139462,2025-08-02T14:57:42,5.004e-06,AK1TDZ8TUrLRMGyRHWBNSge8zmtXeRmMHZGsZ41QfpST,dec,318249904,1001500000,683250096,So11111111111111111111111111111111111111111,9,1.0
3p6xfeNpytcnH5aTUiT1VNbLYtkLP7MAUML7HuLrrSJ6bsu2miqHN5aPTCycv4jTrJYjz2cPhW1oANMJPmkCkuR4,1754139462,2025-08-02T14:57:42,5.004e-06,AK1TDZ8TUrLRMGyRHWBNSge8zmtXeRmMHZGsZ41QfpST,inc,3358277901613,0,3358277901613,8BwPEaxqgctwcFH89c7nBT6mmLxqtqEU9kfxy2ZgZi5x,6,1.0
2hf4kn1zdskGQM2WjvpZZcGHCQLu9G3xg2oYZ3zHPSVqsht9idKZdw2xT8GsDAaNFzG1imunFgJptkZtRi6NL5fz,1754139378,2025-08-02T14:56:18,2.7759e-05,AK1TDZ8TUrLRMGyRHWBNSge8zmtXeRmMHZGsZ41QfpST,inc,1000000000,1500000,1001500000,So11111111111111111111111111111111111111111,9,1.0
45kPz1vFf7P5nVEbZmV2tdFzAV4QNyusGWQbpZwQEBG3ZYTkch5rhhaX8A4RKkZVLwit5zyYzLdWJiaZvHntU7YU,1754139298,2025-08-02T14:54:58,1e-05,AK1TDZ8TUrLRMGyRHWBNSge8zmtXeRmMHZGsZ41QfpST,dec,4022,4022,0,27Xg4esaTbdG8o6kpBzJcPhwngEzrio5caSw1YRiJpkQ,6,1.0
45kPz1vFf7P5nVEbZmV2tdFzAV4QNyusGWQbpZwQEBG3ZYTkch5rhhaX8A4RKkZVLwit5zyYzLdWJiaZvHntU7YU,1754139298,2025-08-02T14:54:58,1e-05,AK1TDZ8TUrLRMGyRHWBNSge8zmtXeRmMHZGsZ41QfpST,dec,8567,8567,0,FAVFQPCeEtpwvCrnAhVnCAaAXvv2URmqUUf2zMYsHoj6,6,1.0
45kPz1vFf7P5nVEbZmV2tdFzAV4QNyusGWQbpZwQEBG3ZYTkch5rhhaX8A4RKkZVLwit5zyYzLdWJiaZvHntU7YU,1754139298,2025-08-02T14:54:58,1e-05,AK1TDZ8TUrLRMGyRHWBNSge8zmtXeRmMHZGsZ41QfpST,dec,3761744449147,3761744449147,0,HK7PxqNrgR7TthndLS1Cf139dHmwPnLpAjXrZxuts11G,6,1.0
aTXhCqPKeYUmEQdKoL2EGaasucXDEuLo4nQbYV75KXcJfNfzwyoULCpDoHakgGE16C9FuXtcEFV34ZUQbFCEdeX,1754139254,2025-08-02T14:54:14,6.66e-05,AK1TDZ8TUrLRMGyRHWBNSge8zmtXeRmMHZGsZ41QfpST,dec,520214343,521714342,1500000,So11111111111111111111111111111111111111111,9,1.0
4MYko2mg4aXs3EZVEkV7etekA1Xs6GGZW2WvXa6tKTdg8L3vEhomMWJMYe2tyvfYcoARXfJ6FKYcyFiZPPYxt4BL,1754139092,2025-08-02T14:51:32,5.004e-06,AK1TDZ8TUrLRMGyRHWBNSge8zmtXeRmMHZGsZ41QfpST,dec,479779657,1001500000,521720343,So11111111111111111111111111111111111111111,9,1.0
4MYko2mg4aXs3EZVEkV7etekA1Xs6GGZW2WvXa6tKTdg8L3vEhomMWJMYe2tyvfYcoARXfJ6FKYcyFiZPPYxt4BL,1754139092,2025-08-02T14:51:32,5.004e-06,AK1TDZ8TUrLRMGyRHWBNSge8zmtXeRmMHZGsZ41QfpST,inc,3761744449147,0,3761744449147,HK7PxqNrgR7TthndLS1Cf139dHmwPnLpAjXrZxuts11G,6,1.0
VaUos9vi9f1Ama7aLJJcpH2ceygiDjvJUfb3sc9zC4yiPwigK6iGV9gBr7hwr8hLb4GXp4YZJcquN6g4Lgu4ovo,1754138872,2025-08-02T14:47:52,2.48e-05,AK1TDZ8TUrLRMGyRHWBNSge8zmtXeRmMHZGsZ41QfpST,inc,999999999,1500001,1001500000,So11111111111111111111111111111111111111111,9,1.0
2xdZ83t8WxkGGTFErqtAdvH2kt8186zjVy3uAg8jAF7Lk6ZpDxeXhgQsCtCZ2E9uZtQ9ENnALgNXeBXbJJuqG5pw,1754138744,2025-08-02T14:45:44,6.12e-05,AK1TDZ8TUrLRMGyRHWBNSge8zmtXeRmMHZGsZ41QfpST,dec,1111565385,1113065386,1500001,So11111111111111111111111111111111111111111,9,1.0
4yDqZqorkFiBXcJHAETabjocMiBTacEdESeBFdpZVuXAaA7tskKJ1L7J4vbNU7dguzEaBXwfK8v4dc78HM6R8KbU,1754138667,2025-08-02T14:44:27,5.002e-06,AK1TDZ8TUrLRMGyRHWBNSge8zmtXeRmMHZGsZ41QfpST,inc,768174435,344896951,1113071386,So11111111111111111111111111111111111111111,9,1.0
4yDqZqorkFiBXcJHAETabjocMiBTacEdESeBFdpZVuXAaA7tskKJ1L7J4vbNU7dguzEaBXwfK8v4dc78HM6R8KbU,1754138667,2025-08-02T14:44:27,5.002e-06,AK1TDZ8TUrLRMGyRHWBNSge8zmtXeRmMHZGsZ41QfpST,dec,6854990230854,6854990239421,8567,FAVFQPCeEtpwvCrnAhVnCAaAXvv2URmqUUf2zMYsHoj6,6,1.0
3fjC3MeQDkoXdRKx3HWQjZEJvCB6aTLAwKTRtGUAtCUwsKUQDYSzF24cMvE6fH9MDw3dDP9ZiEmB279TcJcYkZw6,1754138656,2025-08-02T14:44:16,5.003e-06,AK1TDZ8TUrLRMGyRHWBNSge8zmtXeRmMHZGsZ41QfpST,dec,141488713,486391665,344902951,So11111111111111111111111111111111111111111,9,1.0
3fjC3MeQDkoXdRKx3HWQjZEJvCB6aTLAwKTRtGUAtCUwsKUQDYSzF24cMvE6fH9MDw3dDP9ZiEmB279TcJcYkZw6,1754138656,2025-08-02T14:44:16,5.003e-06,AK1TDZ8TUrLRMGyRHWBNSge8zmtXeRmMHZGsZ41QfpST,inc,1296243820426,5558746418994,6854990239421,FAVFQPCeEtpwvCrnAhVnCAaAXvv2URmqUUf2zMYsHoj6,6,1.0
5aUG72HSDgrx8ZZ3GSmuKK5QSGEgEXeXnbHuKq3bTP3QkmktycGnAvxjCEQTwDErP9dTHkzkHGLxfwm6w2wAKWGt,1754138637,2025-08-02T14:43:57,5.004e-06,AK1TDZ8TUrLRMGyRHWBNSge8zmtXeRmMHZGsZ41QfpST,dec,515102335,1001500000,486397665,So11111111111111111111111111111111111111111,9,1.0
5aUG72HSDgrx8ZZ3GSmuKK5QSGEgEXeXnbHuKq3bTP3QkmktycGnAvxjCEQTwDErP9dTHkzkHGLxfwm6w2wAKWGt,1754138637,2025-08-02T14:43:57,5.004e-06,AK1TDZ8TUrLRMGyRHWBNSge8zmtXeRmMHZGsZ41QfpST,inc,5558746418994,0,5558746418994,FAVFQPCeEtpwvCrnAhVnCAaAXvv2URmqUUf2zMYsHoj6,6,1.0
2FujMPHPJvgGqKjW3dQJMr4Vep4fsMvjYx1j4q6g9EiUvXgJgn4REoBPnhHAwiTR4QsBiVNbtU8BwhEx57gQuc8U,1754138559,2025-08-02T14:42:39,1.875e-05,AK1TDZ8TUrLRMGyRHWBNSge8zmtXeRmMHZGsZ41QfpST,inc,1000000000,1500000,1001500000,So11111111111111111111111111111111111111111,9,1.0
5ymEpLfgSJCGJhAoprV2JvTFbQff8x18NqNfY6X2LRvQWhJusPenbZXwyd1V3GeqgqherWvVhXjQsgKxLgiLmiwN,1754138425,2025-08-02T14:40:25,6.3867e-05,AK1TDZ8TUrLRMGyRHWBNSge8zmtXeRmMHZGsZ41QfpST,dec,1092709028,1094209028,1500000,So11111111111111111111111111111111111111111,9,1.0
3uXNQZpQbAmH9SqcRFevKhatjJ9AKWZnhHndDU7WeVA4H1mBwJ29RnLewykAQBGtCtCATtvpSspEyXLTVwRHEKum,1754138376,2025-08-02T14:39:36,5.002e-06,AK1TDZ8TUrLRMGyRHWBNSge8zmtXeRmMHZGsZ41QfpST,inc,416507598,677707430,1094215028,So11111111111111111111111111111111111111111,9,1.0
3uXNQZpQbAmH9SqcRFevKhatjJ9AKWZnhHndDU7WeVA4H1mBwJ29RnLewykAQBGtCtCATtvpSspEyXLTVwRHEKum,1754138376,2025-08-02T14:39:36,5.002e-06,AK1TDZ8TUrLRMGyRHWBNSge8zmtXeRmMHZGsZ41QfpST,dec,3120564736374,3120564740396,4022,27Xg4esaTbdG8o6kpBzJcPhwngEzrio5caSw1YRiJpkQ,6,1.0
4hhb3JdLA8Y3ufLW41pVeYqFXW5H6EUNdmrFRcQtiTxjXgcqyozcrBU1EEqD3gfhThJ4KqQx9dshbMihdbd6f1kA,1754138358,2025-08-02T14:39:18,5.003e-06,AK1TDZ8TUrLRMGyRHWBNSge8zmtXeRmMHZGsZ41QfpST,dec,189274779,866988209,677713430,So11111111111111111111111111111111111111111,9,1.0
4hhb3JdLA8Y3ufLW41pVeYqFXW5H6EUNdmrFRcQtiTxjXgcqyozcrBU1EEqD3gfhThJ4KqQx9dshbMihdbd6f1kA,1754138358,2025-08-02T14:39:18,5.003e-06,AK1TDZ8TUrLRMGyRHWBNSge8zmtXeRmMHZGsZ41QfpST,inc,1381792537202,1738772203194,3120564740396,27Xg4esaTbdG8o6kpBzJcPhwngEzrio5caSw1YRiJpkQ,6,1.0
49XM6CcCtBov4UfRN24CCTyzpBsGwxvR8ySeye4yBaQsfS3KxXamq9KiWKmBxMKcgKSPrSy9yr4TmZgDBzsT5tKC,1754138355,2025-08-02T14:39:15,5.003e-06,AK1TDZ8TUrLRMGyRHWBNSge8zmtXeRmMHZGsZ41QfpST,dec,247563400,1114557609,866994209,So11111111111111111111111111111111111111111,9,1.0
49XM6CcCtBov4UfRN24CCTyzpBsGwxvR8ySeye4yBaQsfS3KxXamq9KiWKmBxMKcgKSPrSy9yr4TmZgDBzsT5tKC,1754138355,2025-08-02T14:39:15,5.003e-06,AK1TDZ8TUrLRMGyRHWBNSge8zmtXeRmMHZGsZ41QfpST,inc,1738772201057,2137,1738772203194,27Xg4esaTbdG8o6kpBzJcPhwngEzrio5caSw1YRiJpkQ,6,1.0
2mr5xUA21F7Q7rQcivWMAtBz83anBBoeo6riJ7nMk8sFXH91voZQve4jmtqiJh84PMQGuVk1DXfxvYotmsof78Lh,1754138296,2025-08-02T14:38:16,5.002e-06,AK1TDZ8TUrLRMGyRHWBNSge8zmtXeRmMHZGsZ41QfpST,inc,425566794,688996814,1114563609,So11111111111111111111111111111111111111111,9,1.0
2mr5xUA21F7Q7rQcivWMAtBz83anBBoeo6riJ7nMk8sFXH91voZQve4jmtqiJh84PMQGuVk1DXfxvYotmsof78Lh,1754138296,2025-08-02T14:38:16,5.002e-06,AK1TDZ8TUrLRMGyRHWBNSge8zmtXeRmMHZGsZ41QfpST,dec,2971040935404,2971040937542,2137,27Xg4esaTbdG8o6kpBzJcPhwngEzrio5caSw1YRiJpkQ,6,1.0
5W6kgVm1ZNJ6Ya52ggt7thhwMhDe1dHQ4T9XcbF1aPyx8KPLwTcxx1K9jus7MTAgPVX9CvYHrQjo4CaYsMB3TuQR,1754138212,2025-08-02T14:36:52,5.003e-06,AK1TDZ8TUrLRMGyRHWBNSge8zmtXeRmMHZGsZ41QfpST,dec,405351998,1094354812,689002814,So11111111111111111111111111111111111111111,9,1.0
5W6kgVm1ZNJ6Ya52ggt7thhwMhDe1dHQ4T9XcbF1aPyx8KPLwTcxx1K9jus7MTAgPVX9CvYHrQjo4CaYsMB3TuQR,1754138212,2025-08-02T14:36:52,5.003e-06,AK1TDZ8TUrLRMGyRHWBNSge8zmtXeRmMHZGsZ41QfpST,inc,2957528333768,13512603773,2971040937542,27Xg4esaTbdG8o6kpBzJcPhwngEzrio5caSw1YRiJpkQ,6,1.0
3jPUPmgKKA9f7fUeYYJAknxDvJWQzj4WuNMBdq7sDJsaA6xw3qWX4SyK9SZiPR9zJEroSa1kWNyqkPRQY79YsWAm,1754138166,2025-08-02T14:36:06,5.002e-06,AK1TDZ8TUrLRMGyRHWBNSge8zmtXeRmMHZGsZ41QfpST,inc,567403361,526957450,1094360812,So11111111111111111111111111111111111111111,9,1.0
3jPUPmgKKA9f7fUeYYJAknxDvJWQzj4WuNMBdq7sDJsaA6xw3qWX4SyK9SZiPR9zJEroSa1kWNyqkPRQY79YsWAm,1754138166,2025-08-02T14:36:06,5.002e-06,AK1TDZ8TUrLRMGyRHWBNSge8zmtXeRmMHZGsZ41QfpST,dec,3841270407144,3854783010917,13512603773,27Xg4esaTbdG8o6kpBzJcPhwngEzrio5caSw1YRiJpkQ,6,1.0
8zXT9f9XXKWZpogmGQz1b7H7h9EXRC7LeBdqbpNwREav5wCK51qUsbwHJnAb7oGgFEh2V6kNer6Fq62mo9pyzyk,1754138153,2025-08-02T14:35:53,5.003e-06,AK1TDZ8TUrLRMGyRHWBNSge8zmtXeRmMHZGsZ41QfpST,dec,361481661,888445111,526963450,So11111111111111111111111111111111111111111,9,1.0
8zXT9f9XXKWZpogmGQz1b7H7h9EXRC7LeBdqbpNwREav5wCK51qUsbwHJnAb7oGgFEh2V6kNer6Fq62mo9pyzyk,1754138153,2025-08-02T14:35:53,5.003e-06,AK1TDZ8TUrLRMGyRHWBNSge8zmtXeRmMHZGsZ41QfpST,inc,2459075231304,1395707779613,3854783010917,27Xg4esaTbdG8o6kpBzJcPhwngEzrio5caSw1YRiJpkQ,6,1.0
WDUnYCKgTXmaKf3hunUYGnMJ81kKeQ4cceRsDRXc3n7WGvKCV1Qhqr8Gjs2u34QJHLgJToP6P4FY1DUMy3UfHbr,1754138123,2025-08-02T14:35:23,5.003e-06,AK1TDZ8TUrLRMGyRHWBNSge8zmtXeRmMHZGsZ41QfpST,dec,215883585,1104334696,888451111,So11111111111111111111111111111111111111111,9,1.0
WDUnYCKgTXmaKf3hunUYGnMJ81kKeQ4cceRsDRXc3n7WGvKCV1Qhqr8Gjs2u34QJHLgJToP6P4FY1DUMy3UfHbr,1754138123,2025-08-02T14:35:23,5.003e-06,AK1TDZ8TUrLRMGyRHWBNSge8zmtXeRmMHZGsZ41QfpST,inc,1395663186855,44592758,1395707779613,27Xg4esaTbdG8o6kpBzJcPhwngEzrio5caSw1YRiJpkQ,6,1.0
4SLWWTG3kPVNJZMcZp3UnurqKdKJtvTdjZ4NT3rMbUAmEcsHRA6uPvdN6pis3Riw53qkgtdVYFTLXr49eqZwDUeW,1754138095,2025-08-02T14:34:55,5.002e-06,AK1TDZ8TUrLRMGyRHWBNSge8zmtXeRmMHZGsZ41QfpST,dec,2559890126,2604482884,44592758,27Xg4esaTbdG8o6kpBzJcPhwngEzrio5caSw1YRiJpkQ,6,1.0
2pTRP68HRwMysbopPaWiDbpR6ZbKBnnCP3QTYsAzB9PRUngUP7Q6nMp3mUjQyjjjqYjd5qh75dLk9ecSkmXjuU2A,1754138093,2025-08-02T14:34:53,5.002e-06,AK1TDZ8TUrLRMGyRHWBNSge8zmtXeRmMHZGsZ41QfpST,inc,134766067,969174611,1103940679,So11111111111111111111111111111111111111111,9,1.0
2pTRP68HRwMysbopPaWiDbpR6ZbKBnnCP3QTYsAzB9PRUngUP7Q6nMp3mUjQyjjjqYjd5qh75dLk9ecSkmXjuU2A,1754138093,2025-08-02T14:34:53,5.002e-06,AK1TDZ8TUrLRMGyRHWBNSge8zmtXeRmMHZGsZ41QfpST,dec,856743803355,859348286239,2604482884,27Xg4esaTbdG8o6kpBzJcPhwngEzrio5caSw1YRiJpkQ,6,1.0
22t78othfmVA3KyF8ZBBNbkJ9PHVPCD6uxSBqEErjUn4vfsfPkXiaZAn7BkrFPUzvFoBkv9fGQnqUz7kGGGkwzB5,1754138009,2025-08-02T14:33:29,5.003e-06,AK1TDZ8TUrLRMGyRHWBNSge8zmtXeRmMHZGsZ41QfpST,dec,133414017,1102594628,969180611,So11111111111111111111111111111111111111111,9,1.0
22t78othfmVA3KyF8ZBBNbkJ9PHVPCD6uxSBqEErjUn4vfsfPkXiaZAn7BkrFPUzvFoBkv9fGQnqUz7kGGGkwzB5,1754138009,2025-08-02T14:33:29,5.003e-06,AK1TDZ8TUrLRMGyRHWBNSge8zmtXeRmMHZGsZ41QfpST,inc,859348282395,3844,859348286239,27Xg4esaTbdG8o6kpBzJcPhwngEzrio5caSw1YRiJpkQ,6,1.0
5inpkN61BFPbCux8yW4bS7xfq3btENqfjYtRyK5fm9mW5rZBDiRCcNBAp8V2o3LwnL5HjLL8tC2RmL6d7VkbHsiz,1754137915,2025-08-02T14:31:55,5.002e-06,AK1TDZ8TUrLRMGyRHWBNSge8zmtXeRmMHZGsZ41QfpST,dec,45560024,45563868,3844,27Xg4esaTbdG8o6kpBzJcPhwngEzrio5caSw1YRiJpkQ,6,1.0
5x8RzdWCFGDcZcfMzhd19jhnVHsKy321SbX4tJStSWULsJa2r91ZkgYRKUdg8k3bX1eJHcnsrobXhLrAowSVDsKg,1754137835,2025-08-02T14:30:35,5.002e-06,AK1TDZ8TUrLRMGyRHWBNSge8zmtXeRmMHZGsZ41QfpST,dec,2060451574,2106015442,45563868,27Xg4esaTbdG8o6kpBzJcPhwngEzrio5caSw1YRiJpkQ,6,1.0
TeMEPYwyicYhtG5JFkcW5gDm2x9yvd9cg54LN7FsKPTiaKPKouoVS7ZF3THm96khoSnxYRipi9qiuXfz3skVeC7,1754137810,2025-08-02T14:30:10,5.002e-06,AK1TDZ8TUrLRMGyRHWBNSge8zmtXeRmMHZGsZ41QfpST,inc,139685085,962603879,1102288964,So11111111111111111111111111111111111111111,9,1.0
TeMEPYwyicYhtG5JFkcW5gDm2x9yvd9cg54LN7FsKPTiaKPKouoVS7ZF3THm96khoSnxYRipi9qiuXfz3skVeC7,1754137810,2025-08-02T14:30:10,5.002e-06,AK1TDZ8TUrLRMGyRHWBNSge8zmtXeRmMHZGsZ41QfpST,dec,900332201614,902438217057,2106015442,27Xg4esaTbdG8o6kpBzJcPhwngEzrio5caSw1YRiJpkQ,6,1.0
3tBav1ALWr9CCVnE455EQgYPybki98PRUnxJUn6fJNyd2Hnij5b99VwgrhdMwU8hdWzUHU69YEP2wBzvs9Y3TMCb,1754137761,2025-08-02T14:29:21,5.003e-06,AK1TDZ8TUrLRMGyRHWBNSge8zmtXeRmMHZGsZ41QfpST,dec,137155193,1099765073,962609879,So11111111111111111111111111111111111111111,9,1.0
3tBav1ALWr9CCVnE455EQgYPybki98PRUnxJUn6fJNyd2Hnij5b99VwgrhdMwU8hdWzUHU69YEP2wBzvs9Y3TMCb,1754137761,2025-08-02T14:29:21,5.003e-06,AK1TDZ8TUrLRMGyRHWBNSge8zmtXeRmMHZGsZ41QfpST,inc,902438214472,2585,902438217057,27Xg4esaTbdG8o6kpBzJcPhwngEzrio5caSw1YRiJpkQ,6,1.0
56izrxyQEAffcFAtnFTtRE41ACyXyVQ736Z6HufWfGCeKiccWpCfjscysFjkWGerdA5M5wVkgP7settY4Fx7E2ch,1754137745,2025-08-02T14:29:05,5.002e-06,AK1TDZ8TUrLRMGyRHWBNSge8zmtXeRmMHZGsZ41QfpST,inc,1031218125,68552948,1099771073,So11111111111111111111111111111111111111111,9,1.0
56izrxyQEAffcFAtnFTtRE41ACyXyVQ736Z6HufWfGCeKiccWpCfjscysFjkWGerdA5M5wVkgP7settY4Fx7E2ch,1754137745,2025-08-02T14:29:05,5.002e-06,AK1TDZ8TUrLRMGyRHWBNSge8zmtXeRmMHZGsZ41QfpST,dec,6879986499222,6879986501808,2585,27Xg4esaTbdG8o6kpBzJcPhwngEzrio5caSw1YRiJpkQ,6,1.0
3XKK1sByuMekKRqMVydst4cE56Jse4zLbKkMX2u9hkhm8ZELc2GVRCtg1c7Ryvftjin2fBnimvkXDVegK3UkP6bR,1754137683,2025-08-02T14:28:03,5.003e-06,AK1TDZ8TUrLRMGyRHWBNSge8zmtXeRmMHZGsZ41QfpST,dec,190348701,258907650,68558948,So11111111111111111111111111111111111111111,9,1.0
3XKK1sByuMekKRqMVydst4cE56Jse4zLbKkMX2u9hkhm8ZELc2GVRCtg1c7Ryvftjin2fBnimvkXDVegK3UkP6bR,1754137683,2025-08-02T14:28:03,5.003e-06,AK1TDZ8TUrLRMGyRHWBNSge8zmtXeRmMHZGsZ41QfpST,inc,1304248977860,5575737523948,6879986501808,27Xg4esaTbdG8o6kpBzJcPhwngEzrio5caSw1YRiJpkQ,6,1.0
4WVbX4VUdmVC2WwTKEz8GYtNt9HwEyD6b8iqpQeGrXAhkLGeT7rXJSYWL22kiek7FMv4THEZK5PMk5X93n9v88LJ,1754137499,2025-08-02T14:24:59,5.003e-06,AK1TDZ8TUrLRMGyRHWBNSge8zmtXeRmMHZGsZ41QfpST,dec,369213715,628127365,258913650,So11111111111111111111111111111111111111111,9,1.0
4WVbX4VUdmVC2WwTKEz8GYtNt9HwEyD6b8iqpQeGrXAhkLGeT7rXJSYWL22kiek7FMv4THEZK5PMk5X93n9v88LJ,1754137499,2025-08-02T14:24:59,5.003e-06,AK1TDZ8TUrLRMGyRHWBNSge8zmtXeRmMHZGsZ41QfpST,inc,2632377312933,2943360211015,5575737523948,27Xg4esaTbdG8o6kpBzJcPhwngEzrio5caSw1YRiJpkQ,6,1.0
25AK691i81rFhu5UFTHWnJaXWM91d6sZe1t9GkmXLPzBqHpNYw5dPaTmm4vMPq9JXd6P5Xhuvd25WxiLg9GRJdJT,1754137348,2025-08-02T14:22:28,5.003e-06,AK1TDZ8TUrLRMGyRHWBNSge8zmtXeRmMHZGsZ41QfpST,dec,293999354,922132720,628133365,So11111111111111111111111111111111111111111,9,1.0
25AK691i81rFhu5UFTHWnJaXWM91d6sZe1t9GkmXLPzBqHpNYw5dPaTmm4vMPq9JXd6P5Xhuvd25WxiLg9GRJdJT,1754137348,2025-08-02T14:22:28,5.003e-06,AK1TDZ8TUrLRMGyRHWBNSge8zmtXeRmMHZGsZ41QfpST,inc,2064118248120,879241962895,2943360211015,27Xg4esaTbdG8o6kpBzJcPhwngEzrio5caSw1YRiJpkQ,6,1.0
1XEprXV2qnpSLxXNaHouSgNmsN7SKRGdS34kwyHi5tjaoqPvorM1pjoajUQKtE9E9GcBXdg3fkzyKqjtvK2mZtH,1754137347,2025-08-02T14:22:27,5.003e-06,AK1TDZ8TUrLRMGyRHWBNSge8zmtXeRmMHZGsZ41QfpST,dec,126180192,1048318912,922138720,So11111111111111111111111111111111111111111,9,1.0
1XEprXV2qnpSLxXNaHouSgNmsN7SKRGdS34kwyHi5tjaoqPvorM1pjoajUQKtE9E9GcBXdg3fkzyKqjtvK2mZtH,1754137347,2025-08-02T14:22:27,5.003e-06,AK1TDZ8TUrLRMGyRHWBNSge8zmtXeRmMHZGsZ41QfpST,inc,879241958353,4542,879241962895,27Xg4esaTbdG8o6kpBzJcPhwngEzrio5caSw1YRiJpkQ,6,1.0
2dCLgZenNeBFj2JWUTZDjChmeGvAXtkGWmg7sfwrv71YTSXauKWfM3vMcL6kHLkmpcFVsHftJpwcb1m6PjsrejxM,1754137278,2025-08-02T14:21:18,5.002e-06,AK1TDZ8TUrLRMGyRHWBNSge8zmtXeRmMHZGsZ41QfpST,inc,281961492,766363419,1048324912,So11111111111111111111111111111111111111111,9,1.0
2dCLgZenNeBFj2JWUTZDjChmeGvAXtkGWmg7sfwrv71YTSXauKWfM3vMcL6kHLkmpcFVsHftJpwcb1m6PjsrejxM,1754137278,2025-08-02T14:21:18,5.002e-06,AK1TDZ8TUrLRMGyRHWBNSge8zmtXeRmMHZGsZ41QfpST,dec,1945473558255,1945473562797,4542,27Xg4esaTbdG8o6kpBzJcPhwngEzrio5caSw1YRiJpkQ,6,1.0
2zi2YohNXjHLLLF6CDgudiDTCztqznpiKwRBfkKcvoFqiWYC5xr2KyVCeS56NYr3Qu3ekAipHW894JnZDCFQbKdX,1754137263,2025-08-02T14:21:03,5.003e-06,AK1TDZ8TUrLRMGyRHWBNSge8zmtXeRmMHZGsZ41QfpST,dec,277484758,1043854177,766369419,So11111111111111111111111111111111111111111,9,1.0
2zi2YohNXjHLLLF6CDgudiDTCztqznpiKwRBfkKcvoFqiWYC5xr2KyVCeS56NYr3Qu3ekAipHW894JnZDCFQbKdX,1754137263,2025-08-02T14:21:03,5.003e-06,AK1TDZ8TUrLRMGyRHWBNSge8zmtXeRmMHZGsZ41QfpST,inc,1945242461231,231101566,1945473562797,27Xg4esaTbdG8o6kpBzJcPhwngEzrio5caSw1YRiJpkQ,6,1.0
CpVYjtPma72zfLVFxvBpZTZAewqDpKJ6pAS6g3UpiReAFdykB3oqaFbtE4aghs43WXpXv7cSTQkYxRATKkEwsV8,1754137256,2025-08-02T14:20:56,5.002e-06,AK1TDZ8TUrLRMGyRHWBNSge8zmtXeRmMHZGsZ41QfpST,inc,2172856,1041687320,1043860177,So11111111111111111111111111111111111111111,9,1.0
CpVYjtPma72zfLVFxvBpZTZAewqDpKJ6pAS6g3UpiReAFdykB3oqaFbtE4aghs43WXpXv7cSTQkYxRATKkEwsV8,1754137256,2025-08-02T14:20:56,5.002e-06,AK1TDZ8TUrLRMGyRHWBNSge8zmtXeRmMHZGsZ41QfpST,dec,15121680467,15352782033,231101566,27Xg4esaTbdG8o6kpBzJcPhwngEzrio5caSw1YRiJpkQ,6,1.0
5VUYLEoVHhFzbJjVnHi1x3FYp1mAmfrfMNe1S6YqX9fZvdKRJKcdScfk2yJEQKB78ZrGdZHhbMeGNDu4ywCBwzon,1754137090,2025-08-02T14:18:10,5.002e-06,AK1TDZ8TUrLRMGyRHWBNSge8zmtXeRmMHZGsZ41QfpST,inc,342553742,699139578,1041693320,So11111111111111111111111111111111111111111,9,1.0
5VUYLEoVHhFzbJjVnHi1x3FYp1mAmfrfMNe1S6YqX9fZvdKRJKcdScfk2yJEQKB78ZrGdZHhbMeGNDu4ywCBwzon,1754137090,2025-08-02T14:18:10,5.002e-06,AK1TDZ8TUrLRMGyRHWBNSge8zmtXeRmMHZGsZ41QfpST,dec,2587307657607,2602660439640,15352782033,27Xg4esaTbdG8o6kpBzJcPhwngEzrio5caSw1YRiJpkQ,6,1.0
3HaaPLVxn5V3HaLBN959cfMFtgfrZYAsuQsD39HgHAKqatqcWvWAoUvQEZNvNr74Tz1Mi579sBENLqT4nyvD1qgF,1754136874,2025-08-02T14:14:34,5.003e-06,AK1TDZ8TUrLRMGyRHWBNSge8zmtXeRmMHZGsZ41QfpST,dec,342271406,1041416984,699145578,So11111111111111111111111111111111111111111,9,1.0
3HaaPLVxn5V3HaLBN959cfMFtgfrZYAsuQsD39HgHAKqatqcWvWAoUvQEZNvNr74Tz1Mi579sBENLqT4nyvD1qgF,1754136874,2025-08-02T14:14:34,5.003e-06,AK1TDZ8TUrLRMGyRHWBNSge8zmtXeRmMHZGsZ41QfpST,inc,2589794024459,12866415181,2602660439640,27Xg4esaTbdG8o6kpBzJcPhwngEzrio5caSw1YRiJpkQ,6,1.0
3cZKWu9DWQAAYTMkzgi3aWqF4ZBWkc1oSCK2vBLyL5qGSqgSxMMMi2jP7GQKth8QFU84Z5QkeRaFukiFf8rgLywd,1754136861,2025-08-02T14:14:21,5.002e-06,AK1TDZ8TUrLRMGyRHWBNSge8zmtXeRmMHZGsZ41QfpST,inc,350856591,690566393,1041422984,So11111111111111111111111111111111111111111,9,1.0
3cZKWu9DWQAAYTMkzgi3aWqF4ZBWkc1oSCK2vBLyL5qGSqgSxMMMi2jP7GQKth8QFU84Z5QkeRaFukiFf8rgLywd,1754136861,2025-08-02T14:14:21,5.002e-06,AK1TDZ8TUrLRMGyRHWBNSge8zmtXeRmMHZGsZ41QfpST,dec,2780334601470,2793201016651,12866415181,27Xg4esaTbdG8o6kpBzJcPhwngEzrio5caSw1YRiJpkQ,6,1.0
4qgtJfrXxBeuf1b7jXCu43536g5WoujwJHB4MeirY68o6sN6FiujLJ71cKc2JezQf5Zoh9hZJVqcdmopKLQd1moD,1754136842,2025-08-02T14:14:02,5.003e-06,AK1TDZ8TUrLRMGyRHWBNSge8zmtXeRmMHZGsZ41QfpST,dec,355352584,1045924977,690572393,So11111111111111111111111111111111111111111,9,1.0
4qgtJfrXxBeuf1b7jXCu43536g5WoujwJHB4MeirY68o6sN6FiujLJ71cKc2JezQf5Zoh9hZJVqcdmopKLQd1moD,1754136842,2025-08-02T14:14:02,5.003e-06,AK1TDZ8TUrLRMGyRHWBNSge8zmtXeRmMHZGsZ41QfpST,inc,2792660403616,540613034,2793201016651,27Xg4esaTbdG8o6kpBzJcPhwngEzrio5caSw1YRiJpkQ,6,1.0
5qUt5LPxYPtBLyKhJPUkxbstWpfGSVEt5VZZzvA4xSNAgRkYgwybgujU5Nz7vG9VeYyh99efSHmrxX46kJtLJArw,1754136837,2025-08-02T14:13:57,5.002e-06,AK1TDZ8TUrLRMGyRHWBNSge8zmtXeRmMHZGsZ41QfpST,inc,6435318,1039495658,1045930977,So11111111111111111111111111111111111111111,9,1.0
5qUt5LPxYPtBLyKhJPUkxbstWpfGSVEt5VZZzvA4xSNAgRkYgwybgujU5Nz7vG9VeYyh99efSHmrxX46kJtLJArw,1754136837,2025-08-02T14:13:57,5.002e-06,AK1TDZ8TUrLRMGyRHWBNSge8zmtXeRmMHZGsZ41QfpST,dec,52097422521,52638035555,540613034,27Xg4esaTbdG8o6kpBzJcPhwngEzrio5caSw1YRiJpkQ,6,1.0
2Z8Z4nKvgECR5XyKWdfffNSAvU2xtipqUFGkAWCHWVzBEwt6dBr9qXqMoKMAayzWwwozvTisBW9xSYXVRoJusKdm,1754136834,2025-08-02T14:13:54,5.002e-06,AK1TDZ8TUrLRMGyRHWBNSge8zmtXeRmMHZGsZ41QfpST,inc,618314076,421187582,1039501658,So11111111111111111111111111111111111111111,9,1.0
2Z8Z4nKvgECR5XyKWdfffNSAvU2xtipqUFGkAWCHWVzBEwt6dBr9qXqMoKMAayzWwwozvTisBW9xSYXVRoJusKdm,1754136834,2025-08-02T14:13:54,5.002e-06,AK1TDZ8TUrLRMGyRHWBNSge8zmtXeRmMHZGsZ41QfpST,dec,5038983770086,5091621805641,52638035555,27Xg4esaTbdG8o6kpBzJcPhwngEzrio5caSw1YRiJpkQ,6,1.0
4H3qX5UwC3R8a6d3d9FHH6rC1bq8J4MB8tMn82toVDJmVYEq636EMf6EMhUN214XPjkMuD3byydMoVABditUmSkW,1754136821,2025-08-02T14:13:41,5.003e-06,AK1TDZ8TUrLRMGyRHWBNSge8zmtXeRmMHZGsZ41QfpST,dec,292421770,713615351,421193580,So11111111111111111111111111111111111111111,9,1.0
4H3qX5UwC3R8a6d3d9FHH6rC1bq8J4MB8tMn82toVDJmVYEq636EMf6EMhUN214XPjkMuD3byydMoVABditUmSkW,1754136821,2025-08-02T14:13:41,5.003e-06,AK1TDZ8TUrLRMGyRHWBNSge8zmtXeRmMHZGsZ41QfpST,inc,2533230517953,2558391287688,5091621805641,27Xg4esaTbdG8o6kpBzJcPhwngEzrio5caSw1YRiJpkQ,6,1.0
2VeiLXR5c13HEq3G2WECruqgcMPijyJRDNsBGHZ7QJgEdpyvWfUbmtq5yhPbU6iSRxPrfNDrZ65tFxtd5oC4qwnt,1754136813,2025-08-02T14:13:33,5.004e-06,AK1TDZ8TUrLRMGyRHWBNSge8zmtXeRmMHZGsZ41QfpST,dec,287878651,1001500000,713621349,So11111111111111111111111111111111111111111,9,1.0
2VeiLXR5c13HEq3G2WECruqgcMPijyJRDNsBGHZ7QJgEdpyvWfUbmtq5yhPbU6iSRxPrfNDrZ65tFxtd5oC4qwnt,1754136813,2025-08-02T14:13:33,5.004e-06,AK1TDZ8TUrLRMGyRHWBNSge8zmtXeRmMHZGsZ41QfpST,inc,2558391287688,0,2558391287688,27Xg4esaTbdG8o6kpBzJcPhwngEzrio5caSw1YRiJpkQ,6,1.0
5TEUnMMQLCyQo9vUXr67zkrZ88cGV88iKND3dw7JmEUfspBsPTRUacw7iL6ZS41YnCwy8LkAoYuAiuoLP1yxvjVB,1754136713,2025-08-02T14:11:53,3.14e-05,AK1TDZ8TUrLRMGyRHWBNSge8zmtXeRmMHZGsZ41QfpST,inc,1000000000,1500000,1001500000,So11111111111111111111111111111111111111111,9,1.0
38Y3Y24Yf4d4bYkPXydtDWRGM99uMzmNaTmhQyRLW1pedQYjtjxy5RhdhGMqaDF7PDviYwDWALXAeUQesJP6wrs9,1754136629,2025-08-02T14:10:29,1e-05,AK1TDZ8TUrLRMGyRHWBNSge8zmtXeRmMHZGsZ41QfpST,dec,7507292637247,7507292637247,0,idud9FEfCBbNHUdezPUCoEj51Pc4bHVv53cmBLvN6PR,6,1.0
38Y3Y24Yf4d4bYkPXydtDWRGM99uMzmNaTmhQyRLW1pedQYjtjxy5RhdhGMqaDF7PDviYwDWALXAeUQesJP6wrs9,1754136629,2025-08-02T14:10:29,1e-05,AK1TDZ8TUrLRMGyRHWBNSge8zmtXeRmMHZGsZ41QfpST,dec,2203353044037,2203353044037,0,CbDVoEzqoB2ghMJEvSEPY98CRfwRzrpqwmuj4sNkcAhy,6,1.0
Uu7UT8NCCbQcP2Hc3ZMYQNa474oN7b45XtYffwbeHViYykhKcqHNJf2Kg3BzVgeY6qYFARkzDWeehQVEddZAZAF,1754136586,2025-08-02T14:09:46,6.1e-05,AK1TDZ8TUrLRMGyRHWBNSge8zmtXeRmMHZGsZ41QfpST,dec,731840174,733340174,1500000,So11111111111111111111111111111111111111111,9,1.0
5vrrVU6yRH2ANR82gUEKAi39ngMBCgT7j2KEBcaGq8r1yxc1NmFQCbtr7K3e4zUVStCdaXonVBG6n4PswLNfofFP,1754136500,2025-08-02T14:08:20,5.003e-06,AK1TDZ8TUrLRMGyRHWBNSge8zmtXeRmMHZGsZ41QfpST,dec,364429147,1097775321,733346174,So11111111111111111111111111111111111111111,9,1.0
5vrrVU6yRH2ANR82gUEKAi39ngMBCgT7j2KEBcaGq8r1yxc1NmFQCbtr7K3e4zUVStCdaXonVBG6n4PswLNfofFP,1754136500,2025-08-02T14:08:20,5.003e-06,AK1TDZ8TUrLRMGyRHWBNSge8zmtXeRmMHZGsZ41QfpST,inc,2183614918028,19738126008,2203353044037,CbDVoEzqoB2ghMJEvSEPY98CRfwRzrpqwmuj4sNkcAhy,6,1.0
4hoA1xzeuu9pnGXUjXXpVvMJN2c6qxWU2jRd3hLYsrX5LHEJ7ChNhLdGrE14U8rWWcichKCyyxU8yZ1S9Cbe99na,1754136375,2025-08-02T14:06:15,5.002e-06,AK1TDZ8TUrLRMGyRHWBNSge8zmtXeRmMHZGsZ41QfpST,inc,388880147,708901174,1097781321,So11111111111111111111111111111111111111111,9,1.0
4hoA1xzeuu9pnGXUjXXpVvMJN2c6qxWU2jRd3hLYsrX5LHEJ7ChNhLdGrE14U8rWWcichKCyyxU8yZ1S9Cbe99na,1754136375,2025-08-02T14:06:15,5.002e-06,AK1TDZ8TUrLRMGyRHWBNSge8zmtXeRmMHZGsZ41QfpST,dec,2472879009359,2492617135368,19738126008,CbDVoEzqoB2ghMJEvSEPY98CRfwRzrpqwmuj4sNkcAhy,6,1.0
4ptnv5CvxtK2Mu21foSxFqs9of8StsVR62DNn1n8LAtimW3uE8Au9BrGPq5H6tToxbCd2rguTMwn8LG6cdR756fx,1754136346,2025-08-02T14:05:46,5.003e-06,AK1TDZ8TUrLRMGyRHWBNSge8zmtXeRmMHZGsZ41QfpST,dec,400632334,1109539509,708907174,So11111111111111111111111111111111111111111,9,1.0
4ptnv5CvxtK2Mu21foSxFqs9of8StsVR62DNn1n8LAtimW3uE8Au9BrGPq5H6tToxbCd2rguTMwn8LG6cdR756fx,1754136346,2025-08-02T14:05:46,5.003e-06,AK1TDZ8TUrLRMGyRHWBNSge8zmtXeRmMHZGsZ41QfpST,inc,2447233565364,45383570003,2492617135368,CbDVoEzqoB2ghMJEvSEPY98CRfwRzrpqwmuj4sNkcAhy,6,1.0
3SXFCRmqfH56gJfWX4tEJrnVqYwFMW78oQ1Y7FK8oXdnoSfADZvYUpBXkxB738UanjeCebojSxDSLodniePof4Fa,1754136328,2025-08-02T14:05:28,5.002e-06,AK1TDZ8TUrLRMGyRHWBNSge8zmtXeRmMHZGsZ41QfpST,inc,830477304,279068205,1109545509,So11111111111111111111111111111111111111111,9,1.0
3SXFCRmqfH56gJfWX4tEJrnVqYwFMW78oQ1Y7FK8oXdnoSfADZvYUpBXkxB738UanjeCebojSxDSLodniePof4Fa,1754136328,2025-08-02T14:05:28,5.002e-06,AK1TDZ8TUrLRMGyRHWBNSge8zmtXeRmMHZGsZ41QfpST,dec,5045420595599,5090804165602,45383570003,CbDVoEzqoB2ghMJEvSEPY98CRfwRzrpqwmuj4sNkcAhy,6,1.0
GCr4hShgG7uT5BkKrEi3bqvS1kkyUzzp2pTadoJimQn3kKGUcL7fjPNWq9amEabjYv55QAn8KTd31xApNvw5qZm,1754136262,2025-08-02T14:04:22,5.003e-06,AK1TDZ8TUrLRMGyRHWBNSge8zmtXeRmMHZGsZ41QfpST,dec,267413531,546487737,279074205,So11111111111111111111111111111111111111111,9,1.0
GCr4hShgG7uT5BkKrEi3bqvS1kkyUzzp2pTadoJimQn3kKGUcL7fjPNWq9amEabjYv55QAn8KTd31xApNvw5qZm,1754136262,2025-08-02T14:04:22,5.003e-06,AK1TDZ8TUrLRMGyRHWBNSge8zmtXeRmMHZGsZ41QfpST,inc,1641718920516,3449085245086,5090804165602,CbDVoEzqoB2ghMJEvSEPY98CRfwRzrpqwmuj4sNkcAhy,6,1.0
2wXuuvPTjxAytEEjh4qQLCY2tmw8HFW74NdntK8wbDNYmKNa1EBbN47bJ4DdTcMFR84LQkfTgwoFwCDJMMMNtkn4,1754136235,2025-08-02T14:03:55,5.003e-06,AK1TDZ8TUrLRMGyRHWBNSge8zmtXeRmMHZGsZ41QfpST,dec,319864802,866358539,546493737,So11111111111111111111111111111111111111111,9,1.0
2wXuuvPTjxAytEEjh4qQLCY2tmw8HFW74NdntK8wbDNYmKNa1EBbN47bJ4DdTcMFR84LQkfTgwoFwCDJMMMNtkn4,1754136235,2025-08-02T14:03:55,5.003e-06,AK1TDZ8TUrLRMGyRHWBNSge8zmtXeRmMHZGsZ41QfpST,inc,1996244137052,1452841108033,3449085245086,CbDVoEzqoB2ghMJEvSEPY98CRfwRzrpqwmuj4sNkcAhy,6,1.0
3QTeFAg832NKCbYHiHytHmBnQVy4C4NCnQsMiqVf8urppv8kgctkDUNvve3yz9SpxqFEqj3WBB5Qw3bZQCvncNnv,1754136157,2025-08-02T14:02:37,5.003e-06,AK1TDZ8TUrLRMGyRHWBNSge8zmtXeRmMHZGsZ41QfpST,dec,232874727,1099239267,866364539,So11111111111111111111111111111111111111111,9,1.0
3QTeFAg832NKCbYHiHytHmBnQVy4C4NCnQsMiqVf8urppv8kgctkDUNvve3yz9SpxqFEqj3WBB5Qw3bZQCvncNnv,1754136157,2025-08-02T14:02:37,5.003e-06,AK1TDZ8TUrLRMGyRHWBNSge8zmtXeRmMHZGsZ41QfpST,inc,1452841107223,810,1452841108033,CbDVoEzqoB2ghMJEvSEPY98CRfwRzrpqwmuj4sNkcAhy,6,1.0
5dDoP5qsS99huxS6hTk1FxPsAyduTNeqCUQioVzgMScHzJPNBDWSLEPmKnLzK3PnFC1TTs51EbyXfzRT1m4R1ESf,1754136152,2025-08-02T14:02:32,5.002e-06,AK1TDZ8TUrLRMGyRHWBNSge8zmtXeRmMHZGsZ41QfpST,inc,439344697,659900569,1099245267,So11111111111111111111111111111111111111111,9,1.0
5dDoP5qsS99huxS6hTk1FxPsAyduTNeqCUQioVzgMScHzJPNBDWSLEPmKnLzK3PnFC1TTs51EbyXfzRT1m4R1ESf,1754136152,2025-08-02T14:02:32,5.002e-06,AK1TDZ8TUrLRMGyRHWBNSge8zmtXeRmMHZGsZ41QfpST,dec,2630719298873,2630719299683,810,CbDVoEzqoB2ghMJEvSEPY98CRfwRzrpqwmuj4sNkcAhy,6,1.0
3X2H91mTre16yFRTLyyyTuFiZVopwRzXLtZXrs4LhGPsxFLEjKHqTdFMX4UmbYuZRTAQ48mfbTHLQ35GxXv72NVH,1754136150,2025-08-02T14:02:30,5.003e-06,AK1TDZ8TUrLRMGyRHWBNSge8zmtXeRmMHZGsZ41QfpST,dec,438750563,1098657133,659906569,So11111111111111111111111111111111111111111,9,1.0
3X2H91mTre16yFRTLyyyTuFiZVopwRzXLtZXrs4LhGPsxFLEjKHqTdFMX4UmbYuZRTAQ48mfbTHLQ35GxXv72NVH,1754136150,2025-08-02T14:02:30,5.003e-06,AK1TDZ8TUrLRMGyRHWBNSge8zmtXeRmMHZGsZ41QfpST,inc,2613966827127,16752472556,2630719299683,CbDVoEzqoB2ghMJEvSEPY98CRfwRzrpqwmuj4sNkcAhy,6,1.0
ZttLWjZtEM7Dy83JsLiHWpXTHNpDMB6MU8G6EzJvLBZkZPyHtvomgTHXrPXspzZ7TXrYMCPGDzJdHYAqj8LuycH,1754136130,2025-08-02T14:02:10,5.002e-06,AK1TDZ8TUrLRMGyRHWBNSge8zmtXeRmMHZGsZ41QfpST,inc,949079062,149584071,1098663133,So11111111111111111111111111111111111111111,9,1.0
ZttLWjZtEM7Dy83JsLiHWpXTHNpDMB6MU8G6EzJvLBZkZPyHtvomgTHXrPXspzZ7TXrYMCPGDzJdHYAqj8LuycH,1754136130,2025-08-02T14:02:10,5.002e-06,AK1TDZ8TUrLRMGyRHWBNSge8zmtXeRmMHZGsZ41QfpST,dec,5682792575183,5699545047739,16752472556,CbDVoEzqoB2ghMJEvSEPY98CRfwRzrpqwmuj4sNkcAhy,6,1.0
22L82K5uVLT5C7oiEuuga9EaeCwe7BHAPGxQoAMHDDGcWhTXTEhsAUQ9oirGk5rMhuwwcoAQ11RZLdQgSpeG6AWK,1754136070,2025-08-02T14:01:10,5.003e-06,AK1TDZ8TUrLRMGyRHWBNSge8zmtXeRmMHZGsZ41QfpST,dec,399607976,549198047,149590071,So11111111111111111111111111111111111111111,9,1.0
22L82K5uVLT5C7oiEuuga9EaeCwe7BHAPGxQoAMHDDGcWhTXTEhsAUQ9oirGk5rMhuwwcoAQ11RZLdQgSpeG6AWK,1754136070,2025-08-02T14:01:10,5.003e-06,AK1TDZ8TUrLRMGyRHWBNSge8zmtXeRmMHZGsZ41QfpST,inc,2547670972889,3151874074850,5699545047739,CbDVoEzqoB2ghMJEvSEPY98CRfwRzrpqwmuj4sNkcAhy,6,1.0
3iUNBucrGezHoW3MPDyvqHy6oJCKHFL6aDB6d54TKf8dM5iaA23zuPxh1yi1Fh34pSNP6k6KJLWtFRUPXf1Lyibf,1754136069,2025-08-02T14:01:09,5.003e-06,AK1TDZ8TUrLRMGyRHWBNSge8zmtXeRmMHZGsZ41QfpST,dec,491705554,1040909601,549204047,So11111111111111111111111111111111111111111,9,1.0
3iUNBucrGezHoW3MPDyvqHy6oJCKHFL6aDB6d54TKf8dM5iaA23zuPxh1yi1Fh34pSNP6k6KJLWtFRUPXf1Lyibf,1754136069,2025-08-02T14:01:09,5.003e-06,AK1TDZ8TUrLRMGyRHWBNSge8zmtXeRmMHZGsZ41QfpST,inc,3151874070972,3878,3151874074850,CbDVoEzqoB2ghMJEvSEPY98CRfwRzrpqwmuj4sNkcAhy,6,1.0
ugNE2fBiZNyGDJixv5kuUnDReqhb9jGB2rAq58XVZg9tWabWefMaAPvAixJj6wwyCYD5yRRbqLhUfk4SyBRqied,1754135963,2025-08-02T13:59:23,5.002e-06,AK1TDZ8TUrLRMGyRHWBNSge8zmtXeRmMHZGsZ41QfpST,inc,465989396,574926205,1040915601,So11111111111111111111111111111111111111111,9,1.0
ugNE2fBiZNyGDJixv5kuUnDReqhb9jGB2rAq58XVZg9tWabWefMaAPvAixJj6wwyCYD5yRRbqLhUfk4SyBRqied,1754135963,2025-08-02T13:59:23,5.002e-06,AK1TDZ8TUrLRMGyRHWBNSge8zmtXeRmMHZGsZ41QfpST,dec,2915101340575,2915101344454,3878,CbDVoEzqoB2ghMJEvSEPY98CRfwRzrpqwmuj4sNkcAhy,6,1.0
3ydZPnmocEc5angUBPe2jPvMT7j4WEWt1o8r8pP3Qs12djX1DdaVmLhGpy65nHwbsJyDncn26Qs73D9UG8mjuU4E,1754135937,2025-08-02T13:58:57,5.003e-06,AK1TDZ8TUrLRMGyRHWBNSge8zmtXeRmMHZGsZ41QfpST,dec,455052013,1029984218,574932205,So11111111111111111111111111111111111111111,9,1.0
3ydZPnmocEc5angUBPe2jPvMT7j4WEWt1o8r8pP3Qs12djX1DdaVmLhGpy65nHwbsJyDncn26Qs73D9UG8mjuU4E,1754135937,2025-08-02T13:58:57,5.003e-06,AK1TDZ8TUrLRMGyRHWBNSge8zmtXeRmMHZGsZ41QfpST,inc,2915101341557,2896,2915101344454,CbDVoEzqoB2ghMJEvSEPY98CRfwRzrpqwmuj4sNkcAhy,6,1.0
5GWeAtYFsMi7uoP1Dj6diByHPrijueyYvXdU5QvUEbaPgS8ZXTumE3TCLicJnPVrvbo3ZjArJcY18iRBVFrE8wnq,1754135818,2025-08-02T13:56:58,5.002e-06,AK1TDZ8TUrLRMGyRHWBNSge8zmtXeRmMHZGsZ41QfpST,inc,908764885,121225333,1029990218,So11111111111111111111111111111111111111111,9,1.0
5GWeAtYFsMi7uoP1Dj6diByHPrijueyYvXdU5QvUEbaPgS8ZXTumE3TCLicJnPVrvbo3ZjArJcY18iRBVFrE8wnq,1754135818,2025-08-02T13:56:58,5.002e-06,AK1TDZ8TUrLRMGyRHWBNSge8zmtXeRmMHZGsZ41QfpST,dec,6525300812551,6525300815447,2896,CbDVoEzqoB2ghMJEvSEPY98CRfwRzrpqwmuj4sNkcAhy,6,1.0
3sHxbRoFq7mN1SkneYTvzbxMsSdLy7edc49vGAbY1thXHBDqDG2JRgG3QT7J5qsozzbsiQiai1h7kqzrwBnhLFge,1754135580,2025-08-02T13:53:00,5.003e-06,AK1TDZ8TUrLRMGyRHWBNSge8zmtXeRmMHZGsZ41QfpST,dec,445572368,566803700,121231332,So11111111111111111111111111111111111111111,9,1.0
3sHxbRoFq7mN1SkneYTvzbxMsSdLy7edc49vGAbY1thXHBDqDG2JRgG3QT7J5qsozzbsiQiai1h7kqzrwBnhLFge,1754135580,2025-08-02T13:53:00,5.003e-06,AK1TDZ8TUrLRMGyRHWBNSge8zmtXeRmMHZGsZ41QfpST,inc,3111438245255,3413862570192,6525300815447,CbDVoEzqoB2ghMJEvSEPY98CRfwRzrpqwmuj4sNkcAhy,6,1.0
39VGBkFjgZ6xxjAMquL5wXekzTVNxLFtk5wjwPBNgpfmQmgykFhBH8CkwvG6BsmzdUNrsTsia5StqVmWgb7txPLP,1754135552,2025-08-02T13:52:32,5.003e-06,AK1TDZ8TUrLRMGyRHWBNSge8zmtXeRmMHZGsZ41QfpST,dec,462995630,1029805330,566809700,So11111111111111111111111111111111111111111,9,1.0
39VGBkFjgZ6xxjAMquL5wXekzTVNxLFtk5wjwPBNgpfmQmgykFhBH8CkwvG6BsmzdUNrsTsia5StqVmWgb7txPLP,1754135552,2025-08-02T13:52:32,5.003e-06,AK1TDZ8TUrLRMGyRHWBNSge8zmtXeRmMHZGsZ41QfpST,inc,3386819464464,27043105727,3413862570192,CbDVoEzqoB2ghMJEvSEPY98CRfwRzrpqwmuj4sNkcAhy,6,1.0
2jwa7PvvkdpHn33b31qTyKWRtfwiA5wemSgPBWjwTvSeGzVhwuahhtDfvwyhMNKadpjZyQKZedCy1VRhqYxoM1w,1754135480,2025-08-02T13:51:20,5.002e-06,AK1TDZ8TUrLRMGyRHWBNSge8zmtXeRmMHZGsZ41QfpST,inc,963911969,65899362,1029811331,So11111111111111111111111111111111111111111,9,1.0
2jwa7PvvkdpHn33b31qTyKWRtfwiA5wemSgPBWjwTvSeGzVhwuahhtDfvwyhMNKadpjZyQKZedCy1VRhqYxoM1w,1754135480,2025-08-02T13:51:20,5.002e-06,AK1TDZ8TUrLRMGyRHWBNSge8zmtXeRmMHZGsZ41QfpST,dec,6937396334308,6964439440035,27043105727,CbDVoEzqoB2ghMJEvSEPY98CRfwRzrpqwmuj4sNkcAhy,6,1.0
4YEEFrKvGiramJUMaraMkBZAuqWdARkygb2DhtANM2zrpSEqbJrpeNLF1fkTpeS5awiNWWXQy53J53m5X8j41KZD,1754135400,2025-08-02T13:50:00,5.003e-06,AK1TDZ8TUrLRMGyRHWBNSge8zmtXeRmMHZGsZ41QfpST,dec,207661623,273566985,65905361,So11111111111111111111111111111111111111111,9,1.0
4YEEFrKvGiramJUMaraMkBZAuqWdARkygb2DhtANM2zrpSEqbJrpeNLF1fkTpeS5awiNWWXQy53J53m5X8j41KZD,1754135400,2025-08-02T13:50:00,5.003e-06,AK1TDZ8TUrLRMGyRHWBNSge8zmtXeRmMHZGsZ41QfpST,inc,1391388182496,5573051257539,6964439440035,CbDVoEzqoB2ghMJEvSEPY98CRfwRzrpqwmuj4sNkcAhy,6,1.0
4KyrzQSPByDh3342v5BwZZMZCYdH6izzCum13W8bmpf9NhsVRBgPdUwQn9tkPqmyMwEXVESQ6hG917nKLFAAF5vT,1754135397,2025-08-02T13:49:57,5.003e-06,AK1TDZ8TUrLRMGyRHWBNSge8zmtXeRmMHZGsZ41QfpST,dec,335552327,609125313,273572985,So11111111111111111111111111111111111111111,9,1.0
4KyrzQSPByDh3342v5BwZZMZCYdH6izzCum13W8bmpf9NhsVRBgPdUwQn9tkPqmyMwEXVESQ6hG917nKLFAAF5vT,1754135397,2025-08-02T13:49:57,5.003e-06,AK1TDZ8TUrLRMGyRHWBNSge8zmtXeRmMHZGsZ41QfpST,inc,2263879431525,3309171826014,5573051257539,CbDVoEzqoB2ghMJEvSEPY98CRfwRzrpqwmuj4sNkcAhy,6,1.0
5bxTkFeiNxGn3FHTeq3Yi5YzJQ1jCLy6grdHzDxpLKBi93MMX5cAr4AjU9jVwpUhMUpzqTQDDioqePELQejrKV1z,1754135356,2025-08-02T13:49:16,5.003e-06,AK1TDZ8TUrLRMGyRHWBNSge8zmtXeRmMHZGsZ41QfpST,dec,229404014,838535328,609131313,So11111111111111111111111111111111111111111,9,1.0
5bxTkFeiNxGn3FHTeq3Yi5YzJQ1jCLy6grdHzDxpLKBi93MMX5cAr4AjU9jVwpUhMUpzqTQDDioqePELQejrKV1z,1754135356,2025-08-02T13:49:16,5.003e-06,AK1TDZ8TUrLRMGyRHWBNSge8zmtXeRmMHZGsZ41QfpST,inc,1455236174378,1853935651636,3309171826014,CbDVoEzqoB2ghMJEvSEPY98CRfwRzrpqwmuj4sNkcAhy,6,1.0
2N7Hrsgav9r6pBveyP3DkRcAcQLEdf6wzUDNaV1PvJFWJkzDZZtdVnPzEVs8PQhsukeC6Tf3xDU6YQmatAyVEuUE,1754135351,2025-08-02T13:49:11,5.002e-06,AK1TDZ8TUrLRMGyRHWBNSge8zmtXeRmMHZGsZ41QfpST,dec,5127121826,1859062773462,1853935651636,CbDVoEzqoB2ghMJEvSEPY98CRfwRzrpqwmuj4sNkcAhy,6,1.0
5V2wuhJhbbfxsbEK1xzJT7Dy9t2mXnrV9vxgRNWtEv4KnDjg6LN8WSsDsyYL8fDbhktVE5gYLx1ZCLgfq3izArP9,1754135350,2025-08-02T13:49:10,5.003e-06,AK1TDZ8TUrLRMGyRHWBNSge8zmtXeRmMHZGsZ41QfpST,dec,292940320,1130681808,837741488,So11111111111111111111111111111111111111111,9,1.0
5V2wuhJhbbfxsbEK1xzJT7Dy9t2mXnrV9vxgRNWtEv4KnDjg6LN8WSsDsyYL8fDbhktVE5gYLx1ZCLgfq3izArP9,1754135350,2025-08-02T13:49:10,5.003e-06,AK1TDZ8TUrLRMGyRHWBNSge8zmtXeRmMHZGsZ41QfpST,inc,1853955851189,5106922273,1859062773462,CbDVoEzqoB2ghMJEvSEPY98CRfwRzrpqwmuj4sNkcAhy,6,1.0
5dtQrXwW9CsaUjuhorCcGyEsNw16dCba9vFpzy1ZcZ6CkL2n7VBVYiHCdLV5N77uhKXcoqyVpbcG9wgasLCsQi9c,1754135324,2025-08-02T13:48:44,5.002e-06,AK1TDZ8TUrLRMGyRHWBNSge8zmtXeRmMHZGsZ41QfpST,inc,409795395,720892413,1130687808,So11111111111111111111111111111111111111111,9,1.0
5dtQrXwW9CsaUjuhorCcGyEsNw16dCba9vFpzy1ZcZ6CkL2n7VBVYiHCdLV5N77uhKXcoqyVpbcG9wgasLCsQi9c,1754135324,2025-08-02T13:48:44,5.002e-06,AK1TDZ8TUrLRMGyRHWBNSge8zmtXeRmMHZGsZ41QfpST,dec,2552450168866,2557557091139,5106922273,CbDVoEzqoB2ghMJEvSEPY98CRfwRzrpqwmuj4sNkcAhy,6,1.0
3ZgTkatfGpCp3ss5Z1RyxuZrsT2TxnSSZkLjeJdAtqzHcu7z6zKbV3QU6nmZhjAB34e34rjZ3ykhhi84bAqCBqyH,1754135315,2025-08-02T13:48:35,5.003e-06,AK1TDZ8TUrLRMGyRHWBNSge8zmtXeRmMHZGsZ41QfpST,dec,409415021,1130313435,720898413,So11111111111111111111111111111111111111111,9,1.0
3ZgTkatfGpCp3ss5Z1RyxuZrsT2TxnSSZkLjeJdAtqzHcu7z6zKbV3QU6nmZhjAB34e34rjZ3ykhhi84bAqCBqyH,1754135315,2025-08-02T13:48:35,5.003e-06,AK1TDZ8TUrLRMGyRHWBNSge8zmtXeRmMHZGsZ41QfpST,inc,2551134732823,6422358316,2557557091139,CbDVoEzqoB2ghMJEvSEPY98CRfwRzrpqwmuj4sNkcAhy,6,1.0
wo6DrjeuJPZ6fGpZWFsfcQJg9Rm1ZsCiwUQWvRnvqY1XUJDgmAB9fNCwi4CuGMiz88RJEkNrz4ScaQVqfr4wEQz,1754135301,2025-08-02T13:48:21,5.002e-06,AK1TDZ8TUrLRMGyRHWBNSge8zmtXeRmMHZGsZ41QfpST,inc,305538449,824780986,1130319435,So11111111111111111111111111111111111111111,9,1.0
wo6DrjeuJPZ6fGpZWFsfcQJg9Rm1ZsCiwUQWvRnvqY1XUJDgmAB9fNCwi4CuGMiz88RJEkNrz4ScaQVqfr4wEQz,1754135301,2025-08-02T13:48:21,5.002e-06,AK1TDZ8TUrLRMGyRHWBNSge8zmtXeRmMHZGsZ41QfpST,dec,1951385337677,1957807695994,6422358316,CbDVoEzqoB2ghMJEvSEPY98CRfwRzrpqwmuj4sNkcAhy,6,1.0
5B8LYdWUn5CrG4f2LNB8Dhnxpw4zeHvhmawkn19xs2XabPuphBweg9Lck4SJTNcDoydW58Hdp1KSGWs6sxbZEwQz,1754135231,2025-08-02T13:47:11,5.003e-06,AK1TDZ8TUrLRMGyRHWBNSge8zmtXeRmMHZGsZ41QfpST,dec,283481312,1108268298,824786986,So11111111111111111111111111111111111111111,9,1.0
5B8LYdWUn5CrG4f2LNB8Dhnxpw4zeHvhmawkn19xs2XabPuphBweg9Lck4SJTNcDoydW58Hdp1KSGWs6sxbZEwQz,1754135231,2025-08-02T13:47:11,5.003e-06,AK1TDZ8TUrLRMGyRHWBNSge8zmtXeRmMHZGsZ41QfpST,inc,1957807692609,3385,1957807695994,CbDVoEzqoB2ghMJEvSEPY98CRfwRzrpqwmuj4sNkcAhy,6,1.0
4LoUpPbNob3jJEyVpjHikrWaDjjudA8zyzhqmmsN1f7UJ9cWff11H2fjXhZ84EUdfnxT5WtHcoRAeWz3Mni8exAf,1754135148,2025-08-02T13:45:48,5.002e-06,AK1TDZ8TUrLRMGyRHWBNSge8zmtXeRmMHZGsZ41QfpST,dec,7184,10569,3385,CbDVoEzqoB2ghMJEvSEPY98CRfwRzrpqwmuj4sNkcAhy,6,1.0
4Uc5kw9Ut1BWP5AK6h2MUHu7ecrdmm1BptkwjwJQGoLE6i2fJkwo2mWLoXFXnexfE4HjtLLBo9ExRQx3rTjdH2T5,1754135144,2025-08-02T13:45:44,5.002e-06,AK1TDZ8TUrLRMGyRHWBNSge8zmtXeRmMHZGsZ41QfpST,dec,730830,741400,10569,CbDVoEzqoB2ghMJEvSEPY98CRfwRzrpqwmuj4sNkcAhy,6,1.0
5mLLNAoVEttk7BJZzYd4w6sYTaSUMe2r53YZq3irxTnobmo77cy72jZLKBQ33gBTPkoYxDgZH7Jc5efoSwvotuMs,1754135141,2025-08-02T13:45:41,5.002e-06,AK1TDZ8TUrLRMGyRHWBNSge8zmtXeRmMHZGsZ41QfpST,dec,136229163,136970563,741400,CbDVoEzqoB2ghMJEvSEPY98CRfwRzrpqwmuj4sNkcAhy,6,1.0
29JJh51Hf2r2ZWwMUdTFDn6v5czUt6jygTh3awxFhKarDrvHqj61GRHyVGzPsDc3akM1yHimMLkTc9egJk46beqr,1754135092,2025-08-02T13:44:52,5.002e-06,AK1TDZ8TUrLRMGyRHWBNSge8zmtXeRmMHZGsZ41QfpST,inc,5090540,1103198054,1108288594,So11111111111111111111111111111111111111111,9,1.0
29JJh51Hf2r2ZWwMUdTFDn6v5czUt6jygTh3awxFhKarDrvHqj61GRHyVGzPsDc3akM1yHimMLkTc9egJk46beqr,1754135092,2025-08-02T13:44:52,5.002e-06,AK1TDZ8TUrLRMGyRHWBNSge8zmtXeRmMHZGsZ41QfpST,dec,40236154494,40373125058,136970563,CbDVoEzqoB2ghMJEvSEPY98CRfwRzrpqwmuj4sNkcAhy,6,1.0
4L8XwY4CorHTcwYj3TkXWP8G6iuz612XYAqHzhKXJJb8J9CWTCPP69ZuQ8Pc1NZz8RfGCHy89bumoxafsqLLx6tY,1754135027,2025-08-02T13:43:47,5.002e-06,AK1TDZ8TUrLRMGyRHWBNSge8zmtXeRmMHZGsZ41QfpST,inc,570206933,532997120,1103204054,So11111111111111111111111111111111111111111,9,1.0
4L8XwY4CorHTcwYj3TkXWP8G6iuz612XYAqHzhKXJJb8J9CWTCPP69ZuQ8Pc1NZz8RfGCHy89bumoxafsqLLx6tY,1754135027,2025-08-02T13:43:47,5.002e-06,AK1TDZ8TUrLRMGyRHWBNSge8zmtXeRmMHZGsZ41QfpST,dec,4467736906752,4508110031810,40373125058,CbDVoEzqoB2ghMJEvSEPY98CRfwRzrpqwmuj4sNkcAhy,6,1.0
8tZQBEVGuhLLtxbJyxYQEJsf5MkQnUcCLmh32bNbz98dFhh1QjNShd5x5gjzDGe85wpVmiPazVADW95fn7xU4cB,1754134869,2025-08-02T13:41:09,5.003e-06,AK1TDZ8TUrLRMGyRHWBNSge8zmtXeRmMHZGsZ41QfpST,dec,358948953,891952075,533003121,So11111111111111111111111111111111111111111,9,1.0
8tZQBEVGuhLLtxbJyxYQEJsf5MkQnUcCLmh32bNbz98dFhh1QjNShd5x5gjzDGe85wpVmiPazVADW95fn7xU4cB,1754134869,2025-08-02T13:41:09,5.003e-06,AK1TDZ8TUrLRMGyRHWBNSge8zmtXeRmMHZGsZ41QfpST,inc,3455782532210,1052327499600,4508110031810,CbDVoEzqoB2ghMJEvSEPY98CRfwRzrpqwmuj4sNkcAhy,6,1.0
3e1MJED9oXGxuashQd28irT2U4u3hAv2aHiWXbE9M83gY6zXKontazqQec7cdngyHZWexNyXaWKgPdPaF9NXFSQY,1754134860,2025-08-02T13:41:00,5.004e-06,AK1TDZ8TUrLRMGyRHWBNSge8zmtXeRmMHZGsZ41QfpST,dec,109541925,1001500000,891958075,So11111111111111111111111111111111111111111,9,1.0
3e1MJED9oXGxuashQd28irT2U4u3hAv2aHiWXbE9M83gY6zXKontazqQec7cdngyHZWexNyXaWKgPdPaF9NXFSQY,1754134860,2025-08-02T13:41:00,5.004e-06,AK1TDZ8TUrLRMGyRHWBNSge8zmtXeRmMHZGsZ41QfpST,inc,1052327499600,0,1052327499600,CbDVoEzqoB2ghMJEvSEPY98CRfwRzrpqwmuj4sNkcAhy,6,1.0
4GQWdqLfvJ3JsmJh6ApYazXpjS1DRKQej4ABe7kUbcPZCsgzqqWFgjoHoVUr8XRkYA7DvxsotZXsGSGMjQ1x2j8n,1754134760,2025-08-02T13:39:20,2.8598e-05,AK1TDZ8TUrLRMGyRHWBNSge8zmtXeRmMHZGsZ41QfpST,inc,1000000000,1500000,1001500000,So11111111111111111111111111111111111111111,9,1.0
4N2X9nKSxJNLaNn5vmXnwHNwQtMZQu6D1ZnHVh6ZDvWbjc2aiSHvbQXhsis745KA2XmYLBBLGKUfcyMfLNt6j9La,1754134633,2025-08-02T13:37:13,6.12e-05,AK1TDZ8TUrLRMGyRHWBNSge8zmtXeRmMHZGsZ41QfpST,dec,41851049,43351049,1500000,So11111111111111111111111111111111111111111,9,1.0
WQ7ZnpUCtvCFjt12N5eF7VMmkNkdN3iANdFqhLZVGb6njKWR8Kx5XG7E1gKU1sJf7LtHn1fEV7eezCRLRWtFYxv,1754133853,2025-08-02T13:24:13,5.003e-06,AK1TDZ8TUrLRMGyRHWBNSge8zmtXeRmMHZGsZ41QfpST,dec,519870740,563227789,43357049,So11111111111111111111111111111111111111111,9,1.0
WQ7ZnpUCtvCFjt12N5eF7VMmkNkdN3iANdFqhLZVGb6njKWR8Kx5XG7E1gKU1sJf7LtHn1fEV7eezCRLRWtFYxv,1754133853,2025-08-02T13:24:13,5.003e-06,AK1TDZ8TUrLRMGyRHWBNSge8zmtXeRmMHZGsZ41QfpST,inc,3570925810283,3936366826964,7507292637247,idud9FEfCBbNHUdezPUCoEj51Pc4bHVv53cmBLvN6PR,6,1.0
44S1kSx1xGs7tL4MhDFqBnb2xN3SrHdyNgggQGDcniXbFybvY9ENAYtsTxYqvFzPNbruMveFZ9L1CGYe4Q5J6qCs,1754133819,2025-08-02T13:23:39,5.003e-06,AK1TDZ8TUrLRMGyRHWBNSge8zmtXeRmMHZGsZ41QfpST,dec,520958324,1084192114,563233789,So11111111111111111111111111111111111111111,9,1.0
44S1kSx1xGs7tL4MhDFqBnb2xN3SrHdyNgggQGDcniXbFybvY9ENAYtsTxYqvFzPNbruMveFZ9L1CGYe4Q5J6qCs,1754133819,2025-08-02T13:23:39,5.003e-06,AK1TDZ8TUrLRMGyRHWBNSge8zmtXeRmMHZGsZ41QfpST,inc,3883165754384,53201072579,3936366826964,idud9FEfCBbNHUdezPUCoEj51Pc4bHVv53cmBLvN6PR,6,1.0
gCfdXGmUn7eaQpqQeroy6RcWDavVobALGziUB7rRGCeyoQDLQPYsVGy7J7W1Lq6RqeqCa7CuHXuZt5MqhWd5M6T,1754133797,2025-08-02T13:23:17,5.002e-06,AK1TDZ8TUrLRMGyRHWBNSge8zmtXeRmMHZGsZ41QfpST,inc,813530119,270667995,1084198114,So11111111111111111111111111111111111111111,9,1.0
gCfdXGmUn7eaQpqQeroy6RcWDavVobALGziUB7rRGCeyoQDLQPYsVGy7J7W1Lq6RqeqCa7CuHXuZt5MqhWd5M6T,1754133797,2025-08-02T13:23:17,5.002e-06,AK1TDZ8TUrLRMGyRHWBNSge8zmtXeRmMHZGsZ41QfpST,dec,6120098413300,6173299485879,53201072579,idud9FEfCBbNHUdezPUCoEj51Pc4bHVv53cmBLvN6PR,6,1.0
2XsDw1miAvWk6LwKoPDwKSgtMvSpKSHCTeAitEU2un6TrFNeWKfdGNuF1eSqVyeZNkRNEQwhD4hUonKyWyv4D1ZT,1754133699,2025-08-02T13:21:39,5.003e-06,AK1TDZ8TUrLRMGyRHWBNSge8zmtXeRmMHZGsZ41QfpST,dec,383405329,654079324,270673995,So11111111111111111111111111111111111111111,9,1.0
2XsDw1miAvWk6LwKoPDwKSgtMvSpKSHCTeAitEU2un6TrFNeWKfdGNuF1eSqVyeZNkRNEQwhD4hUonKyWyv4D1ZT,1754133699,2025-08-02T13:21:39,5.003e-06,AK1TDZ8TUrLRMGyRHWBNSge8zmtXeRmMHZGsZ41QfpST,inc,2828220144710,3345079341169,6173299485879,idud9FEfCBbNHUdezPUCoEj51Pc4bHVv53cmBLvN6PR,6,1.0
3iEiXpL69YNxbnd22UYZreZN2Hqx5qVh2iEdugDD1ByRT6k2TfCBvukZUquABgwPSjm7HNLTgwDnzNyEy3f6RTmV,1754133691,2025-08-02T13:21:31,5.003e-06,AK1TDZ8TUrLRMGyRHWBNSge8zmtXeRmMHZGsZ41QfpST,dec,461410668,1115495992,654085324,So11111111111111111111111111111111111111111,9,1.0
3iEiXpL69YNxbnd22UYZreZN2Hqx5qVh2iEdugDD1ByRT6k2TfCBvukZUquABgwPSjm7HNLTgwDnzNyEy3f6RTmV,1754133691,2025-08-02T13:21:31,5.003e-06,AK1TDZ8TUrLRMGyRHWBNSge8zmtXeRmMHZGsZ41QfpST,inc,3323318597584,21760743585,3345079341169,idud9FEfCBbNHUdezPUCoEj51Pc4bHVv53cmBLvN6PR,6,1.0
55j36ZrrTJBLVFgarUqMK6YKrVp2PekZbznrrgFC8ERgszbkqQ2SH3b196JiJcHt1MwNNKGQmxKxKWGRen1uUJLR,1754133690,2025-08-02T13:21:30,5.002e-06,AK1TDZ8TUrLRMGyRHWBNSge8zmtXeRmMHZGsZ41QfpST,inc,508138275,607363716,1115501992,So11111111111111111111111111111111111111111,9,1.0
55j36ZrrTJBLVFgarUqMK6YKrVp2PekZbznrrgFC8ERgszbkqQ2SH3b196JiJcHt1MwNNKGQmxKxKWGRen1uUJLR,1754133690,2025-08-02T13:21:30,5.002e-06,AK1TDZ8TUrLRMGyRHWBNSge8zmtXeRmMHZGsZ41QfpST,dec,3712724757326,3734485500911,21760743585,idud9FEfCBbNHUdezPUCoEj51Pc4bHVv53cmBLvN6PR,6,1.0
2acpj1FfeCCqBR4TsyD2VmdhY1uEsYEz5HfFgPE81KDK8rpRbRbLFhj7Vo8NwVoSBteVuMBps4gueMiRm4tSNBPo,1754133515,2025-08-02T13:18:35,5.003e-06,AK1TDZ8TUrLRMGyRHWBNSge8zmtXeRmMHZGsZ41QfpST,dec,521368534,1128738250,607369716,So11111111111111111111111111111111111111111,9,1.0
2acpj1FfeCCqBR4TsyD2VmdhY1uEsYEz5HfFgPE81KDK8rpRbRbLFhj7Vo8NwVoSBteVuMBps4gueMiRm4tSNBPo,1754133515,2025-08-02T13:18:35,5.003e-06,AK1TDZ8TUrLRMGyRHWBNSge8zmtXeRmMHZGsZ41QfpST,inc,3734485500602,309,3734485500911,idud9FEfCBbNHUdezPUCoEj51Pc4bHVv53cmBLvN6PR,6,1.0
5mPLUZrhT6ug62DhEqCiuLhUnVFFAKjVEx4G4Lucqn7oRXtHFACJTZu3YcMMSuntzzeuCRmhjc845tLXWg7RSJAw,1754133498,2025-08-02T13:18:18,5.002e-06,AK1TDZ8TUrLRMGyRHWBNSge8zmtXeRmMHZGsZ41QfpST,inc,698111792,430632458,1128744250,So11111111111111111111111111111111111111111,9,1.0
5mPLUZrhT6ug62DhEqCiuLhUnVFFAKjVEx4G4Lucqn7oRXtHFACJTZu3YcMMSuntzzeuCRmhjc845tLXWg7RSJAw,1754133498,2025-08-02T13:18:18,5.002e-06,AK1TDZ8TUrLRMGyRHWBNSge8zmtXeRmMHZGsZ41QfpST,dec,5134065184099,5134065184408,309,idud9FEfCBbNHUdezPUCoEj51Pc4bHVv53cmBLvN6PR,6,1.0
4AdxJnHwfVxh3BrtADnXzTwzzM1zb15uWSvZ8XdJNMgGVduGEnt9n8qWVW5GFUFps6TLq7uztC5DNpbfAsXHrhzT,1754133497,2025-08-02T13:18:17,5.003e-06,AK1TDZ8TUrLRMGyRHWBNSge8zmtXeRmMHZGsZ41QfpST,dec,282657688,713296146,430638458,So11111111111111111111111111111111111111111,9,1.0
4AdxJnHwfVxh3BrtADnXzTwzzM1zb15uWSvZ8XdJNMgGVduGEnt9n8qWVW5GFUFps6TLq7uztC5DNpbfAsXHrhzT,1754133497,2025-08-02T13:18:17,5.003e-06,AK1TDZ8TUrLRMGyRHWBNSge8zmtXeRmMHZGsZ41QfpST,inc,2060342029729,3073723154678,5134065184408,idud9FEfCBbNHUdezPUCoEj51Pc4bHVv53cmBLvN6PR,6,1.0
ENWNgtXgttFcXHMFQ7TNbgPkNTgVZQfRAThLKiRmGsLCDiprPss7TwRM2Uix2LYZwKDchJBu6Auv6WmyoUTcBrG,1754133444,2025-08-02T13:17:24,5.003e-06,AK1TDZ8TUrLRMGyRHWBNSge8zmtXeRmMHZGsZ41QfpST,dec,410742996,1124045142,713302146,So11111111111111111111111111111111111111111,9,1.0
ENWNgtXgttFcXHMFQ7TNbgPkNTgVZQfRAThLKiRmGsLCDiprPss7TwRM2Uix2LYZwKDchJBu6Auv6WmyoUTcBrG,1754133444,2025-08-02T13:17:24,5.003e-06,AK1TDZ8TUrLRMGyRHWBNSge8zmtXeRmMHZGsZ41QfpST,inc,3073723148738,5940,3073723154678,idud9FEfCBbNHUdezPUCoEj51Pc4bHVv53cmBLvN6PR,6,1.0
3rCfihTVKgkydAnLnoXv8wBZ2TCgxPWvv6u3HRPokLht5W9Gdchn7BYdceUFXiBHwyLACLyRpob6TSRBjB2qmnaw,1754133333,2025-08-02T13:15:33,5.002e-06,AK1TDZ8TUrLRMGyRHWBNSge8zmtXeRmMHZGsZ41QfpST,inc,704120123,419931018,1124051142,So11111111111111111111111111111111111111111,9,1.0
3rCfihTVKgkydAnLnoXv8wBZ2TCgxPWvv6u3HRPokLht5W9Gdchn7BYdceUFXiBHwyLACLyRpob6TSRBjB2qmnaw,1754133333,2025-08-02T13:15:33,5.002e-06,AK1TDZ8TUrLRMGyRHWBNSge8zmtXeRmMHZGsZ41QfpST,dec,5059690543350,5059690549290,5940,idud9FEfCBbNHUdezPUCoEj51Pc4bHVv53cmBLvN6PR,6,1.0
52Hgq9odrcf538yddSq8dCC4ZPnpoDJfRdhQRrogZd5fPyjDZbn8FddrtKpe7RAgRL5ieUVqtdSthyCCJ6eY1ieM,1754133138,2025-08-02T13:12:18,5.003e-06,AK1TDZ8TUrLRMGyRHWBNSge8zmtXeRmMHZGsZ41QfpST,dec,120597425,540534440,419937014,So11111111111111111111111111111111111111111,9,1.0
52Hgq9odrcf538yddSq8dCC4ZPnpoDJfRdhQRrogZd5fPyjDZbn8FddrtKpe7RAgRL5ieUVqtdSthyCCJ6eY1ieM,1754133138,2025-08-02T13:12:18,5.003e-06,AK1TDZ8TUrLRMGyRHWBNSge8zmtXeRmMHZGsZ41QfpST,inc,991331023590,4068359525700,5059690549290,idud9FEfCBbNHUdezPUCoEj51Pc4bHVv53cmBLvN6PR,6,1.0
UmbEv5d59aJ8fTZxtonC7axCR7q7nwoinkHCPgJgoYn9eaRw6y5y8KaHL92UMwxdKNP3uBvj7xcwrtxukrGdN1Z,1754133055,2025-08-02T13:10:55,5.003e-06,AK1TDZ8TUrLRMGyRHWBNSge8zmtXeRmMHZGsZ41QfpST,dec,487188449,1027728889,540540440,So11111111111111111111111111111111111111111,9,1.0
UmbEv5d59aJ8fTZxtonC7axCR7q7nwoinkHCPgJgoYn9eaRw6y5y8KaHL92UMwxdKNP3uBvj7xcwrtxukrGdN1Z,1754133055,2025-08-02T13:10:55,5.003e-06,AK1TDZ8TUrLRMGyRHWBNSge8zmtXeRmMHZGsZ41QfpST,inc,4031534769666,36824756034,4068359525700,idud9FEfCBbNHUdezPUCoEj51Pc4bHVv53cmBLvN6PR,6,1.0
3jTUkn7FSfNV4oM1S8RaWugwWdsJhw185VLXBXrmdfro4TwifVN1DrTCgwjkjciNXfZfmLTq7uRVZkPJ23NPt8aN,1754133054,2025-08-02T13:10:54,5.002e-06,AK1TDZ8TUrLRMGyRHWBNSge8zmtXeRmMHZGsZ41QfpST,inc,314939441,712795449,1027734890,So11111111111111111111111111111111111111111,9,1.0
3jTUkn7FSfNV4oM1S8RaWugwWdsJhw185VLXBXrmdfro4TwifVN1DrTCgwjkjciNXfZfmLTq7uRVZkPJ23NPt8aN,1754133054,2025-08-02T13:10:54,5.002e-06,AK1TDZ8TUrLRMGyRHWBNSge8zmtXeRmMHZGsZ41QfpST,dec,2623686606848,2660511362882,36824756034,idud9FEfCBbNHUdezPUCoEj51Pc4bHVv53cmBLvN6PR,6,1.0
4Y4Pt2CZtop7ptH5TVHNh6A4Li1dZyfE8YVZSua7TAKR8uo1RrtFRFRUsZzRGAcHgLmwxbTcUr8t4rWR8upAADeb,1754133009,2025-08-02T13:10:09,5.004e-06,AK1TDZ8TUrLRMGyRHWBNSge8zmtXeRmMHZGsZ41QfpST,dec,288698551,1001500000,712801449,So11111111111111111111111111111111111111111,9,1.0
4Y4Pt2CZtop7ptH5TVHNh6A4Li1dZyfE8YVZSua7TAKR8uo1RrtFRFRUsZzRGAcHgLmwxbTcUr8t4rWR8upAADeb,1754133009,2025-08-02T13:10:09,5.004e-06,AK1TDZ8TUrLRMGyRHWBNSge8zmtXeRmMHZGsZ41QfpST,inc,2660511362882,0,2660511362882,idud9FEfCBbNHUdezPUCoEj51Pc4bHVv53cmBLvN6PR,6,1.0
2Qx2SjPiA8syG7pUU2gQoNPkEARaD3Zma1nXBisE7vJNbgkR7R7BTicTG37JbZBytyWZQXGzmDBaVH6TG1c48PZA,1754132880,2025-08-02T13:08:00,1.7375e-05,AK1TDZ8TUrLRMGyRHWBNSge8zmtXeRmMHZGsZ41QfpST,inc,1000000000,1500000,1001500000,So11111111111111111111111111111111111111111,9,1.0
2Cbuj7JibT6dvVfFvULszr5o38RU1Fr5gHF6bbHMFR4F3o5TR1tyxjK3PWPKykZ5PK13dXVcbTrjFk5VwRT4NVQj,1754132396,2025-08-02T12:59:56,1e-05,AK1TDZ8TUrLRMGyRHWBNSge8zmtXeRmMHZGsZ41QfpST,dec,3117481370631,3117481370631,0,FMCdNWxBJ6rZQn2TVG9uMW9K9wYGAw4DQQE9xypeZ5m2,6,1.0
2UhDQmXNCDVwYQhVdU6i8x1DyPmEewjnfiG6HhsSTLVvKVfUDKHSAJZdZrd2P9WqzYJDRYZdF3uxVc3xoXWRJHXt,1754132355,2025-08-02T12:59:15,5.5125e-05,AK1TDZ8TUrLRMGyRHWBNSge8zmtXeRmMHZGsZ41QfpST,dec,630085716,631585716,1500000,So11111111111111111111111111111111111111111,9,1.0
5U2WBHJrkJz3u1vbhFcEyz47pEC85tBzDu5QsDdo41s561bCa3tuAyCwpS6UdJCKaNGh3soRyYSymXAgxKqpmrQZ,1754132270,2025-08-02T12:57:50,5.003e-06,AK1TDZ8TUrLRMGyRHWBNSge8zmtXeRmMHZGsZ41QfpST,dec,445851323,1077443040,631591716,So11111111111111111111111111111111111111111,9,1.0
5U2WBHJrkJz3u1vbhFcEyz47pEC85tBzDu5QsDdo41s561bCa3tuAyCwpS6UdJCKaNGh3soRyYSymXAgxKqpmrQZ,1754132270,2025-08-02T12:57:50,5.003e-06,AK1TDZ8TUrLRMGyRHWBNSge8zmtXeRmMHZGsZ41QfpST,inc,3117481364227,6404,3117481370631,FMCdNWxBJ6rZQn2TVG9uMW9K9wYGAw4DQQE9xypeZ5m2,6,1.0
5zWtXfKWRU1pdXKrySAZcwhM6a4CudDQHujRFC9MvR8W9q1f1YmtndTNJ67xZeef91NWEHGCLAxjVskrqjB4oCQb,1754132221,2025-08-02T12:57:01,5.002e-06,AK1TDZ8TUrLRMGyRHWBNSge8zmtXeRmMHZGsZ41QfpST,inc,371809907,705639133,1077449040,So11111111111111111111111111111111111111111,9,1.0
5zWtXfKWRU1pdXKrySAZcwhM6a4CudDQHujRFC9MvR8W9q1f1YmtndTNJ67xZeef91NWEHGCLAxjVskrqjB4oCQb,1754132221,2025-08-02T12:57:01,5.002e-06,AK1TDZ8TUrLRMGyRHWBNSge8zmtXeRmMHZGsZ41QfpST,dec,2580228498511,2580228504915,6404,FMCdNWxBJ6rZQn2TVG9uMW9K9wYGAw4DQQE9xypeZ5m2,6,1.0
5XtV2zYUAYQPXrxD5wfq3NtwPJiahypwtzWebB4FuL82AtHhv9r1Qn1hNWktUCK66QfmapmxXp8Qmqk9PBcf6Hhs,1754132198,2025-08-02T12:56:38,5.003e-06,AK1TDZ8TUrLRMGyRHWBNSge8zmtXeRmMHZGsZ41QfpST,dec,375657144,1081302278,705645133,So11111111111111111111111111111111111111111,9,1.0
5XtV2zYUAYQPXrxD5wfq3NtwPJiahypwtzWebB4FuL82AtHhv9r1Qn1hNWktUCK66QfmapmxXp8Qmqk9PBcf6Hhs,1754132198,2025-08-02T12:56:38,5.003e-06,AK1TDZ8TUrLRMGyRHWBNSge8zmtXeRmMHZGsZ41QfpST,inc,2580226277410,2227505,2580228504915,FMCdNWxBJ6rZQn2TVG9uMW9K9wYGAw4DQQE9xypeZ5m2,6,1.0
81GPWHjLtUX6UvFhwkbV8gdQe2fvqicHu2g284pN33tsBXYsKGG5w84hJ8oAmpVQBs53SrCzg5amLdu7o4jdq8Q,1754132192,2025-08-02T12:56:32,5.002e-06,AK1TDZ8TUrLRMGyRHWBNSge8zmtXeRmMHZGsZ41QfpST,dec,238715060,240942565,2227505,FMCdNWxBJ6rZQn2TVG9uMW9K9wYGAw4DQQE9xypeZ5m2,6,1.0
2MbuJunsLfxcVfqenFnqxCNZd7KHVWN5nRAsyvsnZey2W33uxpk3ZZi2JvC8ow52YamvnsSBGo5DY3hmaz9LJHKR,1754132183,2025-08-02T12:56:23,5.002e-06,AK1TDZ8TUrLRMGyRHWBNSge8zmtXeRmMHZGsZ41QfpST,inc,3885839,1077398944,1081284784,So11111111111111111111111111111111111111111,9,1.0
2MbuJunsLfxcVfqenFnqxCNZd7KHVWN5nRAsyvsnZey2W33uxpk3ZZi2JvC8ow52YamvnsSBGo5DY3hmaz9LJHKR,1754132183,2025-08-02T12:56:23,5.002e-06,AK1TDZ8TUrLRMGyRHWBNSge8zmtXeRmMHZGsZ41QfpST,dec,27656001611,27896944176,240942565,FMCdNWxBJ6rZQn2TVG9uMW9K9wYGAw4DQQE9xypeZ5m2,6,1.0
3owWRWQUHTTSH4wsdxJUPFmBLpuMPVm63pJcVV6JDNEw7TRunS1kBgToq9NgDMD6JPgBzQo1R33FDGFxJDgv38Vo,1754132138,2025-08-02T12:55:38,5.002e-06,AK1TDZ8TUrLRMGyRHWBNSge8zmtXeRmMHZGsZ41QfpST,inc,656581070,420823874,1077404944,So11111111111111111111111111111111111111111,9,1.0
3owWRWQUHTTSH4wsdxJUPFmBLpuMPVm63pJcVV6JDNEw7TRunS1kBgToq9NgDMD6JPgBzQo1R33FDGFxJDgv38Vo,1754132138,2025-08-02T12:55:38,5.002e-06,AK1TDZ8TUrLRMGyRHWBNSge8zmtXeRmMHZGsZ41QfpST,dec,4708497695452,4736394639628,27896944176,FMCdNWxBJ6rZQn2TVG9uMW9K9wYGAw4DQQE9xypeZ5m2,6,1.0
5yL6SgfATX7QXVZXkvonz6pkhPAYKEaV4tmZZJPS1mHSHtvawc3fSGjQWysxSd9Fae15aqK6u1AjgoBHB9yCHAes,1754132102,2025-08-02T12:55:02,5.003e-06,AK1TDZ8TUrLRMGyRHWBNSge8zmtXeRmMHZGsZ41QfpST,dec,209215274,630045149,420829874,So11111111111111111111111111111111111111111,9,1.0
5yL6SgfATX7QXVZXkvonz6pkhPAYKEaV4tmZZJPS1mHSHtvawc3fSGjQWysxSd9Fae15aqK6u1AjgoBHB9yCHAes,1754132102,2025-08-02T12:55:02,5.003e-06,AK1TDZ8TUrLRMGyRHWBNSge8zmtXeRmMHZGsZ41QfpST,inc,1523894290918,3212500348709,4736394639628,FMCdNWxBJ6rZQn2TVG9uMW9K9wYGAw4DQQE9xypeZ5m2,6,1.0
rn2PAn9eY8J8rfG8EqXCZvRWpTbwiECMDipLikKuejPkAjH6AGBEQ6c6VHcBen7XgqnN9RBEANwEXhbanNxpsZY,1754132026,2025-08-02T12:53:46,5.003e-06,AK1TDZ8TUrLRMGyRHWBNSge8zmtXeRmMHZGsZ41QfpST,dec,449907509,1079958658,630051149,So11111111111111111111111111111111111111111,9,1.0
rn2PAn9eY8J8rfG8EqXCZvRWpTbwiECMDipLikKuejPkAjH6AGBEQ6c6VHcBen7XgqnN9RBEANwEXhbanNxpsZY,1754132026,2025-08-02T12:53:46,5.003e-06,AK1TDZ8TUrLRMGyRHWBNSge8zmtXeRmMHZGsZ41QfpST,inc,3212500344443,4265,3212500348709,FMCdNWxBJ6rZQn2TVG9uMW9K9wYGAw4DQQE9xypeZ5m2,6,1.0
3yzmw4avG6MfpnNfMQpWhmn8XeY1iETZ5LGJWZ1NZa8J47jNgRyu1EyfvJMZ38GmGgwnT2MGpaxA1YaqfyB89zzh,1754132019,2025-08-02T12:53:39,5.002e-06,AK1TDZ8TUrLRMGyRHWBNSge8zmtXeRmMHZGsZ41QfpST,inc,1005025832,74938825,1079964658,So11111111111111111111111111111111111111111,9,1.0
3yzmw4avG6MfpnNfMQpWhmn8XeY1iETZ5LGJWZ1NZa8J47jNgRyu1EyfvJMZ38GmGgwnT2MGpaxA1YaqfyB89zzh,1754132019,2025-08-02T12:53:39,5.002e-06,AK1TDZ8TUrLRMGyRHWBNSge8zmtXeRmMHZGsZ41QfpST,dec,7073756083365,7073756087630,4265,FMCdNWxBJ6rZQn2TVG9uMW9K9wYGAw4DQQE9xypeZ5m2,6,1.0
21SA19UKFcHqQRMowWoUQv67ezvX1ZrPMsC4epuWKM5HwhWyGjecauUvcVsxqQtmGCUsinCr1phQipQQrS4rwDhh,1754132017,2025-08-02T12:53:37,5.003e-06,AK1TDZ8TUrLRMGyRHWBNSge8zmtXeRmMHZGsZ41QfpST,dec,511375533,586320358,74944825,So11111111111111111111111111111111111111111,9,1.0
21SA19UKFcHqQRMowWoUQv67ezvX1ZrPMsC4epuWKM5HwhWyGjecauUvcVsxqQtmGCUsinCr1phQipQQrS4rwDhh,1754132017,2025-08-02T12:53:37,5.003e-06,AK1TDZ8TUrLRMGyRHWBNSge8zmtXeRmMHZGsZ41QfpST,inc,3535282768815,3538473318815,7073756087630,FMCdNWxBJ6rZQn2TVG9uMW9K9wYGAw4DQQE9xypeZ5m2,6,1.0
5c7hfncnPDnT7WWMbn4eYp22nLda8aigHy3KQNDoYWFfXRjNMZPWpCwn9p6LbVmP8X5rD5bMDtTvuqxjA4nWWEa5,1754131983,2025-08-02T12:53:03,5.003e-06,AK1TDZ8TUrLRMGyRHWBNSge8zmtXeRmMHZGsZ41QfpST,dec,495403854,1081730212,586326358,So11111111111111111111111111111111111111111,9,1.0
5c7hfncnPDnT7WWMbn4eYp22nLda8aigHy3KQNDoYWFfXRjNMZPWpCwn9p6LbVmP8X5rD5bMDtTvuqxjA4nWWEa5,1754131983,2025-08-02T12:53:03,5.003e-06,AK1TDZ8TUrLRMGyRHWBNSge8zmtXeRmMHZGsZ41QfpST,inc,3538473315277,3537,3538473318815,FMCdNWxBJ6rZQn2TVG9uMW9K9wYGAw4DQQE9xypeZ5m2,6,1.0
FjrVkH8nwQ5JEB2srpjUZBVYvnQ5GbaJxMwxoiG5w3bLiQvY6GLhU6Qndp556FqhLw6nvQrLFgvs668TZR5AJXr,1754131887,2025-08-02T12:51:27,5.002e-06,AK1TDZ8TUrLRMGyRHWBNSge8zmtXeRmMHZGsZ41QfpST,inc,348375549,733360663,1081736212,So11111111111111111111111111111111111111111,9,1.0
FjrVkH8nwQ5JEB2srpjUZBVYvnQ5GbaJxMwxoiG5w3bLiQvY6GLhU6Qndp556FqhLw6nvQrLFgvs668TZR5AJXr,1754131887,2025-08-02T12:51:27,5.002e-06,AK1TDZ8TUrLRMGyRHWBNSge8zmtXeRmMHZGsZ41QfpST,dec,2645651554649,2645651558186,3537,FMCdNWxBJ6rZQn2TVG9uMW9K9wYGAw4DQQE9xypeZ5m2,6,1.0
5kGtQk427tLqNgnvvznBTvBPF4GJaTfbefCroqjPoUfvYtsoiNZcD3wBMttJub3xBzY2V4rzSXBsahJBzBoeVpTN,1754131833,2025-08-02T12:50:33,5.003e-06,AK1TDZ8TUrLRMGyRHWBNSge8zmtXeRmMHZGsZ41QfpST,dec,382592207,1115958870,733366663,So11111111111111111111111111111111111111111,9,1.0
5kGtQk427tLqNgnvvznBTvBPF4GJaTfbefCroqjPoUfvYtsoiNZcD3wBMttJub3xBzY2V4rzSXBsahJBzBoeVpTN,1754131833,2025-08-02T12:50:33,5.003e-06,AK1TDZ8TUrLRMGyRHWBNSge8zmtXeRmMHZGsZ41QfpST,inc,2645651554978,3208,2645651558186,FMCdNWxBJ6rZQn2TVG9uMW9K9wYGAw4DQQE9xypeZ5m2,6,1.0
3h3h3EXGB1iN59geEYcSDyMubn5EpvnjrU9Npzj2anZ3W6qvS1KskRekRauR2Jha9BxHJvaD6rg18PKa2VA3Kjgv,1754131751,2025-08-02T12:49:11,5.002e-06,AK1TDZ8TUrLRMGyRHWBNSge8zmtXeRmMHZGsZ41QfpST,inc,455312340,660652530,1115964870,So11111111111111111111111111111111111111111,9,1.0
3h3h3EXGB1iN59geEYcSDyMubn5EpvnjrU9Npzj2anZ3W6qvS1KskRekRauR2Jha9BxHJvaD6rg18PKa2VA3Kjgv,1754131751,2025-08-02T12:49:11,5.002e-06,AK1TDZ8TUrLRMGyRHWBNSge8zmtXeRmMHZGsZ41QfpST,dec,3377618331911,3377618335120,3208,FMCdNWxBJ6rZQn2TVG9uMW9K9wYGAw4DQQE9xypeZ5m2,6,1.0
3D4MkUtu9K91D45pWPVpk8L1zCAfRbSzAS2jgfCPRYMqq9R3Qt21zp8kVhqWYnCFZtK9bExsxbMZKB7RYZsn2Av6,1754131716,2025-08-02T12:48:36,5.003e-06,AK1TDZ8TUrLRMGyRHWBNSge8zmtXeRmMHZGsZ41QfpST,dec,442853151,1103511681,660658530,So11111111111111111111111111111111111111111,9,1.0
3D4MkUtu9K91D45pWPVpk8L1zCAfRbSzAS2jgfCPRYMqq9R3Qt21zp8kVhqWYnCFZtK9bExsxbMZKB7RYZsn2Av6,1754131716,2025-08-02T12:48:36,5.003e-06,AK1TDZ8TUrLRMGyRHWBNSge8zmtXeRmMHZGsZ41QfpST,inc,3377482224284,136110836,3377618335120,FMCdNWxBJ6rZQn2TVG9uMW9K9wYGAw4DQQE9xypeZ5m2,6,1.0
KYGjm4n9wk3hVG1K31Wh3fj5VFxwMeddqditUUSSDvYRANrdshtk8NCYQZ1fk1ZBYiDKtFuraPU2EEn7hstnGse,1754131641,2025-08-02T12:47:21,5.002e-06,AK1TDZ8TUrLRMGyRHWBNSge8zmtXeRmMHZGsZ41QfpST,inc,2741840,1100775841,1103517681,So11111111111111111111111111111111111111111,9,1.0
KYGjm4n9wk3hVG1K31Wh3fj5VFxwMeddqditUUSSDvYRANrdshtk8NCYQZ1fk1ZBYiDKtFuraPU2EEn7hstnGse,1754131641,2025-08-02T12:47:21,5.002e-06,AK1TDZ8TUrLRMGyRHWBNSge8zmtXeRmMHZGsZ41QfpST,dec,21161878793,21297989629,136110836,FMCdNWxBJ6rZQn2TVG9uMW9K9wYGAw4DQQE9xypeZ5m2,6,1.0
37QXMpwnW4KUqvRE5cHMUGKuqjdoDRoZHoUMfgxGdzHiSt3kihm9BiTYoTi9UmG9CxUpfwQtcUJgXf8B187oVDaP,1754131568,2025-08-02T12:46:08,5.002e-06,AK1TDZ8TUrLRMGyRHWBNSge8zmtXeRmMHZGsZ41QfpST,inc,803353965,297427876,1100781841,So11111111111111111111111111111111111111111,9,1.0
37QXMpwnW4KUqvRE5cHMUGKuqjdoDRoZHoUMfgxGdzHiSt3kihm9BiTYoTi9UmG9CxUpfwQtcUJgXf8B187oVDaP,1754131568,2025-08-02T12:46:08,5.002e-06,AK1TDZ8TUrLRMGyRHWBNSge8zmtXeRmMHZGsZ41QfpST,dec,6148159476124,6169457465754,21297989629,FMCdNWxBJ6rZQn2TVG9uMW9K9wYGAw4DQQE9xypeZ5m2,6,1.0
zsTiFKmNruhm9KmsgobtukLVSNV9WYvpRWwxHS1tDbhwtP9xBS5W7e19hPPT9qZsw7JfnSMWE4JTWQciX27sCp9,1754131465,2025-08-02T12:44:25,5.003e-06,AK1TDZ8TUrLRMGyRHWBNSge8zmtXeRmMHZGsZ41QfpST,dec,315963297,613397173,297433876,So11111111111111111111111111111111111111111,9,1.0
zsTiFKmNruhm9KmsgobtukLVSNV9WYvpRWwxHS1tDbhwtP9xBS5W7e19hPPT9qZsw7JfnSMWE4JTWQciX27sCp9,1754131465,2025-08-02T12:44:25,5.003e-06,AK1TDZ8TUrLRMGyRHWBNSge8zmtXeRmMHZGsZ41QfpST,inc,2334359886303,3835097579450,6169457465754,FMCdNWxBJ6rZQn2TVG9uMW9K9wYGAw4DQQE9xypeZ5m2,6,1.0
42bSmTJ1XrSggMtxFBqSaffcvU8TC7JUthRfJ2hWZhXzw871HXn9ktvC4ngUEx1qBzroRtdrvEvZK6ogu3PsAhxc,1754131441,2025-08-02T12:44:01,5.003e-06,AK1TDZ8TUrLRMGyRHWBNSge8zmtXeRmMHZGsZ41QfpST,dec,514839040,1128242214,613403173,So11111111111111111111111111111111111111111,9,1.0
42bSmTJ1XrSggMtxFBqSaffcvU8TC7JUthRfJ2hWZhXzw871HXn9ktvC4ngUEx1qBzroRtdrvEvZK6ogu3PsAhxc,1754131441,2025-08-02T12:44:01,5.003e-06,AK1TDZ8TUrLRMGyRHWBNSge8zmtXeRmMHZGsZ41QfpST,inc,3835097577422,2027,3835097579450,FMCdNWxBJ6rZQn2TVG9uMW9K9wYGAw4DQQE9xypeZ5m2,6,1.0
oGBvHFuoeAvjLS7o22ZeFh37SXwtG8Yvpbfm1qKyD9AVNnea7DfGyVBL7YsHqTHTo4SjsLxr4xoT8Uf1L16drGF,1754130914,2025-08-02T12:35:14,5.002e-06,AK1TDZ8TUrLRMGyRHWBNSge8zmtXeRmMHZGsZ41QfpST,inc,1105309168,22939046,1128248214,So11111111111111111111111111111111111111111,9,1.0
oGBvHFuoeAvjLS7o22ZeFh37SXwtG8Yvpbfm1qKyD9AVNnea7DfGyVBL7YsHqTHTo4SjsLxr4xoT8Uf1L16drGF,1754130914,2025-08-02T12:35:14,5.002e-06,AK1TDZ8TUrLRMGyRHWBNSge8zmtXeRmMHZGsZ41QfpST,dec,9514856791026,9514856793054,2027,FMCdNWxBJ6rZQn2TVG9uMW9K9wYGAw4DQQE9xypeZ5m2,6,1.0
5bEgWvcnD2kgp3JCw7Fqd91BX63MG7kTqNtv2vT1cd5CsvXsNCHxahoPwbsQR31EZevrdZNs8nN68kqXa7JgLTwR,1754130905,2025-08-02T12:35:05,5.003e-06,AK1TDZ8TUrLRMGyRHWBNSge8zmtXeRmMHZGsZ41QfpST,dec,450015281,472960327,22945046,So11111111111111111111111111111111111111111,9,1.0
5bEgWvcnD2kgp3JCw7Fqd91BX63MG7kTqNtv2vT1cd5CsvXsNCHxahoPwbsQR31EZevrdZNs8nN68kqXa7JgLTwR,1754130905,2025-08-02T12:35:05,5.003e-06,AK1TDZ8TUrLRMGyRHWBNSge8zmtXeRmMHZGsZ41QfpST,inc,3839451231408,5675405561646,9514856793054,FMCdNWxBJ6rZQn2TVG9uMW9K9wYGAw4DQQE9xypeZ5m2,6,1.0
4znev6f4ZidTxPp4T9ejfvtB623x3FYAc9urwEwXrrPbKzmBXcENn78vfWsFUhpiNKYDA4MFiZN5tvuLX8bYt6ih,1754130852,2025-08-02T12:34:12,5.004e-06,AK1TDZ8TUrLRMGyRHWBNSge8zmtXeRmMHZGsZ41QfpST,dec,528533673,1001500000,472966327,So11111111111111111111111111111111111111111,9,1.0
4znev6f4ZidTxPp4T9ejfvtB623x3FYAc9urwEwXrrPbKzmBXcENn78vfWsFUhpiNKYDA4MFiZN5tvuLX8bYt6ih,1754130852,2025-08-02T12:34:12,5.004e-06,AK1TDZ8TUrLRMGyRHWBNSge8zmtXeRmMHZGsZ41QfpST,inc,5675405561646,0,5675405561646,FMCdNWxBJ6rZQn2TVG9uMW9K9wYGAw4DQQE9xypeZ5m2,6,1.0
La8vzh5rH3ffpqNpK7t457JaevNjQhcPn6LVb6CTFND1moSunuy2g3hknGYaBEmoPvcfK3dpcxRjRbpGDczgk9d,1754130779,2025-08-02T12:32:59,2.48e-05,AK1TDZ8TUrLRMGyRHWBNSge8zmtXeRmMHZGsZ41QfpST,inc,1000000000,1500000,1001500000,So11111111111111111111111111111111111111111,9,1.0
2FdnbayEGg74XuWffgg6XhKQZ3V8vTXVLNnR6z7Lbgb2uULZkNpN6NqyueTnT64h1TWUNxjZSirLWStFcyqjZqPe,1754130666,2025-08-02T12:31:06,6.12e-05,AK1TDZ8TUrLRMGyRHWBNSge8zmtXeRmMHZGsZ41QfpST,dec,1000000000,1001500000,1500000,So11111111111111111111111111111111111111111,9,1.0
59i6kfFt1JLnCbWBmKZTaGfAeTAGLuHjDpaBMmTCAPuZa5cQCznqGNTVJd1z8C883vi11NbLXtNm8EuCqZn3NgTW,1754130540,2025-08-02T12:29:00,2.48e-05,AK1TDZ8TUrLRMGyRHWBNSge8zmtXeRmMHZGsZ41QfpST,inc,1000000000,1500000,1001500000,So11111111111111111111111111111111111111111,9,1.0
3xeNvhuyTybjHNH2VkoB5ScLxtPkpzgYj5WRfZcyfi76TF5ckXzQ5RXYusQG5HmgVJZHiQeCJ1p8hRacqFEXMXF9,1754130423,2025-08-02T12:27:03,6.3e-05,AK1TDZ8TUrLRMGyRHWBNSge8zmtXeRmMHZGsZ41QfpST,dec,1000000000,1001500000,1500000,So11111111111111111111111111111111111111111,9,1.0
5XjfNUn5ZkDWXcGcAashf9BQGMvTvCWPEofhnYgKphjg8NkAPHPRcCYDJRKwsK5994TXQ3pWKFTtRaocTG4SXYWu,1754130264,2025-08-02T12:24:24,2.7311e-05,AK1TDZ8TUrLRMGyRHWBNSge8zmtXeRmMHZGsZ41QfpST,inc,1000000000,1500000,1001500000,So11111111111111111111111111111111111111111,9,1.0
35skAesCERbLhscyVCqRH4DK5XHtCoU4QaespBp8c4aMfF3NXR93gif2kwYfp7epBnwkSGaUYDQP35zVcWBko5W5,1754130140,2025-08-02T12:22:20,6.12e-05,AK1TDZ8TUrLRMGyRHWBNSge8zmtXeRmMHZGsZ41QfpST,dec,1000000000,1001500000,1500000,So11111111111111111111111111111111111111111,9,1.0
5X4xToMozbxzvCxnGrJJyoWLATvgKvoJnpdUgjLXdF5VvsZDLCJeX8ehAKXihepJNQzoqYNezWXTNAJYVqBeydRy,1754130001,2025-08-02T12:20:01,2.0444e-05,AK1TDZ8TUrLRMGyRHWBNSge8zmtXeRmMHZGsZ41QfpST,inc,1000000000,1500000,1001500000,So11111111111111111111111111111111111111111,9,1.0
P7mCC7kywL5Uj5mZ3F9g1ywA2TnZzUZ9fs41hEFnV8LoNHU5US9zmiRnV8DQTAB6pFiHnoJfV3sp3vU5VrmJmHo,1754129924,2025-08-02T12:18:44,1e-05,AK1TDZ8TUrLRMGyRHWBNSge8zmtXeRmMHZGsZ41QfpST,dec,1371812449082,1371812449082,0,7MfJfP7Qph3bhK2xmbzCPWbFm7feZQ8bQr9FMnQtVbXT,6,1.0
5B5oysNFj988ynuGEMYUgSLXAD1KnBmAjngpxG6gZb88rwM2poitLWyGqhB9uoaGY5n2RGm2fP8pwtAnfsqw1QJF,1754129878,2025-08-02T12:17:58,5.85e-05,AK1TDZ8TUrLRMGyRHWBNSge8zmtXeRmMHZGsZ41QfpST,dec,936590294,938090294,1500000,So11111111111111111111111111111111111111111,9,1.0
3gVAxLoR1bUG7jzxHBZnhkJFxLQr6hRSxrEssia9DvkcxAgrPe1oVQW7THNeAXGbrdV122BShpAM9k4ve648hHo6,1754129814,2025-08-02T12:16:54,5.003e-06,AK1TDZ8TUrLRMGyRHWBNSge8zmtXeRmMHZGsZ41QfpST,dec,208580563,1146676858,938096294,So11111111111111111111111111111111111111111,9,1.0
3gVAxLoR1bUG7jzxHBZnhkJFxLQr6hRSxrEssia9DvkcxAgrPe1oVQW7THNeAXGbrdV122BShpAM9k4ve648hHo6,1754129814,2025-08-02T12:16:54,5.003e-06,AK1TDZ8TUrLRMGyRHWBNSge8zmtXeRmMHZGsZ41QfpST,inc,1371812442641,6441,1371812449082,7MfJfP7Qph3bhK2xmbzCPWbFm7feZQ8bQr9FMnQtVbXT,6,1.0
vpbyVCEfF4xw96twi2SvaR5ufuhgC1wSFuwHbfDqbdPKzEfAcuaMphNHQgmENg7mDEy6aTdEWDx3jouWhxtsYkB,1754129762,2025-08-02T12:16:02,5.002e-06,AK1TDZ8TUrLRMGyRHWBNSge8zmtXeRmMHZGsZ41QfpST,inc,295965815,850717042,1146682858,So11111111111111111111111111111111111111111,9,1.0
vpbyVCEfF4xw96twi2SvaR5ufuhgC1wSFuwHbfDqbdPKzEfAcuaMphNHQgmENg7mDEy6aTdEWDx3jouWhxtsYkB,1754129762,2025-08-02T12:16:02,5.002e-06,AK1TDZ8TUrLRMGyRHWBNSge8zmtXeRmMHZGsZ41QfpST,dec,1936520870887,1936520877328,6441,7MfJfP7Qph3bhK2xmbzCPWbFm7feZQ8bQr9FMnQtVbXT,6,1.0
5kcAzhEs7Vx5mXD5d7Xut51ZypGsL6JeFWjACYUB6XQinYgdw8jd9wFNaLWi7DYkBe8zUMjvypLXSP7fXsrjXQdu,1754129701,2025-08-02T12:15:01,5.002e-06,AK1TDZ8TUrLRMGyRHWBNSge8zmtXeRmMHZGsZ41QfpST,inc,2515162,848207879,850723042,So11111111111111111111111111111111111111111,9,1.0
5kcAzhEs7Vx5mXD5d7Xut51ZypGsL6JeFWjACYUB6XQinYgdw8jd9wFNaLWi7DYkBe8zUMjvypLXSP7fXsrjXQdu,1754129701,2025-08-02T12:15:01,5.002e-06,AK1TDZ8TUrLRMGyRHWBNSge8zmtXeRmMHZGsZ41QfpST,dec,17034126715,1953555004043,1936520877328,7MfJfP7Qph3bhK2xmbzCPWbFm7feZQ8bQr9FMnQtVbXT,6,1.0
5eXoUb8WUHPEaMyyHfgjcVvoFbVWf1tbi1VgvVv4nPJnWnc7qh4k9vRm7AquDBFNBaqc7gaGQB7667CkGzq8dgHW,1754129700,2025-08-02T12:15:00,5.003e-06,AK1TDZ8TUrLRMGyRHWBNSge8zmtXeRmMHZGsZ41QfpST,dec,289046208,1137260087,848213879,So11111111111111111111111111111111111111111,9,1.0
5eXoUb8WUHPEaMyyHfgjcVvoFbVWf1tbi1VgvVv4nPJnWnc7qh4k9vRm7AquDBFNBaqc7gaGQB7667CkGzq8dgHW,1754129700,2025-08-02T12:15:00,5.003e-06,AK1TDZ8TUrLRMGyRHWBNSge8zmtXeRmMHZGsZ41QfpST,inc,1936490350443,17064653600,1953555004043,7MfJfP7Qph3bhK2xmbzCPWbFm7feZQ8bQr9FMnQtVbXT,6,1.0
kcWTYYggCARcEX8jmoeqPWSqWsdyNLCsYmh8VgeKZAsYcYFUG9HyMUzfppPw62DAFm9aZunrohfMkDzRfPENAsM,1754129655,2025-08-02T12:14:15,5.002e-06,AK1TDZ8TUrLRMGyRHWBNSge8zmtXeRmMHZGsZ41QfpST,inc,1123695513,13570574,1137266087,So11111111111111111111111111111111111111111,9,1.0
kcWTYYggCARcEX8jmoeqPWSqWsdyNLCsYmh8VgeKZAsYcYFUG9HyMUzfppPw62DAFm9aZunrohfMkDzRfPENAsM,1754129655,2025-08-02T12:14:15,5.002e-06,AK1TDZ8TUrLRMGyRHWBNSge8zmtXeRmMHZGsZ41QfpST,dec,7258584313799,7275648967399,17064653600,7MfJfP7Qph3bhK2xmbzCPWbFm7feZQ8bQr9FMnQtVbXT,6,1.0
4FY2fWwttXBLW7ANP2rRhx564R8Gc1tkjyo7k36Yb6HroSyevsG3QhLbqWk6TNSyzvhab4HpPsiCU8wKepup7r7d,1754129500,2025-08-02T12:11:40,5.003e-06,AK1TDZ8TUrLRMGyRHWBNSge8zmtXeRmMHZGsZ41QfpST,dec,346229706,359806278,13576572,So11111111111111111111111111111111111111111,9,1.0
4FY2fWwttXBLW7ANP2rRhx564R8Gc1tkjyo7k36Yb6HroSyevsG3QhLbqWk6TNSyzvhab4HpPsiCU8wKepup7r7d,1754129500,2025-08-02T12:11:40,5.003e-06,AK1TDZ8TUrLRMGyRHWBNSge8zmtXeRmMHZGsZ41QfpST,inc,2066002588070,5209646379328,7275648967399,7MfJfP7Qph3bhK2xmbzCPWbFm7feZQ8bQr9FMnQtVbXT,6,1.0
2BBe9tmh1o3a2MVM7isD5DfmwvEM5DaLjm4i2s9GJeWXBZNNV5mHn3rAA8jcpbryzioBpXwUTztW6dWRCv4LAodq,1754129022,2025-08-02T12:03:42,5.003e-06,AK1TDZ8TUrLRMGyRHWBNSge8zmtXeRmMHZGsZ41QfpST,dec,406559012,766371290,359812278,So11111111111111111111111111111111111111111,9,1.0
2BBe9tmh1o3a2MVM7isD5DfmwvEM5DaLjm4i2s9GJeWXBZNNV5mHn3rAA8jcpbryzioBpXwUTztW6dWRCv4LAodq,1754129022,2025-08-02T12:03:42,5.003e-06,AK1TDZ8TUrLRMGyRHWBNSge8zmtXeRmMHZGsZ41QfpST,inc,2399174658363,2810471720965,5209646379328,7MfJfP7Qph3bhK2xmbzCPWbFm7feZQ8bQr9FMnQtVbXT,6,1.0
4buYpETbX3E4dHficHaiWAX6x1hrraPN2B4MvvypUeNkboE2kS9kc77ukZcn1Ve2bQvergk1xdWoBhsvkYReh8Py,1754128989,2025-08-02T12:03:09,5.003e-06,AK1TDZ8TUrLRMGyRHWBNSge8zmtXeRmMHZGsZ41QfpST,dec,233550023,999927313,766377290,So11111111111111111111111111111111111111111,9,1.0
4buYpETbX3E4dHficHaiWAX6x1hrraPN2B4MvvypUeNkboE2kS9kc77ukZcn1Ve2bQvergk1xdWoBhsvkYReh8Py,1754128989,2025-08-02T12:03:09,5.003e-06,AK1TDZ8TUrLRMGyRHWBNSge8zmtXeRmMHZGsZ41QfpST,inc,1443053024365,1367418696600,2810471720965,7MfJfP7Qph3bhK2xmbzCPWbFm7feZQ8bQr9FMnQtVbXT,6,1.0
3sDwgoEwig22jkMxLR3JJjkoXbcFqkgfDB6NUYtZUjQTXaYuJvtMmfjrW2M5P38HkKHcQPtFJcQoPf1PioWmdYYn,1754128978,2025-08-02T12:02:58,5.003e-06,AK1TDZ8TUrLRMGyRHWBNSge8zmtXeRmMHZGsZ41QfpST,dec,214328584,1214261898,999933313,So11111111111111111111111111111111111111111,9,1.0
3sDwgoEwig22jkMxLR3JJjkoXbcFqkgfDB6NUYtZUjQTXaYuJvtMmfjrW2M5P38HkKHcQPtFJcQoPf1PioWmdYYn,1754128978,2025-08-02T12:02:58,5.003e-06,AK1TDZ8TUrLRMGyRHWBNSge8zmtXeRmMHZGsZ41QfpST,inc,1367418696069,530,1367418696600,7MfJfP7Qph3bhK2xmbzCPWbFm7feZQ8bQr9FMnQtVbXT,6,1.0
5aFeDmCVRS2A3eYg3i6yb9RSb3vk1pwKwWiJ3yQ5RL7zT3tJhisGZH8c9tR6vWJsx1BCmvE1igY3kET8sZexopxo,1754128916,2025-08-02T12:01:56,5.002e-06,AK1TDZ8TUrLRMGyRHWBNSge8zmtXeRmMHZGsZ41QfpST,inc,206843196,1007424700,1214267898,So11111111111111111111111111111111111111111,9,1.0
5aFeDmCVRS2A3eYg3i6yb9RSb3vk1pwKwWiJ3yQ5RL7zT3tJhisGZH8c9tR6vWJsx1BCmvE1igY3kET8sZexopxo,1754128916,2025-08-02T12:01:56,5.002e-06,AK1TDZ8TUrLRMGyRHWBNSge8zmtXeRmMHZGsZ41QfpST,dec,1416434055586,1416434056116,530,7MfJfP7Qph3bhK2xmbzCPWbFm7feZQ8bQr9FMnQtVbXT,6,1.0
5qDeutRcn3tHdHbD2vHaNmqyiJqQaM42RKBYPBxXAaByVzZzXbwRKkREvggfcEBwPVQV4JhkvkzuNSgzLKDbLk2o,1754128889,2025-08-02T12:01:29,5.003e-06,AK1TDZ8TUrLRMGyRHWBNSge8zmtXeRmMHZGsZ41QfpST,dec,215659855,1223090557,1007430701,So11111111111111111111111111111111111111111,9,1.0
5qDeutRcn3tHdHbD2vHaNmqyiJqQaM42RKBYPBxXAaByVzZzXbwRKkREvggfcEBwPVQV4JhkvkzuNSgzLKDbLk2o,1754128889,2025-08-02T12:01:29,5.003e-06,AK1TDZ8TUrLRMGyRHWBNSge8zmtXeRmMHZGsZ41QfpST,inc,1416434049944,6172,1416434056116,7MfJfP7Qph3bhK2xmbzCPWbFm7feZQ8bQr9FMnQtVbXT,6,1.0
HsPgtaDKwQUUE3cdMWhe2DvadkPiynzAUrNLg2fG6hAJmALamDNsfqfGEPWMdwMcz1csSJa5sz9fVFVVCs5yMhb,1754128799,2025-08-02T11:59:59,5.002e-06,AK1TDZ8TUrLRMGyRHWBNSge8zmtXeRmMHZGsZ41QfpST,inc,7300523,1215796034,1223096557,So11111111111111111111111111111111111111111,9,1.0
HsPgtaDKwQUUE3cdMWhe2DvadkPiynzAUrNLg2fG6hAJmALamDNsfqfGEPWMdwMcz1csSJa5sz9fVFVVCs5yMhb,1754128799,2025-08-02T11:59:59,5.002e-06,AK1TDZ8TUrLRMGyRHWBNSge8zmtXeRmMHZGsZ41QfpST,dec,47605950726,47605956899,6172,7MfJfP7Qph3bhK2xmbzCPWbFm7feZQ8bQr9FMnQtVbXT,6,1.0
46iQUfkgPznszFrLoQhLcA96ULg5psezbBCa29hzokiyD1EG5BTWCWcNAxFGXTEbTQGbMXv3fxyjkZJTeXej1N2R,1754128712,2025-08-02T11:58:32,5.002e-06,AK1TDZ8TUrLRMGyRHWBNSge8zmtXeRmMHZGsZ41QfpST,inc,998475524,217326510,1215802034,So11111111111111111111111111111111111111111,9,1.0
46iQUfkgPznszFrLoQhLcA96ULg5psezbBCa29hzokiyD1EG5BTWCWcNAxFGXTEbTQGbMXv3fxyjkZJTeXej1N2R,1754128712,2025-08-02T11:58:32,5.002e-06,AK1TDZ8TUrLRMGyRHWBNSge8zmtXeRmMHZGsZ41QfpST,dec,5853601723571,5901207680470,47605956899,7MfJfP7Qph3bhK2xmbzCPWbFm7feZQ8bQr9FMnQtVbXT,6,1.0
3EhP4cCUyHoRW5HmrFLMsb6bnXKmda2xNAVDhmy6T5Mj1ovEyDSDPdLLbGKzbFAeQm62HQ21SNcscoUyLaMiTgS5,1754128498,2025-08-02T11:54:58,5.003e-06,AK1TDZ8TUrLRMGyRHWBNSge8zmtXeRmMHZGsZ41QfpST,dec,234690262,452022773,217332510,So11111111111111111111111111111111111111111,9,1.0
3EhP4cCUyHoRW5HmrFLMsb6bnXKmda2xNAVDhmy6T5Mj1ovEyDSDPdLLbGKzbFAeQm62HQ21SNcscoUyLaMiTgS5,1754128498,2025-08-02T11:54:58,5.003e-06,AK1TDZ8TUrLRMGyRHWBNSge8zmtXeRmMHZGsZ41QfpST,inc,1675627259712,4225580420757,5901207680470,7MfJfP7Qph3bhK2xmbzCPWbFm7feZQ8bQr9FMnQtVbXT,6,1.0
37XXT4NVLYbKEQr4UjEu6NoZaZk9v5erCa1eeyz1roRNhooKHr4D7bzkLraAi1kYauVpdJTxN5nhYrFbhjm2YvS1,1754128444,2025-08-02T11:54:04,5.003e-06,AK1TDZ8TUrLRMGyRHWBNSge8zmtXeRmMHZGsZ41QfpST,dec,540563030,992591803,452028773,So11111111111111111111111111111111111111111,9,1.0
37XXT4NVLYbKEQr4UjEu6NoZaZk9v5erCa1eeyz1roRNhooKHr4D7bzkLraAi1kYauVpdJTxN5nhYrFbhjm2YvS1,1754128444,2025-08-02T11:54:04,5.003e-06,AK1TDZ8TUrLRMGyRHWBNSge8zmtXeRmMHZGsZ41QfpST,inc,4215743368532,9837052226,4225580420757,7MfJfP7Qph3bhK2xmbzCPWbFm7feZQ8bQr9FMnQtVbXT,6,1.0
5pWoKnJzrRQcvdBPpWAjoXqHtZuVx3QYnDhpNYCmeoyRUoVnJq5dKy4e1eqw48ewQQSmdcb3XuoJ3TwKttqqN1xE,1754128426,2025-08-02T11:53:46,5.002e-06,AK1TDZ8TUrLRMGyRHWBNSge8zmtXeRmMHZGsZ41QfpST,inc,324107616,668490187,992597803,So11111111111111111111111111111111111111111,9,1.0
5pWoKnJzrRQcvdBPpWAjoXqHtZuVx3QYnDhpNYCmeoyRUoVnJq5dKy4e1eqw48ewQQSmdcb3XuoJ3TwKttqqN1xE,1754128426,2025-08-02T11:53:46,5.002e-06,AK1TDZ8TUrLRMGyRHWBNSge8zmtXeRmMHZGsZ41QfpST,dec,2658489535920,2668326588146,9837052226,7MfJfP7Qph3bhK2xmbzCPWbFm7feZQ8bQr9FMnQtVbXT,6,1.0
5mJfhd6pxdK2Xa7aoyCmTYV3nFn6RfdQLJeFZkvqAJy9wK3bfgrAV2K3hCV2H2Y78SgGXuxCacxEeAZyJSNmH2fm,1754128414,2025-08-02T11:53:34,5.004e-06,AK1TDZ8TUrLRMGyRHWBNSge8zmtXeRmMHZGsZ41QfpST,dec,333003813,1001500000,668496187,So11111111111111111111111111111111111111111,9,1.0
5mJfhd6pxdK2Xa7aoyCmTYV3nFn6RfdQLJeFZkvqAJy9wK3bfgrAV2K3hCV2H2Y78SgGXuxCacxEeAZyJSNmH2fm,1754128414,2025-08-02T11:53:34,5.004e-06,AK1TDZ8TUrLRMGyRHWBNSge8zmtXeRmMHZGsZ41QfpST,inc,2668326588146,0,2668326588146,7MfJfP7Qph3bhK2xmbzCPWbFm7feZQ8bQr9FMnQtVbXT,6,1.0
4uQDdnt46ssh6Up1zXZHZReHh9BF8aHVKByZVtqoukheSUhET65QpMShXkkATX4WjgpdVqGuL2GURvvqkNrWH4zA,1754128168,2025-08-02T11:49:28,2.48e-05,AK1TDZ8TUrLRMGyRHWBNSge8zmtXeRmMHZGsZ41QfpST,inc,1000000000,1500000,1001500000,So11111111111111111111111111111111111111111,9,1.0
FaNG481PDSP5HJaw4EBBbRWa21S52iF7Zo7dzjKnAqzHFMnNsHHMpu8ZnTBkQfaA8rNVFcxM9UDFeE5Xz9LGrZZ,1754128087,2025-08-02T11:48:07,1e-05,AK1TDZ8TUrLRMGyRHWBNSge8zmtXeRmMHZGsZ41QfpST,dec,2384685539372,2384685539372,0,Ht8ji44LZ8WQyuwaM4FTMChzsAwxswvxa7Ud3vubSvNC,6,1.0
265zq8yZh8CXoCBzbYoDXRFxHWh3G4DhnVrqDnrj8816Ba7EKz6eBEvteCZhNjnZwsq98oiYj1FZ7eaFxyrXYRuF,1754128042,2025-08-02T11:47:22,6.66e-05,AK1TDZ8TUrLRMGyRHWBNSge8zmtXeRmMHZGsZ41QfpST,dec,875414771,876914771,1500000,So11111111111111111111111111111111111111111,9,1.0
5f6D5RZb1wG4E9JVSxGbRaiA6XeWkzQzF9rMgHkg4eWoxp3FXysNeLv4hswywAMbCTUe6qJ1vS2gbgZxLja2L5pf,1754127978,2025-08-02T11:46:18,5.003e-06,AK1TDZ8TUrLRMGyRHWBNSge8zmtXeRmMHZGsZ41QfpST,dec,332567603,1209488374,876920771,So11111111111111111111111111111111111111111,9,1.0
5f6D5RZb1wG4E9JVSxGbRaiA6XeWkzQzF9rMgHkg4eWoxp3FXysNeLv4hswywAMbCTUe6qJ1vS2gbgZxLja2L5pf,1754127978,2025-08-02T11:46:18,5.003e-06,AK1TDZ8TUrLRMGyRHWBNSge8zmtXeRmMHZGsZ41QfpST,inc,2269472177090,115213362282,2384685539372,Ht8ji44LZ8WQyuwaM4FTMChzsAwxswvxa7Ud3vubSvNC,6,1.0
4jVMQPvJENyGWmR2fmPtbC2gvdYkyhECKaxKxAfXTjkoAap3AG41Xy4nX5ym9tMgGdNUxJwQfuskUzFKVqqYZJy5,1754127960,2025-08-02T11:46:00,5.002e-06,AK1TDZ8TUrLRMGyRHWBNSge8zmtXeRmMHZGsZ41QfpST,inc,582267799,627226574,1209494374,So11111111111111111111111111111111111111111,9,1.0
4jVMQPvJENyGWmR2fmPtbC2gvdYkyhECKaxKxAfXTjkoAap3AG41Xy4nX5ym9tMgGdNUxJwQfuskUzFKVqqYZJy5,1754127960,2025-08-02T11:46:00,5.002e-06,AK1TDZ8TUrLRMGyRHWBNSge8zmtXeRmMHZGsZ41QfpST,dec,3904483730695,4019697092977,115213362282,Ht8ji44LZ8WQyuwaM4FTMChzsAwxswvxa7Ud3vubSvNC,6,1.0
XeKXQSKVtCtrwW5iScrPv6Nvr9xx9zcVwDfMXQCweFd2DfKWnj93ioAEdmyT8DV8NYTeK2kYYEGR7RKqkuePkkw,1754127914,2025-08-02T11:45:14,5.003e-06,AK1TDZ8TUrLRMGyRHWBNSge8zmtXeRmMHZGsZ41QfpST,dec,390937357,1018169931,627232574,So11111111111111111111111111111111111111111,9,1.0
XeKXQSKVtCtrwW5iScrPv6Nvr9xx9zcVwDfMXQCweFd2DfKWnj93ioAEdmyT8DV8NYTeK2kYYEGR7RKqkuePkkw,1754127914,2025-08-02T11:45:14,5.003e-06,AK1TDZ8TUrLRMGyRHWBNSge8zmtXeRmMHZGsZ41QfpST,inc,2808415940958,1211281152019,4019697092977,Ht8ji44LZ8WQyuwaM4FTMChzsAwxswvxa7Ud3vubSvNC,6,1.0
v41ba79rC8EiTAhuW5fP7HwJrbxzrRqgM1JyZQBQFfySKUhQTqfL1Sr5UdWNrXN68szyGPzBF6gjZZnqvm2VJLb,1754127873,2025-08-02T11:44:33,5.003e-06,AK1TDZ8TUrLRMGyRHWBNSge8zmtXeRmMHZGsZ41QfpST,dec,167730064,1185905996,1018175931,So11111111111111111111111111111111111111111,9,1.0
v41ba79rC8EiTAhuW5fP7HwJrbxzrRqgM1JyZQBQFfySKUhQTqfL1Sr5UdWNrXN68szyGPzBF6gjZZnqvm2VJLb,1754127873,2025-08-02T11:44:33,5.003e-06,AK1TDZ8TUrLRMGyRHWBNSge8zmtXeRmMHZGsZ41QfpST,inc,1211281145486,6533,1211281152019,Ht8ji44LZ8WQyuwaM4FTMChzsAwxswvxa7Ud3vubSvNC,6,1.0
Yq1D9PH5BcZCYBQJuprVh3pcSVhCTt6WNo8HXRaoDPnrWj1K6DKZHJ2f7bLdnSaPQkwqpxFo2a2i4ZLQPXUapyi,1754127851,2025-08-02T11:44:11,5.002e-06,AK1TDZ8TUrLRMGyRHWBNSge8zmtXeRmMHZGsZ41QfpST,dec,177810,184343,6533,Ht8ji44LZ8WQyuwaM4FTMChzsAwxswvxa7Ud3vubSvNC,6,1.0
5Gb2NZPeeuuuphwh8KA9sNgVUBuwPqXnuqQz7knnNREq2hCYdwLJEoxfcxg1SVhy26UpXc5XLT7dUrq8oPvyYftg,1754127753,2025-08-02T11:42:33,5.002e-06,AK1TDZ8TUrLRMGyRHWBNSge8zmtXeRmMHZGsZ41QfpST,dec,365067977,365252320,184343,Ht8ji44LZ8WQyuwaM4FTMChzsAwxswvxa7Ud3vubSvNC,6,1.0
5oY9RaLNt6wZZQzkNLguiU6zUcipZfobcT3keEK4q7eAAaSAhAEKdEPDaE8j6ugjFqxdJ38NcFLrseou6NSeepXh,1754127705,2025-08-02T11:41:45,5.002e-06,AK1TDZ8TUrLRMGyRHWBNSge8zmtXeRmMHZGsZ41QfpST,inc,5369903,1180514616,1185884519,So11111111111111111111111111111111111111111,9,1.0
5oY9RaLNt6wZZQzkNLguiU6zUcipZfobcT3keEK4q7eAAaSAhAEKdEPDaE8j6ugjFqxdJ38NcFLrseou6NSeepXh,1754127705,2025-08-02T11:41:45,5.002e-06,AK1TDZ8TUrLRMGyRHWBNSge8zmtXeRmMHZGsZ41QfpST,dec,40418542805,40783795125,365252320,Ht8ji44LZ8WQyuwaM4FTMChzsAwxswvxa7Ud3vubSvNC,6,1.0
m4BZNBKrLco2uibFGdH1CBvqKBHjcQouqmHZg61Te1v1JWN7AParHgkS83nN1T4bL6JRcCw4Lxm6gaMUmS6MERt,1754127701,2025-08-02T11:41:41,5.002e-06,AK1TDZ8TUrLRMGyRHWBNSge8zmtXeRmMHZGsZ41QfpST,inc,872978083,307542532,1180520616,So11111111111111111111111111111111111111111,9,1.0
m4BZNBKrLco2uibFGdH1CBvqKBHjcQouqmHZg61Te1v1JWN7AParHgkS83nN1T4bL6JRcCw4Lxm6gaMUmS6MERt,1754127701,2025-08-02T11:41:41,5.002e-06,AK1TDZ8TUrLRMGyRHWBNSge8zmtXeRmMHZGsZ41QfpST,dec,6476483732208,6517267527333,40783795125,Ht8ji44LZ8WQyuwaM4FTMChzsAwxswvxa7Ud3vubSvNC,6,1.0
4UpfJ12anxvWtF6EJH3ZmXsDij7fA2Y5PeiVPtDXWEL12nhTZzYiMRy4z26kZeqVLKrNxfyBLZt8jchwimaGw1ix,1754127614,2025-08-02T11:40:14,5.003e-06,AK1TDZ8TUrLRMGyRHWBNSge8zmtXeRmMHZGsZ41QfpST,dec,240659370,548207902,307548532,So11111111111111111111111111111111111111111,9,1.0
4UpfJ12anxvWtF6EJH3ZmXsDij7fA2Y5PeiVPtDXWEL12nhTZzYiMRy4z26kZeqVLKrNxfyBLZt8jchwimaGw1ix,1754127614,2025-08-02T11:40:14,5.003e-06,AK1TDZ8TUrLRMGyRHWBNSge8zmtXeRmMHZGsZ41QfpST,inc,2272813053007,4244454474325,6517267527333,Ht8ji44LZ8WQyuwaM4FTMChzsAwxswvxa7Ud3vubSvNC,6,1.0
5VTsJUUeFStWAR6TXRSRXXAYbQN7SKW7JrYzaVsNfEjwGh8trdBTajRGehayem94JBVaPhFaSB2xr17YERH3vyFD,1754127612,2025-08-02T11:40:12,5.004e-06,AK1TDZ8TUrLRMGyRHWBNSge8zmtXeRmMHZGsZ41QfpST,dec,453286098,1001500000,548213902,So11111111111111111111111111111111111111111,9,1.0
5VTsJUUeFStWAR6TXRSRXXAYbQN7SKW7JrYzaVsNfEjwGh8trdBTajRGehayem94JBVaPhFaSB2xr17YERH3vyFD,1754127612,2025-08-02T11:40:12,5.004e-06,AK1TDZ8TUrLRMGyRHWBNSge8zmtXeRmMHZGsZ41QfpST,inc,4244454474325,0,4244454474325,Ht8ji44LZ8WQyuwaM4FTMChzsAwxswvxa7Ud3vubSvNC,6,1.0
2T4ttuMHw3XQwdLFJew6NU8fVvLARZpXFGGmYYV9P9qaQCWCNgAxkNTM2K5Xmd11LhFKTYGyJDkpXxnhq4DK6TUT,1754127513,2025-08-02T11:38:33,3.14e-05,AK1TDZ8TUrLRMGyRHWBNSge8zmtXeRmMHZGsZ41QfpST,inc,1000000000,1500000,1001500000,So11111111111111111111111111111111111111111,9,1.0
5vs3DjqKFPNwPUfn9vsg72mUY3dwjaZKfm6R6T8dYcnx5vdvAQeZkpojJQZqS6dGa69b88KKat7owhignZGUtG7B,1754127434,2025-08-02T11:37:14,1e-05,AK1TDZ8TUrLRMGyRHWBNSge8zmtXeRmMHZGsZ41QfpST,dec,2416031486973,2416031486973,0,9vYYgEEQEv4xRoksJZmdicPoZ5oJCL2vNvRAK26W1Wxy,6,1.0
3KirpaAciRbE2HgTDtStYUipWZDxAVuTZxH5HmiND9EimqmcwzpsjfX7KY1m2A25b6LzX62KycUzpP9JHFYc28pk,1754127387,2025-08-02T11:36:27,5.85e-05,AK1TDZ8TUrLRMGyRHWBNSge8zmtXeRmMHZGsZ41QfpST,dec,682386060,683886060,1500000,So11111111111111111111111111111111111111111,9,1.0
2bzSvw947k8AoUY5NDZh2u77Q5ZuaPDMmZLZMQBtXzL4mMYabUEB6JimWo3DpfejS7gGjsziNvgYLULSu7QtY1PZ,1754127319,2025-08-02T11:35:19,5.003e-06,AK1TDZ8TUrLRMGyRHWBNSge8zmtXeRmMHZGsZ41QfpST,dec,346269500,1030161560,683892060,So11111111111111111111111111111111111111111,9,1.0
2bzSvw947k8AoUY5NDZh2u77Q5ZuaPDMmZLZMQBtXzL4mMYabUEB6JimWo3DpfejS7gGjsziNvgYLULSu7QtY1PZ,1754127319,2025-08-02T11:35:19,5.003e-06,AK1TDZ8TUrLRMGyRHWBNSge8zmtXeRmMHZGsZ41QfpST,inc,2404044307173,11987179800,2416031486973,9vYYgEEQEv4xRoksJZmdicPoZ5oJCL2vNvRAK26W1Wxy,6,1.0
4Y6T7VWuW6cKHWTMFNgjrQbg1MHSRpr8qiCsP4Uq4aFR9MAKy4TAsvyeNov286vhJQNQn4KZXqiQ4yfyWD4LwTQe,1754127298,2025-08-02T11:34:58,5.002e-06,AK1TDZ8TUrLRMGyRHWBNSge8zmtXeRmMHZGsZ41QfpST,inc,243581965,786585594,1030167560,So11111111111111111111111111111111111111111,9,1.0
4Y6T7VWuW6cKHWTMFNgjrQbg1MHSRpr8qiCsP4Uq4aFR9MAKy4TAsvyeNov286vhJQNQn4KZXqiQ4yfyWD4LwTQe,1754127298,2025-08-02T11:34:58,5.002e-06,AK1TDZ8TUrLRMGyRHWBNSge8zmtXeRmMHZGsZ41QfpST,dec,1659720896199,1671708075999,11987179800,9vYYgEEQEv4xRoksJZmdicPoZ5oJCL2vNvRAK26W1Wxy,6,1.0
2vo6jNmuYDpvhJUuMSeJ3tZJf6o6Q48n9vdDjEYNdtUcgWt8heRrEVo57afkj76pFsJggGgEYrFCWvfzHCFDGrxH,1754127293,2025-08-02T11:34:53,5.003e-06,AK1TDZ8TUrLRMGyRHWBNSge8zmtXeRmMHZGsZ41QfpST,dec,237945479,1024537073,786591594,So11111111111111111111111111111111111111111,9,1.0
2vo6jNmuYDpvhJUuMSeJ3tZJf6o6Q48n9vdDjEYNdtUcgWt8heRrEVo57afkj76pFsJggGgEYrFCWvfzHCFDGrxH,1754127293,2025-08-02T11:34:53,5.003e-06,AK1TDZ8TUrLRMGyRHWBNSge8zmtXeRmMHZGsZ41QfpST,inc,1671708070477,5522,1671708075999,9vYYgEEQEv4xRoksJZmdicPoZ5oJCL2vNvRAK26W1Wxy,6,1.0
2645Fbmo9q2RnhHdUNdcdzauTvmWxiQAy9mmd2cvRpSEFos6m2rMQHbhxfANMx6YfX2Xh9zQ64jMABvbviGkQ4Ab,1754127168,2025-08-02T11:32:48,5.002e-06,AK1TDZ8TUrLRMGyRHWBNSge8zmtXeRmMHZGsZ41QfpST,inc,892057986,132485088,1024543074,So11111111111111111111111111111111111111111,9,1.0
2645Fbmo9q2RnhHdUNdcdzauTvmWxiQAy9mmd2cvRpSEFos6m2rMQHbhxfANMx6YfX2Xh9zQ64jMABvbviGkQ4Ab,1754127168,2025-08-02T11:32:48,5.002e-06,AK1TDZ8TUrLRMGyRHWBNSge8zmtXeRmMHZGsZ41QfpST,dec,6315989681507,6315989687029,5522,9vYYgEEQEv4xRoksJZmdicPoZ5oJCL2vNvRAK26W1Wxy,6,1.0
3osSWYH6kr1tW9efLGkUnqaBzA2SwuKUYu7Lz1SZ1XTWfuEvxvV3Y93UtnVm29ZynoUiTDUTLZVp7hkunben8MAk,1754127145,2025-08-02T11:32:25,5.003e-06,AK1TDZ8TUrLRMGyRHWBNSge8zmtXeRmMHZGsZ41QfpST,dec,397205301,529696389,132491088,So11111111111111111111111111111111111111111,9,1.0
3osSWYH6kr1tW9efLGkUnqaBzA2SwuKUYu7Lz1SZ1XTWfuEvxvV3Y93UtnVm29ZynoUiTDUTLZVp7hkunben8MAk,1754127145,2025-08-02T11:32:25,5.003e-06,AK1TDZ8TUrLRMGyRHWBNSge8zmtXeRmMHZGsZ41QfpST,inc,2712081273202,3603908413827,6315989687029,9vYYgEEQEv4xRoksJZmdicPoZ5oJCL2vNvRAK26W1Wxy,6,1.0
2mxnTCEJr9yKZt13u6E64WLZQRe3ynB1JxUTiJukDsYcpW3PXo8bH2HTzhSCpVCxTmnh47RYS5fVbr5YHXdDQG3c,1754126922,2025-08-02T11:28:42,5.003e-06,AK1TDZ8TUrLRMGyRHWBNSge8zmtXeRmMHZGsZ41QfpST,dec,482459727,1012162116,529702389,So11111111111111111111111111111111111111111,9,1.0
2mxnTCEJr9yKZt13u6E64WLZQRe3ynB1JxUTiJukDsYcpW3PXo8bH2HTzhSCpVCxTmnh47RYS5fVbr5YHXdDQG3c,1754126922,2025-08-02T11:28:42,5.003e-06,AK1TDZ8TUrLRMGyRHWBNSge8zmtXeRmMHZGsZ41QfpST,inc,3542821760250,61086653577,3603908413827,9vYYgEEQEv4xRoksJZmdicPoZ5oJCL2vNvRAK26W1Wxy,6,1.0
3qo4e8hs1SgzFZHSkwjEMdZkbSRvUq9dT6cY8ZHLTWCPcSEufLfffG7FEXYjMma1H6uJi1LiQtKWturX87E3o651,1754126837,2025-08-02T11:27:17,5.002e-06,AK1TDZ8TUrLRMGyRHWBNSge8zmtXeRmMHZGsZ41QfpST,inc,888460734,123707382,1012168116,So11111111111111111111111111111111111111111,9,1.0
3qo4e8hs1SgzFZHSkwjEMdZkbSRvUq9dT6cY8ZHLTWCPcSEufLfffG7FEXYjMma1H6uJi1LiQtKWturX87E3o651,1754126837,2025-08-02T11:27:17,5.002e-06,AK1TDZ8TUrLRMGyRHWBNSge8zmtXeRmMHZGsZ41QfpST,dec,6517407620048,6578494273625,61086653577,9vYYgEEQEv4xRoksJZmdicPoZ5oJCL2vNvRAK26W1Wxy,6,1.0
CEjk79316J4zq2QTeVu1QZkKVPWRywfVciVMGYR4X1aZxtjmJcZq18R9jWaomeBzx7Hmjjn7d2R2BTS3p5hxBrg,1754126826,2025-08-02T11:27:06,5.003e-06,AK1TDZ8TUrLRMGyRHWBNSge8zmtXeRmMHZGsZ41QfpST,dec,531289834,655003217,123713382,So11111111111111111111111111111111111111111,9,1.0
CEjk79316J4zq2QTeVu1QZkKVPWRywfVciVMGYR4X1aZxtjmJcZq18R9jWaomeBzx7Hmjjn7d2R2BTS3p5hxBrg,1754126826,2025-08-02T11:27:06,5.003e-06,AK1TDZ8TUrLRMGyRHWBNSge8zmtXeRmMHZGsZ41QfpST,inc,3889184919230,2689309354395,6578494273625,9vYYgEEQEv4xRoksJZmdicPoZ5oJCL2vNvRAK26W1Wxy,6,1.0
2LD9vT5ce2K2adkGboczhCdeowEdUtwmjVFSeZHcjXUP5y5LTvAvgxTTfTXnnhPie3gJQiZGviGBjEmWZjVaHswz,1754126808,2025-08-02T11:26:48,5.003e-06,AK1TDZ8TUrLRMGyRHWBNSge8zmtXeRmMHZGsZ41QfpST,dec,367012036,1022021254,655009217,So11111111111111111111111111111111111111111,9,1.0
2LD9vT5ce2K2adkGboczhCdeowEdUtwmjVFSeZHcjXUP5y5LTvAvgxTTfTXnnhPie3gJQiZGviGBjEmWZjVaHswz,1754126808,2025-08-02T11:26:48,5.003e-06,AK1TDZ8TUrLRMGyRHWBNSge8zmtXeRmMHZGsZ41QfpST,inc,2689309350646,3748,2689309354395,9vYYgEEQEv4xRoksJZmdicPoZ5oJCL2vNvRAK26W1Wxy,6,1.0
2M2jYamgBLJSpS3af9GmEbyJTARKJUgY1VxAp3fEQpwfGnycGMEdteFtD49gc7hkNx861dJXHQZ26H7xCjYwhGT8,1754126798,2025-08-02T11:26:38,5.002e-06,AK1TDZ8TUrLRMGyRHWBNSge8zmtXeRmMHZGsZ41QfpST,dec,2078328678,2078332426,3748,9vYYgEEQEv4xRoksJZmdicPoZ5oJCL2vNvRAK26W1Wxy,6,1.0
22jKzZNFBcu9UwMnc2Qzrri4fjCNzrEqBXQpBZjzs3nRqVsExPyP7hRHkyiAuS2HUmGPnkZ1bCT9c1426mkGxmDw,1754126775,2025-08-02T11:26:15,5.002e-06,AK1TDZ8TUrLRMGyRHWBNSge8zmtXeRmMHZGsZ41QfpST,inc,125941852,895809666,1021751518,So11111111111111111111111111111111111111111,9,1.0
22jKzZNFBcu9UwMnc2Qzrri4fjCNzrEqBXQpBZjzs3nRqVsExPyP7hRHkyiAuS2HUmGPnkZ1bCT9c1426mkGxmDw,1754126775,2025-08-02T11:26:15,5.002e-06,AK1TDZ8TUrLRMGyRHWBNSge8zmtXeRmMHZGsZ41QfpST,dec,923194046970,925272379398,2078332426,9vYYgEEQEv4xRoksJZmdicPoZ5oJCL2vNvRAK26W1Wxy,6,1.0
2TageuWoUo3pwfzDN72yaX5hWY9E3QVg86AUUwaxeXBAq8Uu8f4HUB2pzH2C2s7T1K3eMnSJhBoUm3QJXeYMxQni,1754126709,2025-08-02T11:25:09,5.003e-06,AK1TDZ8TUrLRMGyRHWBNSge8zmtXeRmMHZGsZ41QfpST,dec,123155117,1018970783,895815666,So11111111111111111111111111111111111111111,9,1.0
2TageuWoUo3pwfzDN72yaX5hWY9E3QVg86AUUwaxeXBAq8Uu8f4HUB2pzH2C2s7T1K3eMnSJhBoUm3QJXeYMxQni,1754126709,2025-08-02T11:25:09,5.003e-06,AK1TDZ8TUrLRMGyRHWBNSge8zmtXeRmMHZGsZ41QfpST,inc,925272376830,2568,925272379398,9vYYgEEQEv4xRoksJZmdicPoZ5oJCL2vNvRAK26W1Wxy,6,1.0
524Z1Xj325SxJp3QSTP7TnQBA3VDRPcVCFP41f4G5aWcPaxV57gZmWAsJtTz275SshyxKJQm2EwNWCcT1uvQjj5R,1754126691,2025-08-02T11:24:51,5.002e-06,AK1TDZ8TUrLRMGyRHWBNSge8zmtXeRmMHZGsZ41QfpST,inc,357774864,661201919,1018976783,So11111111111111111111111111111111111111111,9,1.0
524Z1Xj325SxJp3QSTP7TnQBA3VDRPcVCFP41f4G5aWcPaxV57gZmWAsJtTz275SshyxKJQm2EwNWCcT1uvQjj5R,1754126691,2025-08-02T11:24:51,5.002e-06,AK1TDZ8TUrLRMGyRHWBNSge8zmtXeRmMHZGsZ41QfpST,dec,2669408636134,2669408638702,2568,9vYYgEEQEv4xRoksJZmdicPoZ5oJCL2vNvRAK26W1Wxy,6,1.0
32W1tixfKNzFat3PJHiXWaFHWb1XFPEMYq7iK9LxLjTu8RemYxFxBBjg2HBXzdAA2QihXNnuN2gkLPQh3DP28PzW,1754126599,2025-08-02T11:23:19,5.003e-06,AK1TDZ8TUrLRMGyRHWBNSge8zmtXeRmMHZGsZ41QfpST,dec,350363535,1011571454,661207919,So11111111111111111111111111111111111111111,9,1.0
32W1tixfKNzFat3PJHiXWaFHWb1XFPEMYq7iK9LxLjTu8RemYxFxBBjg2HBXzdAA2QihXNnuN2gkLPQh3DP28PzW,1754126599,2025-08-02T11:23:19,5.003e-06,AK1TDZ8TUrLRMGyRHWBNSge8zmtXeRmMHZGsZ41QfpST,inc,2655200039808,14208598894,2669408638702,9vYYgEEQEv4xRoksJZmdicPoZ5oJCL2vNvRAK26W1Wxy,6,1.0
66YWBYu1S7fSSskdzNPUCYZWsWQyKmgZhyMizD1YMxgrcokGKTh8HAzigcELgrEmBzG5GkXdb11oQYymHUEY6pX8,1754126540,2025-08-02T11:22:20,5.002e-06,AK1TDZ8TUrLRMGyRHWBNSge8zmtXeRmMHZGsZ41QfpST,inc,752301737,259275718,1011577455,So11111111111111111111111111111111111111111,9,1.0
66YWBYu1S7fSSskdzNPUCYZWsWQyKmgZhyMizD1YMxgrcokGKTh8HAzigcELgrEmBzG5GkXdb11oQYymHUEY6pX8,1754126540,2025-08-02T11:22:20,5.002e-06,AK1TDZ8TUrLRMGyRHWBNSge8zmtXeRmMHZGsZ41QfpST,dec,5577759473909,5591968072803,14208598894,9vYYgEEQEv4xRoksJZmdicPoZ5oJCL2vNvRAK26W1Wxy,6,1.0
2Luo4AqjAU8iLD7NTMUCHWyDwsdtbs5wvy1QwS15AaQxRpfFPopLsTiafQX6H2frSqg8sRU1935HpMYi9EESnGzF,1754126530,2025-08-02T11:22:10,5.003e-06,AK1TDZ8TUrLRMGyRHWBNSge8zmtXeRmMHZGsZ41QfpST,dec,307275088,566556806,259281718,So11111111111111111111111111111111111111111,9,1.0
2Luo4AqjAU8iLD7NTMUCHWyDwsdtbs5wvy1QwS15AaQxRpfFPopLsTiafQX6H2frSqg8sRU1935HpMYi9EESnGzF,1754126530,2025-08-02T11:22:10,5.003e-06,AK1TDZ8TUrLRMGyRHWBNSge8zmtXeRmMHZGsZ41QfpST,inc,2280049068243,3311919004560,5591968072803,9vYYgEEQEv4xRoksJZmdicPoZ5oJCL2vNvRAK26W1Wxy,6,1.0
5aBNqNVvfkdsZTwZ65kKT8pcprW9YeyuaE2rpk5RCzFPTPd9cvhMxVy81yWfQduG67Q71b29vvaSdcMJoxuvzc89,1754126526,2025-08-02T11:22:06,5.003e-06,AK1TDZ8TUrLRMGyRHWBNSge8zmtXeRmMHZGsZ41QfpST,dec,443965818,1010528624,566562806,So11111111111111111111111111111111111111111,9,1.0
5aBNqNVvfkdsZTwZ65kKT8pcprW9YeyuaE2rpk5RCzFPTPd9cvhMxVy81yWfQduG67Q71b29vvaSdcMJoxuvzc89,1754126526,2025-08-02T11:22:06,5.003e-06,AK1TDZ8TUrLRMGyRHWBNSge8zmtXeRmMHZGsZ41QfpST,inc,3261204501334,50714503226,3311919004560,9vYYgEEQEv4xRoksJZmdicPoZ5oJCL2vNvRAK26W1Wxy,6,1.0
5TxwxsQw9a95BdBC1S5QxdTy72Jc5urxariTwBRL8JiPwRbNaQsfSF2bkaHvb1ejP6XhnbdGqnWor73QLdAmXtQT,1754126513,2025-08-02T11:21:53,5.002e-06,AK1TDZ8TUrLRMGyRHWBNSge8zmtXeRmMHZGsZ41QfpST,inc,972118643,38415981,1010534623,So11111111111111111111111111111111111111111,9,1.0
5TxwxsQw9a95BdBC1S5QxdTy72Jc5urxariTwBRL8JiPwRbNaQsfSF2bkaHvb1ejP6XhnbdGqnWor73QLdAmXtQT,1754126513,2025-08-02T11:21:53,5.002e-06,AK1TDZ8TUrLRMGyRHWBNSge8zmtXeRmMHZGsZ41QfpST,dec,7087274832966,7137989336192,50714503226,9vYYgEEQEv4xRoksJZmdicPoZ5oJCL2vNvRAK26W1Wxy,6,1.0
s9HS3ZT4vwFz7cv5XcY6Z12zKUgNht55R4X2LT5zmanfS6q4ZUQzDGvz5thLoab1YbsY2qf7i88cmu7KJF326Te,1754126473,2025-08-02T11:21:13,5.003e-06,AK1TDZ8TUrLRMGyRHWBNSge8zmtXeRmMHZGsZ41QfpST,dec,271522231,309944212,38421981,So11111111111111111111111111111111111111111,9,1.0
s9HS3ZT4vwFz7cv5XcY6Z12zKUgNht55R4X2LT5zmanfS6q4ZUQzDGvz5thLoab1YbsY2qf7i88cmu7KJF326Te,1754126473,2025-08-02T11:21:13,5.003e-06,AK1TDZ8TUrLRMGyRHWBNSge8zmtXeRmMHZGsZ41QfpST,inc,2028741821626,5109247514565,7137989336192,9vYYgEEQEv4xRoksJZmdicPoZ5oJCL2vNvRAK26W1Wxy,6,1.0
4BBwE3CKcYirt6A4uDVdXXfBLx6ZAjKKBngdf8fB1Tym7akFhDHmvf7mUoS5ttV9fTy5d84Yx1c7aQRyeZWeKTou,1754126406,2025-08-02T11:20:06,5.003e-06,AK1TDZ8TUrLRMGyRHWBNSge8zmtXeRmMHZGsZ41QfpST,dec,328735682,638685895,309950212,So11111111111111111111111111111111111111111,9,1.0
4BBwE3CKcYirt6A4uDVdXXfBLx6ZAjKKBngdf8fB1Tym7akFhDHmvf7mUoS5ttV9fTy5d84Yx1c7aQRyeZWeKTou,1754126406,2025-08-02T11:20:06,5.003e-06,AK1TDZ8TUrLRMGyRHWBNSge8zmtXeRmMHZGsZ41QfpST,inc,2471321903910,2637925610655,5109247514565,9vYYgEEQEv4xRoksJZmdicPoZ5oJCL2vNvRAK26W1Wxy,6,1.0
3RVEGDwd6D65iCM5tmhURzAXioWsy57F7k3GqtbovjVCJgvXxLZeqemNd6PXecT4SmFFD5s5qQS8sBZqTc9pNVhC,1754126349,2025-08-02T11:19:09,5.003e-06,AK1TDZ8TUrLRMGyRHWBNSge8zmtXeRmMHZGsZ41QfpST,dec,372139296,1010831191,638691895,So11111111111111111111111111111111111111111,9,1.0
3RVEGDwd6D65iCM5tmhURzAXioWsy57F7k3GqtbovjVCJgvXxLZeqemNd6PXecT4SmFFD5s5qQS8sBZqTc9pNVhC,1754126349,2025-08-02T11:19:09,5.003e-06,AK1TDZ8TUrLRMGyRHWBNSge8zmtXeRmMHZGsZ41QfpST,inc,2626694314846,11231295809,2637925610655,9vYYgEEQEv4xRoksJZmdicPoZ5oJCL2vNvRAK26W1Wxy,6,1.0
5LRVwCbXXcG4njNU85D8V7HFLPb9mhwuZHE6BqAQH8mzoBjuEGqHA3gsmnoV3EFApDcWegJTjRcNiRGjuCQgE834,1754126326,2025-08-02T11:18:46,5.002e-06,AK1TDZ8TUrLRMGyRHWBNSge8zmtXeRmMHZGsZ41QfpST,inc,281895591,728941601,1010837192,So11111111111111111111111111111111111111111,9,1.0
5LRVwCbXXcG4njNU85D8V7HFLPb9mhwuZHE6BqAQH8mzoBjuEGqHA3gsmnoV3EFApDcWegJTjRcNiRGjuCQgE834,1754126326,2025-08-02T11:18:46,5.002e-06,AK1TDZ8TUrLRMGyRHWBNSge8zmtXeRmMHZGsZ41QfpST,dec,2063611029979,2074842325789,11231295809,9vYYgEEQEv4xRoksJZmdicPoZ5oJCL2vNvRAK26W1Wxy,6,1.0
e686qUFuKJnz4w3L9vkKGpZLAXqLxR4R8oE6s1mBiKhoqRUiGQDVRM82uMyXFBvJCqKKB4ZTa1CjTyKHM55wnj6,1754126299,2025-08-02T11:18:19,5.003e-06,AK1TDZ8TUrLRMGyRHWBNSge8zmtXeRmMHZGsZ41QfpST,dec,273868534,1002816135,728947601,So11111111111111111111111111111111111111111,9,1.0
e686qUFuKJnz4w3L9vkKGpZLAXqLxR4R8oE6s1mBiKhoqRUiGQDVRM82uMyXFBvJCqKKB4ZTa1CjTyKHM55wnj6,1754126299,2025-08-02T11:18:19,5.003e-06,AK1TDZ8TUrLRMGyRHWBNSge8zmtXeRmMHZGsZ41QfpST,inc,2074842325606,183,2074842325789,9vYYgEEQEv4xRoksJZmdicPoZ5oJCL2vNvRAK26W1Wxy,6,1.0
5CdRKNMAxDQamyjFS1VPYjfLTMrmcT6LAwMqLMoEeRPZLpMw3RbPhQUQEgDbxKBWipQYJb6j1WZtLbrJUKVXXuMd,1754126227,2025-08-02T11:17:07,5.002e-06,AK1TDZ8TUrLRMGyRHWBNSge8zmtXeRmMHZGsZ41QfpST,inc,621902991,380919143,1002822135,So11111111111111111111111111111111111111111,9,1.0
5CdRKNMAxDQamyjFS1VPYjfLTMrmcT6LAwMqLMoEeRPZLpMw3RbPhQUQEgDbxKBWipQYJb6j1WZtLbrJUKVXXuMd,1754126227,2025-08-02T11:17:07,5.002e-06,AK1TDZ8TUrLRMGyRHWBNSge8zmtXeRmMHZGsZ41QfpST,dec,4657921836910,4657921837094,183,9vYYgEEQEv4xRoksJZmdicPoZ5oJCL2vNvRAK26W1Wxy,6,1.0
4aMi5Dj2r3sZbE6zenwvWEHLkb6Wroi1vNwZmkN2BRGR3htD8C6pcHr4SP73JJcanav7DSTDXdVtfiS38MccrS2G,1754126159,2025-08-02T11:15:59,5.003e-06,AK1TDZ8TUrLRMGyRHWBNSge8zmtXeRmMHZGsZ41QfpST,dec,306291761,687216905,380925143,So11111111111111111111111111111111111111111,9,1.0
4aMi5Dj2r3sZbE6zenwvWEHLkb6Wroi1vNwZmkN2BRGR3htD8C6pcHr4SP73JJcanav7DSTDXdVtfiS38MccrS2G,1754126159,2025-08-02T11:15:59,5.003e-06,AK1TDZ8TUrLRMGyRHWBNSge8zmtXeRmMHZGsZ41QfpST,inc,2157973477183,2499948359910,4657921837094,9vYYgEEQEv4xRoksJZmdicPoZ5oJCL2vNvRAK26W1Wxy,6,1.0
26yJQU2YC1kzgsmV5bJxhYBSW1pUQpJ7eVgDoK7J198A8cahHuUcicnq7cw5qwV6GQ3cxgVZ15VpFTALUfgLESyw,1754126041,2025-08-02T11:14:01,5.003e-06,AK1TDZ8TUrLRMGyRHWBNSge8zmtXeRmMHZGsZ41QfpST,dec,328485268,1015708174,687222905,So11111111111111111111111111111111111111111,9,1.0
26yJQU2YC1kzgsmV5bJxhYBSW1pUQpJ7eVgDoK7J198A8cahHuUcicnq7cw5qwV6GQ3cxgVZ15VpFTALUfgLESyw,1754126041,2025-08-02T11:14:01,5.003e-06,AK1TDZ8TUrLRMGyRHWBNSge8zmtXeRmMHZGsZ41QfpST,inc,2487557130793,12391229117,2499948359910,9vYYgEEQEv4xRoksJZmdicPoZ5oJCL2vNvRAK26W1Wxy,6,1.0
58RoQ5Bc2KNsjowt46mRYMvLCs5XoyVxsmNZqpf6ctvJSyupFS6HJSYYfoN5DsoWaKrMnuYb6YidqMbqPsaQv1Kb,1754126039,2025-08-02T11:13:59,5.002e-06,AK1TDZ8TUrLRMGyRHWBNSge8zmtXeRmMHZGsZ41QfpST,inc,393459016,622255157,1015714174,So11111111111111111111111111111111111111111,9,1.0
58RoQ5Bc2KNsjowt46mRYMvLCs5XoyVxsmNZqpf6ctvJSyupFS6HJSYYfoN5DsoWaKrMnuYb6YidqMbqPsaQv1Kb,1754126039,2025-08-02T11:13:59,5.002e-06,AK1TDZ8TUrLRMGyRHWBNSge8zmtXeRmMHZGsZ41QfpST,dec,3019223999819,3031615228936,12391229117,9vYYgEEQEv4xRoksJZmdicPoZ5oJCL2vNvRAK26W1Wxy,6,1.0
2n1GHSFkWVKtaQT7kpwMn5y8Sfn3q7AEGfZZivexrbrvrqzwNiKhyE8UD9Bp1ZRFdvuczhSBpSc7TugbgMYWUmzA,1754125993,2025-08-02T11:13:13,5.003e-06,AK1TDZ8TUrLRMGyRHWBNSge8zmtXeRmMHZGsZ41QfpST,dec,406792787,1029053944,622261157,So11111111111111111111111111111111111111111,9,1.0
2n1GHSFkWVKtaQT7kpwMn5y8Sfn3q7AEGfZZivexrbrvrqzwNiKhyE8UD9Bp1ZRFdvuczhSBpSc7TugbgMYWUmzA,1754125993,2025-08-02T11:13:13,5.003e-06,AK1TDZ8TUrLRMGyRHWBNSge8zmtXeRmMHZGsZ41QfpST,inc,3031358008666,257220270,3031615228936,9vYYgEEQEv4xRoksJZmdicPoZ5oJCL2vNvRAK26W1Wxy,6,1.0
65yyN36kkndxGJa8cGSWnmBrENa6K6VJGaBHdXTL87XRYkxGxs3ZQcd5CTaRR7zPt2vXRosL463oWKQFiSeufDrf,1754125958,2025-08-02T11:12:38,5.002e-06,AK1TDZ8TUrLRMGyRHWBNSge8zmtXeRmMHZGsZ41QfpST,inc,3534899,1025525044,1029059943,So11111111111111111111111111111111111111111,9,1.0
65yyN36kkndxGJa8cGSWnmBrENa6K6VJGaBHdXTL87XRYkxGxs3ZQcd5CTaRR7zPt2vXRosL463oWKQFiSeufDrf,1754125958,2025-08-02T11:12:38,5.002e-06,AK1TDZ8TUrLRMGyRHWBNSge8zmtXeRmMHZGsZ41QfpST,dec,27432605917,27689826188,257220270,9vYYgEEQEv4xRoksJZmdicPoZ5oJCL2vNvRAK26W1Wxy,6,1.0
47YNycjTjuvEjTJ8SHyLkQ6ysfrX6C57rrx48SpEMNgaDZk12NxXrcAg6j74EmtnNcSHP6x1HJmau9Ni2AcuJKgi,1754125886,2025-08-02T11:11:26,5.002e-06,AK1TDZ8TUrLRMGyRHWBNSge8zmtXeRmMHZGsZ41QfpST,inc,369775924,655755120,1025531044,So11111111111111111111111111111111111111111,9,1.0
47YNycjTjuvEjTJ8SHyLkQ6ysfrX6C57rrx48SpEMNgaDZk12NxXrcAg6j74EmtnNcSHP6x1HJmau9Ni2AcuJKgi,1754125886,2025-08-02T11:11:26,5.002e-06,AK1TDZ8TUrLRMGyRHWBNSge8zmtXeRmMHZGsZ41QfpST,dec,2655821635179,2683511461367,27689826188,9vYYgEEQEv4xRoksJZmdicPoZ5oJCL2vNvRAK26W1Wxy,6,1.0
2aws3U1w5P5wEiKuawQ7K1U8fB72uwT95XtTY8y7ZCLGqHPEHADgLDj4BZTbSxYkvg8hwAyRttvS6mZwKGZuBcj2,1754125879,2025-08-02T11:11:19,5.003e-06,AK1TDZ8TUrLRMGyRHWBNSge8zmtXeRmMHZGsZ41QfpST,dec,375079371,1030840491,655761120,So11111111111111111111111111111111111111111,9,1.0
2aws3U1w5P5wEiKuawQ7K1U8fB72uwT95XtTY8y7ZCLGqHPEHADgLDj4BZTbSxYkvg8hwAyRttvS6mZwKGZuBcj2,1754125879,2025-08-02T11:11:19,5.003e-06,AK1TDZ8TUrLRMGyRHWBNSge8zmtXeRmMHZGsZ41QfpST,inc,2611957139116,71554322251,2683511461367,9vYYgEEQEv4xRoksJZmdicPoZ5oJCL2vNvRAK26W1Wxy,6,1.0
4qodjPjupozde1NZFNP1n82Qv8Fcmnc4fiPvk9cziYcCMsw7z1dLJG4ivtJHtXvy1MAs2tMbdyifuT6EBavnp8Lp,1754125793,2025-08-02T11:09:53,5.002e-06,AK1TDZ8TUrLRMGyRHWBNSge8zmtXeRmMHZGsZ41QfpST,inc,359047725,671798765,1030846490,So11111111111111111111111111111111111111111,9,1.0
4qodjPjupozde1NZFNP1n82Qv8Fcmnc4fiPvk9cziYcCMsw7z1dLJG4ivtJHtXvy1MAs2tMbdyifuT6EBavnp8Lp,1754125793,2025-08-02T11:09:53,5.002e-06,AK1TDZ8TUrLRMGyRHWBNSge8zmtXeRmMHZGsZ41QfpST,dec,2887097947560,2958652269811,71554322251,9vYYgEEQEv4xRoksJZmdicPoZ5oJCL2vNvRAK26W1Wxy,6,1.0
4VnvmsdBLzWHyTKaSk2cJgLaUaoFwK5sTxDWfP7atNjX1CLNXYZMpKkEvEav1hpYQM2BfCN3sXv5D1TRv6rkGo62,1754125744,2025-08-02T11:09:04,5.004e-06,AK1TDZ8TUrLRMGyRHWBNSge8zmtXeRmMHZGsZ41QfpST,dec,329695240,1001500004,671804763,So11111111111111111111111111111111111111111,9,1.0
4VnvmsdBLzWHyTKaSk2cJgLaUaoFwK5sTxDWfP7atNjX1CLNXYZMpKkEvEav1hpYQM2BfCN3sXv5D1TRv6rkGo62,1754125744,2025-08-02T11:09:04,5.004e-06,AK1TDZ8TUrLRMGyRHWBNSge8zmtXeRmMHZGsZ41QfpST,inc,2958652269811,0,2958652269811,9vYYgEEQEv4xRoksJZmdicPoZ5oJCL2vNvRAK26W1Wxy,6,1.0
28dAcgQup72vTiwR16ewJy1VFmG93uSWDChFpsYxRuC8mLpov1HuDA4UFjKatirKJcvMygxtfgHVFMoDrS9sHXBj,1754125626,2025-08-02T11:07:06,3.14e-05,AK1TDZ8TUrLRMGyRHWBNSge8zmtXeRmMHZGsZ41QfpST,inc,999999999,1500004,1001500004,So11111111111111111111111111111111111111111,9,1.0
oDfrL865m8G7H64BRgzKXwb6xGkky7AVjyGZLec6cNgezYtL9jySvtHof65QMtNU8pm42xaYTm92B7dVU41KiNM,1754125547,2025-08-02T11:05:47,1e-05,AK1TDZ8TUrLRMGyRHWBNSge8zmtXeRmMHZGsZ41QfpST,dec,26300230581,26300230581,0,CwhGKeuQrHFtpboQCVVuDGB59CkDWxAmdGKTrb2uHdJ5,6,1.0
5UghPjZCzikV9mVmSG8TVkTsv1Hsr44nRreiaSupRStSQyFoPZofDNe2qGyFUTb8B9sxGBv639LXMxWe1Jrw2wA,1754125502,2025-08-02T11:05:02,5.7126e-05,AK1TDZ8TUrLRMGyRHWBNSge8zmtXeRmMHZGsZ41QfpST,dec,1120815403,1122315403,1500000,So11111111111111111111111111111111111111111,9,1.0
ZcTSWSnxny5VXYepiYa3Q6SSngTtnYosnvmd5K3oRXR33xtp4i6miWtnLS3T9CixZ22bmz6sxVtaVKV46RtC3Ea,1754125473,2025-08-02T11:04:33,5.002e-06,AK1TDZ8TUrLRMGyRHWBNSge8zmtXeRmMHZGsZ41QfpST,inc,937926140,184395262,1122321403,So11111111111111111111111111111111111111111,9,1.0
ZcTSWSnxny5VXYepiYa3Q6SSngTtnYosnvmd5K3oRXR33xtp4i6miWtnLS3T9CixZ22bmz6sxVtaVKV46RtC3Ea,1754125473,2025-08-02T11:04:33,5.002e-06,AK1TDZ8TUrLRMGyRHWBNSge8zmtXeRmMHZGsZ41QfpST,dec,6917611175954,6943911406536,26300230581,CwhGKeuQrHFtpboQCVVuDGB59CkDWxAmdGKTrb2uHdJ5,6,1.0
2RvY4x33adSU7vkhgJhYbfrbSySrpwXiSnAnr4tCiBeVrfpVFFF6Ry3ymZufgNteY5Z1TifLLzWGVjLR7EQ1R8HL,1754125437,2025-08-02T11:03:57,5.003e-06,AK1TDZ8TUrLRMGyRHWBNSge8zmtXeRmMHZGsZ41QfpST,dec,497262671,681663933,184401262,So11111111111111111111111111111111111111111,9,1.0
2RvY4x33adSU7vkhgJhYbfrbSySrpwXiSnAnr4tCiBeVrfpVFFF6Ry3ymZufgNteY5Z1TifLLzWGVjLR7EQ1R8HL,1754125437,2025-08-02T11:03:57,5.003e-06,AK1TDZ8TUrLRMGyRHWBNSge8zmtXeRmMHZGsZ41QfpST,inc,3612872252885,3331039153650,6943911406536,CwhGKeuQrHFtpboQCVVuDGB59CkDWxAmdGKTrb2uHdJ5,6,1.0
2b4DZiR7N2jMKVGJck6mgmvHV6znkhY9dnGsbiT1Gu1D9TtQvpj8jLnh9hys2WE7JXcniBrqCo2W1tbssde34Wn6,1754125416,2025-08-02T11:03:36,5.003e-06,AK1TDZ8TUrLRMGyRHWBNSge8zmtXeRmMHZGsZ41QfpST,dec,444882637,1126552571,681669933,So11111111111111111111111111111111111111111,9,1.0
2b4DZiR7N2jMKVGJck6mgmvHV6znkhY9dnGsbiT1Gu1D9TtQvpj8jLnh9hys2WE7JXcniBrqCo2W1tbssde34Wn6,1754125416,2025-08-02T11:03:36,5.003e-06,AK1TDZ8TUrLRMGyRHWBNSge8zmtXeRmMHZGsZ41QfpST,inc,3309133442576,21905711074,3331039153650,CwhGKeuQrHFtpboQCVVuDGB59CkDWxAmdGKTrb2uHdJ5,6,1.0
5VTurR56xx8wCauHWgw3FCBT9nQdUffMro8qDZSwRBr8nGZUWVrKJquuL13QdYZ5NuZAB5PR8yGKXzNABqYPRHrh,1754125401,2025-08-02T11:03:21,5.002e-06,AK1TDZ8TUrLRMGyRHWBNSge8zmtXeRmMHZGsZ41QfpST,inc,351795440,774763130,1126558571,So11111111111111111111111111111111111111111,9,1.0
5VTurR56xx8wCauHWgw3FCBT9nQdUffMro8qDZSwRBr8nGZUWVrKJquuL13QdYZ5NuZAB5PR8yGKXzNABqYPRHrh,1754125401,2025-08-02T11:03:21,5.002e-06,AK1TDZ8TUrLRMGyRHWBNSge8zmtXeRmMHZGsZ41QfpST,dec,2734434200783,2756339911858,21905711074,CwhGKeuQrHFtpboQCVVuDGB59CkDWxAmdGKTrb2uHdJ5,6,1.0
3Gz64vRQXBMdUkpe8XCUWWjFM4aYj524kVWokm1y8LQ76FobJT1sMF97q9dZsVkaXqm97tdGCbECuBCzEEru9BSV,1754125336,2025-08-02T11:02:16,5.003e-06,AK1TDZ8TUrLRMGyRHWBNSge8zmtXeRmMHZGsZ41QfpST,dec,391654400,1166423531,774769130,So11111111111111111111111111111111111111111,9,1.0
3Gz64vRQXBMdUkpe8XCUWWjFM4aYj524kVWokm1y8LQ76FobJT1sMF97q9dZsVkaXqm97tdGCbECuBCzEEru9BSV,1754125336,2025-08-02T11:02:16,5.003e-06,AK1TDZ8TUrLRMGyRHWBNSge8zmtXeRmMHZGsZ41QfpST,inc,2756070896609,269015249,2756339911858,CwhGKeuQrHFtpboQCVVuDGB59CkDWxAmdGKTrb2uHdJ5,6,1.0
y8kHsZBLH2jSnHY9xZyhiB6h2NY48cJe6bsRGjLKEoM4kNXYSmyVtS5ALVZJxVXxoEodrNoBtuxUNX6f3S2vovQ,1754125329,2025-08-02T11:02:09,5.002e-06,AK1TDZ8TUrLRMGyRHWBNSge8zmtXeRmMHZGsZ41QfpST,inc,4570846,1161858684,1166429531,So11111111111111111111111111111111111111111,9,1.0
y8kHsZBLH2jSnHY9xZyhiB6h2NY48cJe6bsRGjLKEoM4kNXYSmyVtS5ALVZJxVXxoEodrNoBtuxUNX6f3S2vovQ,1754125329,2025-08-02T11:02:09,5.002e-06,AK1TDZ8TUrLRMGyRHWBNSge8zmtXeRmMHZGsZ41QfpST,dec,32958293768,33227309017,269015249,CwhGKeuQrHFtpboQCVVuDGB59CkDWxAmdGKTrb2uHdJ5,6,1.0
4tj1FDNfWu6Ye7VgwC9Nr7R324ocZEDeMTW4RdpF8DSY2UaurSmoWJrP4GuJKL18xMst5uQHVeBxFPRHFh6M7DcR,1754125221,2025-08-02T11:00:21,5.002e-06,AK1TDZ8TUrLRMGyRHWBNSge8zmtXeRmMHZGsZ41QfpST,inc,877489322,284375362,1161864684,So11111111111111111111111111111111111111111,9,1.0
4tj1FDNfWu6Ye7VgwC9Nr7R324ocZEDeMTW4RdpF8DSY2UaurSmoWJrP4GuJKL18xMst5uQHVeBxFPRHFh6M7DcR,1754125221,2025-08-02T11:00:21,5.002e-06,AK1TDZ8TUrLRMGyRHWBNSge8zmtXeRmMHZGsZ41QfpST,dec,6629826158731,6663053467748,33227309017,CwhGKeuQrHFtpboQCVVuDGB59CkDWxAmdGKTrb2uHdJ5,6,1.0
2ExBgL6nM4jiv2ZRsQCdRwmZ9a1Rtsa9UdxYZps4Lsf2ziKU4Cr8y2s5hFvw7B62TLa1XvNKtLxVmxV38agW4wEU,1754125155,2025-08-02T10:59:15,5.003e-06,AK1TDZ8TUrLRMGyRHWBNSge8zmtXeRmMHZGsZ41QfpST,dec,329838638,614220001,284381362,So11111111111111111111111111111111111111111,9,1.0
2ExBgL6nM4jiv2ZRsQCdRwmZ9a1Rtsa9UdxYZps4Lsf2ziKU4Cr8y2s5hFvw7B62TLa1XvNKtLxVmxV38agW4wEU,1754125155,2025-08-02T10:59:15,5.003e-06,AK1TDZ8TUrLRMGyRHWBNSge8zmtXeRmMHZGsZ41QfpST,inc,2675818937680,3987234530068,6663053467748,CwhGKeuQrHFtpboQCVVuDGB59CkDWxAmdGKTrb2uHdJ5,6,1.0
65MYUBCdXSro3d91aLh9hHWj5vKv9WCQctqezk1aw8F7S2JHhgcSDkCsjb1Q9GCEs85qMz5QtXp6vZ3AjNV9su42,1754125078,2025-08-02T10:57:58,5.004e-06,AK1TDZ8TUrLRMGyRHWBNSge8zmtXeRmMHZGsZ41QfpST,dec,387273999,1001500000,614226001,So11111111111111111111111111111111111111111,9,1.0
65MYUBCdXSro3d91aLh9hHWj5vKv9WCQctqezk1aw8F7S2JHhgcSDkCsjb1Q9GCEs85qMz5QtXp6vZ3AjNV9su42,1754125078,2025-08-02T10:57:58,5.004e-06,AK1TDZ8TUrLRMGyRHWBNSge8zmtXeRmMHZGsZ41QfpST,inc,3987234530068,0,3987234530068,CwhGKeuQrHFtpboQCVVuDGB59CkDWxAmdGKTrb2uHdJ5,6,1.0
4R9wv8Koxee7utgeuzRjKnWuZRLN2UAubVDky13nkDPoMmGRwwbuivex7MrSMDmJR3qMP9eDzwBUkngCFYXwDPrS,1754124997,2025-08-02T10:56:37,2.7759e-05,AK1TDZ8TUrLRMGyRHWBNSge8zmtXeRmMHZGsZ41QfpST,inc,1000000000,1500000,1001500000,So11111111111111111111111111111111111111111,9,1.0
3uiMQg8C4TsLqw1Ucn1bCH5TNwro542X6TFMdpWMHzBvvqHRX3UJwjTuqLN9mh5RSqUtZPbK6FB7K1vppKnnZSaK,1754124683,2025-08-02T10:51:23,1e-05,AK1TDZ8TUrLRMGyRHWBNSge8zmtXeRmMHZGsZ41QfpST,dec,9724246344,9724246344,0,BXxpp5sCDyWyGE9z2rQNbNhfeFDHsgTgx2x9fSjBQe5B,6,1.0
2wPvk5pcVti9pTTpW9a8fYc5iwqPwA643km41S6N5hsRk5fAyE8b4sseYqarLRwX6i6wf4EiYUyDH1mYFSQE4vtW,1754124640,2025-08-02T10:50:40,6.1153e-05,AK1TDZ8TUrLRMGyRHWBNSge8zmtXeRmMHZGsZ41QfpST,dec,1029211721,1030711721,1500000,So11111111111111111111111111111111111111111,9,1.0
JEU93nnecZKhEMUYu2yJJtBk2dWJrLHnA1uetHZnVSLxQ8cR727FdbnaWs6mH5FodiEAFzM22Favqm6fn7fMKEE,1754124558,2025-08-02T10:49:18,5.002e-06,AK1TDZ8TUrLRMGyRHWBNSge8zmtXeRmMHZGsZ41QfpST,inc,251838120,778879601,1030717721,So11111111111111111111111111111111111111111,9,1.0
JEU93nnecZKhEMUYu2yJJtBk2dWJrLHnA1uetHZnVSLxQ8cR727FdbnaWs6mH5FodiEAFzM22Favqm6fn7fMKEE,1754124558,2025-08-02T10:49:18,5.002e-06,AK1TDZ8TUrLRMGyRHWBNSge8zmtXeRmMHZGsZ41QfpST,dec,2226589671844,2236313918188,9724246344,BXxpp5sCDyWyGE9z2rQNbNhfeFDHsgTgx2x9fSjBQe5B,6,1.0
2ZUGpYQ2JvA3m4YWhBpkobHhWqh2o76nd1RoqvUUC4z8WKVc6wdLRK3NWGKKNs2QNdNVy81JRBi8qT8g1bEQ9tCM,1754124512,2025-08-02T10:48:32,5.004e-06,AK1TDZ8TUrLRMGyRHWBNSge8zmtXeRmMHZGsZ41QfpST,dec,222614399,1001500000,778885601,So11111111111111111111111111111111111111111,9,1.0
2ZUGpYQ2JvA3m4YWhBpkobHhWqh2o76nd1RoqvUUC4z8WKVc6wdLRK3NWGKKNs2QNdNVy81JRBi8qT8g1bEQ9tCM,1754124512,2025-08-02T10:48:32,5.004e-06,AK1TDZ8TUrLRMGyRHWBNSge8zmtXeRmMHZGsZ41QfpST,inc,2236313918188,0,2236313918188,BXxpp5sCDyWyGE9z2rQNbNhfeFDHsgTgx2x9fSjBQe5B,6,1.0
5L7P48EBfHiAY8wmhFF7TWwSnthUaB38j8t5HbG4XzHYYZ48Szm5gkcs6eRf1M2Zc78QxdKHQLszcAwWuKQes8PA,1754124424,2025-08-02T10:47:04,2.15e-05,AK1TDZ8TUrLRMGyRHWBNSge8zmtXeRmMHZGsZ41QfpST,inc,1000000000,1500000,1001500000,So11111111111111111111111111111111111111111,9,1.0
5YxrJiHfPCpLxjSifvJK2DLCX3P7z2zwNvPgDongq4cBfHh4pqhi8A4UMHZJtH5iF3Vi5xjsvT1YbzbqQeQAXQBk,1754124343,2025-08-02T10:45:43,1e-05,AK1TDZ8TUrLRMGyRHWBNSge8zmtXeRmMHZGsZ41QfpST,dec,2726234961453,2726234961453,0,9JFcy9sKk9Btjd25aTnAJquWYiiRM4nwJqWrfLzpScw6,6,1.0
6zkWM41jen4T4QTencg8ejEqKeYNLUKbDfeTxcWRNpyW3NDRjRVQngTAQwwKy4jYeDrJnMVjxtifEFcUvcxcKDy,1754124300,2025-08-02T10:45:00,6.613e-05,AK1TDZ8TUrLRMGyRHWBNSge8zmtXeRmMHZGsZ41QfpST,dec,669739275,671239275,1500000,So11111111111111111111111111111111111111111,9,1.0
31wNhDNx3HTxTrGPdXvPmgNH2ctht5wuHvhUVcQbmkrVZuP2y1gteFk8iR6rVpPzCS51ctWLzF6Qb82aCUkumW44,1754124212,2025-08-02T10:43:32,5.003e-06,AK1TDZ8TUrLRMGyRHWBNSge8zmtXeRmMHZGsZ41QfpST,dec,443230844,1114476119,671245275,So11111111111111111111111111111111111111111,9,1.0
31wNhDNx3HTxTrGPdXvPmgNH2ctht5wuHvhUVcQbmkrVZuP2y1gteFk8iR6rVpPzCS51ctWLzF6Qb82aCUkumW44,1754124212,2025-08-02T10:43:32,5.003e-06,AK1TDZ8TUrLRMGyRHWBNSge8zmtXeRmMHZGsZ41QfpST,inc,2726234760780,200673,2726234961453,9JFcy9sKk9Btjd25aTnAJquWYiiRM4nwJqWrfLzpScw6,6,1.0
ybZzKfrpFc1owN1EV4SmDGYExaFqQqt9dqYCWuPoQxBqJQiikPqRtBQH3Re6RmUjkSzqyWq54dXzC3KRemZ989y,1754124161,2025-08-02T10:42:41,5.002e-06,AK1TDZ8TUrLRMGyRHWBNSge8zmtXeRmMHZGsZ41QfpST,dec,22177570,22378243,200673,9JFcy9sKk9Btjd25aTnAJquWYiiRM4nwJqWrfLzpScw6,6,1.0
5vq3vP6SAkYgdQt1v2s438qrSzfUA1eKFFXCkwztjJDSvGmLh3QDqMJVKUFK2ze6CgiWEcyjayojkVT1XxztFMGN,1754124152,2025-08-02T10:42:32,5.002e-06,AK1TDZ8TUrLRMGyRHWBNSge8zmtXeRmMHZGsZ41QfpST,dec,6573109717,6595487960,22378243,9JFcy9sKk9Btjd25aTnAJquWYiiRM4nwJqWrfLzpScw6,6,1.0
5HjuY2oJ892GxHf64VpiWtE3YwyZzCYotcwjKEckNLBJSJgYY4aqCi41QCHkAwvQ1T7itD2BTZnzHFMo7tgimf1g,1754124113,2025-08-02T10:41:53,5.002e-06,AK1TDZ8TUrLRMGyRHWBNSge8zmtXeRmMHZGsZ41QfpST,inc,481683988,631863943,1113547931,So11111111111111111111111111111111111111111,9,1.0
5HjuY2oJ892GxHf64VpiWtE3YwyZzCYotcwjKEckNLBJSJgYY4aqCi41QCHkAwvQ1T7itD2BTZnzHFMo7tgimf1g,1754124113,2025-08-02T10:41:53,5.002e-06,AK1TDZ8TUrLRMGyRHWBNSge8zmtXeRmMHZGsZ41QfpST,dec,3540111160896,3546706648856,6595487960,9JFcy9sKk9Btjd25aTnAJquWYiiRM4nwJqWrfLzpScw6,6,1.0
4AnRF3xiaGm5NCy2SrKiEeVAt19FrhzsWRjoKjZ9WXUaVjmZXJeAP5D1CJ26YvrSFcqpqfNEPrQRj12BFnLcuXBY,1754124093,2025-08-02T10:41:33,5.003e-06,AK1TDZ8TUrLRMGyRHWBNSge8zmtXeRmMHZGsZ41QfpST,dec,472485653,1104355596,631869943,So11111111111111111111111111111111111111111,9,1.0
4AnRF3xiaGm5NCy2SrKiEeVAt19FrhzsWRjoKjZ9WXUaVjmZXJeAP5D1CJ26YvrSFcqpqfNEPrQRj12BFnLcuXBY,1754124093,2025-08-02T10:41:33,5.003e-06,AK1TDZ8TUrLRMGyRHWBNSge8zmtXeRmMHZGsZ41QfpST,inc,3546706639483,9373,3546706648856,9JFcy9sKk9Btjd25aTnAJquWYiiRM4nwJqWrfLzpScw6,6,1.0
4iwzkHbxPJ4pDEF1hJMWFiRtobPZtmNrTMWAa7jfcxJMynfcZBzJKqowZgiUpjqVY1iD2N9ZeNUe1gTvxF8uBB2r,1754123999,2025-08-02T10:39:59,5.002e-06,AK1TDZ8TUrLRMGyRHWBNSge8zmtXeRmMHZGsZ41QfpST,dec,27242100,27251473,9373,9JFcy9sKk9Btjd25aTnAJquWYiiRM4nwJqWrfLzpScw6,6,1.0
pFBHWLGNsaHpd3vXGG9KWm4K9jLy4dhMe1nNXdYDtnCv8o7BEo26S5ETBDCVZVWWk2a5Lm6kJbsiiLguNLVdPsb,1754123991,2025-08-02T10:39:51,5.002e-06,AK1TDZ8TUrLRMGyRHWBNSge8zmtXeRmMHZGsZ41QfpST,inc,2048908,1102320112,1104369020,So11111111111111111111111111111111111111111,9,1.0
pFBHWLGNsaHpd3vXGG9KWm4K9jLy4dhMe1nNXdYDtnCv8o7BEo26S5ETBDCVZVWWk2a5Lm6kJbsiiLguNLVdPsb,1754123991,2025-08-02T10:39:51,5.002e-06,AK1TDZ8TUrLRMGyRHWBNSge8zmtXeRmMHZGsZ41QfpST,dec,15850100161,15877351634,27251473,9JFcy9sKk9Btjd25aTnAJquWYiiRM4nwJqWrfLzpScw6,6,1.0
2JPthB6AgBWCZNx1ppJs64GcGkyYsZk3igZJ9mddCjY4gTuXHM81kqnQRd8f7CASq2P3qce8jFKNNAiTqGitdPDB,1754123911,2025-08-02T10:38:31,5.002e-06,AK1TDZ8TUrLRMGyRHWBNSge8zmtXeRmMHZGsZ41QfpST,inc,766578748,335747364,1102326112,So11111111111111111111111111111111111111111,9,1.0
2JPthB6AgBWCZNx1ppJs64GcGkyYsZk3igZJ9mddCjY4gTuXHM81kqnQRd8f7CASq2P3qce8jFKNNAiTqGitdPDB,1754123911,2025-08-02T10:38:31,5.002e-06,AK1TDZ8TUrLRMGyRHWBNSge8zmtXeRmMHZGsZ41QfpST,dec,5615577933645,5631455285279,15877351634,9JFcy9sKk9Btjd25aTnAJquWYiiRM4nwJqWrfLzpScw6,6,1.0
3oPA6tqan7v8QczfkT3Cs39Cya8Kazq9FfjvGR4neRjGJebjTR2QSRzfcYbrBbjxMLh4sA1Yvff8ShZ14F6fifbR,1754123558,2025-08-02T10:32:38,5.003e-06,AK1TDZ8TUrLRMGyRHWBNSge8zmtXeRmMHZGsZ41QfpST,dec,341182969,676936333,335753364,So11111111111111111111111111111111111111111,9,1.0
3oPA6tqan7v8QczfkT3Cs39Cya8Kazq9FfjvGR4neRjGJebjTR2QSRzfcYbrBbjxMLh4sA1Yvff8ShZ14F6fifbR,1754123558,2025-08-02T10:32:38,5.003e-06,AK1TDZ8TUrLRMGyRHWBNSge8zmtXeRmMHZGsZ41QfpST,inc,2551553581141,3079901704138,5631455285279,9JFcy9sKk9Btjd25aTnAJquWYiiRM4nwJqWrfLzpScw6,6,1.0
27tvwDPVmi1rkPQERha7rjdVi351Ronvjb3cdUR7i7JBg7AfeVFoHBwFFyx5KrQGuGhN2Cu5cyRGckm5WHzFSuNE,1754123548,2025-08-02T10:32:28,5.002e-06,AK1TDZ8TUrLRMGyRHWBNSge8zmtXeRmMHZGsZ41QfpST,inc,140530749,536411583,676942333,So11111111111111111111111111111111111111111,9,1.0
27tvwDPVmi1rkPQERha7rjdVi351Ronvjb3cdUR7i7JBg7AfeVFoHBwFFyx5KrQGuGhN2Cu5cyRGckm5WHzFSuNE,1754123548,2025-08-02T10:32:28,5.002e-06,AK1TDZ8TUrLRMGyRHWBNSge8zmtXeRmMHZGsZ41QfpST,dec,1067038424453,4146940128591,3079901704138,9JFcy9sKk9Btjd25aTnAJquWYiiRM4nwJqWrfLzpScw6,6,1.0
43d9zBiHgUxLt81e4jpvyVNaVwPMLz14UC5rSrnKi6qc6fgh4y8hnadrb9p4LrYd8c11XK6d1f84ZmcDxfpnjpy2,1754123548,2025-08-02T10:32:28,5.003e-06,AK1TDZ8TUrLRMGyRHWBNSge8zmtXeRmMHZGsZ41QfpST,dec,405581720,941999303,536417583,So11111111111111111111111111111111111111111,9,1.0
43d9zBiHgUxLt81e4jpvyVNaVwPMLz14UC5rSrnKi6qc6fgh4y8hnadrb9p4LrYd8c11XK6d1f84ZmcDxfpnjpy2,1754123548,2025-08-02T10:32:28,5.003e-06,AK1TDZ8TUrLRMGyRHWBNSge8zmtXeRmMHZGsZ41QfpST,inc,3071701078262,1075239050329,4146940128591,9JFcy9sKk9Btjd25aTnAJquWYiiRM4nwJqWrfLzpScw6,6,1.0
2h3ax1Di27asP1FrrDodY5GKom21UH6dE1RRE8VNDvptW5MwCJQkMUvZ1pQW2t1dgqc3bMGMbkF2ppd8wgHYVCG1,1754123477,2025-08-02T10:31:17,5.003e-06,AK1TDZ8TUrLRMGyRHWBNSge8zmtXeRmMHZGsZ41QfpST,dec,130791569,1072796872,942005303,So11111111111111111111111111111111111111111,9,1.0
2h3ax1Di27asP1FrrDodY5GKom21UH6dE1RRE8VNDvptW5MwCJQkMUvZ1pQW2t1dgqc3bMGMbkF2ppd8wgHYVCG1,1754123477,2025-08-02T10:31:17,5.003e-06,AK1TDZ8TUrLRMGyRHWBNSge8zmtXeRmMHZGsZ41QfpST,inc,1075239050309,20,1075239050329,9JFcy9sKk9Btjd25aTnAJquWYiiRM4nwJqWrfLzpScw6,6,1.0
5uEt9Ywh6TsgDMq81sqQikKsvEY6BnkKb2sztnm26KQ4XKp5jkDQ5jq4yYKEMwPjaPTMjxSnzo43uefmJikGTu1K,1754123403,2025-08-02T10:30:03,5.002e-06,AK1TDZ8TUrLRMGyRHWBNSge8zmtXeRmMHZGsZ41QfpST,inc,922584519,150218353,1072802872,So11111111111111111111111111111111111111111,9,1.0
5uEt9Ywh6TsgDMq81sqQikKsvEY6BnkKb2sztnm26KQ4XKp5jkDQ5jq4yYKEMwPjaPTMjxSnzo43uefmJikGTu1K,1754123403,2025-08-02T10:30:03,5.002e-06,AK1TDZ8TUrLRMGyRHWBNSge8zmtXeRmMHZGsZ41QfpST,dec,8651098016674,8651098016694,20,9JFcy9sKk9Btjd25aTnAJquWYiiRM4nwJqWrfLzpScw6,6,1.0
39y9oMUpFFtrCzFBpMHCTJVEZX8muLc5qjfhxHxVYNRWWWUMDVCDjoKeFgJpmoakwCRZV5nE4K6RAafRckLpXfc1,1754123399,2025-08-02T10:29:59,5.003e-06,AK1TDZ8TUrLRMGyRHWBNSge8zmtXeRmMHZGsZ41QfpST,dec,464180191,614404545,150224353,So11111111111111111111111111111111111111111,9,1.0
39y9oMUpFFtrCzFBpMHCTJVEZX8muLc5qjfhxHxVYNRWWWUMDVCDjoKeFgJpmoakwCRZV5nE4K6RAafRckLpXfc1,1754123399,2025-08-02T10:29:59,5.003e-06,AK1TDZ8TUrLRMGyRHWBNSge8zmtXeRmMHZGsZ41QfpST,inc,4302963139724,4348134876969,8651098016694,9JFcy9sKk9Btjd25aTnAJquWYiiRM4nwJqWrfLzpScw6,6,1.0
2ex5xCUu4BtqZHp96DANN5PKVeGCTxyzgLgVofBFEocTpETu25PduGV8duZ7ztKbGFu4R5i1kDTDSyhmuprU9fsL,1754123352,2025-08-02T10:29:12,5.004e-06,AK1TDZ8TUrLRMGyRHWBNSge8zmtXeRmMHZGsZ41QfpST,dec,387089455,1001500000,614410545,So11111111111111111111111111111111111111111,9,1.0
2ex5xCUu4BtqZHp96DANN5PKVeGCTxyzgLgVofBFEocTpETu25PduGV8duZ7ztKbGFu4R5i1kDTDSyhmuprU9fsL,1754123352,2025-08-02T10:29:12,5.004e-06,AK1TDZ8TUrLRMGyRHWBNSge8zmtXeRmMHZGsZ41QfpST,inc,4348134876969,0,4348134876969,9JFcy9sKk9Btjd25aTnAJquWYiiRM4nwJqWrfLzpScw6,6,1.0
2SDV8GsgwQrBkREF3YEDAns5Vx8RgjBcgY8mWn6x4KHSJre2vsPC2mbU3F5pfiNEzaz5eCLchbzJ7n1ZEX81z2aV,1754123283,2025-08-02T10:28:03,1.82e-05,AK1TDZ8TUrLRMGyRHWBNSge8zmtXeRmMHZGsZ41QfpST,inc,1000000000,1500000,1001500000,So11111111111111111111111111111111111111111,9,1.0
3fm16WiAYr7pjah752yqEsaV9H4zUd7zdFoHm3KNCKvyRdgb7kQcBLxJXZvjqbcFmP75NuchJPf6RRWdPnaKHLfz,1754123201,2025-08-02T10:26:41,1e-05,AK1TDZ8TUrLRMGyRHWBNSge8zmtXeRmMHZGsZ41QfpST,dec,3330165138270,3330165138270,0,7521mP8xit3gWZNLDsK6Sv1W5zaksp56pWQSoEchyNoS,6,1.0
3nWXsj3scVghZ8vMmLjthjqQSgmxXDrMWWGiqpDEp5KWrcg4sXK7X6PBXehZ77gravZGtocytPZoEXCqkpCqy5xf,1754123163,2025-08-02T10:26:03,5.85e-05,AK1TDZ8TUrLRMGyRHWBNSge8zmtXeRmMHZGsZ41QfpST,dec,1000000000,1001500000,1500000,So11111111111111111111111111111111111111111,9,1.0
3yAjyUqyRTSEB5tuKdfNteEQAbLiTcjL5LTL5h3VWmAvDxT5LUXVWGnapT35NogZxB81d67BgEzdJHhjo958A8te,1754123056,2025-08-02T10:24:16,2.2001e-05,AK1TDZ8TUrLRMGyRHWBNSge8zmtXeRmMHZGsZ41QfpST,inc,1000000000,1500000,1001500000,So11111111111111111111111111111111111111111,9,1.0
2YHrTj6yeTXcEFsbUacfxAqZjxPrVUQHScBb4v5jnaUnp6M8BuTjG1S6fmAqJuhsUHnbue1wehNzfPtuRNogthzF,1754122933,2025-08-02T10:22:13,5.5125e-05,AK1TDZ8TUrLRMGyRHWBNSge8zmtXeRmMHZGsZ41QfpST,dec,575179614,576679614,1500000,So11111111111111111111111111111111111111111,9,1.0
5mNRH7a3LYeEApbZuNyimrGoeVw3NZd9vUuowXAPuYysZrj9QTyr58MvDYij12Q6EYrxbY6kLXaHtNmkc8ZyUJWS,1754122839,2025-08-02T10:20:39,5.003e-06,AK1TDZ8TUrLRMGyRHWBNSge8zmtXeRmMHZGsZ41QfpST,dec,510629735,1087315349,576685614,So11111111111111111111111111111111111111111,9,1.0
5mNRH7a3LYeEApbZuNyimrGoeVw3NZd9vUuowXAPuYysZrj9QTyr58MvDYij12Q6EYrxbY6kLXaHtNmkc8ZyUJWS,1754122839,2025-08-02T10:20:39,5.003e-06,AK1TDZ8TUrLRMGyRHWBNSge8zmtXeRmMHZGsZ41QfpST,inc,3330165132426,5844,3330165138270,7521mP8xit3gWZNLDsK6Sv1W5zaksp56pWQSoEchyNoS,6,1.0
631HGXEMZ3ZgtVAUXTvHDm9k6tuf7moDVUcTRYFpvmAyrnguZfiVj2wB1KqkHMsFAyoEN8VHa6HCz1dcGcVvpAdw,1754122750,2025-08-02T10:19:10,5.002e-06,AK1TDZ8TUrLRMGyRHWBNSge8zmtXeRmMHZGsZ41QfpST,inc,687020001,400301348,1087321349,So11111111111111111111111111111111111111111,9,1.0
631HGXEMZ3ZgtVAUXTvHDm9k6tuf7moDVUcTRYFpvmAyrnguZfiVj2wB1KqkHMsFAyoEN8VHa6HCz1dcGcVvpAdw,1754122750,2025-08-02T10:19:10,5.002e-06,AK1TDZ8TUrLRMGyRHWBNSge8zmtXeRmMHZGsZ41QfpST,dec,4165331122209,4165331128053,5844,7521mP8xit3gWZNLDsK6Sv1W5zaksp56pWQSoEchyNoS,6,1.0
3t7jzvAcbcZMGtYWi3vE97BzhPakFFc6CYHZ64gMfcESdMf2rbTMBdmDcaeaErmiK92mxEYiDSSLinjmPu3zbMh8,1754122612,2025-08-02T10:16:52,5.003e-06,AK1TDZ8TUrLRMGyRHWBNSge8zmtXeRmMHZGsZ41QfpST,dec,424183881,824491229,400307348,So11111111111111111111111111111111111111111,9,1.0
3t7jzvAcbcZMGtYWi3vE97BzhPakFFc6CYHZ64gMfcESdMf2rbTMBdmDcaeaErmiK92mxEYiDSSLinjmPu3zbMh8,1754122612,2025-08-02T10:16:52,5.003e-06,AK1TDZ8TUrLRMGyRHWBNSge8zmtXeRmMHZGsZ41QfpST,inc,2649371547208,1515959580845,4165331128053,7521mP8xit3gWZNLDsK6Sv1W5zaksp56pWQSoEchyNoS,6,1.0
63q9DqK4f7bLZQ5u6dMKUuiYmBz6JQhzwYrEvGumP2wYsqohnJXGhJwv5FS9icJnPXzFhoyGnqtGhyLaWRzFLZRU,1754122583,2025-08-02T10:16:23,5.003e-06,AK1TDZ8TUrLRMGyRHWBNSge8zmtXeRmMHZGsZ41QfpST,dec,237681337,1062178566,824497229,So11111111111111111111111111111111111111111,9,1.0
63q9DqK4f7bLZQ5u6dMKUuiYmBz6JQhzwYrEvGumP2wYsqohnJXGhJwv5FS9icJnPXzFhoyGnqtGhyLaWRzFLZRU,1754122583,2025-08-02T10:16:23,5.003e-06,AK1TDZ8TUrLRMGyRHWBNSge8zmtXeRmMHZGsZ41QfpST,inc,1515480752717,478828128,1515959580845,7521mP8xit3gWZNLDsK6Sv1W5zaksp56pWQSoEchyNoS,6,1.0
5BwsqEQtHuyutC8c9VGLVPPrwnigMR2dqnUbDZmwogJYYryYNf7przMpfXC838tM1Rk4y4sMy8dQJy9jgPY9NxEp,1754122579,2025-08-02T10:16:19,5.002e-06,AK1TDZ8TUrLRMGyRHWBNSge8zmtXeRmMHZGsZ41QfpST,inc,6716575,1055467992,1062184567,So11111111111111111111111111111111111111111,9,1.0
5BwsqEQtHuyutC8c9VGLVPPrwnigMR2dqnUbDZmwogJYYryYNf7przMpfXC838tM1Rk4y4sMy8dQJy9jgPY9NxEp,1754122579,2025-08-02T10:16:19,5.002e-06,AK1TDZ8TUrLRMGyRHWBNSge8zmtXeRmMHZGsZ41QfpST,dec,42279120171,42757948300,478828128,7521mP8xit3gWZNLDsK6Sv1W5zaksp56pWQSoEchyNoS,6,1.0
2kb34DDcrakEPpbcThWdfYgi5YpNVDVt3xrbWJ36NTc3qcqEohLQ7rdoaAWLFZYtfBRzt7kbxHH5fYWgAkx5D6RV,1754122568,2025-08-02T10:16:08,5.002e-06,AK1TDZ8TUrLRMGyRHWBNSge8zmtXeRmMHZGsZ41QfpST,inc,857747058,197726934,1055473992,So11111111111111111111111111111111111111111,9,1.0
2kb34DDcrakEPpbcThWdfYgi5YpNVDVt3xrbWJ36NTc3qcqEohLQ7rdoaAWLFZYtfBRzt7kbxHH5fYWgAkx5D6RV,1754122568,2025-08-02T10:16:08,5.002e-06,AK1TDZ8TUrLRMGyRHWBNSge8zmtXeRmMHZGsZ41QfpST,dec,5414086627603,5456844575903,42757948300,7521mP8xit3gWZNLDsK6Sv1W5zaksp56pWQSoEchyNoS,6,1.0
qJcZ4Fq7KBrko3ymFGXWdJijJdcvYFAsNKLTjybtfMPyRrNLLJgEveVTPofu3z3KrvX4hVxHNNXqqNoQa8VMmNR,1754122419,2025-08-02T10:13:39,5.003e-06,AK1TDZ8TUrLRMGyRHWBNSge8zmtXeRmMHZGsZ41QfpST,dec,531107946,728840881,197732934,So11111111111111111111111111111111111111111,9,1.0
qJcZ4Fq7KBrko3ymFGXWdJijJdcvYFAsNKLTjybtfMPyRrNLLJgEveVTPofu3z3KrvX4hVxHNNXqqNoQa8VMmNR,1754122419,2025-08-02T10:13:39,5.003e-06,AK1TDZ8TUrLRMGyRHWBNSge8zmtXeRmMHZGsZ41QfpST,inc,3154210898041,2302633677862,5456844575903,7521mP8xit3gWZNLDsK6Sv1W5zaksp56pWQSoEchyNoS,6,1.0
26PFASR7WkcpQ3rUgBo2vXRRrphwTcu7UEd5AqitnPJAmpyaPuQhexjXnP24vTHors3GUzaMj94P2a81jZRLUCmV,1754122392,2025-08-02T10:13:12,5.003e-06,AK1TDZ8TUrLRMGyRHWBNSge8zmtXeRmMHZGsZ41QfpST,dec,355035646,1083882527,728846881,So11111111111111111111111111111111111111111,9,1.0
26PFASR7WkcpQ3rUgBo2vXRRrphwTcu7UEd5AqitnPJAmpyaPuQhexjXnP24vTHors3GUzaMj94P2a81jZRLUCmV,1754122392,2025-08-02T10:13:12,5.003e-06,AK1TDZ8TUrLRMGyRHWBNSge8zmtXeRmMHZGsZ41QfpST,inc,2167763057492,134870620369,2302633677862,7521mP8xit3gWZNLDsK6Sv1W5zaksp56pWQSoEchyNoS,6,1.0
4rVFcMkaKmDbRL18GrhZGdKinoXo6opgJxyxtNXuuJJUZBR8DRmGGucg6tpLKYhxYDZTeBMmjjPfJg2suqy3XFAs,1754122338,2025-08-02T10:12:18,5.002e-06,AK1TDZ8TUrLRMGyRHWBNSge8zmtXeRmMHZGsZ41QfpST,inc,921062034,162826493,1083888527,So11111111111111111111111111111111111111111,9,1.0
4rVFcMkaKmDbRL18GrhZGdKinoXo6opgJxyxtNXuuJJUZBR8DRmGGucg6tpLKYhxYDZTeBMmjjPfJg2suqy3XFAs,1754122338,2025-08-02T10:12:18,5.002e-06,AK1TDZ8TUrLRMGyRHWBNSge8zmtXeRmMHZGsZ41QfpST,dec,6147934134648,6282804755018,134870620369,7521mP8xit3gWZNLDsK6Sv1W5zaksp56pWQSoEchyNoS,6,1.0
3ouXQSfXJz35oHvyRVg54qpvqpyBwtA3jaRS3a4EgRYTKtGwbEeJTTsD8b3JKnqMXFV5TpHDxV9Tr42GuKPRY4Q,1754122160,2025-08-02T10:09:20,5.003e-06,AK1TDZ8TUrLRMGyRHWBNSge8zmtXeRmMHZGsZ41QfpST,dec,118305662,281138155,162832493,So11111111111111111111111111111111111111111,9,1.0
3ouXQSfXJz35oHvyRVg54qpvqpyBwtA3jaRS3a4EgRYTKtGwbEeJTTsD8b3JKnqMXFV5TpHDxV9Tr42GuKPRY4Q,1754122160,2025-08-02T10:09:20,5.003e-06,AK1TDZ8TUrLRMGyRHWBNSge8zmtXeRmMHZGsZ41QfpST,inc,908628061861,5374176693157,6282804755018,7521mP8xit3gWZNLDsK6Sv1W5zaksp56pWQSoEchyNoS,6,1.0
28TqaSL4Etze6fmgedVDgiZCEjeVYvm4jVmHmwDkoV2k88Udtp6K8HiC1wYFTmcwX2BgLixGnaYYUuNKZB8uXiR1,1754122091,2025-08-02T10:08:11,5.003e-06,AK1TDZ8TUrLRMGyRHWBNSge8zmtXeRmMHZGsZ41QfpST,dec,384020176,665164331,281144155,So11111111111111111111111111111111111111111,9,1.0
28TqaSL4Etze6fmgedVDgiZCEjeVYvm4jVmHmwDkoV2k88Udtp6K8HiC1wYFTmcwX2BgLixGnaYYUuNKZB8uXiR1,1754122091,2025-08-02T10:08:11,5.003e-06,AK1TDZ8TUrLRMGyRHWBNSge8zmtXeRmMHZGsZ41QfpST,inc,2822341058025,2551835635131,5374176693157,7521mP8xit3gWZNLDsK6Sv1W5zaksp56pWQSoEchyNoS,6,1.0
5hodCkj25CTpiHeYEsAAUCLHY9kTVGsY1UpSjyVhEH7RJrtggjkdNHQeDuW3iRtxmJabDrYW51npbP8ur3rg4CJX,1754122070,2025-08-02T10:07:50,5.003e-06,AK1TDZ8TUrLRMGyRHWBNSge8zmtXeRmMHZGsZ41QfpST,dec,361155003,1026325334,665170331,So11111111111111111111111111111111111111111,9,1.0
5hodCkj25CTpiHeYEsAAUCLHY9kTVGsY1UpSjyVhEH7RJrtggjkdNHQeDuW3iRtxmJabDrYW51npbP8ur3rg4CJX,1754122070,2025-08-02T10:07:50,5.003e-06,AK1TDZ8TUrLRMGyRHWBNSge8zmtXeRmMHZGsZ41QfpST,inc,2551669392059,166243072,2551835635131,7521mP8xit3gWZNLDsK6Sv1W5zaksp56pWQSoEchyNoS,6,1.0
NrLrRBq4wuZAayB45oTQYRj8oxPCpipxq3tT2ht348zKaLiGFbSwKSYYVReLGo41yYF4keNdtKDyWBKbHKtvQ5q,1754122045,2025-08-02T10:07:25,5.002e-06,AK1TDZ8TUrLRMGyRHWBNSge8zmtXeRmMHZGsZ41QfpST,inc,1307331,1025024003,1026331334,So11111111111111111111111111111111111111111,9,1.0
NrLrRBq4wuZAayB45oTQYRj8oxPCpipxq3tT2ht348zKaLiGFbSwKSYYVReLGo41yYF4keNdtKDyWBKbHKtvQ5q,1754122045,2025-08-02T10:07:25,5.002e-06,AK1TDZ8TUrLRMGyRHWBNSge8zmtXeRmMHZGsZ41QfpST,dec,9706013242,9872256314,166243072,7521mP8xit3gWZNLDsK6Sv1W5zaksp56pWQSoEchyNoS,6,1.0
m9LRBAEtvCNjZj4hAZsWyivsNxqHMQLYLDC3Yem1EqL1kw75ZoR2F3MBPd79hRb9rCwpQrHZNCXk3UcKevTk734,1754121958,2025-08-02T10:05:58,5.002e-06,AK1TDZ8TUrLRMGyRHWBNSge8zmtXeRmMHZGsZ41QfpST,inc,271936370,753093632,1025030002,So11111111111111111111111111111111111111111,9,1.0
m9LRBAEtvCNjZj4hAZsWyivsNxqHMQLYLDC3Yem1EqL1kw75ZoR2F3MBPd79hRb9rCwpQrHZNCXk3UcKevTk734,1754121958,2025-08-02T10:05:58,5.002e-06,AK1TDZ8TUrLRMGyRHWBNSge8zmtXeRmMHZGsZ41QfpST,dec,2078964971620,2088837227934,9872256314,7521mP8xit3gWZNLDsK6Sv1W5zaksp56pWQSoEchyNoS,6,1.0
5DTEjF1cPBkAPSpCRoTbfQAw5oqpaHdvn1fPrNXkfcKeBhdwqsfrZR9E5gRmcKaJaDv7Pn22vKC1fqQxs1dneU1j,1754121937,2025-08-02T10:05:37,5.003e-06,AK1TDZ8TUrLRMGyRHWBNSge8zmtXeRmMHZGsZ41QfpST,dec,262544191,1015643821,753099630,So11111111111111111111111111111111111111111,9,1.0
5DTEjF1cPBkAPSpCRoTbfQAw5oqpaHdvn1fPrNXkfcKeBhdwqsfrZR9E5gRmcKaJaDv7Pn22vKC1fqQxs1dneU1j,1754121937,2025-08-02T10:05:37,5.003e-06,AK1TDZ8TUrLRMGyRHWBNSge8zmtXeRmMHZGsZ41QfpST,inc,2088837226122,1812,2088837227934,7521mP8xit3gWZNLDsK6Sv1W5zaksp56pWQSoEchyNoS,6,1.0
5WEFmTCPAz4eJ2bB5Jar4PVd8MX7jg9yfXSKLyXGbNNuPbgnKbVtGXC6bkBjufVuWKuiLLGN3SwbiTnfRz2N8Fty,1754121800,2025-08-02T10:03:20,5.002e-06,AK1TDZ8TUrLRMGyRHWBNSge8zmtXeRmMHZGsZ41QfpST,inc,509837653,505812169,1015649822,So11111111111111111111111111111111111111111,9,1.0
5WEFmTCPAz4eJ2bB5Jar4PVd8MX7jg9yfXSKLyXGbNNuPbgnKbVtGXC6bkBjufVuWKuiLLGN3SwbiTnfRz2N8Fty,1754121800,2025-08-02T10:03:20,5.002e-06,AK1TDZ8TUrLRMGyRHWBNSge8zmtXeRmMHZGsZ41QfpST,dec,3951463075833,3951463077645,1812,7521mP8xit3gWZNLDsK6Sv1W5zaksp56pWQSoEchyNoS,6,1.0
UsXYAF24y4X6pXVkwT3ANbqkFJ57DKGD8PePM7d4R1scEihKv2LdHVHHWkPGRJ1zmva5aq2Kxu1enxNt3DNk1GL,1754121785,2025-08-02T10:03:05,5.003e-06,AK1TDZ8TUrLRMGyRHWBNSge8zmtXeRmMHZGsZ41QfpST,dec,526011890,1031830059,505818169,So11111111111111111111111111111111111111111,9,1.0
UsXYAF24y4X6pXVkwT3ANbqkFJ57DKGD8PePM7d4R1scEihKv2LdHVHHWkPGRJ1zmva5aq2Kxu1enxNt3DNk1GL,1754121785,2025-08-02T10:03:05,5.003e-06,AK1TDZ8TUrLRMGyRHWBNSge8zmtXeRmMHZGsZ41QfpST,inc,3941520364225,9942713420,3951463077645,7521mP8xit3gWZNLDsK6Sv1W5zaksp56pWQSoEchyNoS,6,1.0
29cPxQwna5Mqgv778tPsBQ5ZjUTbtHDpjPaYFLkWfRZ6x2Au9JM68iPZRM6t1qJ2cvBAAMD3NiwtapuGZaWBnaLL,1754121769,2025-08-02T10:02:49,5.002e-06,AK1TDZ8TUrLRMGyRHWBNSge8zmtXeRmMHZGsZ41QfpST,inc,490551512,541284547,1031836059,So11111111111111111111111111111111111111111,9,1.0
29cPxQwna5Mqgv778tPsBQ5ZjUTbtHDpjPaYFLkWfRZ6x2Au9JM68iPZRM6t1qJ2cvBAAMD3NiwtapuGZaWBnaLL,1754121769,2025-08-02T10:02:49,5.002e-06,AK1TDZ8TUrLRMGyRHWBNSge8zmtXeRmMHZGsZ41QfpST,dec,3684907484678,3694850198098,9942713420,7521mP8xit3gWZNLDsK6Sv1W5zaksp56pWQSoEchyNoS,6,1.0
51CEV58WgEopqM6712jSDN9qcAYo5pjhbY6gduBPUeC7e24yKKwyonwYcYRr9LYELjaYf8ZTC9sank8cSXPVo1QZ,1754121648,2025-08-02T10:00:48,5.003e-06,AK1TDZ8TUrLRMGyRHWBNSge8zmtXeRmMHZGsZ41QfpST,dec,216162628,757453176,541290547,So11111111111111111111111111111111111111111,9,1.0
51CEV58WgEopqM6712jSDN9qcAYo5pjhbY6gduBPUeC7e24yKKwyonwYcYRr9LYELjaYf8ZTC9sank8cSXPVo1QZ,1754121648,2025-08-02T10:00:48,5.003e-06,AK1TDZ8TUrLRMGyRHWBNSge8zmtXeRmMHZGsZ41QfpST,inc,1588887459364,2105962738734,3694850198098,7521mP8xit3gWZNLDsK6Sv1W5zaksp56pWQSoEchyNoS,6,1.0
5jK3ExTGwhmNz16DvvyWsGHGtKt2eZ4WP1AeSQvfNG6VynoCko8pFfLbjSuSfY1EdF2M1ajxzxjPjetMeFmfzhjR,1754121644,2025-08-02T10:00:44,5.003e-06,AK1TDZ8TUrLRMGyRHWBNSge8zmtXeRmMHZGsZ41QfpST,dec,290402816,1047861992,757459176,So11111111111111111111111111111111111111111,9,1.0
5jK3ExTGwhmNz16DvvyWsGHGtKt2eZ4WP1AeSQvfNG6VynoCko8pFfLbjSuSfY1EdF2M1ajxzxjPjetMeFmfzhjR,1754121644,2025-08-02T10:00:44,5.003e-06,AK1TDZ8TUrLRMGyRHWBNSge8zmtXeRmMHZGsZ41QfpST,inc,2105962734439,4294,2105962738734,7521mP8xit3gWZNLDsK6Sv1W5zaksp56pWQSoEchyNoS,6,1.0
5hP7RYkR7m4QYfsHsV6jswtGHzLz1owULNzEWeJU9qeiMR8K6isWj2k2TX6k9ziRRZ8GRkGb5RiRLmiTRjdoiWMX,1754121539,2025-08-02T09:58:59,5.002e-06,AK1TDZ8TUrLRMGyRHWBNSge8zmtXeRmMHZGsZ41QfpST,inc,939845155,108022838,1047867993,So11111111111111111111111111111111111111111,9,1.0
5hP7RYkR7m4QYfsHsV6jswtGHzLz1owULNzEWeJU9qeiMR8K6isWj2k2TX6k9ziRRZ8GRkGb5RiRLmiTRjdoiWMX,1754121539,2025-08-02T09:58:59,5.002e-06,AK1TDZ8TUrLRMGyRHWBNSge8zmtXeRmMHZGsZ41QfpST,dec,6759890153611,6759890157905,4294,7521mP8xit3gWZNLDsK6Sv1W5zaksp56pWQSoEchyNoS,6,1.0
ZcnCK1EjeRzyWJ1g5Mb1zXqPzeC9XV19bC5UBZcD7njjLk1FWxtcNA4tHVf2bn3oCj9vRCzf5uWie72CPyXcbgB,1754121512,2025-08-02T09:58:32,5.003e-06,AK1TDZ8TUrLRMGyRHWBNSge8zmtXeRmMHZGsZ41QfpST,dec,413143350,521172188,108028838,So11111111111111111111111111111111111111111,9,1.0
ZcnCK1EjeRzyWJ1g5Mb1zXqPzeC9XV19bC5UBZcD7njjLk1FWxtcNA4tHVf2bn3oCj9vRCzf5uWie72CPyXcbgB,1754121512,2025-08-02T09:58:32,5.003e-06,AK1TDZ8TUrLRMGyRHWBNSge8zmtXeRmMHZGsZ41QfpST,inc,2925682257887,3834207900018,6759890157905,7521mP8xit3gWZNLDsK6Sv1W5zaksp56pWQSoEchyNoS,6,1.0
3kjRFgP6wRBbgSi8U8JhWVmqj7uA7aZ7NXwZkpaAMAKQPxAMuScPbTLu9AFr3g1epuDkCcHBWecEBET8NaeRWgfG,1754121512,2025-08-02T09:58:32,5.003e-06,AK1TDZ8TUrLRMGyRHWBNSge8zmtXeRmMHZGsZ41QfpST,dec,532441860,1053620049,521178189,So11111111111111111111111111111111111111111,9,1.0
3kjRFgP6wRBbgSi8U8JhWVmqj7uA7aZ7NXwZkpaAMAKQPxAMuScPbTLu9AFr3g1epuDkCcHBWecEBET8NaeRWgfG,1754121512,2025-08-02T09:58:32,5.003e-06,AK1TDZ8TUrLRMGyRHWBNSge8zmtXeRmMHZGsZ41QfpST,inc,3803216304877,30991595141,3834207900018,7521mP8xit3gWZNLDsK6Sv1W5zaksp56pWQSoEchyNoS,6,1.0
42VFteLJgxBuP4rQu76u9XfjudHPC8k64jWk6qvTzuVdEg4mWR3NtWSLvmU5XGgYVHxzk2vEjztAzwo4DYbBxiTd,1754121487,2025-08-02T09:58:07,5.002e-06,AK1TDZ8TUrLRMGyRHWBNSge8zmtXeRmMHZGsZ41QfpST,inc,497998805,555627244,1053626049,So11111111111111111111111111111111111111111,9,1.0
42VFteLJgxBuP4rQu76u9XfjudHPC8k64jWk6qvTzuVdEg4mWR3NtWSLvmU5XGgYVHxzk2vEjztAzwo4DYbBxiTd,1754121487,2025-08-02T09:58:07,5.002e-06,AK1TDZ8TUrLRMGyRHWBNSge8zmtXeRmMHZGsZ41QfpST,dec,3555344345251,3586335940392,30991595141,7521mP8xit3gWZNLDsK6Sv1W5zaksp56pWQSoEchyNoS,6,1.0
ia6EfGkMhaC8e7pRcqKeYf4qaVdXuffjhWrMh7Fbpb9N9HiEFqgnaK129dn9uTeKMfXkYsmKrjUgvefcYiWSQrS,1754121481,2025-08-02T09:58:01,5.003e-06,AK1TDZ8TUrLRMGyRHWBNSge8zmtXeRmMHZGsZ41QfpST,dec,500291915,1055925159,555633244,So11111111111111111111111111111111111111111,9,1.0
ia6EfGkMhaC8e7pRcqKeYf4qaVdXuffjhWrMh7Fbpb9N9HiEFqgnaK129dn9uTeKMfXkYsmKrjUgvefcYiWSQrS,1754121481,2025-08-02T09:58:01,5.003e-06,AK1TDZ8TUrLRMGyRHWBNSge8zmtXeRmMHZGsZ41QfpST,inc,3586335934596,5796,3586335940392,7521mP8xit3gWZNLDsK6Sv1W5zaksp56pWQSoEchyNoS,6,1.0
2buZQGLvqH64MAXiS61ZnPB4Ja1uZH3EU46GHe8U18Pc8KmhFtm2s9NaLY2NXHvE382xqpfDmKAbU8R2L8UV4AVH,1754121416,2025-08-02T09:56:56,5.002e-06,AK1TDZ8TUrLRMGyRHWBNSge8zmtXeRmMHZGsZ41QfpST,inc,332334711,723596448,1055931159,So11111111111111111111111111111111111111111,9,1.0
2buZQGLvqH64MAXiS61ZnPB4Ja1uZH3EU46GHe8U18Pc8KmhFtm2s9NaLY2NXHvE382xqpfDmKAbU8R2L8UV4AVH,1754121416,2025-08-02T09:56:56,5.002e-06,AK1TDZ8TUrLRMGyRHWBNSge8zmtXeRmMHZGsZ41QfpST,dec,2500891752758,2500891758554,5796,7521mP8xit3gWZNLDsK6Sv1W5zaksp56pWQSoEchyNoS,6,1.0
5XHtKHHDsGbTfSDk6y3ZNe7UQg2KRF5sbUiceE7oFbzmQJtJt2VojVYYoHCMihDnKz6Bbsn9vqJ35HLe7G48U23e,1754121359,2025-08-02T09:55:59,5.003e-06,AK1TDZ8TUrLRMGyRHWBNSge8zmtXeRmMHZGsZ41QfpST,dec,328674468,1052276916,723602448,So11111111111111111111111111111111111111111,9,1.0
5XHtKHHDsGbTfSDk6y3ZNe7UQg2KRF5sbUiceE7oFbzmQJtJt2VojVYYoHCMihDnKz6Bbsn9vqJ35HLe7G48U23e,1754121359,2025-08-02T09:55:59,5.003e-06,AK1TDZ8TUrLRMGyRHWBNSge8zmtXeRmMHZGsZ41QfpST,inc,2500671648641,220109913,2500891758554,7521mP8xit3gWZNLDsK6Sv1W5zaksp56pWQSoEchyNoS,6,1.0
2kX5YBju3XeUoa5MkNeSGL7q6owngY4Uk4Yr7GEMdizE1jrDtVHA211mYYmmVEUPA1WsgWLnAj6biFALStkRvsYM,1754121305,2025-08-02T09:55:05,5.002e-06,AK1TDZ8TUrLRMGyRHWBNSge8zmtXeRmMHZGsZ41QfpST,inc,4271609,1048011308,1052282917,So11111111111111111111111111111111111111111,9,1.0
2kX5YBju3XeUoa5MkNeSGL7q6owngY4Uk4Yr7GEMdizE1jrDtVHA211mYYmmVEUPA1WsgWLnAj6biFALStkRvsYM,1754121305,2025-08-02T09:55:05,5.002e-06,AK1TDZ8TUrLRMGyRHWBNSge8zmtXeRmMHZGsZ41QfpST,dec,34278626420,34498736333,220109913,7521mP8xit3gWZNLDsK6Sv1W5zaksp56pWQSoEchyNoS,6,1.0
5d6HbUxLixj6jWigqXTrTwM9hwCQJJ2nvF6mBbVCx3PDcvDCUmJmmhwTMctq2AGojRocWXMRQaqp4M451UvffF4n,1754121301,2025-08-02T09:55:01,5.002e-06,AK1TDZ8TUrLRMGyRHWBNSge8zmtXeRmMHZGsZ41QfpST,inc,577655191,470362116,1048017307,So11111111111111111111111111111111111111111,9,1.0
5d6HbUxLixj6jWigqXTrTwM9hwCQJJ2nvF6mBbVCx3PDcvDCUmJmmhwTMctq2AGojRocWXMRQaqp4M451UvffF4n,1754121301,2025-08-02T09:55:01,5.002e-06,AK1TDZ8TUrLRMGyRHWBNSge8zmtXeRmMHZGsZ41QfpST,dec,4587755629859,4622254366192,34498736333,7521mP8xit3gWZNLDsK6Sv1W5zaksp56pWQSoEchyNoS,6,1.0
2Kqypsp7VASG5hTFFasu4Vs47CzeRFFVoo3MvWNCXVAYH5Mk9Yw38Nz81yY9s3demoVwDXu7vNkMTixyjAfQsykj,1754121264,2025-08-02T09:54:24,5.003e-06,AK1TDZ8TUrLRMGyRHWBNSge8zmtXeRmMHZGsZ41QfpST,dec,112704317,583072433,470368116,So11111111111111111111111111111111111111111,9,1.0
2Kqypsp7VASG5hTFFasu4Vs47CzeRFFVoo3MvWNCXVAYH5Mk9Yw38Nz81yY9s3demoVwDXu7vNkMTixyjAfQsykj,1754121264,2025-08-02T09:54:24,5.003e-06,AK1TDZ8TUrLRMGyRHWBNSge8zmtXeRmMHZGsZ41QfpST,inc,984343788271,3637910577920,4622254366192,7521mP8xit3gWZNLDsK6Sv1W5zaksp56pWQSoEchyNoS,6,1.0
37MxxLcRpH9DTcewCqWywkvTjqf98iwLwNWxhZdwBFxdFTwwRuxNW2zuTEvbcGcRSxJWxk1WcNTJKkAR5uWhnN7P,1754121244,2025-08-02T09:54:04,5.004e-06,AK1TDZ8TUrLRMGyRHWBNSge8zmtXeRmMHZGsZ41QfpST,dec,418421567,1001500000,583078433,So11111111111111111111111111111111111111111,9,1.0
37MxxLcRpH9DTcewCqWywkvTjqf98iwLwNWxhZdwBFxdFTwwRuxNW2zuTEvbcGcRSxJWxk1WcNTJKkAR5uWhnN7P,1754121244,2025-08-02T09:54:04,5.004e-06,AK1TDZ8TUrLRMGyRHWBNSge8zmtXeRmMHZGsZ41QfpST,inc,3637910577920,0,3637910577920,7521mP8xit3gWZNLDsK6Sv1W5zaksp56pWQSoEchyNoS,6,1.0
2y1b4Xdf8XKEEqHLncv3ztooNuiMASFHEYyZP284yCX18FkhtMHho8z3QLvXeJ31MBojHEEBC5CdFkxGPkfH7nnS,1754121108,2025-08-02T09:51:48,1.8252e-05,AK1TDZ8TUrLRMGyRHWBNSge8zmtXeRmMHZGsZ41QfpST,inc,1000000000,1500000,1001500000,So11111111111111111111111111111111111111111,9,1.0
2zPAWf584YNg5ELZq47rUP9qgF9xcMf845C6Xvpo1Rby9BMGK6JTvBb4rYQTz4FowAUuq5B6uVryvKmLPSN3PJb2,1754121032,2025-08-02T09:50:32,1e-05,AK1TDZ8TUrLRMGyRHWBNSge8zmtXeRmMHZGsZ41QfpST,dec,3680496250576,3680496250576,0,DsL21B3RxgKKntKcVk51t7MyVBhfbQimvJ9VCdSLL2hr,6,1.0
4eKmi19L5EUXPeHdceaE8AZH47rs3R4qqCwh8yB7PX5bxmeUsjpKSSb5ZsTMTNDcumWCYtpKJpEnvsDp9qiL7x7h,1754120987,2025-08-02T09:49:47,5.85e-05,AK1TDZ8TUrLRMGyRHWBNSge8zmtXeRmMHZGsZ41QfpST,dec,608918665,610418665,1500000,So11111111111111111111111111111111111111111,9,1.0
5i6ryTKKTR1PRLaW4q8W4SAHpvvaavYRt9qVKtfon19f76FxfWHXfaqbpxvq1sWrJgQFX4DzmLMbUuHPsvUKeJGt,1754120869,2025-08-02T09:47:49,5.003e-06,AK1TDZ8TUrLRMGyRHWBNSge8zmtXeRmMHZGsZ41QfpST,dec,344104226,954528891,610424665,So11111111111111111111111111111111111111111,9,1.0
5i6ryTKKTR1PRLaW4q8W4SAHpvvaavYRt9qVKtfon19f76FxfWHXfaqbpxvq1sWrJgQFX4DzmLMbUuHPsvUKeJGt,1754120869,2025-08-02T09:47:49,5.003e-06,AK1TDZ8TUrLRMGyRHWBNSge8zmtXeRmMHZGsZ41QfpST,inc,2287469579985,1393026670591,3680496250576,DsL21B3RxgKKntKcVk51t7MyVBhfbQimvJ9VCdSLL2hr,6,1.0
5X1WYHbEEbw4QDtF4mdXr4wApwwzpfyY23FDo4vdmEphPxa3Y6CFUksZZ4EsvcvMsT5ZK2EPLtc1x636oUgRRgdB,1754120802,2025-08-02T09:46:42,5.003e-06,AK1TDZ8TUrLRMGyRHWBNSge8zmtXeRmMHZGsZ41QfpST,dec,218315124,1172850015,954534891,So11111111111111111111111111111111111111111,9,1.0
5X1WYHbEEbw4QDtF4mdXr4wApwwzpfyY23FDo4vdmEphPxa3Y6CFUksZZ4EsvcvMsT5ZK2EPLtc1x636oUgRRgdB,1754120802,2025-08-02T09:46:42,5.003e-06,AK1TDZ8TUrLRMGyRHWBNSge8zmtXeRmMHZGsZ41QfpST,inc,1393026665946,4645,1393026670591,DsL21B3RxgKKntKcVk51t7MyVBhfbQimvJ9VCdSLL2hr,6,1.0
4ENLbhyGYUafSTaPDnDtsVmUNkiZgQ3YBPM7KimpvCWqZXGZq2agPZs5EjJuALnJ4GhTvB3Gd1jMkDFjfkDXgNX9,1754120747,2025-08-02T09:45:47,5.002e-06,AK1TDZ8TUrLRMGyRHWBNSge8zmtXeRmMHZGsZ41QfpST,dec,2903705479,2903710124,4645,DsL21B3RxgKKntKcVk51t7MyVBhfbQimvJ9VCdSLL2hr,6,1.0
wjwgFUMnuo1hxgQEYTLzxECAZvVnyKi582Cg9Xebvp1bkheXeuGccN9223JCwViY4QKjbc6SoE79714guJvfT9k,1754120714,2025-08-02T09:45:14,5.002e-06,AK1TDZ8TUrLRMGyRHWBNSge8zmtXeRmMHZGsZ41QfpST,inc,825881245,346541431,1172422676,So11111111111111111111111111111111111111111,9,1.0
wjwgFUMnuo1hxgQEYTLzxECAZvVnyKi582Cg9Xebvp1bkheXeuGccN9223JCwViY4QKjbc6SoE79714guJvfT9k,1754120714,2025-08-02T09:45:14,5.002e-06,AK1TDZ8TUrLRMGyRHWBNSge8zmtXeRmMHZGsZ41QfpST,dec,5533186040014,5536089750138,2903710124,DsL21B3RxgKKntKcVk51t7MyVBhfbQimvJ9VCdSLL2hr,6,1.0
DMHYC8y1ssZcC6DshoQzNrseodUGzfJ42C8Zpctf7aYEK5eFFJ8q4fso5eqdcK9WVFRpUvD3NDjcfXxVAHEnbmh,1754120641,2025-08-02T09:44:01,5.003e-06,AK1TDZ8TUrLRMGyRHWBNSge8zmtXeRmMHZGsZ41QfpST,dec,441009567,787556999,346547431,So11111111111111111111111111111111111111111,9,1.0
DMHYC8y1ssZcC6DshoQzNrseodUGzfJ42C8Zpctf7aYEK5eFFJ8q4fso5eqdcK9WVFRpUvD3NDjcfXxVAHEnbmh,1754120641,2025-08-02T09:44:01,5.003e-06,AK1TDZ8TUrLRMGyRHWBNSge8zmtXeRmMHZGsZ41QfpST,inc,3085668019840,2450421730297,5536089750138,DsL21B3RxgKKntKcVk51t7MyVBhfbQimvJ9VCdSLL2hr,6,1.0
2nFhs7DW8th5PSwmAvkTvSN39urA6XLvy3AuY3bE9kzU8WJ44Bata5FeKAL2edZyiBpGcxZksQt2qE18AMaf1NW1,1754120614,2025-08-02T09:43:34,5.002e-06,AK1TDZ8TUrLRMGyRHWBNSge8zmtXeRmMHZGsZ41QfpST,inc,179927745,607635254,787562999,So11111111111111111111111111111111111111111,9,1.0
2nFhs7DW8th5PSwmAvkTvSN39urA6XLvy3AuY3bE9kzU8WJ44Bata5FeKAL2edZyiBpGcxZksQt2qE18AMaf1NW1,1754120614,2025-08-02T09:43:34,5.002e-06,AK1TDZ8TUrLRMGyRHWBNSge8zmtXeRmMHZGsZ41QfpST,dec,1272851744068,3723273474366,2450421730297,DsL21B3RxgKKntKcVk51t7MyVBhfbQimvJ9VCdSLL2hr,6,1.0
5g1wn3Und9YGq6bW3L25pZR2D9XUfxrFuzsy47GioR81bUyNHyfMR4ZYfCjtTepvT4dsmfsQ8MG9qwA616f8Ccun,1754120614,2025-08-02T09:43:34,5.003e-06,AK1TDZ8TUrLRMGyRHWBNSge8zmtXeRmMHZGsZ41QfpST,dec,346728454,954369709,607641254,So11111111111111111111111111111111111111111,9,1.0
5g1wn3Und9YGq6bW3L25pZR2D9XUfxrFuzsy47GioR81bUyNHyfMR4ZYfCjtTepvT4dsmfsQ8MG9qwA616f8Ccun,1754120614,2025-08-02T09:43:34,5.003e-06,AK1TDZ8TUrLRMGyRHWBNSge8zmtXeRmMHZGsZ41QfpST,inc,2457159361267,1266114113099,3723273474366,DsL21B3RxgKKntKcVk51t7MyVBhfbQimvJ9VCdSLL2hr,6,1.0
