Txhash,                        BlockTimeUnix,                        BlockTime,                        Fee(SOL),                        TokenAccount,                        ChangeType,                        ChangeAmount,                        PreBalancer,                        PostBalancer,                        TokenAddress,                        TokenDecimals,                        TokenMultiplier
4mzgAGN3vdhtrunh1ShAPa282saJ7ah7nidsaNDUeh648WfgXVXSTybnnXZDVMwJXjYQH33bXUjkyLr8Mt2fJcjn,1754165130,2025-08-02T20:05:30,0.000005,6KNbsP3eLVsFEJY9mJUz8h47B6X1GDh1RnYQPgsiCD1a,dec,6000,472356773,472350773,So11111111111111111111111111111111111111111,9,1.0
57viUwBCnX2yrnPaCgDNCEnPUP3W1RdeQfe273quWj1nG6dDif1wSKr4pB2rR2Hv3QpWrooS7j1kGpbQBW1QipFn,1754165130,2025-08-02T20:05:30,0.000005003,68DQG6q2xo2A97NQaLCL6WZfMboDD899sZy5Ja7jNkc2,inc,2458301511506,1461795590665,3920097102171,7j7YJMZcuCcwdC784WJmAvTpBCAF2RvTBU8sBKMSV4hq,6,1.0
57viUwBCnX2yrnPaCgDNCEnPUP3W1RdeQfe273quWj1nG6dDif1wSKr4pB2rR2Hv3QpWrooS7j1kGpbQBW1QipFn,1754165130,2025-08-02T20:05:30,0.000005003,6KNbsP3eLVsFEJY9mJUz8h47B6X1GDh1RnYQPgsiCD1a,dec,335360849,807717622,472356773,So11111111111111111111111111111111111111111,9,1.0
56n6CvoxJw17wFDMkCfGtxN5EF67TjNLfXg2inN5wK72czWGKtbcFwceemrHsFw9GZfpPEP2xw4oc5Bt8PTpBwaz,1754165123,2025-08-02T20:05:23,0.000005,6KNbsP3eLVsFEJY9mJUz8h47B6X1GDh1RnYQPgsiCD1a,dec,6000,807723622,807717622,So11111111111111111111111111111111111111111,9,1.0
3bPeCEkWoM3MB5UxwZwqe7Dawqb8sYfmm1d7JV7myGnbK4JW63mHnSUb7CTqjHbyP6Svu9ii2wghThnKE4j1Hqw7,1754165123,2025-08-02T20:05:23,0.000005002,68DQG6q2xo2A97NQaLCL6WZfMboDD899sZy5Ja7jNkc2,dec,5734062846825,7195858437490,1461795590665,7j7YJMZcuCcwdC784WJmAvTpBCAF2RvTBU8sBKMSV4hq,6,1.0
3bPeCEkWoM3MB5UxwZwqe7Dawqb8sYfmm1d7JV7myGnbK4JW63mHnSUb7CTqjHbyP6Svu9ii2wghThnKE4j1Hqw7,1754165123,2025-08-02T20:05:23,0.000005002,6KNbsP3eLVsFEJY9mJUz8h47B6X1GDh1RnYQPgsiCD1a,inc,786034274,21689348,807723622,So11111111111111111111111111111111111111111,9,1.0
55GkiF8eABfB4vPLmX8n3u9otLbfeAQqkLiUiTcBfckQtCKFxPdrNrYbupCkPTyzuLKhnU7ek3Nx1dkEmcP1Aha9,1754165121,2025-08-02T20:05:21,0.000005,6KNbsP3eLVsFEJY9mJUz8h47B6X1GDh1RnYQPgsiCD1a,dec,6000,21695348,21689348,So11111111111111111111111111111111111111111,9,1.0
5e7ksSCY4TgYfudU91wwBbR4KE33uSAsFfopka8eFFeeVfLBaCA9fGfuT3Cq3tRHBNoW8bSQwqmSxvJRENBt1fC3,1754165121,2025-08-02T20:05:21,0.000005003,68DQG6q2xo2A97NQaLCL6WZfMboDD899sZy5Ja7jNkc2,inc,1545183450302,5650674987188,7195858437490,7j7YJMZcuCcwdC784WJmAvTpBCAF2RvTBU8sBKMSV4hq,6,1.0
5e7ksSCY4TgYfudU91wwBbR4KE33uSAsFfopka8eFFeeVfLBaCA9fGfuT3Cq3tRHBNoW8bSQwqmSxvJRENBt1fC3,1754165121,2025-08-02T20:05:21,0.000005003,6KNbsP3eLVsFEJY9mJUz8h47B6X1GDh1RnYQPgsiCD1a,dec,216109206,237804554,21695348,So11111111111111111111111111111111111111111,9,1.0
3QhNPYiQzes6zAZampaKhq6wjWjS31cLoZVpzitPBCBN2iZRgeUWrz4UA27apzfVzgoPvDa25hRm1gUenGA9fZnC,1754165076,2025-08-02T20:04:36,0.000005,6KNbsP3eLVsFEJY9mJUz8h47B6X1GDh1RnYQPgsiCD1a,dec,6000,237810554,237804554,So11111111111111111111111111111111111111111,9,1.0
36ZVrssH84L6Ka5zisnau9SXCJxdc9gmdAiNUCiJMabcRr1Wu4CkytNVwDhRJiKmajgXhuJp3z4sjhFAg9n5CeYs,1754165076,2025-08-02T20:04:36,0.000005003,68DQG6q2xo2A97NQaLCL6WZfMboDD899sZy5Ja7jNkc2,inc,3010271771544,2640403215644,5650674987188,7j7YJMZcuCcwdC784WJmAvTpBCAF2RvTBU8sBKMSV4hq,6,1.0
36ZVrssH84L6Ka5zisnau9SXCJxdc9gmdAiNUCiJMabcRr1Wu4CkytNVwDhRJiKmajgXhuJp3z4sjhFAg9n5CeYs,1754165076,2025-08-02T20:04:36,0.000005003,6KNbsP3eLVsFEJY9mJUz8h47B6X1GDh1RnYQPgsiCD1a,dec,419361328,657171882,237810554,So11111111111111111111111111111111111111111,9,1.0
5qagn7KN8J8Q8i7Pw3n5J7FFUNbSkapTPP6L222qUkdFfao6xSBJWoDWbtiL5SS1ZYohfmorC1KyPb4tuzsxRwfd,1754165068,2025-08-02T20:04:28,0.000005,6KNbsP3eLVsFEJY9mJUz8h47B6X1GDh1RnYQPgsiCD1a,dec,6000,657177882,657171882,So11111111111111111111111111111111111111111,9,1.0
4HvPYGxt6Vi1cMGiyYbNZiSH5AhzMtNMVHbJUWyW8v9i69D2Z6Kyhb9G8nkvBHLN9f6UYZpfidvBNp1V1V6FPN8G,1754165068,2025-08-02T20:04:28,0.000005003,68DQG6q2xo2A97NQaLCL6WZfMboDD899sZy5Ja7jNkc2,inc,2640403213491,2153,2640403215644,7j7YJMZcuCcwdC784WJmAvTpBCAF2RvTBU8sBKMSV4hq,6,1.0
4HvPYGxt6Vi1cMGiyYbNZiSH5AhzMtNMVHbJUWyW8v9i69D2Z6Kyhb9G8nkvBHLN9f6UYZpfidvBNp1V1V6FPN8G,1754165068,2025-08-02T20:04:28,0.000005003,6KNbsP3eLVsFEJY9mJUz8h47B6X1GDh1RnYQPgsiCD1a,dec,367588288,1024766170,657177882,So11111111111111111111111111111111111111111,9,1.0
2qdHjPFC3WfEonbeCMUgHJwQqFcHDFkfBdabzHHJENfutsBGNsUE79KnbvHUcYtzixunbgSVH2wG5KRtsWdtbZdR,1754165034,2025-08-02T20:03:54,0.000005,6KNbsP3eLVsFEJY9mJUz8h47B6X1GDh1RnYQPgsiCD1a,dec,6000,1024772170,1024766170,So11111111111111111111111111111111111111111,9,1.0
4vXMCf1SAYWSMRAhjAfCDY3rtEmhs5maK92J7WyG6CLjKHaydxwWx7ou9kTerDSt2YXmmh9dUMG7v6Z9nrJaysu9,1754165034,2025-08-02T20:03:54,0.000005002,68DQG6q2xo2A97NQaLCL6WZfMboDD899sZy5Ja7jNkc2,dec,5339705519922,5339705522075,2153,7j7YJMZcuCcwdC784WJmAvTpBCAF2RvTBU8sBKMSV4hq,6,1.0
4vXMCf1SAYWSMRAhjAfCDY3rtEmhs5maK92J7WyG6CLjKHaydxwWx7ou9kTerDSt2YXmmh9dUMG7v6Z9nrJaysu9,1754165034,2025-08-02T20:03:54,0.000005002,6KNbsP3eLVsFEJY9mJUz8h47B6X1GDh1RnYQPgsiCD1a,inc,730232361,294539809,1024772170,So11111111111111111111111111111111111111111,9,1.0
5NV77fccdz3mbwDiducZRQyQnXngaZmdBmsZGocYCJe1LTTaQzxJ15aqRg1HAVc3mksYXe97P9xXaFtpR19uPvSw,1754165027,2025-08-02T20:03:47,0.000005,6KNbsP3eLVsFEJY9mJUz8h47B6X1GDh1RnYQPgsiCD1a,dec,6000,294545809,294539809,So11111111111111111111111111111111111111111,9,1.0
2jyg3quLxPzcNbTyoeENiNdY19vwcbMB33TgVvxkkEuzxJ8fWSfDfeJyxar1MA29ceWP7rNaYKXRTgePkJz42AcS,1754165027,2025-08-02T20:03:47,0.000005003,68DQG6q2xo2A97NQaLCL6WZfMboDD899sZy5Ja7jNkc2,inc,2290281126543,3049424395532,5339705522075,7j7YJMZcuCcwdC784WJmAvTpBCAF2RvTBU8sBKMSV4hq,6,1.0
2jyg3quLxPzcNbTyoeENiNdY19vwcbMB33TgVvxkkEuzxJ8fWSfDfeJyxar1MA29ceWP7rNaYKXRTgePkJz42AcS,1754165027,2025-08-02T20:03:47,0.000005003,6KNbsP3eLVsFEJY9mJUz8h47B6X1GDh1RnYQPgsiCD1a,dec,321385633,615931442,294545809,So11111111111111111111111111111111111111111,9,1.0
3MMZPwG1mqcwpbbit7LipTCGarSPGLm5X3mvWKytkgTvHF4c2Fj7PsmcMVh3MmpHEaZHy2ahGntf4pSdar1NJsru,1754164887,2025-08-02T20:01:27,0.000005,6KNbsP3eLVsFEJY9mJUz8h47B6X1GDh1RnYQPgsiCD1a,dec,6000,615937442,615931442,So11111111111111111111111111111111111111111,9,1.0
2KwJTp11xqD9hzhzyaj6YWKzrThbA2TXZ3NNMP8sXmiqNUHykPGK5wkDdaotWrdtg4k8uvcodFaC3FSa3v7Rzrb2,1754164887,2025-08-02T20:01:27,0.000005003,68DQG6q2xo2A97NQaLCL6WZfMboDD899sZy5Ja7jNkc2,inc,2995096758623,54327636909,3049424395532,7j7YJMZcuCcwdC784WJmAvTpBCAF2RvTBU8sBKMSV4hq,6,1.0
2KwJTp11xqD9hzhzyaj6YWKzrThbA2TXZ3NNMP8sXmiqNUHykPGK5wkDdaotWrdtg4k8uvcodFaC3FSa3v7Rzrb2,1754164887,2025-08-02T20:01:27,0.000005003,6KNbsP3eLVsFEJY9mJUz8h47B6X1GDh1RnYQPgsiCD1a,dec,418481865,1034419307,615937442,So11111111111111111111111111111111111111111,9,1.0
53ffv5D3MAwk7r1wTpJ3gkitugKgFt3McjPmNMPf3PrP4wx4dW2cKSMRZZSkJsXQWyUWicFYWqffQqfYVVtU6ChG,1754164812,2025-08-02T20:00:12,0.000005,6KNbsP3eLVsFEJY9mJUz8h47B6X1GDh1RnYQPgsiCD1a,dec,6000,1034425307,1034419307,So11111111111111111111111111111111111111111,9,1.0
XoFwd3Bnb8nvXVTYTvwjkRfqJYpsQSZNanhKBkzcnH8LAG7TbbGdLrQaeF9LKNzPLBX8CpEZyv5RLEy7LBEJ32E,1754164812,2025-08-02T20:00:12,0.000005002,68DQG6q2xo2A97NQaLCL6WZfMboDD899sZy5Ja7jNkc2,dec,6511538690286,6565866327195,54327636909,7j7YJMZcuCcwdC784WJmAvTpBCAF2RvTBU8sBKMSV4hq,6,1.0
XoFwd3Bnb8nvXVTYTvwjkRfqJYpsQSZNanhKBkzcnH8LAG7TbbGdLrQaeF9LKNzPLBX8CpEZyv5RLEy7LBEJ32E,1754164812,2025-08-02T20:00:12,0.000005002,6KNbsP3eLVsFEJY9mJUz8h47B6X1GDh1RnYQPgsiCD1a,inc,947248883,87176424,1034425307,So11111111111111111111111111111111111111111,9,1.0
5XCy7CvoauXwS96kLZHek2MGSZMm6KUJh7PW634Gty7yNtwhDdCMVWT3YkHbg3QtKiRhjz5EXawpDHeiBMApjSe6,1754164790,2025-08-02T19:59:50,0.000005,6KNbsP3eLVsFEJY9mJUz8h47B6X1GDh1RnYQPgsiCD1a,dec,6000,87182424,87176424,So11111111111111111111111111111111111111111,9,1.0
2Fz9QLG93nS9sFj4yrneZMAMQDsunfLNshnRBaSe5FgDh61v27Ap9aGu6Viz1iQNDKVNkWmCJmhyZUz7Er4rTk1u,1754164790,2025-08-02T19:59:50,0.000005003,68DQG6q2xo2A97NQaLCL6WZfMboDD899sZy5Ja7jNkc2,inc,1031467920670,5534398406525,6565866327195,7j7YJMZcuCcwdC784WJmAvTpBCAF2RvTBU8sBKMSV4hq,6,1.0
2Fz9QLG93nS9sFj4yrneZMAMQDsunfLNshnRBaSe5FgDh61v27Ap9aGu6Viz1iQNDKVNkWmCJmhyZUz7Er4rTk1u,1754164790,2025-08-02T19:59:50,0.000005003,6KNbsP3eLVsFEJY9mJUz8h47B6X1GDh1RnYQPgsiCD1a,dec,151305122,238487546,87182424,So11111111111111111111111111111111111111111,9,1.0
4jZfgCDPEMdvVHPEFtz5veKQXfYsw4uMYkLNu6jDcgXDGCWT5ngmDRU4QJjgorH9jZbb9gk1bkBnvaBNqsUJPfDS,1754164680,2025-08-02T19:58:00,0.000005,6KNbsP3eLVsFEJY9mJUz8h47B6X1GDh1RnYQPgsiCD1a,dec,6000,238493546,238487546,So11111111111111111111111111111111111111111,9,1.0
xd7tY4rk85Tm2i8oniFPqhqbpfzFE93ENccGnbBBrD4gJhXbLg716Q3PC7CxrseGTewsfQ8cesHtCENaHieib7C,1754164680,2025-08-02T19:58:00,0.000005003,68DQG6q2xo2A97NQaLCL6WZfMboDD899sZy5Ja7jNkc2,inc,2711147816379,2823250590146,5534398406525,7j7YJMZcuCcwdC784WJmAvTpBCAF2RvTBU8sBKMSV4hq,6,1.0
xd7tY4rk85Tm2i8oniFPqhqbpfzFE93ENccGnbBBrD4gJhXbLg716Q3PC7CxrseGTewsfQ8cesHtCENaHieib7C,1754164680,2025-08-02T19:58:00,0.000005003,6KNbsP3eLVsFEJY9mJUz8h47B6X1GDh1RnYQPgsiCD1a,dec,378271759,616765305,238493546,So11111111111111111111111111111111111111111,9,1.0
5ZPFsZcRtWsqcazky6Z6T3hH32qV7QUDmgEhrY6qMf8BvHyPxN9Y1TdmLdR6SEUZ4TKDRKTCmxg9bx97zCCKTxE9,1754164652,2025-08-02T19:57:32,0.000005,6KNbsP3eLVsFEJY9mJUz8h47B6X1GDh1RnYQPgsiCD1a,dec,6000,616771305,616765305,So11111111111111111111111111111111111111111,9,1.0
FduQMbe5pPUomHoUFCweESw4Bhmo8dranaA1jZom3PpbmCnMCJn8yQ5BCS66dXQz9U3k9UhCiaiTf4eNrsFRFBp,1754164652,2025-08-02T19:57:32,0.000005003,68DQG6q2xo2A97NQaLCL6WZfMboDD899sZy5Ja7jNkc2,inc,2812831396390,10419193756,2823250590146,7j7YJMZcuCcwdC784WJmAvTpBCAF2RvTBU8sBKMSV4hq,6,1.0
FduQMbe5pPUomHoUFCweESw4Bhmo8dranaA1jZom3PpbmCnMCJn8yQ5BCS66dXQz9U3k9UhCiaiTf4eNrsFRFBp,1754164652,2025-08-02T19:57:32,0.000005003,6KNbsP3eLVsFEJY9mJUz8h47B6X1GDh1RnYQPgsiCD1a,dec,379474195,996245500,616771305,So11111111111111111111111111111111111111111,9,1.0
48Zgo9b2HDqrFTwyA9gggXGh12xw1UhtenAHWQ4DLvenDcRi5SKfcfQ6zpKnVYy2JwG1gtRhmLAnGpJS5UfGoBP3,1754164630,2025-08-02T19:57:10,0.000005,6KNbsP3eLVsFEJY9mJUz8h47B6X1GDh1RnYQPgsiCD1a,dec,6000,996251500,996245500,So11111111111111111111111111111111111111111,9,1.0
3me9TPZLbceyyXsEEhuWgnM66j3RYWzAMzg6JZ5dSiZJitsPauJ9FU8T7ri3ZC2wCA4zUC1gNW1CgdRbLHQ6GCgZ,1754164630,2025-08-02T19:57:10,0.000005002,68DQG6q2xo2A97NQaLCL6WZfMboDD899sZy5Ja7jNkc2,dec,1971808822754,1982228016510,10419193756,7j7YJMZcuCcwdC784WJmAvTpBCAF2RvTBU8sBKMSV4hq,6,1.0
3me9TPZLbceyyXsEEhuWgnM66j3RYWzAMzg6JZ5dSiZJitsPauJ9FU8T7ri3ZC2wCA4zUC1gNW1CgdRbLHQ6GCgZ,1754164630,2025-08-02T19:57:10,0.000005002,6KNbsP3eLVsFEJY9mJUz8h47B6X1GDh1RnYQPgsiCD1a,inc,270045347,726206153,996251500,So11111111111111111111111111111111111111111,9,1.0
32Yu5NP24PgUH5odVDiiPFHTRY7yjJarr9qmjeFJLt1roTbLc7K1QAkmFiSLUKdidTpmvvmnBQoodwaCiAjowP3j,1754164528,2025-08-02T19:55:28,0.000005,6KNbsP3eLVsFEJY9mJUz8h47B6X1GDh1RnYQPgsiCD1a,dec,6000,726212153,726206153,So11111111111111111111111111111111111111111,9,1.0
3VkoDB5TkSTMF39AfD1S6GP5sGpSgKAfFJ9aeyQxrX31PGxoPuXBSZWs3bSmoVLNajhesadJAc9c8aXzceqDFF2d,1754164528,2025-08-02T19:55:28,0.000005003,68DQG6q2xo2A97NQaLCL6WZfMboDD899sZy5Ja7jNkc2,inc,1982228014354,2156,1982228016510,7j7YJMZcuCcwdC784WJmAvTpBCAF2RvTBU8sBKMSV4hq,6,1.0
3VkoDB5TkSTMF39AfD1S6GP5sGpSgKAfFJ9aeyQxrX31PGxoPuXBSZWs3bSmoVLNajhesadJAc9c8aXzceqDFF2d,1754164528,2025-08-02T19:55:28,0.000005003,6KNbsP3eLVsFEJY9mJUz8h47B6X1GDh1RnYQPgsiCD1a,dec,268177182,994389335,726212153,So11111111111111111111111111111111111111111,9,1.0
xrGr3BtE6E48rsxn8o9xeE6d5y4jWtCnEfdMeq21j53EZrUgsQPyR7YoUnoFTVygD3ojxb7Kz1NjrjZseTky1qy,1754164462,2025-08-02T19:54:22,0.000005,6KNbsP3eLVsFEJY9mJUz8h47B6X1GDh1RnYQPgsiCD1a,dec,6000,994395335,994389335,So11111111111111111111111111111111111111111,9,1.0
2hbfcwVS538LrLbuSr2BDCY8vqr7VLJxDo4ZmsjiEyUNMgxvE4pv9qjKGjT3AAR9J87bWKKzbSW31pWn6RB5pHwr,1754164462,2025-08-02T19:54:22,0.000005002,68DQG6q2xo2A97NQaLCL6WZfMboDD899sZy5Ja7jNkc2,dec,2657343171013,2657343173169,2156,7j7YJMZcuCcwdC784WJmAvTpBCAF2RvTBU8sBKMSV4hq,6,1.0
2hbfcwVS538LrLbuSr2BDCY8vqr7VLJxDo4ZmsjiEyUNMgxvE4pv9qjKGjT3AAR9J87bWKKzbSW31pWn6RB5pHwr,1754164462,2025-08-02T19:54:22,0.000005002,6KNbsP3eLVsFEJY9mJUz8h47B6X1GDh1RnYQPgsiCD1a,inc,349175199,645220136,994395335,So11111111111111111111111111111111111111111,9,1.0
36cxKH1mG4gHYFmghJxPdS2mgx2mTq6Gn9LkadQmrbvQmnxCSUwTqRg9ZTCfHJwMDQByuaUqSN97rGLrYFePC1NB,1754164451,2025-08-02T19:54:11,0.000005,6KNbsP3eLVsFEJY9mJUz8h47B6X1GDh1RnYQPgsiCD1a,dec,6000,645226136,645220136,So11111111111111111111111111111111111111111,9,1.0
nt3PrJsj4MbPa4hwC9k7u6bJYjpH7Qst8VCR3nhN7Pr4U9851GZxYSMR1Z9YHBpkJYaLrQWgWxifHg7WYrzHMQQ,1754164451,2025-08-02T19:54:11,0.000005003,68DQG6q2xo2A97NQaLCL6WZfMboDD899sZy5Ja7jNkc2,inc,2657333118511,10054658,2657343173169,7j7YJMZcuCcwdC784WJmAvTpBCAF2RvTBU8sBKMSV4hq,6,1.0
nt3PrJsj4MbPa4hwC9k7u6bJYjpH7Qst8VCR3nhN7Pr4U9851GZxYSMR1Z9YHBpkJYaLrQWgWxifHg7WYrzHMQQ,1754164451,2025-08-02T19:54:11,0.000005003,6KNbsP3eLVsFEJY9mJUz8h47B6X1GDh1RnYQPgsiCD1a,dec,359443876,1004670012,645226136,So11111111111111111111111111111111111111111,9,1.0
YRh4BxgQtnr57PrKRSrZABMFjD3ysuxduegFwoUReqZYHfZRxFPszBmPXGmzrnFxWB3kba1MArotkfvmhA3c3Vx,1754164436,2025-08-02T19:53:56,0.000005,6KNbsP3eLVsFEJY9mJUz8h47B6X1GDh1RnYQPgsiCD1a,dec,6000,1004676012,1004670012,So11111111111111111111111111111111111111111,9,1.0
5QtNSrkuGizTiUkzY56db4e4EJjiMRbARWAJxmqut6tU2rRNgcauq7HPNzmkrtZm2LTDD3U2zMPLo2dvvPYpCPDh,1754164436,2025-08-02T19:53:56,0.000005002,68DQG6q2xo2A97NQaLCL6WZfMboDD899sZy5Ja7jNkc2,dec,4893051591,4903106249,10054658,7j7YJMZcuCcwdC784WJmAvTpBCAF2RvTBU8sBKMSV4hq,6,1.0
5QtNSrkuGizTiUkzY56db4e4EJjiMRbARWAJxmqut6tU2rRNgcauq7HPNzmkrtZm2LTDD3U2zMPLo2dvvPYpCPDh,1754164436,2025-08-02T19:53:56,0.000005002,6KNbsP3eLVsFEJY9mJUz8h47B6X1GDh1RnYQPgsiCD1a,inc,680059,1003995953,1004676012,So11111111111111111111111111111111111111111,9,1.0
3Yq6kcPqyXt4W2e15tCL5xfyv9ZFuJMMnN4NFwDCoSibLU3XffXzCuwr9khbK4hHtoguVsLTXk8fhJ3EPUGPpR4Z,1754164417,2025-08-02T19:53:37,0.000005,6KNbsP3eLVsFEJY9mJUz8h47B6X1GDh1RnYQPgsiCD1a,dec,6000,1004001953,1003995953,So11111111111111111111111111111111111111111,9,1.0
5LkXD23cFs56sKcmApYWANfDsgSYm8nemedRjWVH8t63yctQPoBBoXm71pA9BmEye7NjHZqctEBU31p8PqqoWTTE,1754164417,2025-08-02T19:53:37,0.000005002,68DQG6q2xo2A97NQaLCL6WZfMboDD899sZy5Ja7jNkc2,dec,1565481492151,1570384598400,4903106249,7j7YJMZcuCcwdC784WJmAvTpBCAF2RvTBU8sBKMSV4hq,6,1.0
5LkXD23cFs56sKcmApYWANfDsgSYm8nemedRjWVH8t63yctQPoBBoXm71pA9BmEye7NjHZqctEBU31p8PqqoWTTE,1754164417,2025-08-02T19:53:37,0.000005002,6KNbsP3eLVsFEJY9mJUz8h47B6X1GDh1RnYQPgsiCD1a,inc,214903209,789098744,1004001953,So11111111111111111111111111111111111111111,9,1.0
4PbdvP419rnN41pqV6dhSnBmQnc1bnw7gE2vgh8JybE95Meew3JjJqnZFEFotKZ6muRanNm8eaFrv6KKryvma7jk,1754164399,2025-08-02T19:53:19,0.000005,6KNbsP3eLVsFEJY9mJUz8h47B6X1GDh1RnYQPgsiCD1a,dec,6000,789104744,789098744,So11111111111111111111111111111111111111111,9,1.0
2EBjF7mDUUwP98kRVJbKFsM5Zu85qYhUzdguWP4dy5LmCVYLhY8GiM6mX15rC1NMfiJ8WNvff3Kbv2J9B9deSXzu,1754164399,2025-08-02T19:53:19,0.000005003,68DQG6q2xo2A97NQaLCL6WZfMboDD899sZy5Ja7jNkc2,inc,1570156781524,227816876,1570384598400,7j7YJMZcuCcwdC784WJmAvTpBCAF2RvTBU8sBKMSV4hq,6,1.0
2EBjF7mDUUwP98kRVJbKFsM5Zu85qYhUzdguWP4dy5LmCVYLhY8GiM6mX15rC1NMfiJ8WNvff3Kbv2J9B9deSXzu,1754164399,2025-08-02T19:53:19,0.000005003,6KNbsP3eLVsFEJY9mJUz8h47B6X1GDh1RnYQPgsiCD1a,dec,215066526,1004171270,789104744,So11111111111111111111111111111111111111111,9,1.0
ka3eENG8HbgvbE2U1ZAt72KMEtP78q9aAav3hHkDWnVxjkhwxjKMSsXJFAh9sZ4kvvFe2UW1j4w7QUu3ss51pBn,1754164364,2025-08-02T19:52:44,0.000005,6KNbsP3eLVsFEJY9mJUz8h47B6X1GDh1RnYQPgsiCD1a,dec,6000,1004177270,1004171270,So11111111111111111111111111111111111111111,9,1.0
H5P2aazdo8WT4QNwW8hQP2XwP2zP8xwKtxeeVi5o2uguSLMAfeQamb3CJJkVcPVH65enpK3i233NLY2V9ZaNv28,1754164364,2025-08-02T19:52:44,0.000005002,68DQG6q2xo2A97NQaLCL6WZfMboDD899sZy5Ja7jNkc2,dec,43799850671,44027667547,227816876,7j7YJMZcuCcwdC784WJmAvTpBCAF2RvTBU8sBKMSV4hq,6,1.0
H5P2aazdo8WT4QNwW8hQP2XwP2zP8xwKtxeeVi5o2uguSLMAfeQamb3CJJkVcPVH65enpK3i233NLY2V9ZaNv28,1754164364,2025-08-02T19:52:44,0.000005002,6KNbsP3eLVsFEJY9mJUz8h47B6X1GDh1RnYQPgsiCD1a,inc,5822791,998354479,1004177270,So11111111111111111111111111111111111111111,9,1.0
66t5A6vYcAaETjpP1aPS6jswW94A26Yi5s12mPDPd7pDKzzPxpN9tKLizWMvxYwKYZBAsCqihJZojcVhdeLJjXmY,1754164293,2025-08-02T19:51:33,0.000005,6KNbsP3eLVsFEJY9mJUz8h47B6X1GDh1RnYQPgsiCD1a,dec,6000,998360479,998354479,So11111111111111111111111111111111111111111,9,1.0
PaKCKaP6oyjjKAmUSLSYSUFzfPZErYACWG2Lx7jyiAwfXuKiWXXduu5QLopGk7kqYZQzp3uBThU9TZxydCJLqwg,1754164293,2025-08-02T19:51:33,0.000005002,68DQG6q2xo2A97NQaLCL6WZfMboDD899sZy5Ja7jNkc2,dec,4519791462631,4563819130178,44027667547,7j7YJMZcuCcwdC784WJmAvTpBCAF2RvTBU8sBKMSV4hq,6,1.0
PaKCKaP6oyjjKAmUSLSYSUFzfPZErYACWG2Lx7jyiAwfXuKiWXXduu5QLopGk7kqYZQzp3uBThU9TZxydCJLqwg,1754164293,2025-08-02T19:51:33,0.000005002,6KNbsP3eLVsFEJY9mJUz8h47B6X1GDh1RnYQPgsiCD1a,inc,597756015,400604464,998360479,So11111111111111111111111111111111111111111,9,1.0
3xqYPPueirmiUFnBQaD9UjQ8re41GBKQboctM8murjdjR9yASwWF9dkuzMTy2ecWCw3m8a5DRtnsXNBn25i9RwTg,1754164231,2025-08-02T19:50:31,0.000005,6KNbsP3eLVsFEJY9mJUz8h47B6X1GDh1RnYQPgsiCD1a,dec,6000,400610464,400604464,So11111111111111111111111111111111111111111,9,1.0
5VRwWb6F5nEZMMJusUAd8ZpRvUT9DgECv61Dgs9e9q4n3PjwFEcQ78ZcnjC1gJNdEQbrpCvJg2UkAKoG97shmKdz,1754164231,2025-08-02T19:50:31,0.000005003,68DQG6q2xo2A97NQaLCL6WZfMboDD899sZy5Ja7jNkc2,inc,1022666817407,3541152312771,4563819130178,7j7YJMZcuCcwdC784WJmAvTpBCAF2RvTBU8sBKMSV4hq,6,1.0
5VRwWb6F5nEZMMJusUAd8ZpRvUT9DgECv61Dgs9e9q4n3PjwFEcQ78ZcnjC1gJNdEQbrpCvJg2UkAKoG97shmKdz,1754164231,2025-08-02T19:50:31,0.000005003,6KNbsP3eLVsFEJY9mJUz8h47B6X1GDh1RnYQPgsiCD1a,dec,129935626,530546090,400610464,So11111111111111111111111111111111111111111,9,1.0
3vF7Amm1W8GffaHErSGn5TypWPG33apjfFCWQNa6fy2bUdPzLw3pQsgCGjrmtQYiwMi7CJ97uwujB9xeU5XXUsCm,1754164173,2025-08-02T19:49:33,0.000005,6KNbsP3eLVsFEJY9mJUz8h47B6X1GDh1RnYQPgsiCD1a,dec,6000,530552090,530546090,So11111111111111111111111111111111111111111,9,1.0
2n2ZLyZZEbkvhF8Z2EnDb57eaiEx97Hd1odBFJbUWrxf2TEN16DrLvknhUt8kAz7i2iFUw1gny87FJqdL3YpdT7R,1754164173,2025-08-02T19:49:33,0.000005003,68DQG6q2xo2A97NQaLCL6WZfMboDD899sZy5Ja7jNkc2,inc,1010816708040,2530335604731,3541152312771,7j7YJMZcuCcwdC784WJmAvTpBCAF2RvTBU8sBKMSV4hq,6,1.0
2n2ZLyZZEbkvhF8Z2EnDb57eaiEx97Hd1odBFJbUWrxf2TEN16DrLvknhUt8kAz7i2iFUw1gny87FJqdL3YpdT7R,1754164173,2025-08-02T19:49:33,0.000005003,6KNbsP3eLVsFEJY9mJUz8h47B6X1GDh1RnYQPgsiCD1a,dec,134423022,664975112,530552090,So11111111111111111111111111111111111111111,9,1.0
Lx8h3fJfAroSyFLTtnsRJVSdhN1X7v3Cp5HbPMtbaVkAX3NqcxdXpLWpDNC9zjQH6inPE9kM9ik3o5be2UP3ruK,1754164170,2025-08-02T19:49:30,0.000005,6KNbsP3eLVsFEJY9mJUz8h47B6X1GDh1RnYQPgsiCD1a,dec,6000,664981112,664975112,So11111111111111111111111111111111111111111,9,1.0
2er46SkZrsmUQsVWJVXWdjwYS4dEpoATL9ipKhHuHxfcUwud2QMJyq85VBT9aemS53AcaN6FLwEepY4J8KHuCrcw,1754164170,2025-08-02T19:49:30,0.000005003,68DQG6q2xo2A97NQaLCL6WZfMboDD899sZy5Ja7jNkc2,inc,2530335602497,2234,2530335604731,7j7YJMZcuCcwdC784WJmAvTpBCAF2RvTBU8sBKMSV4hq,6,1.0
2er46SkZrsmUQsVWJVXWdjwYS4dEpoATL9ipKhHuHxfcUwud2QMJyq85VBT9aemS53AcaN6FLwEepY4J8KHuCrcw,1754164170,2025-08-02T19:49:30,0.000005003,6KNbsP3eLVsFEJY9mJUz8h47B6X1GDh1RnYQPgsiCD1a,dec,341317078,1006298190,664981112,So11111111111111111111111111111111111111111,9,1.0
qe2Ncos6q4qcaKe3ipcv3C8FvXWBS25Vx5DaYFdeaGBn76GZw4dmTavDjdpZYzqR36juKb1HmkouoXRUJzDdbBw,1754164102,2025-08-02T19:48:22,0.000005,6KNbsP3eLVsFEJY9mJUz8h47B6X1GDh1RnYQPgsiCD1a,dec,6000,1006304190,1006298190,So11111111111111111111111111111111111111111,9,1.0
ZcsJRhhYuTa8BNTtK61P5nnKVyJP2wybjioSS8CdHTyZR2japbTuzh5v5XMiXXx7TZwR4Z8jLLEV4aGP8RpXnwW,1754164102,2025-08-02T19:48:22,0.000005002,68DQG6q2xo2A97NQaLCL6WZfMboDD899sZy5Ja7jNkc2,dec,52095689144,52095691378,2234,7j7YJMZcuCcwdC784WJmAvTpBCAF2RvTBU8sBKMSV4hq,6,1.0
ZcsJRhhYuTa8BNTtK61P5nnKVyJP2wybjioSS8CdHTyZR2japbTuzh5v5XMiXXx7TZwR4Z8jLLEV4aGP8RpXnwW,1754164102,2025-08-02T19:48:22,0.000005002,6KNbsP3eLVsFEJY9mJUz8h47B6X1GDh1RnYQPgsiCD1a,inc,6339567,999964623,1006304190,So11111111111111111111111111111111111111111,9,1.0
4fMUjAJTBqpZy21HeZ6rFaL4eqH1xceD4yfmYBXwYpJnjHYhvT4NfSF5gE6vMP2zScFKbvVK4WMCyg8VMAVstRDN,1754163962,2025-08-02T19:46:02,0.000005,6KNbsP3eLVsFEJY9mJUz8h47B6X1GDh1RnYQPgsiCD1a,dec,6000,999970623,999964623,So11111111111111111111111111111111111111111,9,1.0
5tBcCN9RoRHGqmYL9WtDZo1rpjTbZBKdrvb2GAgcJe7dVrwRqGoh7X4iU3s9Ab2kg4QWpwfLHHQQ4E6JXZ2xu28e,1754163962,2025-08-02T19:46:02,0.000005002,68DQG6q2xo2A97NQaLCL6WZfMboDD899sZy5Ja7jNkc2,dec,3193458340902,3245554032280,52095691378,7j7YJMZcuCcwdC784WJmAvTpBCAF2RvTBU8sBKMSV4hq,6,1.0
5tBcCN9RoRHGqmYL9WtDZo1rpjTbZBKdrvb2GAgcJe7dVrwRqGoh7X4iU3s9Ab2kg4QWpwfLHHQQ4E6JXZ2xu28e,1754163962,2025-08-02T19:46:02,0.000005002,6KNbsP3eLVsFEJY9mJUz8h47B6X1GDh1RnYQPgsiCD1a,inc,284386095,715584528,999970623,So11111111111111111111111111111111111111111,9,1.0
2KQ6zH9fofeHRiJHcvNpKdovFET2NHiA7dSRU5yB5AbhH1nuoLcTGbZgWhvjoKG6ax7YGCPT1sHNm6XPRCDF7KLb,1754163957,2025-08-02T19:45:57,0.000005,6KNbsP3eLVsFEJY9mJUz8h47B6X1GDh1RnYQPgsiCD1a,dec,6000,715590528,715584528,So11111111111111111111111111111111111111111,9,1.0
4H1Rg8sYEcyEQV84bsFmEcMDDxcphSDKVGvNVVtRHHYjDTfVCEp2Fa82HukJEhcPYwEZ7sGCttUpL6JK1N2pRRPc,1754163957,2025-08-02T19:45:57,0.000005004,68DQG6q2xo2A97NQaLCL6WZfMboDD899sZy5Ja7jNkc2,inc,3245554032280,0,3245554032280,7j7YJMZcuCcwdC784WJmAvTpBCAF2RvTBU8sBKMSV4hq,6,1.0
4H1Rg8sYEcyEQV84bsFmEcMDDxcphSDKVGvNVVtRHHYjDTfVCEp2Fa82HukJEhcPYwEZ7sGCttUpL6JK1N2pRRPc,1754163957,2025-08-02T19:45:57,0.000005004,6KNbsP3eLVsFEJY9mJUz8h47B6X1GDh1RnYQPgsiCD1a,dec,285909472,1001500000,715590528,So11111111111111111111111111111111111111111,9,1.0
3uWP7Ev3xcyLHQR9SewVBxEQd36sCm4etGdrvTfTKWFHoGhu3VVsAVi5snGPGmBGZEGafxvxhSiaiDoLLk5g7Vuq,1754163881,2025-08-02T19:44:41,0.0000314,6KNbsP3eLVsFEJY9mJUz8h47B6X1GDh1RnYQPgsiCD1a,inc,1000000000,1500000,1001500000,So11111111111111111111111111111111111111111,9,1.0
4QuVeMP3EufhyJcbi2Cg9PRa7NirTRJeXxGvvgpRdn6VVi633M2LmB7nMPyq5RPETVvYfTcu7prRKa2MhG9X7aps,1754163710,2025-08-02T19:41:50,0.000064772,6KNbsP3eLVsFEJY9mJUz8h47B6X1GDh1RnYQPgsiCD1a,dec,665648718,667148718,1500000,So11111111111111111111111111111111111111111,9,1.0
5zUBboMzX42UecJZT393QRVFaJE5JC1jizzNpUPTM9nSr2ytt5gwERHJc5fwhBhwcsGpeY2pnqG1AACzGDPVF65v,1754163563,2025-08-02T19:39:23,0.000005,6KNbsP3eLVsFEJY9mJUz8h47B6X1GDh1RnYQPgsiCD1a,dec,6000,667154718,667148718,So11111111111111111111111111111111111111111,9,1.0
24M8xKeL53kuXw9rpLSWbGnyZiHZRyYkGmC3Pm7wPmmu4TSwJGW9WajxxYBAjkNxeVK3cz6RGUt9JC4ofiBNfQgy,1754163563,2025-08-02T19:39:23,0.000005003,9AiGVLpg1dF6MNtTFXKyu5zNPK2buB7jQJ5kNSEjofDp,inc,2349933518211,31118,2349933549329,6cBPpH7WZpThZoNCp6vaKKEjhkR3gb96ZrpsqbUjrEgc,6,1.0
24M8xKeL53kuXw9rpLSWbGnyZiHZRyYkGmC3Pm7wPmmu4TSwJGW9WajxxYBAjkNxeVK3cz6RGUt9JC4ofiBNfQgy,1754163563,2025-08-02T19:39:23,0.000005003,6KNbsP3eLVsFEJY9mJUz8h47B6X1GDh1RnYQPgsiCD1a,dec,308489711,975644429,667154718,So11111111111111111111111111111111111111111,9,1.0
5Pfidk5fyD4Gfgx7WxNn5VZjni39pfVN1srbtAXRSNGSjRDHKp4XCu3zmkk8mvUhC5WZgHoLRmFzNXtMh48PCeox,1754163436,2025-08-02T19:37:16,0.000005,6KNbsP3eLVsFEJY9mJUz8h47B6X1GDh1RnYQPgsiCD1a,dec,6000,975650429,975644429,So11111111111111111111111111111111111111111,9,1.0
zkmAhfRYA5n2sA9hRGJyYCxrifrANpp9GCX8fRKTTUbi3PQARTJV7kPK6yHEt57hKpf96EYztnj7hKKUYY85AYE,1754163436,2025-08-02T19:37:16,0.000005002,9AiGVLpg1dF6MNtTFXKyu5zNPK2buB7jQJ5kNSEjofDp,dec,15320637,15351755,31118,6cBPpH7WZpThZoNCp6vaKKEjhkR3gb96ZrpsqbUjrEgc,6,1.0
zkmAhfRYA5n2sA9hRGJyYCxrifrANpp9GCX8fRKTTUbi3PQARTJV7kPK6yHEt57hKpf96EYztnj7hKKUYY85AYE,1754163436,2025-08-02T19:37:16,0.000005002,6KNbsP3eLVsFEJY9mJUz8h47B6X1GDh1RnYQPgsiCD1a,dec,2766,975653195,975650429,So11111111111111111111111111111111111111111,9,1.0
PSFVP3qW35xxgiBVmH6cza9sPTDik2XPshUzD8TSo5A84WYLofV1nUgHjqm95ovD4erizXEnckoaNoAdencPCiq,1754163432,2025-08-02T19:37:12,0.000005,6KNbsP3eLVsFEJY9mJUz8h47B6X1GDh1RnYQPgsiCD1a,dec,6000,975659195,975653195,So11111111111111111111111111111111111111111,9,1.0
2jj6gaa3LLSA11dfeMixdiLpcB7u6Dhg9h8gPBPNWtHiSkfdMs2P3DnHcpi5sGnTPNGRAwnmWAnfqCNTZDJxekKD,1754163432,2025-08-02T19:37:12,0.000005002,9AiGVLpg1dF6MNtTFXKyu5zNPK2buB7jQJ5kNSEjofDp,dec,8163693705,8179045460,15351755,6cBPpH7WZpThZoNCp6vaKKEjhkR3gb96ZrpsqbUjrEgc,6,1.0
2jj6gaa3LLSA11dfeMixdiLpcB7u6Dhg9h8gPBPNWtHiSkfdMs2P3DnHcpi5sGnTPNGRAwnmWAnfqCNTZDJxekKD,1754163432,2025-08-02T19:37:12,0.000005002,6KNbsP3eLVsFEJY9mJUz8h47B6X1GDh1RnYQPgsiCD1a,inc,1173199,974485996,975659195,So11111111111111111111111111111111111111111,9,1.0
u1cQCWQMVYdyvSAT7DEeE4PEYQr4tj2McF8d7zH8juYhHKo6auGbBdR3nR8HgeGB6J9f5JJSqGcKYgUB7HnwTf3,1754163422,2025-08-02T19:37:02,0.000005,6KNbsP3eLVsFEJY9mJUz8h47B6X1GDh1RnYQPgsiCD1a,dec,6000,974491996,974485996,So11111111111111111111111111111111111111111,9,1.0
5oz65HYT96zJ1GWrPgLMwyV3tySZWTmVbYWCxqiepfNffzwmHcWxQSmxtzirRCjvntJDb9qACSBaqEVDgamY7UAS,1754163422,2025-08-02T19:37:02,0.000005002,9AiGVLpg1dF6MNtTFXKyu5zNPK2buB7jQJ5kNSEjofDp,dec,3340611456384,3348790501844,8179045460,6cBPpH7WZpThZoNCp6vaKKEjhkR3gb96ZrpsqbUjrEgc,6,1.0
5oz65HYT96zJ1GWrPgLMwyV3tySZWTmVbYWCxqiepfNffzwmHcWxQSmxtzirRCjvntJDb9qACSBaqEVDgamY7UAS,1754163422,2025-08-02T19:37:02,0.000005002,6KNbsP3eLVsFEJY9mJUz8h47B6X1GDh1RnYQPgsiCD1a,inc,493386532,481105464,974491996,So11111111111111111111111111111111111111111,9,1.0
5gajrHjbjzPkAgncDE5kGJksfBUbUtdgkUrwinpgLWP7Gt4eexVKxuyvBVvfCNr8De4eDxPXrbczJVMKenxbZsSM,1754163303,2025-08-02T19:35:03,0.000005,6KNbsP3eLVsFEJY9mJUz8h47B6X1GDh1RnYQPgsiCD1a,dec,6000,481111464,481105464,So11111111111111111111111111111111111111111,9,1.0
3MnoQe6nLHkVGAV3GjPL9mxLr2WtQeQMSFS2Pry69dHibA939r6UUZZEGwRdsH9ctgL6FSHoTyex2FPJivP6C7p8,1754163303,2025-08-02T19:35:03,0.000005003,9AiGVLpg1dF6MNtTFXKyu5zNPK2buB7jQJ5kNSEjofDp,inc,3315655289132,33135212712,3348790501844,6cBPpH7WZpThZoNCp6vaKKEjhkR3gb96ZrpsqbUjrEgc,6,1.0
3MnoQe6nLHkVGAV3GjPL9mxLr2WtQeQMSFS2Pry69dHibA939r6UUZZEGwRdsH9ctgL6FSHoTyex2FPJivP6C7p8,1754163303,2025-08-02T19:35:03,0.000005003,6KNbsP3eLVsFEJY9mJUz8h47B6X1GDh1RnYQPgsiCD1a,dec,494845046,975956510,481111464,So11111111111111111111111111111111111111111,9,1.0
3VQpwwVTWZ3PtsJ14DrCJNzAZQGNdyWfyQ3WpZC8HvqRQXaD6ZheDdkhy6Hm4c1bh4WiTybAuSEHAhzZ5Zg5uHJf,1754163265,2025-08-02T19:34:25,0.000005,6KNbsP3eLVsFEJY9mJUz8h47B6X1GDh1RnYQPgsiCD1a,dec,6000,975962510,975956510,So11111111111111111111111111111111111111111,9,1.0
42kZM3kWTXqPKRagT4ajf7zbjt5Qy6hW4hHDtnXyfeoaSKovHQxJydrysfpaW73vXCM5CfRS9QsmFuci6QvWzAMf,1754163265,2025-08-02T19:34:25,0.000005002,9AiGVLpg1dF6MNtTFXKyu5zNPK2buB7jQJ5kNSEjofDp,dec,6084230548285,6117365760997,33135212712,6cBPpH7WZpThZoNCp6vaKKEjhkR3gb96ZrpsqbUjrEgc,6,1.0
42kZM3kWTXqPKRagT4ajf7zbjt5Qy6hW4hHDtnXyfeoaSKovHQxJydrysfpaW73vXCM5CfRS9QsmFuci6QvWzAMf,1754163265,2025-08-02T19:34:25,0.000005002,6KNbsP3eLVsFEJY9mJUz8h47B6X1GDh1RnYQPgsiCD1a,inc,921361428,54601082,975962510,So11111111111111111111111111111111111111111,9,1.0
9tNExjHjz2V7KjPiJCrDYjYhSuztLiAbbpfrg84UBQFfej2EEDarNcQUvx5ercdBENzPBXSLSHxRfifiszwhQC8,1754163253,2025-08-02T19:34:13,0.000005,6KNbsP3eLVsFEJY9mJUz8h47B6X1GDh1RnYQPgsiCD1a,dec,6000,54607082,54601082,So11111111111111111111111111111111111111111,9,1.0
5a5MidZfksNvHuCvmbwvfNS8uXjBKGbuFxa4A1DbatZhj3wJU3SZQs6rbDghYZGWf2s9i2GuxSAjzg1J3u4Bh8dh,1754163253,2025-08-02T19:34:13,0.000005003,9AiGVLpg1dF6MNtTFXKyu5zNPK2buB7jQJ5kNSEjofDp,inc,2972233981015,3145131779982,6117365760997,6cBPpH7WZpThZoNCp6vaKKEjhkR3gb96ZrpsqbUjrEgc,6,1.0
5a5MidZfksNvHuCvmbwvfNS8uXjBKGbuFxa4A1DbatZhj3wJU3SZQs6rbDghYZGWf2s9i2GuxSAjzg1J3u4Bh8dh,1754163253,2025-08-02T19:34:13,0.000005003,6KNbsP3eLVsFEJY9mJUz8h47B6X1GDh1RnYQPgsiCD1a,dec,436118881,490725963,54607082,So11111111111111111111111111111111111111111,9,1.0
4tT8BBRST7jPv1xyAhz5iKyTVGnvc4qoNUBvhZRHHmDcx33AY3xY1UHbd7oTCn2ngZhajfTvtFt6LwYwG6WXdrbA,1754163250,2025-08-02T19:34:10,0.000005,6KNbsP3eLVsFEJY9mJUz8h47B6X1GDh1RnYQPgsiCD1a,dec,6000,490731963,490725963,So11111111111111111111111111111111111111111,9,1.0
47f7gA2m8TfNExBP1osmbq9KB7HeSXupqLzu9FMJC9vgZmtkCbnowCn9FGPP2AZS214psLxwwtgnDVixm7p21ini,1754163250,2025-08-02T19:34:10,0.000005003,9AiGVLpg1dF6MNtTFXKyu5zNPK2buB7jQJ5kNSEjofDp,inc,3145131774879,5103,3145131779982,6cBPpH7WZpThZoNCp6vaKKEjhkR3gb96ZrpsqbUjrEgc,6,1.0
47f7gA2m8TfNExBP1osmbq9KB7HeSXupqLzu9FMJC9vgZmtkCbnowCn9FGPP2AZS214psLxwwtgnDVixm7p21ini,1754163250,2025-08-02T19:34:10,0.000005003,6KNbsP3eLVsFEJY9mJUz8h47B6X1GDh1RnYQPgsiCD1a,dec,458935687,949667650,490731963,So11111111111111111111111111111111111111111,9,1.0
4gsTjpfZTPALPmgi2efhXvNjWFEgs5oauthCmEx7eam3WaTiqVJ4UQyLYPuJbATZp8K3xj4U9SZDkMxuHb66P4Yo,1754163117,2025-08-02T19:31:57,0.000005,6KNbsP3eLVsFEJY9mJUz8h47B6X1GDh1RnYQPgsiCD1a,dec,6000,949673650,949667650,So11111111111111111111111111111111111111111,9,1.0
3w2ucXJQxfJHRGRBEWWMmUzyUJQoY4Af592ui8tSeMsaJBTJdQG2J4RLoEidMZNqeqw1t28LsMGGB65LomgTWQQA,1754163117,2025-08-02T19:31:57,0.000005002,9AiGVLpg1dF6MNtTFXKyu5zNPK2buB7jQJ5kNSEjofDp,dec,6817955875751,6817955880854,5103,6cBPpH7WZpThZoNCp6vaKKEjhkR3gb96ZrpsqbUjrEgc,6,1.0
3w2ucXJQxfJHRGRBEWWMmUzyUJQoY4Af592ui8tSeMsaJBTJdQG2J4RLoEidMZNqeqw1t28LsMGGB65LomgTWQQA,1754163117,2025-08-02T19:31:57,0.000005002,6KNbsP3eLVsFEJY9mJUz8h47B6X1GDh1RnYQPgsiCD1a,inc,916593960,33079690,949673650,So11111111111111111111111111111111111111111,9,1.0
1BoYZY58g7dYckpQJLFs2H5MCxAqN8vNsnHtvEz83Udsr45ENjgepNfHYYgC1bwSawpnYPXoASsdbYJjMkt59UP,1754162990,2025-08-02T19:29:50,0.000005,6KNbsP3eLVsFEJY9mJUz8h47B6X1GDh1RnYQPgsiCD1a,dec,6000,33085690,33079690,So11111111111111111111111111111111111111111,9,1.0
2jKN6wHw1zvaDLMyrnrt81neYWwUTCBuLLDrb6W5gZjc4HfMKs94koJJSLeE5rFBzdSGE4Msy3RWKv5gbvhFQrZh,1754162990,2025-08-02T19:29:50,0.000005003,9AiGVLpg1dF6MNtTFXKyu5zNPK2buB7jQJ5kNSEjofDp,inc,3288273325186,3529682555668,6817955880854,6cBPpH7WZpThZoNCp6vaKKEjhkR3gb96ZrpsqbUjrEgc,6,1.0
2jKN6wHw1zvaDLMyrnrt81neYWwUTCBuLLDrb6W5gZjc4HfMKs94koJJSLeE5rFBzdSGE4Msy3RWKv5gbvhFQrZh,1754162990,2025-08-02T19:29:50,0.000005003,6KNbsP3eLVsFEJY9mJUz8h47B6X1GDh1RnYQPgsiCD1a,dec,468943034,502028724,33085690,So11111111111111111111111111111111111111111,9,1.0
5g8WURfVawHyfTvAhiyEGsT3R4KdGSkAE64nLr1a4H1PjHnnG5Ys5jMTBnewSBYmYHEkihZNes5z9kNiaGtc9j3W,1754162893,2025-08-02T19:28:13,0.000005,6KNbsP3eLVsFEJY9mJUz8h47B6X1GDh1RnYQPgsiCD1a,dec,6000,502034724,502028724,So11111111111111111111111111111111111111111,9,1.0
3EsePMaJjrvdWjbam6fyTPUy32fQYpqn9NogunuFmmHaxvY5B9CAcoy3mcJYM3fMJgKGC3ZiQhPcQgCoSoMWtoKo,1754162893,2025-08-02T19:28:13,0.000005003,9AiGVLpg1dF6MNtTFXKyu5zNPK2buB7jQJ5kNSEjofDp,inc,2104662291137,1425020264531,3529682555668,6cBPpH7WZpThZoNCp6vaKKEjhkR3gb96ZrpsqbUjrEgc,6,1.0
3EsePMaJjrvdWjbam6fyTPUy32fQYpqn9NogunuFmmHaxvY5B9CAcoy3mcJYM3fMJgKGC3ZiQhPcQgCoSoMWtoKo,1754162893,2025-08-02T19:28:13,0.000005003,6KNbsP3eLVsFEJY9mJUz8h47B6X1GDh1RnYQPgsiCD1a,dec,309438895,811473619,502034724,So11111111111111111111111111111111111111111,9,1.0
2UVPavxJhKumvLWBwj2fnetMdWMqMUC7S8cNHFmHWCWsPATLWjsiHZ3YiGjuRmwR1HviQPaRihQvbRuDPoDe1B2H,1754162795,2025-08-02T19:26:35,0.000005,6KNbsP3eLVsFEJY9mJUz8h47B6X1GDh1RnYQPgsiCD1a,dec,6000,811479619,811473619,So11111111111111111111111111111111111111111,9,1.0
4sUcNH6bnKFfp1BaDzDPaoXXQnHVV8wdnnA8ETE8pB2ph1P7yG7vmKPRVTehdJnxHDx3vMminp8pj29bpQjTcQn1,1754162795,2025-08-02T19:26:35,0.000005003,9AiGVLpg1dF6MNtTFXKyu5zNPK2buB7jQJ5kNSEjofDp,inc,1425020263579,952,1425020264531,6cBPpH7WZpThZoNCp6vaKKEjhkR3gb96ZrpsqbUjrEgc,6,1.0
4sUcNH6bnKFfp1BaDzDPaoXXQnHVV8wdnnA8ETE8pB2ph1P7yG7vmKPRVTehdJnxHDx3vMminp8pj29bpQjTcQn1,1754162795,2025-08-02T19:26:35,0.000005003,6KNbsP3eLVsFEJY9mJUz8h47B6X1GDh1RnYQPgsiCD1a,dec,202280297,1013759916,811479619,So11111111111111111111111111111111111111111,9,1.0
44RutCCK5CWT7raKpVDDirtmXBBsE6DP4SKJ7tETWvMJuc9rR8diteZwjJtdME2aFsvkD1YiJACdw71VCqs7ykci,1754162746,2025-08-02T19:25:46,0.000005,6KNbsP3eLVsFEJY9mJUz8h47B6X1GDh1RnYQPgsiCD1a,dec,6000,1013765916,1013759916,So11111111111111111111111111111111111111111,9,1.0
3QJNSiVCo2CAfBWmS34HAKeHK7mUV3Z2fyGDVXHxXciLZaFNrsqjyyaQrjLvmqwJd4oiPnxAEgvK6ysrc2MT7T7v,1754162746,2025-08-02T19:25:46,0.000005002,9AiGVLpg1dF6MNtTFXKyu5zNPK2buB7jQJ5kNSEjofDp,dec,19300581,19301533,952,6cBPpH7WZpThZoNCp6vaKKEjhkR3gb96ZrpsqbUjrEgc,6,1.0
3QJNSiVCo2CAfBWmS34HAKeHK7mUV3Z2fyGDVXHxXciLZaFNrsqjyyaQrjLvmqwJd4oiPnxAEgvK6ysrc2MT7T7v,1754162746,2025-08-02T19:25:46,0.000005002,6KNbsP3eLVsFEJY9mJUz8h47B6X1GDh1RnYQPgsiCD1a,dec,2355,1013768271,1013765916,So11111111111111111111111111111111111111111,9,1.0
3uv5aSdAzdYR1VzfPQtXr2saewjA4u5DF9fSVZXBXbSoLxTyccadNsqpqTJ619TB5pyQYqqhDRB2D8pKfLPgc3Fo,1754162686,2025-08-02T19:24:46,0.000005,6KNbsP3eLVsFEJY9mJUz8h47B6X1GDh1RnYQPgsiCD1a,dec,6000,1013774271,1013768271,So11111111111111111111111111111111111111111,9,1.0
uMT7uDq8xNYH1GGUPdG3Q83ZkaBj6VQDcJvatMNCJCXXevC5PsU19sUnwd8LaZr92PwjgtczKb4gTHq3FsQ59zp,1754162686,2025-08-02T19:24:46,0.000005002,9AiGVLpg1dF6MNtTFXKyu5zNPK2buB7jQJ5kNSEjofDp,dec,8528365477,8547667010,19301533,6cBPpH7WZpThZoNCp6vaKKEjhkR3gb96ZrpsqbUjrEgc,6,1.0
uMT7uDq8xNYH1GGUPdG3Q83ZkaBj6VQDcJvatMNCJCXXevC5PsU19sUnwd8LaZr92PwjgtczKb4gTHq3FsQ59zp,1754162686,2025-08-02T19:24:46,0.000005002,6KNbsP3eLVsFEJY9mJUz8h47B6X1GDh1RnYQPgsiCD1a,inc,1164383,1012609888,1013774271,So11111111111111111111111111111111111111111,9,1.0
vkiuWA1LhRMv7gRa4jEDTF932yUyyqY1YvWDJFqU65Xb6d1FxHDZXZxobQRVD1C6Zsa9EbQdiyxDPkwWHmEbfxa,1754162668,2025-08-02T19:24:28,0.000005,6KNbsP3eLVsFEJY9mJUz8h47B6X1GDh1RnYQPgsiCD1a,inc,1,1012609887,1012609888,So11111111111111111111111111111111111111111,9,1.0
3D77REVdB8Qwuc2S9aMYktwXKda7kmq9uisDH31UwE7DDQZBDAxhe7wMU4u9WU8Qv2pAX2RWzdyDi4gnHQsrbcyG,1754162667,2025-08-02T19:24:27,0.000005,6KNbsP3eLVsFEJY9mJUz8h47B6X1GDh1RnYQPgsiCD1a,inc,1,1012609886,1012609887,So11111111111111111111111111111111111111111,9,1.0
24nYREgneHGxy3QP1TeLe1a41j9cQ9YuVXXpLgykMErKraRVmeCegA2pLzmiNPf3TVTxGfRstndir42ur8N2JEPU,1754162657,2025-08-02T19:24:17,0.000005,6KNbsP3eLVsFEJY9mJUz8h47B6X1GDh1RnYQPgsiCD1a,dec,6000,1012615886,1012609886,So11111111111111111111111111111111111111111,9,1.0
5URX13exhcHp9YdXo7k3BppYtzjvUC3rUKzHhULzirx7QjFLKeKEmSk5L6ZygzVUWTgQ6WQGqckrJPQ8LW682ikN,1754162657,2025-08-02T19:24:17,0.000005002,9AiGVLpg1dF6MNtTFXKyu5zNPK2buB7jQJ5kNSEjofDp,dec,3357816157151,3366363824161,8547667010,6cBPpH7WZpThZoNCp6vaKKEjhkR3gb96ZrpsqbUjrEgc,6,1.0
5URX13exhcHp9YdXo7k3BppYtzjvUC3rUKzHhULzirx7QjFLKeKEmSk5L6ZygzVUWTgQ6WQGqckrJPQ8LW682ikN,1754162657,2025-08-02T19:24:17,0.000005002,6KNbsP3eLVsFEJY9mJUz8h47B6X1GDh1RnYQPgsiCD1a,inc,465261641,547354245,1012615886,So11111111111111111111111111111111111111111,9,1.0
2yMoF7s4Ux9pn9y1848DayNTSYaUowCmFAytn71kQA9pHPrsmV5kmYkgUgMbWww2fUxB5CKapvpHnxDjTRmBFuVQ,1754162607,2025-08-02T19:23:27,0.000005,6KNbsP3eLVsFEJY9mJUz8h47B6X1GDh1RnYQPgsiCD1a,dec,6000,547360245,547354245,So11111111111111111111111111111111111111111,9,1.0
NiPWYvBfiqmoBAngJaREiVbEBbpjDGA7oiPaKmrksTtSEotCnT7Ep8Z2Cfd7fXWVqzTuW2SbjatHQVEtBJiESUg,1754162607,2025-08-02T19:23:27,0.000005003,9AiGVLpg1dF6MNtTFXKyu5zNPK2buB7jQJ5kNSEjofDp,inc,3366363819702,4459,3366363824161,6cBPpH7WZpThZoNCp6vaKKEjhkR3gb96ZrpsqbUjrEgc,6,1.0
NiPWYvBfiqmoBAngJaREiVbEBbpjDGA7oiPaKmrksTtSEotCnT7Ep8Z2Cfd7fXWVqzTuW2SbjatHQVEtBJiESUg,1754162607,2025-08-02T19:23:27,0.000005003,6KNbsP3eLVsFEJY9mJUz8h47B6X1GDh1RnYQPgsiCD1a,dec,459593435,1006953680,547360245,So11111111111111111111111111111111111111111,9,1.0
441VgTNRKPgGupseeMTb9va31X51e12EPofikKjsThFAtEQPWf14P7rPFG5euYLoaktu5MbRe9fZX5Y4goLcGbNK,1754162587,2025-08-02T19:23:07,0.000005,6KNbsP3eLVsFEJY9mJUz8h47B6X1GDh1RnYQPgsiCD1a,dec,6000,1006959680,1006953680,So11111111111111111111111111111111111111111,9,1.0
4HH7uvnCaxRDGYdjttKPq9jBpuRT6N78VG58cSo8aE9auRJ8BVnqa7kHpVcPQxrMoKtKBdgEDoBxkMrWhU3N3nPU,1754162587,2025-08-02T19:23:07,0.000005002,9AiGVLpg1dF6MNtTFXKyu5zNPK2buB7jQJ5kNSEjofDp,dec,1650716879125,1650716883584,4459,6cBPpH7WZpThZoNCp6vaKKEjhkR3gb96ZrpsqbUjrEgc,6,1.0
4HH7uvnCaxRDGYdjttKPq9jBpuRT6N78VG58cSo8aE9auRJ8BVnqa7kHpVcPQxrMoKtKBdgEDoBxkMrWhU3N3nPU,1754162587,2025-08-02T19:23:07,0.000005002,6KNbsP3eLVsFEJY9mJUz8h47B6X1GDh1RnYQPgsiCD1a,inc,226215719,780743961,1006959680,So11111111111111111111111111111111111111111,9,1.0
3FFBPF2vH6FZYBSBdnSCfGUA8AtYGXMU7thdZk2iQEGwELfhdy4jS1NaSKNfdzKnipXSmGWuNkJdghB6NC7jopGp,1754162458,2025-08-02T19:20:58,0.000005,6KNbsP3eLVsFEJY9mJUz8h47B6X1GDh1RnYQPgsiCD1a,dec,6000,780749961,780743961,So11111111111111111111111111111111111111111,9,1.0
4mu8XgU3HFLj74x931JTnZMypS9RUF96CEgY8w9vSQiuiA7f6RDffGQZffgKFkJJsJKKnuJ2phokwHwCb9wp7W2X,1754162458,2025-08-02T19:20:58,0.000005004,9AiGVLpg1dF6MNtTFXKyu5zNPK2buB7jQJ5kNSEjofDp,inc,1650716883584,0,1650716883584,6cBPpH7WZpThZoNCp6vaKKEjhkR3gb96ZrpsqbUjrEgc,6,1.0
4mu8XgU3HFLj74x931JTnZMypS9RUF96CEgY8w9vSQiuiA7f6RDffGQZffgKFkJJsJKKnuJ2phokwHwCb9wp7W2X,1754162458,2025-08-02T19:20:58,0.000005004,6KNbsP3eLVsFEJY9mJUz8h47B6X1GDh1RnYQPgsiCD1a,dec,220750039,1001500000,780749961,So11111111111111111111111111111111111111111,9,1.0
2ghzf4rDBEeANSxfgynaxP7mDrDo1QkUf73sEA9ggZMChMAk3BZaWqVuMfj9Uxrj6EnoY6Ps9vQe3YJVMJKhY5aa,1754162208,2025-08-02T19:16:48,0.0000314,6KNbsP3eLVsFEJY9mJUz8h47B6X1GDh1RnYQPgsiCD1a,inc,1000000000,1500000,1001500000,So11111111111111111111111111111111111111111,9,1.0
59ivrhQNqy55zqnuGzCH6Bv1FbhSsMv3owWoFRQGhPpxe1MbtzQNkaKA4ZETbHfuufgkW7wG7KURZuL3xGujqsAJ,1754162066,2025-08-02T19:14:26,0.0000666,6KNbsP3eLVsFEJY9mJUz8h47B6X1GDh1RnYQPgsiCD1a,dec,707586535,709086535,1500000,So11111111111111111111111111111111111111111,9,1.0
2TARUTESS445qt4F7dpyWQgKQ1h8yA3mruytyj2GFm3BJs1696WcSxw4Pv3RY4kzv5NC9JWscY934jyDWX2UTYFb,1754162018,2025-08-02T19:13:38,0.000005,6KNbsP3eLVsFEJY9mJUz8h47B6X1GDh1RnYQPgsiCD1a,dec,6000,709092535,709086535,So11111111111111111111111111111111111111111,9,1.0
2Wg6QJZwdWmd9YqbN5ESwbYGeTS7jvGeNqHsoJYgwrXnFCHUZ5gktLZDPk995hAi7F22RehG3Kthcf2HUfbdRMqM,1754162018,2025-08-02T19:13:38,0.000005003,EzCT285QhW8wQVqrAC4BQaqZ6PC6hUWuKRywFiZFY5sM,inc,1676226712974,1174,1676226714148,6FHLTwY2EuUQqdV3AjYb1T7HvVKbGzpex8JnTBvL9466,6,1.0
2Wg6QJZwdWmd9YqbN5ESwbYGeTS7jvGeNqHsoJYgwrXnFCHUZ5gktLZDPk995hAi7F22RehG3Kthcf2HUfbdRMqM,1754162018,2025-08-02T19:13:38,0.000005003,6KNbsP3eLVsFEJY9mJUz8h47B6X1GDh1RnYQPgsiCD1a,dec,268315028,977407563,709092535,So11111111111111111111111111111111111111111,9,1.0
ryWGF8E5afjWxzDKJG6wA2ceV68wbEe8cSmvCGzkLH1ogtpKwHhGprbE2zqM75oNxD3Q26iLWA5MCKDdtcNARFW,1754161962,2025-08-02T19:12:42,0.000005,6KNbsP3eLVsFEJY9mJUz8h47B6X1GDh1RnYQPgsiCD1a,dec,6000,977413563,977407563,So11111111111111111111111111111111111111111,9,1.0
2nBpojT9es8FKf5dWp9C4ckbafpBja42bj4GeVwhdudT5NwFe462csBoz6r1VtuWfMYpLuVhhHXUxKBr7rq8i6hf,1754161962,2025-08-02T19:12:42,0.000005002,EzCT285QhW8wQVqrAC4BQaqZ6PC6hUWuKRywFiZFY5sM,dec,108863103482,108863104656,1174,6FHLTwY2EuUQqdV3AjYb1T7HvVKbGzpex8JnTBvL9466,6,1.0
2nBpojT9es8FKf5dWp9C4ckbafpBja42bj4GeVwhdudT5NwFe462csBoz6r1VtuWfMYpLuVhhHXUxKBr7rq8i6hf,1754161962,2025-08-02T19:12:42,0.000005002,6KNbsP3eLVsFEJY9mJUz8h47B6X1GDh1RnYQPgsiCD1a,inc,17001219,960412344,977413563,So11111111111111111111111111111111111111111,9,1.0
3zV6TC7gwPh5DBMDaq2iNoUMMtvZzvNXHGuYH2hjdzc1WCnoqaGSApNZhvBgsnPrkycjdqHx4ghzGMWABwgZd6DW,1754161938,2025-08-02T19:12:18,0.000005,6KNbsP3eLVsFEJY9mJUz8h47B6X1GDh1RnYQPgsiCD1a,dec,6000,960418344,960412344,So11111111111111111111111111111111111111111,9,1.0
VsJ44E42Tcqr8Y3YVSb6Nc9vqUPA1tvMMbh6zErqFgWWLofnZGBXwRQDWQzFfW1VXpRXVXvvv4Qme8RE1puqXKW,1754161938,2025-08-02T19:12:18,0.000005002,EzCT285QhW8wQVqrAC4BQaqZ6PC6hUWuKRywFiZFY5sM,dec,4383573252415,4492436357071,108863104656,6FHLTwY2EuUQqdV3AjYb1T7HvVKbGzpex8JnTBvL9466,6,1.0
VsJ44E42Tcqr8Y3YVSb6Nc9vqUPA1tvMMbh6zErqFgWWLofnZGBXwRQDWQzFfW1VXpRXVXvvv4Qme8RE1puqXKW,1754161938,2025-08-02T19:12:18,0.000005002,6KNbsP3eLVsFEJY9mJUz8h47B6X1GDh1RnYQPgsiCD1a,inc,707334793,253083551,960418344,So11111111111111111111111111111111111111111,9,1.0
pmrqvhYhTEEJSYToXNrN8KTnYqN2Hkx4oHDqS6zXLM9Sm6uNbgyTxwC4v9bwigDCs4v2tigqbZAoXbAtAocWkHk,1754161870,2025-08-02T19:11:10,0.000005,6KNbsP3eLVsFEJY9mJUz8h47B6X1GDh1RnYQPgsiCD1a,dec,6000,253089551,253083551,So11111111111111111111111111111111111111111,9,1.0
5cDQ84zSD7yJ7EHLJd6ZFa3YHZn3d7Kd7Gp8ZVef41Pfa3JuxzqVdvryWgBwH1FFQ2kCi7sZcCe5ipHvZ5Rz2sFc,1754161870,2025-08-02T19:11:10,0.000005003,EzCT285QhW8wQVqrAC4BQaqZ6PC6hUWuKRywFiZFY5sM,inc,2790823910560,1701612446511,4492436357071,6FHLTwY2EuUQqdV3AjYb1T7HvVKbGzpex8JnTBvL9466,6,1.0
5cDQ84zSD7yJ7EHLJd6ZFa3YHZn3d7Kd7Gp8ZVef41Pfa3JuxzqVdvryWgBwH1FFQ2kCi7sZcCe5ipHvZ5Rz2sFc,1754161870,2025-08-02T19:11:10,0.000005003,6KNbsP3eLVsFEJY9mJUz8h47B6X1GDh1RnYQPgsiCD1a,dec,457644243,710733794,253089551,So11111111111111111111111111111111111111111,9,1.0
2nBfEbzRaQRcVfWedBthn9gq1huPZjJjRNHnsnUnpffnyn16gWt1y9xH9VkXcY6fQnBHv1RixNZ3ZppazAs9aMP,1754161848,2025-08-02T19:10:48,0.000005,6KNbsP3eLVsFEJY9mJUz8h47B6X1GDh1RnYQPgsiCD1a,dec,6000,710739794,710733794,So11111111111111111111111111111111111111111,9,1.0
3sttTHDKJGdx7So5VV1kKB7UnANuKbYQsXqZAZ3dpiaoj9MjgF1gEE2kCrxR6Vf1ArGzDFJVUQaLgGCX64FJrB9P,1754161848,2025-08-02T19:10:48,0.000005003,EzCT285QhW8wQVqrAC4BQaqZ6PC6hUWuKRywFiZFY5sM,inc,1682079507045,19532939466,1701612446511,6FHLTwY2EuUQqdV3AjYb1T7HvVKbGzpex8JnTBvL9466,6,1.0
3sttTHDKJGdx7So5VV1kKB7UnANuKbYQsXqZAZ3dpiaoj9MjgF1gEE2kCrxR6Vf1ArGzDFJVUQaLgGCX64FJrB9P,1754161848,2025-08-02T19:10:48,0.000005003,6KNbsP3eLVsFEJY9mJUz8h47B6X1GDh1RnYQPgsiCD1a,dec,275881689,986621483,710739794,So11111111111111111111111111111111111111111,9,1.0
2xdkDYqSCmxDErbo7ERR1Sm3GBWXmqkMvBs9Z2gohVKqVYMmgcJ37K1c4H7kP6K8R4EPZDyjCu7WKsUN8jfKJqpS,1754161825,2025-08-02T19:10:25,0.000005,6KNbsP3eLVsFEJY9mJUz8h47B6X1GDh1RnYQPgsiCD1a,dec,6000,986627483,986621483,So11111111111111111111111111111111111111111,9,1.0
4cJMiSpeF89Kqc4tSTAZvemzU7zV6Q8Q8ZG93r89ikyx8wfUGLGnnHPQitdiRGWKs7RSxKVBnX3EQkGYdEgUUWR3,1754161825,2025-08-02T19:10:25,0.000005002,EzCT285QhW8wQVqrAC4BQaqZ6PC6hUWuKRywFiZFY5sM,dec,1440183702124,1459716641590,19532939466,6FHLTwY2EuUQqdV3AjYb1T7HvVKbGzpex8JnTBvL9466,6,1.0
4cJMiSpeF89Kqc4tSTAZvemzU7zV6Q8Q8ZG93r89ikyx8wfUGLGnnHPQitdiRGWKs7RSxKVBnX3EQkGYdEgUUWR3,1754161825,2025-08-02T19:10:25,0.000005002,6KNbsP3eLVsFEJY9mJUz8h47B6X1GDh1RnYQPgsiCD1a,inc,246698404,739929079,986627483,So11111111111111111111111111111111111111111,9,1.0
3D3HbS2DW7PD2rXH4AWCYUgRwu61JJ1EkmTxuDojZMpfDR8qqmwapeSfSG6TktdxND8bPzTWMD9Tzpu1goFDgt6e,1754161796,2025-08-02T19:09:56,0.000005,6KNbsP3eLVsFEJY9mJUz8h47B6X1GDh1RnYQPgsiCD1a,dec,6000,739935079,739929079,So11111111111111111111111111111111111111111,9,1.0
4rxEDCoT2k68ARuCTUL7PJ3QL994yXaPJyNsWqe79M4acZrfNVe9GvHd4oW3p7LAAeHHddEdymgaVb7iX8m8L1e6,1754161796,2025-08-02T19:09:56,0.000005003,EzCT285QhW8wQVqrAC4BQaqZ6PC6hUWuKRywFiZFY5sM,inc,1459716139183,502407,1459716641590,6FHLTwY2EuUQqdV3AjYb1T7HvVKbGzpex8JnTBvL9466,6,1.0
4rxEDCoT2k68ARuCTUL7PJ3QL994yXaPJyNsWqe79M4acZrfNVe9GvHd4oW3p7LAAeHHddEdymgaVb7iX8m8L1e6,1754161796,2025-08-02T19:09:56,0.000005003,6KNbsP3eLVsFEJY9mJUz8h47B6X1GDh1RnYQPgsiCD1a,dec,245453625,985388704,739935079,So11111111111111111111111111111111111111111,9,1.0
515wb2T7rpzQQ7fcSr6yFARPWcDRrCpB5eJVZZDFDdWfGKhfECn4zoS9kZuvKQ6NLeyEHEtWyarbVnj8wCPoGz2C,1754161724,2025-08-02T19:08:44,0.000005,6KNbsP3eLVsFEJY9mJUz8h47B6X1GDh1RnYQPgsiCD1a,dec,6000,985394704,985388704,So11111111111111111111111111111111111111111,9,1.0
3GD7bsM6bS6BNnBcBwJndKeHi9kFXPfucdqVteRhej2HtLUqFXDbboYjZR5sggEYDt77Y1ZDQANQd1iht57yzrso,1754161724,2025-08-02T19:08:44,0.000005002,EzCT285QhW8wQVqrAC4BQaqZ6PC6hUWuKRywFiZFY5sM,dec,141289141,141791548,502407,6FHLTwY2EuUQqdV3AjYb1T7HvVKbGzpex8JnTBvL9466,6,1.0
3GD7bsM6bS6BNnBcBwJndKeHi9kFXPfucdqVteRhej2HtLUqFXDbboYjZR5sggEYDt77Y1ZDQANQd1iht57yzrso,1754161724,2025-08-02T19:08:44,0.000005002,6KNbsP3eLVsFEJY9mJUz8h47B6X1GDh1RnYQPgsiCD1a,inc,18058,985376646,985394704,So11111111111111111111111111111111111111111,9,1.0
9hCyQqxHASeyznEU7Jz1LUbsFztyzxwLtqkkPBkJ3BoKkhzP8XCSv39oEpbWChdfneUBpHU1P8i45LJy1VDXXNZ,1754161708,2025-08-02T19:08:28,0.000005,6KNbsP3eLVsFEJY9mJUz8h47B6X1GDh1RnYQPgsiCD1a,dec,6000,985382646,985376646,So11111111111111111111111111111111111111111,9,1.0
4pyXzVFPCecQugpmB8UUsqRcEcSijzP1ecwrP2SWmiS68ptnW9F6WcnYE37ZWeCeQufwyFY8mXsR5q7Fc4Fyo9nA,1754161708,2025-08-02T19:08:28,0.000005002,EzCT285QhW8wQVqrAC4BQaqZ6PC6hUWuKRywFiZFY5sM,dec,18645011326,18786802874,141791548,6FHLTwY2EuUQqdV3AjYb1T7HvVKbGzpex8JnTBvL9466,6,1.0
4pyXzVFPCecQugpmB8UUsqRcEcSijzP1ecwrP2SWmiS68ptnW9F6WcnYE37ZWeCeQufwyFY8mXsR5q7Fc4Fyo9nA,1754161708,2025-08-02T19:08:28,0.000005002,6KNbsP3eLVsFEJY9mJUz8h47B6X1GDh1RnYQPgsiCD1a,inc,3100618,982282028,985382646,So11111111111111111111111111111111111111111,9,1.0
3dCPy65WZCmhSU47hk1CzreagY5z3J2NA7FPpDNXMQ5NkEjXsGaL7uRCkCdCCRJXxaNropkTCMpVj95NqKP5HGJJ,1754161500,2025-08-02T19:05:00,0.000005,6KNbsP3eLVsFEJY9mJUz8h47B6X1GDh1RnYQPgsiCD1a,dec,6000,982288028,982282028,So11111111111111111111111111111111111111111,9,1.0
2JJkqzvT1TcrWH5b1neZRsrsXa8XkRMtdQqspQjC3xtGoC3WFnPtv1T49BuuZGAjDTwweZMkpdqiGX5UjuUEtcLi,1754161500,2025-08-02T19:05:00,0.000005002,EzCT285QhW8wQVqrAC4BQaqZ6PC6hUWuKRywFiZFY5sM,dec,2117328591911,2136115394785,18786802874,6FHLTwY2EuUQqdV3AjYb1T7HvVKbGzpex8JnTBvL9466,6,1.0
2JJkqzvT1TcrWH5b1neZRsrsXa8XkRMtdQqspQjC3xtGoC3WFnPtv1T49BuuZGAjDTwweZMkpdqiGX5UjuUEtcLi,1754161500,2025-08-02T19:05:00,0.000005002,6KNbsP3eLVsFEJY9mJUz8h47B6X1GDh1RnYQPgsiCD1a,inc,312817467,669470561,982288028,So11111111111111111111111111111111111111111,9,1.0
2VqwZM4VMk27nDgoRZtsTq2chZsfjmfK8bn9qoacHu8unuK5yWGifDiknwfsCZso7y9jup879wHJitzSNrRXCKd8,1754161489,2025-08-02T19:04:49,0.000005,6KNbsP3eLVsFEJY9mJUz8h47B6X1GDh1RnYQPgsiCD1a,dec,6000,669476561,669470561,So11111111111111111111111111111111111111111,9,1.0
CzEwJdVbGvuQ5GQDqLHQLbBBZpx7Eycayo4i9AbjX94Kmk56FpBfsQA8eSsgyus2C4ZMYSczD7qtvfiKcndAFsy,1754161489,2025-08-02T19:04:49,0.000005003,EzCT285QhW8wQVqrAC4BQaqZ6PC6hUWuKRywFiZFY5sM,inc,2136115394109,676,2136115394785,6FHLTwY2EuUQqdV3AjYb1T7HvVKbGzpex8JnTBvL9466,6,1.0
CzEwJdVbGvuQ5GQDqLHQLbBBZpx7Eycayo4i9AbjX94Kmk56FpBfsQA8eSsgyus2C4ZMYSczD7qtvfiKcndAFsy,1754161489,2025-08-02T19:04:49,0.000005003,6KNbsP3eLVsFEJY9mJUz8h47B6X1GDh1RnYQPgsiCD1a,dec,309588173,979064734,669476561,So11111111111111111111111111111111111111111,9,1.0
3ppZF4TAMWnQXcDkG8TwCqHHEafBAsswecWtXXSNiVPvboFMAriEqV8u2JjQBVjKoksZkQCSqre7GycnSMu3pGBw,1754161454,2025-08-02T19:04:14,0.000005,6KNbsP3eLVsFEJY9mJUz8h47B6X1GDh1RnYQPgsiCD1a,dec,6000,979070734,979064734,So11111111111111111111111111111111111111111,9,1.0
5utDGkH42Rrxg9rB9tQvexonJbswJQT9yUJT2gjJbK4KAGkCFS6dTeQmjDCzSH8maeVQvDWs7aLRm9YAgAzwckHa,1754161454,2025-08-02T19:04:14,0.000005002,EzCT285QhW8wQVqrAC4BQaqZ6PC6hUWuKRywFiZFY5sM,dec,856011,856687,676,6FHLTwY2EuUQqdV3AjYb1T7HvVKbGzpex8JnTBvL9466,6,1.0
5utDGkH42Rrxg9rB9tQvexonJbswJQT9yUJT2gjJbK4KAGkCFS6dTeQmjDCzSH8maeVQvDWs7aLRm9YAgAzwckHa,1754161454,2025-08-02T19:04:14,0.000005002,6KNbsP3eLVsFEJY9mJUz8h47B6X1GDh1RnYQPgsiCD1a,dec,4881,979075615,979070734,So11111111111111111111111111111111111111111,9,1.0
5me9h3Yx34mmrrzyAmWcqCtchic2KSEKJJDUHzYF1v6FEe7JuLr1j6NW6vqLTAUN3zPE6pXKqymiiFugRW1zcKrS,1754161416,2025-08-02T19:03:36,0.000005,6KNbsP3eLVsFEJY9mJUz8h47B6X1GDh1RnYQPgsiCD1a,dec,6000,979081615,979075615,So11111111111111111111111111111111111111111,9,1.0
2ubzAsgudQWwvNnnLjHuU6CDLUwrTxB4oCTWYaUH5aQ8KSHGnLab4P3Ln44TUFXsBh89c3LFXz1pUdK6h6XA6Nff,1754161416,2025-08-02T19:03:36,0.000005002,EzCT285QhW8wQVqrAC4BQaqZ6PC6hUWuKRywFiZFY5sM,dec,101068331,101925018,856687,6FHLTwY2EuUQqdV3AjYb1T7HvVKbGzpex8JnTBvL9466,6,1.0
2ubzAsgudQWwvNnnLjHuU6CDLUwrTxB4oCTWYaUH5aQ8KSHGnLab4P3Ln44TUFXsBh89c3LFXz1pUdK6h6XA6Nff,1754161416,2025-08-02T19:03:36,0.000005002,6KNbsP3eLVsFEJY9mJUz8h47B6X1GDh1RnYQPgsiCD1a,inc,8858,979072757,979081615,So11111111111111111111111111111111111111111,9,1.0
Pzcv3JyUuSJ9R5bqXpYN2k91gjrUr3wxnayee4DwoRfhi5DpNGvpSyq7B7jptiMD7B1jte5kVN2qHm5voKFQAEX,1754161371,2025-08-02T19:02:51,0.000005,6KNbsP3eLVsFEJY9mJUz8h47B6X1GDh1RnYQPgsiCD1a,dec,6000,979078757,979072757,So11111111111111111111111111111111111111111,9,1.0
2f1NuDasckpLhdppgRhdhd5ocUcer6nfXHzNHipkvihUXRm5woZHfF7VotF1UPyik79LYaPdnLD4bw16zjC4tEYg,1754161371,2025-08-02T19:02:51,0.000005002,EzCT285QhW8wQVqrAC4BQaqZ6PC6hUWuKRywFiZFY5sM,dec,13924299376,14026224394,101925018,6FHLTwY2EuUQqdV3AjYb1T7HvVKbGzpex8JnTBvL9466,6,1.0
2f1NuDasckpLhdppgRhdhd5ocUcer6nfXHzNHipkvihUXRm5woZHfF7VotF1UPyik79LYaPdnLD4bw16zjC4tEYg,1754161371,2025-08-02T19:02:51,0.000005002,6KNbsP3eLVsFEJY9mJUz8h47B6X1GDh1RnYQPgsiCD1a,inc,1873330,977205427,979078757,So11111111111111111111111111111111111111111,9,1.0
3ajpBNCjRfbPEEiuNW55TfAtFTEWKzYSZFuBN1cgL6WnF2H1DjiNxNdPLjf8SbS4Ev8TUdGoQCBp1aEW2q8xrWJY,1754161369,2025-08-02T19:02:49,0.000005,6KNbsP3eLVsFEJY9mJUz8h47B6X1GDh1RnYQPgsiCD1a,dec,6000,977211427,977205427,So11111111111111111111111111111111111111111,9,1.0
4Au866M1br995jQRAfMM4m1UqJNCBamRmGgqEwfQBKgbkJy6yg4SJW8e9EsNd7W5MZV4zwcbcJghSwwUmeK7FAWZ,1754161369,2025-08-02T19:02:49,0.000005002,EzCT285QhW8wQVqrAC4BQaqZ6PC6hUWuKRywFiZFY5sM,dec,3823751620888,3837777845282,14026224394,6FHLTwY2EuUQqdV3AjYb1T7HvVKbGzpex8JnTBvL9466,6,1.0
4Au866M1br995jQRAfMM4m1UqJNCBamRmGgqEwfQBKgbkJy6yg4SJW8e9EsNd7W5MZV4zwcbcJghSwwUmeK7FAWZ,1754161369,2025-08-02T19:02:49,0.000005002,6KNbsP3eLVsFEJY9mJUz8h47B6X1GDh1RnYQPgsiCD1a,inc,511384036,465827391,977211427,So11111111111111111111111111111111111111111,9,1.0
2qBxX9ReAvgKTxc1MqzgEZVYaq9Tw7qjR4f5dUGXMRQUQKuoxyfrSBAUxekMn5UUL8rqKt286CVtdLTzSAEaKFdg,1754161240,2025-08-02T19:00:40,0.000005,6KNbsP3eLVsFEJY9mJUz8h47B6X1GDh1RnYQPgsiCD1a,dec,6000,465833391,465827391,So11111111111111111111111111111111111111111,9,1.0
5M9aKu8TVezjzLSTLaqd3mFzNjqhWMsScAQKB57YrsAqxDxxzPDVMEbvojaaX8nDxVtckf2vgE6ZVicffvGRhXwt,1754161240,2025-08-02T19:00:40,0.000005003,EzCT285QhW8wQVqrAC4BQaqZ6PC6hUWuKRywFiZFY5sM,inc,3837777838335,6947,3837777845282,6FHLTwY2EuUQqdV3AjYb1T7HvVKbGzpex8JnTBvL9466,6,1.0
5M9aKu8TVezjzLSTLaqd3mFzNjqhWMsScAQKB57YrsAqxDxxzPDVMEbvojaaX8nDxVtckf2vgE6ZVicffvGRhXwt,1754161240,2025-08-02T19:00:40,0.000005003,6KNbsP3eLVsFEJY9mJUz8h47B6X1GDh1RnYQPgsiCD1a,dec,536619103,1002452494,465833391,So11111111111111111111111111111111111111111,9,1.0
5vS7UENPeRgLQHjHS1764zgv4f6dMNRi3QaY3y7X28VcQzGYPqiGb3oNNDBXgQt9j1b1Mb5nvh8fZQ5i32HKPAJT,1754160999,2025-08-02T18:56:39,0.000005,6KNbsP3eLVsFEJY9mJUz8h47B6X1GDh1RnYQPgsiCD1a,dec,6000,1002458494,1002452494,So11111111111111111111111111111111111111111,9,1.0
XXGWo942gRNF53MTjpEqpUU4kKDoZ1Ko79KT96isU2zARsP2qb59pjZJyGCPd2fwg21ADNiD4XmqyMuGQfLwxfG,1754160999,2025-08-02T18:56:39,0.000005002,EzCT285QhW8wQVqrAC4BQaqZ6PC6hUWuKRywFiZFY5sM,dec,6790406610054,6790406617001,6947,6FHLTwY2EuUQqdV3AjYb1T7HvVKbGzpex8JnTBvL9466,6,1.0
XXGWo942gRNF53MTjpEqpUU4kKDoZ1Ko79KT96isU2zARsP2qb59pjZJyGCPd2fwg21ADNiD4XmqyMuGQfLwxfG,1754160999,2025-08-02T18:56:39,0.000005002,6KNbsP3eLVsFEJY9mJUz8h47B6X1GDh1RnYQPgsiCD1a,inc,973022724,29435770,1002458494,So11111111111111111111111111111111111111111,9,1.0
5TerQ5m1cVf26EKsagU8fc2nx4h2yPiyXHfM4qka74d5HZdA8wiZp5Ko274NBzQkzCU5F5m2adhBf7s8vT92Nm37,1754160917,2025-08-02T18:55:17,0.000005,6KNbsP3eLVsFEJY9mJUz8h47B6X1GDh1RnYQPgsiCD1a,dec,6000,29441770,29435770,So11111111111111111111111111111111111111111,9,1.0
2jfXJSByKe4bTBxsbw2Cdok8NRW2oVz7w9qeaXgf1iHY1nGYB7MkpQpDApgKtgH3SrCWXtfbroHJHVRQLqgHHhmC,1754160917,2025-08-02T18:55:17,0.000005003,EzCT285QhW8wQVqrAC4BQaqZ6PC6hUWuKRywFiZFY5sM,inc,1916707735069,4873698881932,6790406617001,6FHLTwY2EuUQqdV3AjYb1T7HvVKbGzpex8JnTBvL9466,6,1.0
2jfXJSByKe4bTBxsbw2Cdok8NRW2oVz7w9qeaXgf1iHY1nGYB7MkpQpDApgKtgH3SrCWXtfbroHJHVRQLqgHHhmC,1754160917,2025-08-02T18:55:17,0.000005003,6KNbsP3eLVsFEJY9mJUz8h47B6X1GDh1RnYQPgsiCD1a,dec,274755616,304197386,29441770,So11111111111111111111111111111111111111111,9,1.0
46FtHVDnZFUj3YDEZeumhpjY533nRksGQQQaMQyKVUYwtwdLFWfPSyS9Zjip3vXwSQ6X82mV2DAjpbtpViDLWa53,1754160868,2025-08-02T18:54:28,0.000005,6KNbsP3eLVsFEJY9mJUz8h47B6X1GDh1RnYQPgsiCD1a,dec,6000,304203386,304197386,So11111111111111111111111111111111111111111,9,1.0
4YoPwHd7acUhTQcaDTFuLTuCJwp4B3a7cKovQu9XsmU9Y5ByeJhDLYTtcbPXBCw7iiBhZvzcoBwZW5EdAgyQEsrj,1754160868,2025-08-02T18:54:28,0.000005003,EzCT285QhW8wQVqrAC4BQaqZ6PC6hUWuKRywFiZFY5sM,inc,2633845029333,2239853852599,4873698881932,6FHLTwY2EuUQqdV3AjYb1T7HvVKbGzpex8JnTBvL9466,6,1.0
4YoPwHd7acUhTQcaDTFuLTuCJwp4B3a7cKovQu9XsmU9Y5ByeJhDLYTtcbPXBCw7iiBhZvzcoBwZW5EdAgyQEsrj,1754160868,2025-08-02T18:54:28,0.000005003,6KNbsP3eLVsFEJY9mJUz8h47B6X1GDh1RnYQPgsiCD1a,dec,399089181,703292567,304203386,So11111111111111111111111111111111111111111,9,1.0
2Dc2aLcsUZixVc3RDnACmGQphnrLyXMpypLzfmjASzd3GXY2Mzha3ZKPaATs15waKCUg87LQHT1sF6FkunThdcLt,1754160802,2025-08-02T18:53:22,0.000005,6KNbsP3eLVsFEJY9mJUz8h47B6X1GDh1RnYQPgsiCD1a,dec,6000,703298567,703292567,So11111111111111111111111111111111111111111,9,1.0
2fSbEaGRyeMQCGVv8Mspa88mq9JSPhqtt8z4rC1MydkRp7vBos6jURLe6HoJFDY8HnNYKLRDNKsEQngxxiZ2QBQ5,1754160802,2025-08-02T18:53:22,0.000005003,EzCT285QhW8wQVqrAC4BQaqZ6PC6hUWuKRywFiZFY5sM,inc,2229273797714,10580054885,2239853852599,6FHLTwY2EuUQqdV3AjYb1T7HvVKbGzpex8JnTBvL9466,6,1.0
2fSbEaGRyeMQCGVv8Mspa88mq9JSPhqtt8z4rC1MydkRp7vBos6jURLe6HoJFDY8HnNYKLRDNKsEQngxxiZ2QBQ5,1754160802,2025-08-02T18:53:22,0.000005003,6KNbsP3eLVsFEJY9mJUz8h47B6X1GDh1RnYQPgsiCD1a,dec,304775403,1008073970,703298567,So11111111111111111111111111111111111111111,9,1.0
4y49BW2G6xYSyFv8s5wU3PLRtFnqhryqz2AcQ9aGk1mdWDTEtQ1J5rPAHLBLjvnCVBJUkY2LfGDt1Q8H9iwFDbLx,1754160750,2025-08-02T18:52:30,0.000005,6KNbsP3eLVsFEJY9mJUz8h47B6X1GDh1RnYQPgsiCD1a,dec,6000,1008079970,1008073970,So11111111111111111111111111111111111111111,9,1.0
xCEdivaZfv34vr9u41JRtcDPQFfsHkPZE95FrHPm5wgnJtkwC1ydQ6G7CTjpeW6iamFznYqfBuyF6P6FheXoXWA,1754160750,2025-08-02T18:52:30,0.000005002,EzCT285QhW8wQVqrAC4BQaqZ6PC6hUWuKRywFiZFY5sM,dec,1239530833680,1250110888565,10580054885,6FHLTwY2EuUQqdV3AjYb1T7HvVKbGzpex8JnTBvL9466,6,1.0
xCEdivaZfv34vr9u41JRtcDPQFfsHkPZE95FrHPm5wgnJtkwC1ydQ6G7CTjpeW6iamFznYqfBuyF6P6FheXoXWA,1754160750,2025-08-02T18:52:30,0.000005002,6KNbsP3eLVsFEJY9mJUz8h47B6X1GDh1RnYQPgsiCD1a,inc,172452218,835627752,1008079970,So11111111111111111111111111111111111111111,9,1.0
qG8rRDhcjeLdv5uajeoBEnufETV8WeGfUrd53zhiLQTsk5b3FJ2dN52mhgzn2XecG9EWpqXoDRqVHTprtc5otL4,1754160692,2025-08-02T18:51:32,0.000005,6KNbsP3eLVsFEJY9mJUz8h47B6X1GDh1RnYQPgsiCD1a,dec,6000,835633752,835627752,So11111111111111111111111111111111111111111,9,1.0
4EgjQYP19QSgscqPTs1Q124QeBqvN5mJajYEqWE8CdT2MykrgA5vfNHYXdG4jVcCLVp2JaQLAeXq85RnF145ccoR,1754160692,2025-08-02T18:51:32,0.000005003,EzCT285QhW8wQVqrAC4BQaqZ6PC6hUWuKRywFiZFY5sM,inc,1250110887400,1165,1250110888565,6FHLTwY2EuUQqdV3AjYb1T7HvVKbGzpex8JnTBvL9466,6,1.0
4EgjQYP19QSgscqPTs1Q124QeBqvN5mJajYEqWE8CdT2MykrgA5vfNHYXdG4jVcCLVp2JaQLAeXq85RnF145ccoR,1754160692,2025-08-02T18:51:32,0.000005003,6KNbsP3eLVsFEJY9mJUz8h47B6X1GDh1RnYQPgsiCD1a,dec,165963999,1001597751,835633752,So11111111111111111111111111111111111111111,9,1.0
5BYUX8ezd3GChnQo14pnV84ywKbk3mufzLj1Bpwz7NnL1Jny27J8feCDGkXtukpfCnvLK4En3CTaFxLf9AAbV4Yp,1754160568,2025-08-02T18:49:28,0.000005,6KNbsP3eLVsFEJY9mJUz8h47B6X1GDh1RnYQPgsiCD1a,dec,6000,1001603751,1001597751,So11111111111111111111111111111111111111111,9,1.0
3ka41kJ3Hrr75ugmXWA8NkysjFTPQjFi74wJkCPaScS3xpEftk4w54DzB5yK7SuR8ZGSKFvCcJgEL8SEBdFX8cFq,1754160568,2025-08-02T18:49:28,0.000005002,EzCT285QhW8wQVqrAC4BQaqZ6PC6hUWuKRywFiZFY5sM,dec,25688656796,25688657961,1165,6FHLTwY2EuUQqdV3AjYb1T7HvVKbGzpex8JnTBvL9466,6,1.0
3ka41kJ3Hrr75ugmXWA8NkysjFTPQjFi74wJkCPaScS3xpEftk4w54DzB5yK7SuR8ZGSKFvCcJgEL8SEBdFX8cFq,1754160568,2025-08-02T18:49:28,0.000005002,6KNbsP3eLVsFEJY9mJUz8h47B6X1GDh1RnYQPgsiCD1a,inc,3216470,998387281,1001603751,So11111111111111111111111111111111111111111,9,1.0
3wj95hNYtf1KdcCSmwEkxNMQM7pLUcmHA7Ve65rxcWJnaF8XWc4rEdueDiZ7VqywArEdENjuv1UMrMgMuo9SsFd2,1754160502,2025-08-02T18:48:22,0.000005,6KNbsP3eLVsFEJY9mJUz8h47B6X1GDh1RnYQPgsiCD1a,dec,6000,998393281,998387281,So11111111111111111111111111111111111111111,9,1.0
5GgDwNd17WnLTzPivhHFKAMRykHTgsjdTc7EkbDQMToHjeN4CSp71z8sVtUEc6kZxSF8zemG9aeLzKVy26wyFFg7,1754160502,2025-08-02T18:48:22,0.000005002,EzCT285QhW8wQVqrAC4BQaqZ6PC6hUWuKRywFiZFY5sM,dec,1607601099907,1633289757868,25688657961,6FHLTwY2EuUQqdV3AjYb1T7HvVKbGzpex8JnTBvL9466,6,1.0
5GgDwNd17WnLTzPivhHFKAMRykHTgsjdTc7EkbDQMToHjeN4CSp71z8sVtUEc6kZxSF8zemG9aeLzKVy26wyFFg7,1754160502,2025-08-02T18:48:22,0.000005002,6KNbsP3eLVsFEJY9mJUz8h47B6X1GDh1RnYQPgsiCD1a,inc,187592077,810801204,998393281,So11111111111111111111111111111111111111111,9,1.0
Bm5z3FiF3aGytKNFMShc2S5UxGnadBJqZ2SZhHDEFHh1S9HnXF1CVYF3uzAKubuBWyXD9mvseNE3JaSb4nLwauR,1754160490,2025-08-02T18:48:10,0.000005,6KNbsP3eLVsFEJY9mJUz8h47B6X1GDh1RnYQPgsiCD1a,dec,6000,810807204,810801204,So11111111111111111111111111111111111111111,9,1.0
4kSGhnKgVs2qsgZFnW6TSwCG7vvo9PVe7wagGRr46yc5AMezibgDWNxzQC6jxDDAdxHSVjv1NuhqqibsvzVvG5a,1754160490,2025-08-02T18:48:10,0.000005004,EzCT285QhW8wQVqrAC4BQaqZ6PC6hUWuKRywFiZFY5sM,inc,1633289757868,0,1633289757868,6FHLTwY2EuUQqdV3AjYb1T7HvVKbGzpex8JnTBvL9466,6,1.0
4kSGhnKgVs2qsgZFnW6TSwCG7vvo9PVe7wagGRr46yc5AMezibgDWNxzQC6jxDDAdxHSVjv1NuhqqibsvzVvG5a,1754160490,2025-08-02T18:48:10,0.000005004,6KNbsP3eLVsFEJY9mJUz8h47B6X1GDh1RnYQPgsiCD1a,dec,190692796,1001500000,810807204,So11111111111111111111111111111111111111111,9,1.0
5EWPZyeK6bJWto3A43XSR5i8ZWc8HtKeFuM7HynNMB2nFfXWE3wPN45Sfup16cmfA1wWsPQR7jrUzAqCHZf1SgSt,1754160353,2025-08-02T18:45:53,0.0000314,6KNbsP3eLVsFEJY9mJUz8h47B6X1GDh1RnYQPgsiCD1a,inc,1000000000,1500000,1001500000,So11111111111111111111111111111111111111111,9,1.0
5CEtU15TYVmEKoqPXGLX4jxwH5gNeZrmJbP3hyy2kYkVdqVUMtpjARrWP1D14HwjQrbU5WDWMPTyksGNYH2mCrsx,1754160301,2025-08-02T18:45:01,0.0000666,6KNbsP3eLVsFEJY9mJUz8h47B6X1GDh1RnYQPgsiCD1a,dec,587775634,589275634,1500000,So11111111111111111111111111111111111111111,9,1.0
GWD6rnVLV1AwuiHQmkWVQxKVkcgM4jbuuBTmKMHfNaXw1VCuTasmYzAAnAK6a1R9VzsFxgYSnDaqvtQ8nCtVzpp,1754159743,2025-08-02T18:35:43,0.000005,6KNbsP3eLVsFEJY9mJUz8h47B6X1GDh1RnYQPgsiCD1a,dec,6000,589281634,589275634,So11111111111111111111111111111111111111111,9,1.0
2xpZzYRbPqP5T8x8fRRShCFZHeeKafwr21cWjLeN7pYv6zjjBwCjxTxYCUWEC1cKNnHToGCRhsYNFwR13qFdxLtq,1754159743,2025-08-02T18:35:43,0.000005003,4aGRAB9JfbYXMo88AjaChLCUDjZQhHyqALytEYkeKgKN,inc,2711097326222,83308792497,2794406118719,8uF88wRh5atb9n6UB3k7kHj8go19DALM6g82ZZXz1GpT,6,1.0
2xpZzYRbPqP5T8x8fRRShCFZHeeKafwr21cWjLeN7pYv6zjjBwCjxTxYCUWEC1cKNnHToGCRhsYNFwR13qFdxLtq,1754159743,2025-08-02T18:35:43,0.000005003,6KNbsP3eLVsFEJY9mJUz8h47B6X1GDh1RnYQPgsiCD1a,dec,399253504,988535138,589281634,So11111111111111111111111111111111111111111,9,1.0
nh1rwSR2NSS9KFVDn9ftbWLDhxsZxg7P6b5gDcj5kghdLmBsBDWxAH9ke1ELGSGs5PgopLZXgB9nMVDjzbNVWyH,1754159734,2025-08-02T18:35:34,0.000005,6KNbsP3eLVsFEJY9mJUz8h47B6X1GDh1RnYQPgsiCD1a,dec,6000,988541138,988535138,So11111111111111111111111111111111111111111,9,1.0
3BaB7248wQeX65pv5DmmEG8N9V9p5C6hQpawd9amMkyT3auKayCvTKazbG61AFdcCa8kFrJAZux5THxXxFWzzB5Z,1754159734,2025-08-02T18:35:34,0.000005002,4aGRAB9JfbYXMo88AjaChLCUDjZQhHyqALytEYkeKgKN,dec,1577809171665,1661117964162,83308792497,8uF88wRh5atb9n6UB3k7kHj8go19DALM6g82ZZXz1GpT,6,1.0
3BaB7248wQeX65pv5DmmEG8N9V9p5C6hQpawd9amMkyT3auKayCvTKazbG61AFdcCa8kFrJAZux5THxXxFWzzB5Z,1754159734,2025-08-02T18:35:34,0.000005002,6KNbsP3eLVsFEJY9mJUz8h47B6X1GDh1RnYQPgsiCD1a,inc,239047689,749493449,988541138,So11111111111111111111111111111111111111111,9,1.0
4Kdb2s1M4XSST9PpCkrUCZH9a9aq79ZgtXMLZbXn6zMWG3ubWJPgdaDp6ZeM9MpBgmAMZsDd9pKe1reVE97Uobmh,1754159605,2025-08-02T18:33:25,0.000005,6KNbsP3eLVsFEJY9mJUz8h47B6X1GDh1RnYQPgsiCD1a,dec,6000,749499449,749493449,So11111111111111111111111111111111111111111,9,1.0
34dvAtmkAEi4Cq9iySmCtW5vpSR1aPCgKp4stK7HtDj9atQciFsbaxT4MBGkh8mvCL16rqxyyKcdg6EVVase7PAX,1754159605,2025-08-02T18:33:25,0.000005003,4aGRAB9JfbYXMo88AjaChLCUDjZQhHyqALytEYkeKgKN,inc,1661117961042,3120,1661117964162,8uF88wRh5atb9n6UB3k7kHj8go19DALM6g82ZZXz1GpT,6,1.0
34dvAtmkAEi4Cq9iySmCtW5vpSR1aPCgKp4stK7HtDj9atQciFsbaxT4MBGkh8mvCL16rqxyyKcdg6EVVase7PAX,1754159605,2025-08-02T18:33:25,0.000005003,6KNbsP3eLVsFEJY9mJUz8h47B6X1GDh1RnYQPgsiCD1a,dec,249578436,999077885,749499449,So11111111111111111111111111111111111111111,9,1.0
3PtEdV49bbbTH6cZTf3qtvg8ChbBD1JbPmftkUhASZLpF45sUxh3siZ8czSaHZC5JCqWzJmdnNWbKe8auiVP4QF,1754159568,2025-08-02T18:32:48,0.000005,6KNbsP3eLVsFEJY9mJUz8h47B6X1GDh1RnYQPgsiCD1a,dec,6000,999083885,999077885,So11111111111111111111111111111111111111111,9,1.0
5ieawKAfupHVHPqXpXYCMpeHP9YpMeXNDTmEXdcEgcBrqttDE8uvxmfdu64YyGjacswr7aas1U75o3xQ1rTx5hNP,1754159568,2025-08-02T18:32:48,0.000005002,4aGRAB9JfbYXMo88AjaChLCUDjZQhHyqALytEYkeKgKN,dec,3130550335781,3130550338901,3120,8uF88wRh5atb9n6UB3k7kHj8go19DALM6g82ZZXz1GpT,6,1.0
5ieawKAfupHVHPqXpXYCMpeHP9YpMeXNDTmEXdcEgcBrqttDE8uvxmfdu64YyGjacswr7aas1U75o3xQ1rTx5hNP,1754159568,2025-08-02T18:32:48,0.000005002,6KNbsP3eLVsFEJY9mJUz8h47B6X1GDh1RnYQPgsiCD1a,inc,489362777,509721108,999083885,So11111111111111111111111111111111111111111,9,1.0
23grj8BHzWATbqAVorh8aLtCehHkyKWLZWZPxY5VqynNYVBQDy8nXgkKxsCL9SudF597ANhBGXXt8f5c88pjNRmZ,1754159563,2025-08-02T18:32:43,0.000005,6KNbsP3eLVsFEJY9mJUz8h47B6X1GDh1RnYQPgsiCD1a,dec,6000,509727108,509721108,So11111111111111111111111111111111111111111,9,1.0
5dWaLzwNt7X2ARnz4Y7WukhyurBsUb9aJJ7s2uC9FZxdTjRSErXj4yjoMqnzssC73sg4KYsSHqKnYrnZssMQR6vf,1754159563,2025-08-02T18:32:43,0.000005003,4aGRAB9JfbYXMo88AjaChLCUDjZQhHyqALytEYkeKgKN,inc,3130550333738,5163,3130550338901,8uF88wRh5atb9n6UB3k7kHj8go19DALM6g82ZZXz1GpT,6,1.0
5dWaLzwNt7X2ARnz4Y7WukhyurBsUb9aJJ7s2uC9FZxdTjRSErXj4yjoMqnzssC73sg4KYsSHqKnYrnZssMQR6vf,1754159563,2025-08-02T18:32:43,0.000005003,6KNbsP3eLVsFEJY9mJUz8h47B6X1GDh1RnYQPgsiCD1a,dec,492673976,1002401084,509727108,So11111111111111111111111111111111111111111,9,1.0
2xLWwmkv5TNptLvrKgAEdMoVQ2yovZFVr4Wmyd2fAvbjyei8c3DxgH3XkAgpKC2eFfLa8S5kSqLCY3zbAnfgL85w,1754159459,2025-08-02T18:30:59,0.000005,6KNbsP3eLVsFEJY9mJUz8h47B6X1GDh1RnYQPgsiCD1a,dec,6000,1002407084,1002401084,So11111111111111111111111111111111111111111,9,1.0
4esQYphHKFWVxytnQYQXeYYZ6Au4imxKYBNHzEH8XbJHMS1Zek4oA2QQVgnRQaDidpP56LF3Y2jYEfism8YiPUQ,1754159459,2025-08-02T18:30:59,0.000005002,4aGRAB9JfbYXMo88AjaChLCUDjZQhHyqALytEYkeKgKN,dec,7355227324295,7355227329458,5163,8uF88wRh5atb9n6UB3k7kHj8go19DALM6g82ZZXz1GpT,6,1.0
4esQYphHKFWVxytnQYQXeYYZ6Au4imxKYBNHzEH8XbJHMS1Zek4oA2QQVgnRQaDidpP56LF3Y2jYEfism8YiPUQ,1754159459,2025-08-02T18:30:59,0.000005002,6KNbsP3eLVsFEJY9mJUz8h47B6X1GDh1RnYQPgsiCD1a,inc,980043716,22363368,1002407084,So11111111111111111111111111111111111111111,9,1.0
52UYjF6YYoHwdF3PEdf2fuaRyhaVAcfWwM7gsoPxAeMXS86UZxzSHc3TVJZPiqBM2DJQrVFRsgWohWZmjtY9ELy8,1754159360,2025-08-02T18:29:20,0.000005,6KNbsP3eLVsFEJY9mJUz8h47B6X1GDh1RnYQPgsiCD1a,dec,6000,22369368,22363368,So11111111111111111111111111111111111111111,9,1.0
aygP2JQhVP42TVoDdSSii7SxX1XCWo1QhHz1KGRx5WeW6UuMnxmQewypEXo9pD7jRBpKwcyYywcF9PnhUT5opE9,1754159360,2025-08-02T18:29:20,0.000005003,4aGRAB9JfbYXMo88AjaChLCUDjZQhHyqALytEYkeKgKN,inc,3867123292139,3488104037319,7355227329458,8uF88wRh5atb9n6UB3k7kHj8go19DALM6g82ZZXz1GpT,6,1.0
aygP2JQhVP42TVoDdSSii7SxX1XCWo1QhHz1KGRx5WeW6UuMnxmQewypEXo9pD7jRBpKwcyYywcF9PnhUT5opE9,1754159360,2025-08-02T18:29:20,0.000005003,6KNbsP3eLVsFEJY9mJUz8h47B6X1GDh1RnYQPgsiCD1a,dec,535041367,557410735,22369368,So11111111111111111111111111111111111111111,9,1.0
35QUL5aC2YaDA9QKe5yFpuw8n7d68E4isjZC2N5k3ewZoP5WpYCPtx7QmWj98wR6QACcg776YNHTe1qc6JjzXcHx,1754159340,2025-08-02T18:29:00,0.000005,6KNbsP3eLVsFEJY9mJUz8h47B6X1GDh1RnYQPgsiCD1a,dec,6000,557416735,557410735,So11111111111111111111111111111111111111111,9,1.0
53rRu8wkvmC3tC8yQJbetZLqtab9tmvfNtX22tFmCLMF6Cr5qpHEEyMTsWVvhnbFFZbK1u5A91cngg1nvREDXnm,1754159340,2025-08-02T18:29:00,0.000005003,4aGRAB9JfbYXMo88AjaChLCUDjZQhHyqALytEYkeKgKN,inc,3467777474660,20326562659,3488104037319,8uF88wRh5atb9n6UB3k7kHj8go19DALM6g82ZZXz1GpT,6,1.0
53rRu8wkvmC3tC8yQJbetZLqtab9tmvfNtX22tFmCLMF6Cr5qpHEEyMTsWVvhnbFFZbK1u5A91cngg1nvREDXnm,1754159340,2025-08-02T18:29:00,0.000005003,6KNbsP3eLVsFEJY9mJUz8h47B6X1GDh1RnYQPgsiCD1a,dec,463588281,1021005016,557416735,So11111111111111111111111111111111111111111,9,1.0
TamiHxHvAYgyZqozBR4GtJFMkdpuS88CuusND58PHdgEXr7332oSqgsTNxYb2MFd94Qvh8jFqEECi2VJzzT2sbd,1754159332,2025-08-02T18:28:52,0.000005,6KNbsP3eLVsFEJY9mJUz8h47B6X1GDh1RnYQPgsiCD1a,dec,6000,1021011016,1021005016,So11111111111111111111111111111111111111111,9,1.0
59xgHGViKHQhMMWEpHGXEiVTvZanoitPEUxsNPzGFFx4gKY58Xi2J3P4jgyTkyTEDEqJK5BucgJjApEBYUWJmH7c,1754159332,2025-08-02T18:28:52,0.000005002,4aGRAB9JfbYXMo88AjaChLCUDjZQhHyqALytEYkeKgKN,dec,2543388317052,2563714879711,20326562659,8uF88wRh5atb9n6UB3k7kHj8go19DALM6g82ZZXz1GpT,6,1.0
59xgHGViKHQhMMWEpHGXEiVTvZanoitPEUxsNPzGFFx4gKY58Xi2J3P4jgyTkyTEDEqJK5BucgJjApEBYUWJmH7c,1754159332,2025-08-02T18:28:52,0.000005002,6KNbsP3eLVsFEJY9mJUz8h47B6X1GDh1RnYQPgsiCD1a,inc,342078827,678932189,1021011016,So11111111111111111111111111111111111111111,9,1.0
2qiJ43zz5huUcZvaJTaLWhXNNu8PgNqD7XNRTuBQKgwedCmmWqPmd1PbAoUHGAeshpx6RfzSXYLt7oezWPd85iy2,1754159289,2025-08-02T18:28:09,0.000005,6KNbsP3eLVsFEJY9mJUz8h47B6X1GDh1RnYQPgsiCD1a,dec,6000,678938189,678932189,So11111111111111111111111111111111111111111,9,1.0
4MrhJf1GP2Jrh3pBJkR9jyiqXUToqWk1ZZf17FCEDHHFG4dbyZwaAexpMDZkxnos66ja37zaUUHdqH2WuNoeYgVJ,1754159289,2025-08-02T18:28:09,0.000005003,4aGRAB9JfbYXMo88AjaChLCUDjZQhHyqALytEYkeKgKN,inc,2552708690449,11006189262,2563714879711,8uF88wRh5atb9n6UB3k7kHj8go19DALM6g82ZZXz1GpT,6,1.0
4MrhJf1GP2Jrh3pBJkR9jyiqXUToqWk1ZZf17FCEDHHFG4dbyZwaAexpMDZkxnos66ja37zaUUHdqH2WuNoeYgVJ,1754159289,2025-08-02T18:28:09,0.000005003,6KNbsP3eLVsFEJY9mJUz8h47B6X1GDh1RnYQPgsiCD1a,dec,339739674,1018677863,678938189,So11111111111111111111111111111111111111111,9,1.0
5nsvAxs4UgTLHKGDDU1viTmwijef63idJr4xrge2ECVVdHxBy95JRywt5DY72jJECrc9hWkW3FATDQVzZvvFerYS,1754159243,2025-08-02T18:27:23,0.000005,6KNbsP3eLVsFEJY9mJUz8h47B6X1GDh1RnYQPgsiCD1a,dec,6000,1018683863,1018677863,So11111111111111111111111111111111111111111,9,1.0
3zzoXmhJoFVbHdzek2WYTqbNAtKoEhypkcboaXQ7ANXejvYQqqBL7S6Zj7CZgjYtU1U3ahgYkj6AqKbzyv7AWwFq,1754159243,2025-08-02T18:27:23,0.000005002,4aGRAB9JfbYXMo88AjaChLCUDjZQhHyqALytEYkeKgKN,dec,3341281593799,3352287783061,11006189262,8uF88wRh5atb9n6UB3k7kHj8go19DALM6g82ZZXz1GpT,6,1.0
3zzoXmhJoFVbHdzek2WYTqbNAtKoEhypkcboaXQ7ANXejvYQqqBL7S6Zj7CZgjYtU1U3ahgYkj6AqKbzyv7AWwFq,1754159243,2025-08-02T18:27:23,0.000005002,6KNbsP3eLVsFEJY9mJUz8h47B6X1GDh1RnYQPgsiCD1a,inc,441425095,577258768,1018683863,So11111111111111111111111111111111111111111,9,1.0
4BMaCdhk9MRccXeS4UKqSsyPMHN5Yyvzm6KpYuEi9HCoavULh32fox8fFk57x6qoRNv8HZiHddfNYUPsR2ujAobL,1754159184,2025-08-02T18:26:24,0.000005,6KNbsP3eLVsFEJY9mJUz8h47B6X1GDh1RnYQPgsiCD1a,dec,6000,577264768,577258768,So11111111111111111111111111111111111111111,9,1.0
66Dnh2yLsicqpMRqVmTh8TFxwFnUj5635X67x8rxxnbGvcFVTQxMSkGSw3oE1sMjyNj4shTU3okmX83Hta2YJXg5,1754159184,2025-08-02T18:26:24,0.000005003,4aGRAB9JfbYXMo88AjaChLCUDjZQhHyqALytEYkeKgKN,inc,3351220554450,1067228611,3352287783061,8uF88wRh5atb9n6UB3k7kHj8go19DALM6g82ZZXz1GpT,6,1.0
66Dnh2yLsicqpMRqVmTh8TFxwFnUj5635X67x8rxxnbGvcFVTQxMSkGSw3oE1sMjyNj4shTU3okmX83Hta2YJXg5,1754159184,2025-08-02T18:26:24,0.000005003,6KNbsP3eLVsFEJY9mJUz8h47B6X1GDh1RnYQPgsiCD1a,dec,459344035,1036608803,577264768,So11111111111111111111111111111111111111111,9,1.0
65PYZoLwXSCyQY5KDkeN5TUs61KkygXP8PmYzKbKA6NLyS5oxbP6usZZrRQdbcs34jZSCkue67t7zHuZFu1skMBU,1754159139,2025-08-02T18:25:39,0.000005,6KNbsP3eLVsFEJY9mJUz8h47B6X1GDh1RnYQPgsiCD1a,dec,6000,1036614803,1036608803,So11111111111111111111111111111111111111111,9,1.0
4J3whK89N7CzzzxzRFkRfg2T7UKH1s5Tyw8wq8pxiqNeXJanNTJVnWhwPWSyQV1RM43NRiGQPMGHZcSzMzfTwRW9,1754159139,2025-08-02T18:25:39,0.000005002,4aGRAB9JfbYXMo88AjaChLCUDjZQhHyqALytEYkeKgKN,dec,34413738027,35480966638,1067228611,8uF88wRh5atb9n6UB3k7kHj8go19DALM6g82ZZXz1GpT,6,1.0
4J3whK89N7CzzzxzRFkRfg2T7UKH1s5Tyw8wq8pxiqNeXJanNTJVnWhwPWSyQV1RM43NRiGQPMGHZcSzMzfTwRW9,1754159139,2025-08-02T18:25:39,0.000005002,6KNbsP3eLVsFEJY9mJUz8h47B6X1GDh1RnYQPgsiCD1a,inc,4695703,1031919100,1036614803,So11111111111111111111111111111111111111111,9,1.0
GhUKAwrCdxDBo5s7HjrYmeSkwu2zHWrUSCejjzUEMr6EPaq86RhFfmEBz16BkGhXA9b9rRQJ4YTcoCM6obJigDY,1754159064,2025-08-02T18:24:24,0.000005,6KNbsP3eLVsFEJY9mJUz8h47B6X1GDh1RnYQPgsiCD1a,dec,6000,1031925100,1031919100,So11111111111111111111111111111111111111111,9,1.0
2wUghGmn88QxJ7sXqJtB8TsYWM4G2FvYLaewwd5Jw4hKxaRzSbEdBSYEdXMMrWremkexPorYwLYPbdomLpASh1QW,1754159064,2025-08-02T18:24:24,0.000005002,4aGRAB9JfbYXMo88AjaChLCUDjZQhHyqALytEYkeKgKN,dec,4846471639197,4881952605835,35480966638,8uF88wRh5atb9n6UB3k7kHj8go19DALM6g82ZZXz1GpT,6,1.0
2wUghGmn88QxJ7sXqJtB8TsYWM4G2FvYLaewwd5Jw4hKxaRzSbEdBSYEdXMMrWremkexPorYwLYPbdomLpASh1QW,1754159064,2025-08-02T18:24:24,0.000005002,6KNbsP3eLVsFEJY9mJUz8h47B6X1GDh1RnYQPgsiCD1a,inc,552595080,479330020,1031925100,So11111111111111111111111111111111111111111,9,1.0
2VnBcG8i3rk8178cx334WJEf9opbrpUwXhgheLuVhnRbrxREbU6SHZoKTezBtZFckoEQeLJWBzHS3fyt4KMYfcSD,1754159040,2025-08-02T18:24:00,0.000005,6KNbsP3eLVsFEJY9mJUz8h47B6X1GDh1RnYQPgsiCD1a,inc,1,479330019,479330020,So11111111111111111111111111111111111111111,9,1.0
4S9dfMAep2AtdED5auFpP9aC6JGLUtokRHQxpyMxEPXaFjBAVTcYh3KuKDCJHQxmC3VmMQyR8P3kubbT9uEFhThF,1754159040,2025-08-02T18:24:00,0.000005,6KNbsP3eLVsFEJY9mJUz8h47B6X1GDh1RnYQPgsiCD1a,inc,1,479330018,479330019,So11111111111111111111111111111111111111111,9,1.0
63vaCgnwQwouUoE4QXwEw5mBbpC5rVtBH2U8MGoN4hWNn3JWe97uGvHEXzKFyfvyvdBrkwBMrihvinJSYGZWtg3L,1754159038,2025-08-02T18:23:58,0.000005,6KNbsP3eLVsFEJY9mJUz8h47B6X1GDh1RnYQPgsiCD1a,dec,6000,479336018,479330018,So11111111111111111111111111111111111111111,9,1.0
J3F6eKn81tFocKAtyM5gFWKCQJqwSkdV73aTMY2p86RLLvDZnkp5n8kGQx1Tv5UJY6rMwpzSXjFEgvYe6sZGfQa,1754159038,2025-08-02T18:23:58,0.000005004,4aGRAB9JfbYXMo88AjaChLCUDjZQhHyqALytEYkeKgKN,inc,4881952605835,0,4881952605835,8uF88wRh5atb9n6UB3k7kHj8go19DALM6g82ZZXz1GpT,6,1.0
J3F6eKn81tFocKAtyM5gFWKCQJqwSkdV73aTMY2p86RLLvDZnkp5n8kGQx1Tv5UJY6rMwpzSXjFEgvYe6sZGfQa,1754159038,2025-08-02T18:23:58,0.000005004,6KNbsP3eLVsFEJY9mJUz8h47B6X1GDh1RnYQPgsiCD1a,dec,522163982,1001500000,479336018,So11111111111111111111111111111111111111111,9,1.0
3pkR4yhanFTyz9DXTsCgnzc4Vy7wqh37cuvSxBoQ1CRT1DbvFxi3m6RsvgRBb3RotUHD7T5jSxfWSii6NBAzDsc2,1754158912,2025-08-02T18:21:52,0.0000314,6KNbsP3eLVsFEJY9mJUz8h47B6X1GDh1RnYQPgsiCD1a,inc,1000000000,1500000,1001500000,So11111111111111111111111111111111111111111,9,1.0
5FHjjwXrkcg7psqDmPsMmhpomVmqgaKH3cPAkhxTN5KCKh4TJJ7VhmW9g1xG6iL7tuxDSBPYcy3ok8jvru9N4Uc6,1754156587,2025-08-02T17:43:07,0.00001,HtjP6aqmTdpPy95fWpGvPedA6JJHXiqpzVtrwXcdbQmE,dec,4759924662023,4759924662023,0,F8zU3t8Y1mnaVi396FYCCFUP2fGUgX38ccgtXrWEhCBv,6,1.0
vdBFDrPdEr892m5xsgxrkQsk7sXS9rbsm57H7pMFVMwUiJ5UQskp1CXQZFU2AM7PGVjunnpEmS6atX1sABCj9AZ,1754156545,2025-08-02T17:42:25,0.000066358,6KNbsP3eLVsFEJY9mJUz8h47B6X1GDh1RnYQPgsiCD1a,dec,526002254,527502254,1500000,So11111111111111111111111111111111111111111,9,1.0
2XRaodrR8dNxwtHXKhftRVcQdq7zxgH7snSSw5YDFJHfdrC2dubST9f1hAfLXwA1yqmJFmsNWVtgTnMv613WJAVo,1754156391,2025-08-02T17:39:51,0.000005,6KNbsP3eLVsFEJY9mJUz8h47B6X1GDh1RnYQPgsiCD1a,dec,6000,527508254,527502254,So11111111111111111111111111111111111111111,9,1.0
LZMVjwrVuZw41csEhDk9fCNephQv6XGKm9yVBmhyZVNGs7nmQdyJ1Mwfy7bNae4ZdLc7SpebcgFW1zrMs2Rp4f3,1754156391,2025-08-02T17:39:51,0.000005004,HtjP6aqmTdpPy95fWpGvPedA6JJHXiqpzVtrwXcdbQmE,inc,4759924662023,0,4759924662023,F8zU3t8Y1mnaVi396FYCCFUP2fGUgX38ccgtXrWEhCBv,6,1.0
LZMVjwrVuZw41csEhDk9fCNephQv6XGKm9yVBmhyZVNGs7nmQdyJ1Mwfy7bNae4ZdLc7SpebcgFW1zrMs2Rp4f3,1754156391,2025-08-02T17:39:51,0.000005004,6KNbsP3eLVsFEJY9mJUz8h47B6X1GDh1RnYQPgsiCD1a,dec,473991746,1001500000,527508254,So11111111111111111111111111111111111111111,9,1.0
apP7sJZZgcU6Y2pmwb654pDzByVVvsf6EtG3KfGWHPHsucjd49Gu3Q1wEbFCWM2wLHdwW4j28yu5PuCTSrM4iMb,1754156302,2025-08-02T17:38:22,0.0000314,6KNbsP3eLVsFEJY9mJUz8h47B6X1GDh1RnYQPgsiCD1a,inc,1000000000,1500000,1001500000,So11111111111111111111111111111111111111111,9,1.0
HpqMz2FTZ4amkuXHFifoVvVFwkwD8eSe762pmNNzL3GMNXNSWErryggHAgNWPHNNXXBmdSdLqzfigswTVTLF77q,1754156219,2025-08-02T17:36:59,0.00001,JDe641yqw3no3joKr9DHyYHbhjCcCh78vybibHYVCHxK,dec,5498681381231,5498681381231,0,AQsMu12pAqb5wUNSUURbYtPhoeaJKVE3M3gPMwGWWYYZ,6,1.0
HpqMz2FTZ4amkuXHFifoVvVFwkwD8eSe762pmNNzL3GMNXNSWErryggHAgNWPHNNXXBmdSdLqzfigswTVTLF77q,1754156219,2025-08-02T17:36:59,0.00001,AWcYmSmX7vYkxqjxAu62VwhGdEQcseiAahfYBehPQXpr,dec,2465718568721,2465718568721,0,DHJbjUc91A7X4H2NHhBHkdhJCCNVw4LYwyWZy1grKKEr,6,1.0
XwQeweXjWMBgkvxpCG9CeLGqP5M7gv4nzVd9LUbUZwKFPx1CXa9jDnCesb8JpUXSwU8AARwpL4HjhMXZMG1ZJwE,1754156219,2025-08-02T17:36:59,0.00001,3dt9GcWQaaZsPDxtjX6382fRDQRJ12YK5sdeAEkBKZKe,dec,32757773703,32757773703,0,BsYMGXQnqBCq6iT2W6Kg5vUJo3Tt1krNdN35cHaVR1ED,6,1.0
XwQeweXjWMBgkvxpCG9CeLGqP5M7gv4nzVd9LUbUZwKFPx1CXa9jDnCesb8JpUXSwU8AARwpL4HjhMXZMG1ZJwE,1754156219,2025-08-02T17:36:59,0.00001,6EidNS3NLtzNvSpmbej9gsRKkDURL4ukxj7icLtphSZE,dec,5092075804582,5092075804582,0,CbrKJKsSRCUyk3orCAqcfpLbRuSX9yrqGZFs3WQFuSpG,6,1.0
XwQeweXjWMBgkvxpCG9CeLGqP5M7gv4nzVd9LUbUZwKFPx1CXa9jDnCesb8JpUXSwU8AARwpL4HjhMXZMG1ZJwE,1754156219,2025-08-02T17:36:59,0.00001,93Bw6bw7d48E3Cu5PLpBnVfZzbEcYsMwznrkyKQALm3a,dec,31272517806,31272517806,0,CdWLs4aUtXjezkviopD4h2LmQtShuKmdsUJ5fcyNJ4vJ,6,1.0
XwQeweXjWMBgkvxpCG9CeLGqP5M7gv4nzVd9LUbUZwKFPx1CXa9jDnCesb8JpUXSwU8AARwpL4HjhMXZMG1ZJwE,1754156219,2025-08-02T17:36:59,0.00001,8p32ZTXPxQbPhqZhbEMjnWUv5BLvYyzEBsWKT27ERaWR,dec,40895097,40895097,0,FruNEFGc3sLaZDe7jB8gYrPgqyYvNfbzGn5FFZiNqfA4,6,1.0
XwQeweXjWMBgkvxpCG9CeLGqP5M7gv4nzVd9LUbUZwKFPx1CXa9jDnCesb8JpUXSwU8AARwpL4HjhMXZMG1ZJwE,1754156219,2025-08-02T17:36:59,0.00001,GK5pPCnPL3qxGQyU7u69HjeB4Xey2ZHnNAMbbSjmWJaY,dec,1973514323673,1973514323673,0,GEGLQijVQFJqATnFUw3qf7SRBqXk84wsUysgmgcrNbhM,6,1.0
5iQaC3sDxeC8n4vTCADq1rwtL9f72j5NxaxKmc8xVSDGqECRVEHcj86p1MrWwDSeu3zeixjSraTG7HjwHBBb7ngD,1754156173,2025-08-02T17:36:13,0.0000666,6KNbsP3eLVsFEJY9mJUz8h47B6X1GDh1RnYQPgsiCD1a,dec,728947875,730447875,1500000,So11111111111111111111111111111111111111111,9,1.0
5SEU65G9eDiXHSzjHM9H3yyQR4YCGfnX6cvRU3x7cj2D33FTyHpHkGsRpRxBryznrnV1YG5ptJE17tFSmwn7oWkC,1754156137,2025-08-02T17:35:37,0.000005,6KNbsP3eLVsFEJY9mJUz8h47B6X1GDh1RnYQPgsiCD1a,dec,6000,730453875,730447875,So11111111111111111111111111111111111111111,9,1.0
56JGroKETHPjP4vBFQjdrFHdrR85JmaXYLturWyqD93dbK91J9ZTWjFsmMJVXV3hchvt1G23mXT22DdxaWnAuE3x,1754156137,2025-08-02T17:35:37,0.000005003,AWcYmSmX7vYkxqjxAu62VwhGdEQcseiAahfYBehPQXpr,inc,2465718563326,5395,2465718568721,DHJbjUc91A7X4H2NHhBHkdhJCCNVw4LYwyWZy1grKKEr,6,1.0
56JGroKETHPjP4vBFQjdrFHdrR85JmaXYLturWyqD93dbK91J9ZTWjFsmMJVXV3hchvt1G23mXT22DdxaWnAuE3x,1754156137,2025-08-02T17:35:37,0.000005003,6KNbsP3eLVsFEJY9mJUz8h47B6X1GDh1RnYQPgsiCD1a,dec,320387442,1050841317,730453875,So11111111111111111111111111111111111111111,9,1.0
4K7EZSxh5d1foPFATJuoqJt67yffTLvZqzGMxpAnjeonD29MhrYYLTZ6cVXW6D6vutfT32FsER9RaQw2YSwnHFAz,1754156017,2025-08-02T17:33:37,0.000005,6KNbsP3eLVsFEJY9mJUz8h47B6X1GDh1RnYQPgsiCD1a,dec,6000,1050847317,1050841317,So11111111111111111111111111111111111111111,9,1.0
47nW7hifEnhybyLCMM7PGdcX7tm6PqJ9KwVWSqE4bDb3rVsE4edRs4Pf9Eq9ZwszVrweNvUFg5PdDvEYrCvWirVp,1754156017,2025-08-02T17:33:37,0.000005002,AWcYmSmX7vYkxqjxAu62VwhGdEQcseiAahfYBehPQXpr,dec,6632960175244,6632960180639,5395,DHJbjUc91A7X4H2NHhBHkdhJCCNVw4LYwyWZy1grKKEr,6,1.0
47nW7hifEnhybyLCMM7PGdcX7tm6PqJ9KwVWSqE4bDb3rVsE4edRs4Pf9Eq9ZwszVrweNvUFg5PdDvEYrCvWirVp,1754156017,2025-08-02T17:33:37,0.000005002,6KNbsP3eLVsFEJY9mJUz8h47B6X1GDh1RnYQPgsiCD1a,inc,702559066,348288251,1050847317,So11111111111111111111111111111111111111111,9,1.0
57Mmn4sYd8QKjG32rQWqKn529T1BBcZsTiKJ3oFWeDZuy7kEkrMguLyRmTwthtyCyMJZ2S3N1ukaAT5zAfFjUyGk,1754155999,2025-08-02T17:33:19,0.000005,6KNbsP3eLVsFEJY9mJUz8h47B6X1GDh1RnYQPgsiCD1a,dec,6000,348294251,348288251,So11111111111111111111111111111111111111111,9,1.0
TFhmc28WHFDrfpm2RvNLwxUXG2BFYjLsoEPBM6PCUFzamPBUca3mjGWyFgKtgyU4d1pFrkBpEKcgP5UQkXXFT6j,1754155999,2025-08-02T17:33:19,0.000005003,AWcYmSmX7vYkxqjxAu62VwhGdEQcseiAahfYBehPQXpr,inc,2287528382193,4345431798446,6632960180639,DHJbjUc91A7X4H2NHhBHkdhJCCNVw4LYwyWZy1grKKEr,6,1.0
TFhmc28WHFDrfpm2RvNLwxUXG2BFYjLsoEPBM6PCUFzamPBUca3mjGWyFgKtgyU4d1pFrkBpEKcgP5UQkXXFT6j,1754155999,2025-08-02T17:33:19,0.000005003,6KNbsP3eLVsFEJY9mJUz8h47B6X1GDh1RnYQPgsiCD1a,dec,241650362,589944613,348294251,So11111111111111111111111111111111111111111,9,1.0
53u3it342bfvvhbrW4bu5jJWP1Jqupkwh3Pm1n4MLa8n9spvFk6KxArMLSyG3aEstqjxAZPLA3cFo2jpbTiHHKNa,1754155975,2025-08-02T17:32:55,0.000005,6KNbsP3eLVsFEJY9mJUz8h47B6X1GDh1RnYQPgsiCD1a,dec,6000,589950613,589944613,So11111111111111111111111111111111111111111,9,1.0
3KkrqwYssT4JbnjAPoiN6fAMcuN64LBU71GwwUT1opvTdX6CthzkrAPR2cWiL72haD8GGZyLmdz2xd25KsXTZ4We,1754155975,2025-08-02T17:32:55,0.000005004,AWcYmSmX7vYkxqjxAu62VwhGdEQcseiAahfYBehPQXpr,inc,4345431798446,0,4345431798446,DHJbjUc91A7X4H2NHhBHkdhJCCNVw4LYwyWZy1grKKEr,6,1.0
3KkrqwYssT4JbnjAPoiN6fAMcuN64LBU71GwwUT1opvTdX6CthzkrAPR2cWiL72haD8GGZyLmdz2xd25KsXTZ4We,1754155975,2025-08-02T17:32:55,0.000005004,6KNbsP3eLVsFEJY9mJUz8h47B6X1GDh1RnYQPgsiCD1a,dec,411549387,1001500000,589950613,So11111111111111111111111111111111111111111,9,1.0
zJVDh2pHf27HEGAQygqBBATEV8eRyFdzCk2JjbKFimbf3bRF47tXszXxMmbSsr4kUKRem7u6PzuwATLVAbQXozE,1754155891,2025-08-02T17:31:31,0.000029472,6KNbsP3eLVsFEJY9mJUz8h47B6X1GDh1RnYQPgsiCD1a,inc,1000000000,1500000,1001500000,So11111111111111111111111111111111111111111,9,1.0
W2ebPNCyhWRWoCNwv3NP5JtmynEt4gKKdkfbPePVdm1sk8QbUNWpR7FzgQFSAQDq8XzCKej5Letvo91UJXA7nMk,1754155761,2025-08-02T17:29:21,0.0000585,6KNbsP3eLVsFEJY9mJUz8h47B6X1GDh1RnYQPgsiCD1a,dec,1116310433,1117810433,1500000,So11111111111111111111111111111111111111111,9,1.0
37PJyPEiKXwZhw7XvQ9THTrVSHMkY8LNW5XvPthJ6dmmNWtHsnPN4yxdQdzB3voJ15oRJDDvJCV1eNYM6YLU9RVy,1754155719,2025-08-02T17:28:39,0.000005,6KNbsP3eLVsFEJY9mJUz8h47B6X1GDh1RnYQPgsiCD1a,dec,6000,1117816433,1117810433,So11111111111111111111111111111111111111111,9,1.0
2oNnG7HzVrojWhd1Qr9QELJBqBJiYk93AXdZBh2mNKfZJ6QrNX1qhqFm11YCDcynMLidRp6NViMMbktdbJz7Wh3e,1754155719,2025-08-02T17:28:39,0.000005002,93Bw6bw7d48E3Cu5PLpBnVfZzbEcYsMwznrkyKQALm3a,dec,8096440039925,8127712557731,31272517806,CdWLs4aUtXjezkviopD4h2LmQtShuKmdsUJ5fcyNJ4vJ,6,1.0
2oNnG7HzVrojWhd1Qr9QELJBqBJiYk93AXdZBh2mNKfZJ6QrNX1qhqFm11YCDcynMLidRp6NViMMbktdbJz7Wh3e,1754155719,2025-08-02T17:28:39,0.000005002,6KNbsP3eLVsFEJY9mJUz8h47B6X1GDh1RnYQPgsiCD1a,inc,883023913,234792520,1117816433,So11111111111111111111111111111111111111111,9,1.0
s8QtDRNUZnmDJ5kAY4QzJhbN9vAYXqtf4FiLuv8jFsSXhGbE8fzikdWo81qpK36atUGhTnRC3iw1kpjWiPP5YF5,1754155653,2025-08-02T17:27:33,0.000005,6KNbsP3eLVsFEJY9mJUz8h47B6X1GDh1RnYQPgsiCD1a,dec,6000,234798520,234792520,So11111111111111111111111111111111111111111,9,1.0
5p9jw5hiuL6f1un7B6oN1bxWuAxX9nSehKanyXwXzpCTdpgZbGz87Vui5kWjoiXocu24pnJnvYnoNsAznGgu3mHA,1754155653,2025-08-02T17:27:33,0.000005003,93Bw6bw7d48E3Cu5PLpBnVfZzbEcYsMwznrkyKQALm3a,inc,4771184548146,3356528009585,8127712557731,CdWLs4aUtXjezkviopD4h2LmQtShuKmdsUJ5fcyNJ4vJ,6,1.0
5p9jw5hiuL6f1un7B6oN1bxWuAxX9nSehKanyXwXzpCTdpgZbGz87Vui5kWjoiXocu24pnJnvYnoNsAznGgu3mHA,1754155653,2025-08-02T17:27:33,0.000005003,6KNbsP3eLVsFEJY9mJUz8h47B6X1GDh1RnYQPgsiCD1a,dec,449514003,684312523,234798520,So11111111111111111111111111111111111111111,9,1.0
3FSQrkNagQ4mu82FL7F7WrgJyCgTSAQ6tzxNVB63ovETanMkTHoodcKmzr58A5tvesef3fAMCapcTJwa8DyJRrHx,1754155651,2025-08-02T17:27:31,0.000005,6KNbsP3eLVsFEJY9mJUz8h47B6X1GDh1RnYQPgsiCD1a,dec,6000,684318523,684312523,So11111111111111111111111111111111111111111,9,1.0
jyZUPsYdGtevNjoV3ijBb2SDT89ukyjM6tjg9kVrM1fDDnh74r5qwDw4WfK2R8B1vW5wqXiWixRwaDpnPpe3ntb,1754155651,2025-08-02T17:27:31,0.000005004,93Bw6bw7d48E3Cu5PLpBnVfZzbEcYsMwznrkyKQALm3a,inc,3356528009585,0,3356528009585,CdWLs4aUtXjezkviopD4h2LmQtShuKmdsUJ5fcyNJ4vJ,6,1.0
jyZUPsYdGtevNjoV3ijBb2SDT89ukyjM6tjg9kVrM1fDDnh74r5qwDw4WfK2R8B1vW5wqXiWixRwaDpnPpe3ntb,1754155651,2025-08-02T17:27:31,0.000005004,6KNbsP3eLVsFEJY9mJUz8h47B6X1GDh1RnYQPgsiCD1a,dec,317181477,1001500000,684318523,So11111111111111111111111111111111111111111,9,1.0
3v9WUSMY8jtjUw45y3wFbVq7zK3xxzevaVzFvNhgjQZgdi4ZsJm2dcfUGFcGGCHM8r3eithB1MHncGjVtJoKwBt5,1754155567,2025-08-02T17:26:07,0.0000215,6KNbsP3eLVsFEJY9mJUz8h47B6X1GDh1RnYQPgsiCD1a,inc,1000000000,1500000,1001500000,So11111111111111111111111111111111111111111,9,1.0
2wP1qCyz7i8ee7rXiupGZWjRY8TGmWYAPjyEWKvXmvxtTv8bmC3pMtzjHz3rDBrMXQGg8jrFUDR499cZboM9qzzR,1754155433,2025-08-02T17:23:53,0.0000666,6KNbsP3eLVsFEJY9mJUz8h47B6X1GDh1RnYQPgsiCD1a,dec,1004667191,1006167191,1500000,So11111111111111111111111111111111111111111,9,1.0
36GWNPs9HQh4Jk2rcemzh3aKMZtsWJGkSgiDRw9fnbU39E5o4VU8D4A3gC2u7d1GtvPYCJUiSX1gt82rgbrB7Xox,1754155372,2025-08-02T17:22:52,0.000005,6KNbsP3eLVsFEJY9mJUz8h47B6X1GDh1RnYQPgsiCD1a,inc,1,1006167190,1006167191,So11111111111111111111111111111111111111111,9,1.0
4eeEuaSd9qRHA4Z9STUjx7UeFmFszTjhhyHa1DLEugYs23RVViNj5XLbdy6TyhLVV8m4puo1XwkrsCtZz2yqrQFt,1754155372,2025-08-02T17:22:52,0.000005,6KNbsP3eLVsFEJY9mJUz8h47B6X1GDh1RnYQPgsiCD1a,inc,1,1006167189,1006167190,So11111111111111111111111111111111111111111,9,1.0
3WGQG6aTsWzpXprspE47uKLreAu4VJtmkQLZaYAtXEsDEVLcwub8vkYa5R8dHPmFgjRWdwC9hpHyfeuY1CdhgSfN,1754155368,2025-08-02T17:22:48,0.000005,6KNbsP3eLVsFEJY9mJUz8h47B6X1GDh1RnYQPgsiCD1a,dec,6000,1006173189,1006167189,So11111111111111111111111111111111111111111,9,1.0
eZeZGrTSQntBFyE4jMfQdyAWWJj3DRqcbgHqD2egesw2EC2o2DwfnA1V8MqcXPrTZg7FgqrbK2c3LyZMTTmaSbk,1754155368,2025-08-02T17:22:48,0.000005002,3dt9GcWQaaZsPDxtjX6382fRDQRJ12YK5sdeAEkBKZKe,dec,1970441267879,2003199041582,32757773703,BsYMGXQnqBCq6iT2W6Kg5vUJo3Tt1krNdN35cHaVR1ED,6,1.0
eZeZGrTSQntBFyE4jMfQdyAWWJj3DRqcbgHqD2egesw2EC2o2DwfnA1V8MqcXPrTZg7FgqrbK2c3LyZMTTmaSbk,1754155368,2025-08-02T17:22:48,0.000005002,6KNbsP3eLVsFEJY9mJUz8h47B6X1GDh1RnYQPgsiCD1a,inc,237850097,768323092,1006173189,So11111111111111111111111111111111111111111,9,1.0
NrTjYutbZd51iJgh8zptf8R2vjM3pfK3eMMfpBqhuBYSz32DeB2w3zWpWoCXpHxH5YGhfuUSZ5KeG2UJ1XvDAQW,1754155367,2025-08-02T17:22:47,0.000005,6KNbsP3eLVsFEJY9mJUz8h47B6X1GDh1RnYQPgsiCD1a,inc,1,768323091,768323092,So11111111111111111111111111111111111111111,9,1.0
2H1vW2WqjD8ZvRTVVEyaTAsAuxSDEZQLeU5qUjCznGzYNCozWoBdqAEY9iVTpVndZyZSTE5daQ77YGQRdsuStGQo,1754155367,2025-08-02T17:22:47,0.000005,6KNbsP3eLVsFEJY9mJUz8h47B6X1GDh1RnYQPgsiCD1a,inc,1,768323090,768323091,So11111111111111111111111111111111111111111,9,1.0
5oqvkFsBoKXgfNAnoRD12AMvECa6jRvGLc7G8HbJYmY8uUPAP76s7ocHtr1GfLSzSzWTyKMarcrHMpdPJcjNmppK,1754155359,2025-08-02T17:22:39,0.000005,6KNbsP3eLVsFEJY9mJUz8h47B6X1GDh1RnYQPgsiCD1a,dec,6000,768329090,768323090,So11111111111111111111111111111111111111111,9,1.0
3jPmQvh2AWdaaNowFUKbpAJq3A88h38J5pJFrLZEAjva1WST4SLCrwWs8Y1uQT8zgVAZCKGRqHN82LdxuwKqtobZ,1754155359,2025-08-02T17:22:39,0.000005004,3dt9GcWQaaZsPDxtjX6382fRDQRJ12YK5sdeAEkBKZKe,inc,2003199041582,0,2003199041582,BsYMGXQnqBCq6iT2W6Kg5vUJo3Tt1krNdN35cHaVR1ED,6,1.0
3jPmQvh2AWdaaNowFUKbpAJq3A88h38J5pJFrLZEAjva1WST4SLCrwWs8Y1uQT8zgVAZCKGRqHN82LdxuwKqtobZ,1754155359,2025-08-02T17:22:39,0.000005004,6KNbsP3eLVsFEJY9mJUz8h47B6X1GDh1RnYQPgsiCD1a,dec,233170910,1001500000,768329090,So11111111111111111111111111111111111111111,9,1.0
5XazVfDtC5aJspaAcN138weiubT5B6Dm9EsmzV8u7ozReWMo7amMdeigePckr2KKbCfLSLuTm32ERFGQfh11sRHq,1754155242,2025-08-02T17:20:42,0.000028943,6KNbsP3eLVsFEJY9mJUz8h47B6X1GDh1RnYQPgsiCD1a,inc,1000000000,1500000,1001500000,So11111111111111111111111111111111111111111,9,1.0
3HkPU5faoHXa1BaeFrGbTY1ejMosrgzXvydFhE7jquVnM6SAU3QPpUjqC4wzkbL4eX8rK2cdxgjEjW9KNzoEEzCk,1754155111,2025-08-02T17:18:31,0.0000666,6KNbsP3eLVsFEJY9mJUz8h47B6X1GDh1RnYQPgsiCD1a,dec,791621834,793121834,1500000,So11111111111111111111111111111111111111111,9,1.0
5546UQytZH7iJ9iBaqk7VqBUP5kDZsgPZdkxPMCYT6u2WfLd3DULhWv64ZM4m5EqcHo17T4Zh3aiNJP2mk2RCixz,1754155065,2025-08-02T17:17:45,0.000005,6KNbsP3eLVsFEJY9mJUz8h47B6X1GDh1RnYQPgsiCD1a,dec,6000,793127834,793121834,So11111111111111111111111111111111111111111,9,1.0
4TUWDu9TVCnMA4zXKDJ7iPHN1C6qjrnupp6MSQNxGGhtRvaasuXzfPMmYDBtCw8raVmf4zU7q4Pf6U7irdoYZL6G,1754155065,2025-08-02T17:17:45,0.000005003,GK5pPCnPL3qxGQyU7u69HjeB4Xey2ZHnNAMbbSjmWJaY,inc,1949981612613,23532711060,1973514323673,GEGLQijVQFJqATnFUw3qf7SRBqXk84wsUysgmgcrNbhM,6,1.0
4TUWDu9TVCnMA4zXKDJ7iPHN1C6qjrnupp6MSQNxGGhtRvaasuXzfPMmYDBtCw8raVmf4zU7q4Pf6U7irdoYZL6G,1754155065,2025-08-02T17:17:45,0.000005003,6KNbsP3eLVsFEJY9mJUz8h47B6X1GDh1RnYQPgsiCD1a,dec,330190879,1123318713,793127834,So11111111111111111111111111111111111111111,9,1.0
5EHYBmzXWwvnKFU9jKybxeJaxeCCi3sCSauF83giwUEcMwFLLjtdM2eEmzXwconqNyyW8rEvsLhcKvK2pwFWyQ3F,1754154997,2025-08-02T17:16:37,0.000005,6KNbsP3eLVsFEJY9mJUz8h47B6X1GDh1RnYQPgsiCD1a,dec,6000,1123324713,1123318713,So11111111111111111111111111111111111111111,9,1.0
5KyCS7u5QvzSopj9nm5adDJWAySKqY3x3sgHCziH1q9FhSc4fPh4wzaNMXfjUQjmkfpepkwM6qfjya9bbN4kok5L,1754154997,2025-08-02T17:16:37,0.000005002,GK5pPCnPL3qxGQyU7u69HjeB4Xey2ZHnNAMbbSjmWJaY,dec,5272491233474,5296023944534,23532711060,GEGLQijVQFJqATnFUw3qf7SRBqXk84wsUysgmgcrNbhM,6,1.0
5KyCS7u5QvzSopj9nm5adDJWAySKqY3x3sgHCziH1q9FhSc4fPh4wzaNMXfjUQjmkfpepkwM6qfjya9bbN4kok5L,1754154997,2025-08-02T17:16:37,0.000005002,6KNbsP3eLVsFEJY9mJUz8h47B6X1GDh1RnYQPgsiCD1a,inc,830262817,293061896,1123324713,So11111111111111111111111111111111111111111,9,1.0
4FmfLfwDN3P9FyFXs7vq2KUJr89hoLyoZusNSyuAhgXy1gANxvj9TiprajxWkwjZcphXp8VMEJqxFyRYjHcDqFzC,1754154851,2025-08-02T17:14:11,0.000005,6KNbsP3eLVsFEJY9mJUz8h47B6X1GDh1RnYQPgsiCD1a,dec,6000,293067896,293061896,So11111111111111111111111111111111111111111,9,1.0
4Bn4tanEGZ1vpKWts6EwnsRSnc6FCKt3GUy322dgRXb9sDp51AyfiGk4qg1doJdCgUa7eBa5z7dNzdXgdcckQbdk,1754154851,2025-08-02T17:14:11,0.000005003,GK5pPCnPL3qxGQyU7u69HjeB4Xey2ZHnNAMbbSjmWJaY,inc,3368638779146,1927385165388,5296023944534,GEGLQijVQFJqATnFUw3qf7SRBqXk84wsUysgmgcrNbhM,6,1.0
4Bn4tanEGZ1vpKWts6EwnsRSnc6FCKt3GUy322dgRXb9sDp51AyfiGk4qg1doJdCgUa7eBa5z7dNzdXgdcckQbdk,1754154851,2025-08-02T17:14:11,0.000005003,6KNbsP3eLVsFEJY9mJUz8h47B6X1GDh1RnYQPgsiCD1a,dec,510261947,803329843,293067896,So11111111111111111111111111111111111111111,9,1.0
42BfJJngDXGBJjBGvjjqHHWn6ArUonygexa2M6kRZsb3AvFuoJ3MZfrA3S1o2o8UTkeef9Pc2GaCQAN7AJkwgaKx,1754154814,2025-08-02T17:13:34,0.000005,6KNbsP3eLVsFEJY9mJUz8h47B6X1GDh1RnYQPgsiCD1a,dec,6000,803335843,803329843,So11111111111111111111111111111111111111111,9,1.0
5GUTEDvNwmYv9evKF8eAKDXFwNCk3Zr7wBoNP2hmLChzX3ch7yujuzFjNecj76Xm1THjHN17Z4rSn8BA1GmVok8o,1754154814,2025-08-02T17:13:34,0.000005003,GK5pPCnPL3qxGQyU7u69HjeB4Xey2ZHnNAMbbSjmWJaY,inc,1868577937080,58807228308,1927385165388,GEGLQijVQFJqATnFUw3qf7SRBqXk84wsUysgmgcrNbhM,6,1.0
5GUTEDvNwmYv9evKF8eAKDXFwNCk3Zr7wBoNP2hmLChzX3ch7yujuzFjNecj76Xm1THjHN17Z4rSn8BA1GmVok8o,1754154814,2025-08-02T17:13:34,0.000005003,6KNbsP3eLVsFEJY9mJUz8h47B6X1GDh1RnYQPgsiCD1a,dec,277065014,1080400857,803335843,So11111111111111111111111111111111111111111,9,1.0
xE7JhwaWH5Jyxc63uwsvVM5hwiMFnz7uvsd4Hbkki5cCF2WwzU6kP8Hh9X8vKCZ4sGQycdwsZdamJdoLg4pF4dm,1754154794,2025-08-02T17:13:14,0.000005,6KNbsP3eLVsFEJY9mJUz8h47B6X1GDh1RnYQPgsiCD1a,dec,6000,1080406857,1080400857,So11111111111111111111111111111111111111111,9,1.0
2in9Zg9Pkf1KsV1QYBZjpNfyMHLboR8Xfj1z8bL5Ysp6ncwfKJaCRQMso5y81Krbv8nWyud7sVNE6XXf4Z5sSqdW,1754154794,2025-08-02T17:13:14,0.000005002,GK5pPCnPL3qxGQyU7u69HjeB4Xey2ZHnNAMbbSjmWJaY,dec,2911397318184,2970204546492,58807228308,GEGLQijVQFJqATnFUw3qf7SRBqXk84wsUysgmgcrNbhM,6,1.0
2in9Zg9Pkf1KsV1QYBZjpNfyMHLboR8Xfj1z8bL5Ysp6ncwfKJaCRQMso5y81Krbv8nWyud7sVNE6XXf4Z5sSqdW,1754154794,2025-08-02T17:13:14,0.000005002,6KNbsP3eLVsFEJY9mJUz8h47B6X1GDh1RnYQPgsiCD1a,inc,436571062,643835795,1080406857,So11111111111111111111111111111111111111111,9,1.0
31Gi5VAdmZXoXuYL3LdwsCeDLhvUA9Joxr9WqfyWTX4GcSLSKgmwg4j7W97LHbfFiEsCHT2mgj3AVbT44g7AoTCe,1754154783,2025-08-02T17:13:03,0.000005,6KNbsP3eLVsFEJY9mJUz8h47B6X1GDh1RnYQPgsiCD1a,dec,6000,643841795,643835795,So11111111111111111111111111111111111111111,9,1.0
5r6pySYsw2rKp38y4GQygeayKUC4aXTTRXciySLnkySxZkeEFDy7qhhm6eMhcnuPKrbfHsj14Bgekqg3HouJoZnQ,1754154783,2025-08-02T17:13:03,0.000005003,GK5pPCnPL3qxGQyU7u69HjeB4Xey2ZHnNAMbbSjmWJaY,inc,2946235445934,23969100558,2970204546492,GEGLQijVQFJqATnFUw3qf7SRBqXk84wsUysgmgcrNbhM,6,1.0
5r6pySYsw2rKp38y4GQygeayKUC4aXTTRXciySLnkySxZkeEFDy7qhhm6eMhcnuPKrbfHsj14Bgekqg3HouJoZnQ,1754154783,2025-08-02T17:13:03,0.000005003,6KNbsP3eLVsFEJY9mJUz8h47B6X1GDh1RnYQPgsiCD1a,dec,418828204,1062669999,643841795,So11111111111111111111111111111111111111111,9,1.0
5gQkfu9kVhzpGh2xeSippvR7jzufzfGb7ESK6W2LruRCNayYeCSkFRF9ZeZ9fYmFvVfG221UjkEt7mC9zekVuoA1,1754154756,2025-08-02T17:12:36,0.000005,6KNbsP3eLVsFEJY9mJUz8h47B6X1GDh1RnYQPgsiCD1a,dec,6000,1062675999,1062669999,So11111111111111111111111111111111111111111,9,1.0
PLFUHWWf1pNpKeK2Jvh5Sqp2vzRTufvo3haLJbHBuD6UTe4LSkdtzWssVzVutQRBpXnBuEVqn6A7kswMgWnWQCS,1754154756,2025-08-02T17:12:36,0.000005002,GK5pPCnPL3qxGQyU7u69HjeB4Xey2ZHnNAMbbSjmWJaY,dec,3161355095322,3185324195880,23969100558,GEGLQijVQFJqATnFUw3qf7SRBqXk84wsUysgmgcrNbhM,6,1.0
PLFUHWWf1pNpKeK2Jvh5Sqp2vzRTufvo3haLJbHBuD6UTe4LSkdtzWssVzVutQRBpXnBuEVqn6A7kswMgWnWQCS,1754154756,2025-08-02T17:12:36,0.000005002,6KNbsP3eLVsFEJY9mJUz8h47B6X1GDh1RnYQPgsiCD1a,inc,434478154,628197845,1062675999,So11111111111111111111111111111111111111111,9,1.0
f6S5ZZ3t7HythJTwVD1gSaePANpjp3XtQ4VBLZUrkKDUqwaM5J7LVFsHV5oRx4RUWRvE9J2X26LE139WgqAnRpi,1754154716,2025-08-02T17:11:56,0.000005,6KNbsP3eLVsFEJY9mJUz8h47B6X1GDh1RnYQPgsiCD1a,dec,6000,628203845,628197845,So11111111111111111111111111111111111111111,9,1.0
2zdzWpTHnZ1tBFDFFjRPEKAXV3TkxCGRPZHb3qRtw36ZKUksZNeERefamgR7V8foMLyKEbBiC7EygxAjmnmow4oS,1754154716,2025-08-02T17:11:56,0.000005003,GK5pPCnPL3qxGQyU7u69HjeB4Xey2ZHnNAMbbSjmWJaY,inc,1252199683701,1933124512179,3185324195880,GEGLQijVQFJqATnFUw3qf7SRBqXk84wsUysgmgcrNbhM,6,1.0
2zdzWpTHnZ1tBFDFFjRPEKAXV3TkxCGRPZHb3qRtw36ZKUksZNeERefamgR7V8foMLyKEbBiC7EygxAjmnmow4oS,1754154716,2025-08-02T17:11:56,0.000005003,6KNbsP3eLVsFEJY9mJUz8h47B6X1GDh1RnYQPgsiCD1a,dec,181169699,809373544,628203845,So11111111111111111111111111111111111111111,9,1.0
QwK5Ed7N69gYX1jEdBJfViorDt5E96A3WjntMZTcox9nEqX9Ma2iP55yPKoXds7HSZVHfGgWfTomMyVR2iJPtoN,1754154703,2025-08-02T17:11:43,0.000005,6KNbsP3eLVsFEJY9mJUz8h47B6X1GDh1RnYQPgsiCD1a,dec,6000,809379544,809373544,So11111111111111111111111111111111111111111,9,1.0
4S6X6xkC4kePRMoQMobnAEEsJLMTxgsXSzZ89U1NLWRX7VDAqBD3pSGrTUydWzqvHLEk4tBVg9SGHeXKA2A1CpV1,1754154703,2025-08-02T17:11:43,0.000005003,GK5pPCnPL3qxGQyU7u69HjeB4Xey2ZHnNAMbbSjmWJaY,inc,1933124509246,2933,1933124512179,GEGLQijVQFJqATnFUw3qf7SRBqXk84wsUysgmgcrNbhM,6,1.0
4S6X6xkC4kePRMoQMobnAEEsJLMTxgsXSzZ89U1NLWRX7VDAqBD3pSGrTUydWzqvHLEk4tBVg9SGHeXKA2A1CpV1,1754154703,2025-08-02T17:11:43,0.000005003,6KNbsP3eLVsFEJY9mJUz8h47B6X1GDh1RnYQPgsiCD1a,dec,281239277,1090618821,809379544,So11111111111111111111111111111111111111111,9,1.0
3EciFDtWGR8DQbdY56MDbiitb8kiJhVVgYin8VqGyaQhJbGCXUTFWMHUxUVvkm8gJZgF6xeMpoRSLZgzuYfWnJQM,1754154590,2025-08-02T17:09:50,0.000005,6KNbsP3eLVsFEJY9mJUz8h47B6X1GDh1RnYQPgsiCD1a,dec,6000,1090624821,1090618821,So11111111111111111111111111111111111111111,9,1.0
2dD58MsTkPGh1SD5LM2SV3YAigNwD2xMRCfgBuX2zsAGy1GB7s4i2rkLNe1U7KMzY9xXrmsWx1YAKzVhkaLF88x6,1754154590,2025-08-02T17:09:50,0.000005002,GK5pPCnPL3qxGQyU7u69HjeB4Xey2ZHnNAMbbSjmWJaY,dec,6187095,6190028,2933,GEGLQijVQFJqATnFUw3qf7SRBqXk84wsUysgmgcrNbhM,6,1.0
2dD58MsTkPGh1SD5LM2SV3YAigNwD2xMRCfgBuX2zsAGy1GB7s4i2rkLNe1U7KMzY9xXrmsWx1YAKzVhkaLF88x6,1754154590,2025-08-02T17:09:50,0.000005002,6KNbsP3eLVsFEJY9mJUz8h47B6X1GDh1RnYQPgsiCD1a,dec,4089,1090628910,1090624821,So11111111111111111111111111111111111111111,9,1.0
2rU3wTUX7HENU2CjYKz8HKibuuwHA7tD7S432CzuQpAveKkZK3TxkGQaWQqPU2brgNVmdCAER4H3EnZHHMDbw6B6,1754154462,2025-08-02T17:07:42,0.000005,6KNbsP3eLVsFEJY9mJUz8h47B6X1GDh1RnYQPgsiCD1a,dec,6000,1090634910,1090628910,So11111111111111111111111111111111111111111,9,1.0
2VnW3STQKAgEQVxHo2L9jQjXw5JEqA95djR725Ce9fRpsQY7j4L2AbFR3tsWY5SJQ1CKNn1MMZyC4AnZmAA6yLeH,1754154462,2025-08-02T17:07:42,0.000005002,GK5pPCnPL3qxGQyU7u69HjeB4Xey2ZHnNAMbbSjmWJaY,dec,17140525273,17146715301,6190028,GEGLQijVQFJqATnFUw3qf7SRBqXk84wsUysgmgcrNbhM,6,1.0
2VnW3STQKAgEQVxHo2L9jQjXw5JEqA95djR725Ce9fRpsQY7j4L2AbFR3tsWY5SJQ1CKNn1MMZyC4AnZmAA6yLeH,1754154462,2025-08-02T17:07:42,0.000005002,6KNbsP3eLVsFEJY9mJUz8h47B6X1GDh1RnYQPgsiCD1a,inc,2308110,1088326800,1090634910,So11111111111111111111111111111111111111111,9,1.0
T5KEjAjo1cfHqUFxM9F5kkdYDbAR859V4zex8fNJSbdg2K6qkEKxVKGgs3LeWPm4vjaBa6aoniwtTsrD4PuDGde,1754154415,2025-08-02T17:06:55,0.000005,6KNbsP3eLVsFEJY9mJUz8h47B6X1GDh1RnYQPgsiCD1a,dec,6000,1088332800,1088326800,So11111111111111111111111111111111111111111,9,1.0
5SCWtc7fW9TdjqPsoqYyhkGDMMW1fxgTurDSzA81WUkzwjCAWDcetjCukfZ89J7jXuMbKe5ZGzBZpzCXta9JuTik,1754154415,2025-08-02T17:06:55,0.000005002,GK5pPCnPL3qxGQyU7u69HjeB4Xey2ZHnNAMbbSjmWJaY,dec,3827849731328,3844996446629,17146715301,GEGLQijVQFJqATnFUw3qf7SRBqXk84wsUysgmgcrNbhM,6,1.0
5SCWtc7fW9TdjqPsoqYyhkGDMMW1fxgTurDSzA81WUkzwjCAWDcetjCukfZ89J7jXuMbKe5ZGzBZpzCXta9JuTik,1754154415,2025-08-02T17:06:55,0.000005002,6KNbsP3eLVsFEJY9mJUz8h47B6X1GDh1RnYQPgsiCD1a,inc,523693516,564639284,1088332800,So11111111111111111111111111111111111111111,9,1.0
4odUE4kVYhz4u8L4VrTayAQPKVMRPu1fyKM3zMt3dZv6YFd5rXRajYnvzCVmPHWVhL8g4jr9ge14sa9iAfny2i7f,1754154386,2025-08-02T17:06:26,0.000005,6KNbsP3eLVsFEJY9mJUz8h47B6X1GDh1RnYQPgsiCD1a,dec,6000,564645284,564639284,So11111111111111111111111111111111111111111,9,1.0
2nFm8kFTrtkh764GMrmcEdFfNdoj15rCBR76mvEjKivb7G7HEgxcmdKLfKp1e2RkrCNaZsFNsPr3JdzSFBBcTbAr,1754154386,2025-08-02T17:06:26,0.000005003,GK5pPCnPL3qxGQyU7u69HjeB4Xey2ZHnNAMbbSjmWJaY,inc,3844995970282,476347,3844996446629,GEGLQijVQFJqATnFUw3qf7SRBqXk84wsUysgmgcrNbhM,6,1.0
2nFm8kFTrtkh764GMrmcEdFfNdoj15rCBR76mvEjKivb7G7HEgxcmdKLfKp1e2RkrCNaZsFNsPr3JdzSFBBcTbAr,1754154386,2025-08-02T17:06:26,0.000005003,6KNbsP3eLVsFEJY9mJUz8h47B6X1GDh1RnYQPgsiCD1a,dec,530407763,1095053047,564645284,So11111111111111111111111111111111111111111,9,1.0
5ioXEk373fSn6wCSpnEF6AG4pxyo4bzpBNtMrqC9q5uqpk4UhbihS6KqeufPGDB3zQ9tkVkH8TuVnjvqGEhZXDXY,1754154338,2025-08-02T17:05:38,0.000005,6KNbsP3eLVsFEJY9mJUz8h47B6X1GDh1RnYQPgsiCD1a,dec,6000,1095059047,1095053047,So11111111111111111111111111111111111111111,9,1.0
4Zuc9k8TJjBxdYT8fzpv2dNurv6HHR2Br2SWomPEBaLhqEWwgji5KnCEmwaDogLB88pQ2yvkHWp5koAJWtsJVwRD,1754154338,2025-08-02T17:05:38,0.000005002,GK5pPCnPL3qxGQyU7u69HjeB4Xey2ZHnNAMbbSjmWJaY,dec,40567138,41043485,476347,GEGLQijVQFJqATnFUw3qf7SRBqXk84wsUysgmgcrNbhM,6,1.0
4Zuc9k8TJjBxdYT8fzpv2dNurv6HHR2Br2SWomPEBaLhqEWwgji5KnCEmwaDogLB88pQ2yvkHWp5koAJWtsJVwRD,1754154338,2025-08-02T17:05:38,0.000005002,6KNbsP3eLVsFEJY9mJUz8h47B6X1GDh1RnYQPgsiCD1a,inc,492,1095058555,1095059047,So11111111111111111111111111111111111111111,9,1.0
4pjR9AYDDMaiqw5hBSWTfA5CsexkFCx724LrjLYFjCoBX6gWUbrEZS1h6WdAmNWvQ1goayNurdyAuAh8Fn9FPKT8,1754154320,2025-08-02T17:05:20,0.000005,6KNbsP3eLVsFEJY9mJUz8h47B6X1GDh1RnYQPgsiCD1a,dec,6000,1095064555,1095058555,So11111111111111111111111111111111111111111,9,1.0
PThPbMASrbSDzqK1iYxgzpppHR7M8z6mxdmqJt3Z17AxHMrfvwa4SUTCcJzVo2vz4hP2G11Np8Voe3bMjQmkND9,1754154320,2025-08-02T17:05:20,0.000005002,GK5pPCnPL3qxGQyU7u69HjeB4Xey2ZHnNAMbbSjmWJaY,dec,10997311470,11038354955,41043485,GEGLQijVQFJqATnFUw3qf7SRBqXk84wsUysgmgcrNbhM,6,1.0
PThPbMASrbSDzqK1iYxgzpppHR7M8z6mxdmqJt3Z17AxHMrfvwa4SUTCcJzVo2vz4hP2G11Np8Voe3bMjQmkND9,1754154320,2025-08-02T17:05:20,0.000005002,6KNbsP3eLVsFEJY9mJUz8h47B6X1GDh1RnYQPgsiCD1a,inc,1447856,1093616699,1095064555,So11111111111111111111111111111111111111111,9,1.0
2wbDHJCmKM1UYT2ymTsTzCJbHDJ8uQTNRjjkY22jy4SphRD3VFuzq4ZhE2aAzbroAGwsNPjptHgoha3fMvyjNxKE,1754154200,2025-08-02T17:03:20,0.000005,6KNbsP3eLVsFEJY9mJUz8h47B6X1GDh1RnYQPgsiCD1a,dec,6000,1093622699,1093616699,So11111111111111111111111111111111111111111,9,1.0
33vot4cmFYjuwzB4z62gXCrfw9ZsakGy8mwnrtU2RQw2UsFXLfQgNzHZqrxVQLxbkwc1AKveYQZGyvRp1EfeWQNs,1754154200,2025-08-02T17:03:20,0.000005002,GK5pPCnPL3qxGQyU7u69HjeB4Xey2ZHnNAMbbSjmWJaY,dec,4259201633201,4270239988156,11038354955,GEGLQijVQFJqATnFUw3qf7SRBqXk84wsUysgmgcrNbhM,6,1.0
33vot4cmFYjuwzB4z62gXCrfw9ZsakGy8mwnrtU2RQw2UsFXLfQgNzHZqrxVQLxbkwc1AKveYQZGyvRp1EfeWQNs,1754154200,2025-08-02T17:03:20,0.000005002,6KNbsP3eLVsFEJY9mJUz8h47B6X1GDh1RnYQPgsiCD1a,inc,601480207,492142492,1093622699,So11111111111111111111111111111111111111111,9,1.0
3Qu4YwtogytnfGeMTB3JFRRg4zkd5AWnK5Y26EUprnYMP2emN35zj8rsmQ4VQ4DQ442fRnE3hfmsPz2ktfShq5NK,1754154194,2025-08-02T17:03:14,0.000005,6KNbsP3eLVsFEJY9mJUz8h47B6X1GDh1RnYQPgsiCD1a,dec,6000,492148492,492142492,So11111111111111111111111111111111111111111,9,1.0
CwKLKGKphNxQBtFyhPmLPWPScRbTYc1ykCzbAPQN75BE1UvuXBfwYYgjq3hYnVaBZ942pmu1BPRS6qnqV6qQEiy,1754154194,2025-08-02T17:03:14,0.000005003,GK5pPCnPL3qxGQyU7u69HjeB4Xey2ZHnNAMbbSjmWJaY,inc,2473036787222,1797203200934,4270239988156,GEGLQijVQFJqATnFUw3qf7SRBqXk84wsUysgmgcrNbhM,6,1.0
CwKLKGKphNxQBtFyhPmLPWPScRbTYc1ykCzbAPQN75BE1UvuXBfwYYgjq3hYnVaBZ942pmu1BPRS6qnqV6qQEiy,1754154194,2025-08-02T17:03:14,0.000005003,6KNbsP3eLVsFEJY9mJUz8h47B6X1GDh1RnYQPgsiCD1a,dec,355477351,847625843,492148492,So11111111111111111111111111111111111111111,9,1.0
2iNBBsiuByqJCw2mpG5ekLs9f8wQ5tYtfY1hPyYxaeCaMVwoKbgi3T1KCPzSc7yfw91JgMEUD6q7vh4cBkgKEQj3,1754154184,2025-08-02T17:03:04,0.000005,6KNbsP3eLVsFEJY9mJUz8h47B6X1GDh1RnYQPgsiCD1a,dec,6000,847631843,847625843,So11111111111111111111111111111111111111111,9,1.0
4BVZrBehxyFhFP6734bJhdRRkSB8CPRn78rbQMxarGXYZESVWFPNseHie9tGn4oA5D5PRaT3731P5xVBxjmugw3e,1754154184,2025-08-02T17:03:04,0.000005003,GK5pPCnPL3qxGQyU7u69HjeB4Xey2ZHnNAMbbSjmWJaY,inc,1797089816799,113384135,1797203200934,GEGLQijVQFJqATnFUw3qf7SRBqXk84wsUysgmgcrNbhM,6,1.0
4BVZrBehxyFhFP6734bJhdRRkSB8CPRn78rbQMxarGXYZESVWFPNseHie9tGn4oA5D5PRaT3731P5xVBxjmugw3e,1754154184,2025-08-02T17:03:04,0.000005003,6KNbsP3eLVsFEJY9mJUz8h47B6X1GDh1RnYQPgsiCD1a,dec,257360888,1104992731,847631843,So11111111111111111111111111111111111111111,9,1.0
trqenda9QxHHMMXEMMTaBNcbVXEWstK4cwXjZgt5U7zaSDMSThPM1a4yBVTAyVXUD9JaTrRjcufRdwkh5iCDcDm,1754154145,2025-08-02T17:02:25,0.000005,6KNbsP3eLVsFEJY9mJUz8h47B6X1GDh1RnYQPgsiCD1a,dec,6000,1104998731,1104992731,So11111111111111111111111111111111111111111,9,1.0
5LPcMeCLUe4YyLqSUHX83LSG7DeiUbCSJaYxuBzmeyrk16AmQtXSX4uawgAVu5C6fmJHDw8hp7XhBRU8RVEHz1gp,1754154145,2025-08-02T17:02:25,0.000005002,GK5pPCnPL3qxGQyU7u69HjeB4Xey2ZHnNAMbbSjmWJaY,dec,35030554882,35143939017,113384135,GEGLQijVQFJqATnFUw3qf7SRBqXk84wsUysgmgcrNbhM,6,1.0
5LPcMeCLUe4YyLqSUHX83LSG7DeiUbCSJaYxuBzmeyrk16AmQtXSX4uawgAVu5C6fmJHDw8hp7XhBRU8RVEHz1gp,1754154145,2025-08-02T17:02:25,0.000005002,6KNbsP3eLVsFEJY9mJUz8h47B6X1GDh1RnYQPgsiCD1a,inc,4965619,1100033112,1104998731,So11111111111111111111111111111111111111111,9,1.0
4X1UbfQi3xdZC4xSDRpoB6TLXA7SB67whuH5UNDpomarJAjGmV91ciGR9hSXmYiwivqiDRfN78v92SV7cST3um3i,1754154076,2025-08-02T17:01:16,0.000005,6KNbsP3eLVsFEJY9mJUz8h47B6X1GDh1RnYQPgsiCD1a,dec,6000,1100039112,1100033112,So11111111111111111111111111111111111111111,9,1.0
2jRDiCfPLG3KnNLrMdRa8rw8YH6YhzNGEhArs3cnRGx37oapHWPCYadNMejJCTdbj9fcYkSNgrFdaHvzYcZ2F9o1,1754154076,2025-08-02T17:01:16,0.000005002,GK5pPCnPL3qxGQyU7u69HjeB4Xey2ZHnNAMbbSjmWJaY,dec,2457437446111,2492581385128,35143939017,GEGLQijVQFJqATnFUw3qf7SRBqXk84wsUysgmgcrNbhM,6,1.0
2jRDiCfPLG3KnNLrMdRa8rw8YH6YhzNGEhArs3cnRGx37oapHWPCYadNMejJCTdbj9fcYkSNgrFdaHvzYcZ2F9o1,1754154076,2025-08-02T17:01:16,0.000005002,6KNbsP3eLVsFEJY9mJUz8h47B6X1GDh1RnYQPgsiCD1a,inc,332832219,767206893,1100039112,So11111111111111111111111111111111111111111,9,1.0
3PaZW1XsA54h18bKSqqxhXtNAyhsBHjdy6zD3RTJwPPaJkdECitT8J4sWPaV7kfbZRDFYMD6NCe9PKH1bUzv44oE,1754154018,2025-08-02T17:00:18,0.000005,6KNbsP3eLVsFEJY9mJUz8h47B6X1GDh1RnYQPgsiCD1a,dec,6000,767212893,767206893,So11111111111111111111111111111111111111111,9,1.0
4Nya1nk4oHZMTMNxJDeyx1zqDiPU3PbSAHDE7L7wbVd3Aod9HPLLW9WjzKYig2BxGb66GVBNKJ9JqKZpsXUzK67,1754154018,2025-08-02T17:00:18,0.000005003,GK5pPCnPL3qxGQyU7u69HjeB4Xey2ZHnNAMbbSjmWJaY,inc,2459094002240,33487382888,2492581385128,GEGLQijVQFJqATnFUw3qf7SRBqXk84wsUysgmgcrNbhM,6,1.0
4Nya1nk4oHZMTMNxJDeyx1zqDiPU3PbSAHDE7L7wbVd3Aod9HPLLW9WjzKYig2BxGb66GVBNKJ9JqKZpsXUzK67,1754154018,2025-08-02T17:00:18,0.000005003,6KNbsP3eLVsFEJY9mJUz8h47B6X1GDh1RnYQPgsiCD1a,dec,348584790,1115797683,767212893,So11111111111111111111111111111111111111111,9,1.0
56GKYW3eYrMx1K3VFtYxiRuPpogWQtGWMiHVGVBgkFPF893fzYg8rgAACCQ3jDzKshSZ2t4q6nGtcTpum73QqwSP,1754153995,2025-08-02T16:59:55,0.000005,6KNbsP3eLVsFEJY9mJUz8h47B6X1GDh1RnYQPgsiCD1a,dec,6000,1115803683,1115797683,So11111111111111111111111111111111111111111,9,1.0
48uVmYPL4XJySfSqEsBad8H1up8wFyHKjYyK8KQQih9QwBjZNmLrnmR7LJkAoUYf2Zvg9F5Pjk9vUo5MYiTfa5Nj,1754153995,2025-08-02T16:59:55,0.000005002,GK5pPCnPL3qxGQyU7u69HjeB4Xey2ZHnNAMbbSjmWJaY,dec,6787262315207,6820749698095,33487382888,GEGLQijVQFJqATnFUw3qf7SRBqXk84wsUysgmgcrNbhM,6,1.0
48uVmYPL4XJySfSqEsBad8H1up8wFyHKjYyK8KQQih9QwBjZNmLrnmR7LJkAoUYf2Zvg9F5Pjk9vUo5MYiTfa5Nj,1754153995,2025-08-02T16:59:55,0.000005002,6KNbsP3eLVsFEJY9mJUz8h47B6X1GDh1RnYQPgsiCD1a,inc,920456155,195347528,1115803683,So11111111111111111111111111111111111111111,9,1.0
2m2kAPBE8yLGqSPEFYWR6A5Jz7htCXjVWZ7Q4cjQTQ6PV99ybfKZkRWkh4FeaTuqmqMStBJrDWJUkw7Y6Lb8wwEZ,1754153944,2025-08-02T16:59:04,0.000005,6KNbsP3eLVsFEJY9mJUz8h47B6X1GDh1RnYQPgsiCD1a,dec,6000,195353528,195347528,So11111111111111111111111111111111111111111,9,1.0
61u4CNzcqwqYg9XJKq652e8HdEzCDPztu73QrJGAGHzNNEK8nW6gdXMgoRZa8DoQj82QzhtUcd9D2pVjErPG3AP2,1754153944,2025-08-02T16:59:04,0.000005003,GK5pPCnPL3qxGQyU7u69HjeB4Xey2ZHnNAMbbSjmWJaY,inc,3972107657618,2848642040477,6820749698095,GEGLQijVQFJqATnFUw3qf7SRBqXk84wsUysgmgcrNbhM,6,1.0
61u4CNzcqwqYg9XJKq652e8HdEzCDPztu73QrJGAGHzNNEK8nW6gdXMgoRZa8DoQj82QzhtUcd9D2pVjErPG3AP2,1754153944,2025-08-02T16:59:04,0.000005003,6KNbsP3eLVsFEJY9mJUz8h47B6X1GDh1RnYQPgsiCD1a,dec,547541377,742894905,195353528,So11111111111111111111111111111111111111111,9,1.0
5ZH8m6Y7JwJryb4zfxHHXew4bhSqJbd6irTwCZGvwXu1atCjt9j5PzaLXNVBvh4YKD6yHbxgyB74tRKaifV2YgAS,1754153907,2025-08-02T16:58:27,0.000005,6KNbsP3eLVsFEJY9mJUz8h47B6X1GDh1RnYQPgsiCD1a,dec,6000,742900905,742894905,So11111111111111111111111111111111111111111,9,1.0
56LqMHZR6aKEfA4DfTdRjK26FCzxoH4AhbxVjScEFhGqSq2JtJUo8Ei1fdb431au67dSBZWA9HCmjC53u5MRLqwR,1754153907,2025-08-02T16:58:27,0.000005003,GK5pPCnPL3qxGQyU7u69HjeB4Xey2ZHnNAMbbSjmWJaY,inc,2848642037154,3323,2848642040477,GEGLQijVQFJqATnFUw3qf7SRBqXk84wsUysgmgcrNbhM,6,1.0
56LqMHZR6aKEfA4DfTdRjK26FCzxoH4AhbxVjScEFhGqSq2JtJUo8Ei1fdb431au67dSBZWA9HCmjC53u5MRLqwR,1754153907,2025-08-02T16:58:27,0.000005003,6KNbsP3eLVsFEJY9mJUz8h47B6X1GDh1RnYQPgsiCD1a,dec,391790522,1134691427,742900905,So11111111111111111111111111111111111111111,9,1.0
2uCHRPBbFvGp9rh8u2ZZcUEgESc48cBwWhN62M83tJWE63dVX9X9qfNiw5nJTwokw9uevz7tYNejJw1VvJmAUUvs,1754153866,2025-08-02T16:57:46,0.000005,6KNbsP3eLVsFEJY9mJUz8h47B6X1GDh1RnYQPgsiCD1a,dec,6000,1134697427,1134691427,So11111111111111111111111111111111111111111,9,1.0
wKB8ATdauRxYDUBpsQQBKPrWT4heVkcSw3hrKirnSsMWkUyLyNo7f3Ugcixonh1jVCuDP3XtDnXNnUXBFGpvLrr,1754153866,2025-08-02T16:57:46,0.000005002,GK5pPCnPL3qxGQyU7u69HjeB4Xey2ZHnNAMbbSjmWJaY,dec,434721,438044,3323,GEGLQijVQFJqATnFUw3qf7SRBqXk84wsUysgmgcrNbhM,6,1.0
wKB8ATdauRxYDUBpsQQBKPrWT4heVkcSw3hrKirnSsMWkUyLyNo7f3Ugcixonh1jVCuDP3XtDnXNnUXBFGpvLrr,1754153866,2025-08-02T16:57:46,0.000005002,6KNbsP3eLVsFEJY9mJUz8h47B6X1GDh1RnYQPgsiCD1a,dec,4938,1134702365,1134697427,So11111111111111111111111111111111111111111,9,1.0
4GWikZU33MPaymLE86p69n833U6qPsiAjknrGJiTtDYBD42YToTh6HvjepN3fLjUP2fPRy6Z3cgUtUiSZ2p9qsBY,1754153787,2025-08-02T16:56:27,0.000005,6KNbsP3eLVsFEJY9mJUz8h47B6X1GDh1RnYQPgsiCD1a,dec,6000,1134708365,1134702365,So11111111111111111111111111111111111111111,9,1.0
3oYh5nT2QhBdttcdZ1CZzrC8c2zketth9smPmKaFmp587B6vEeccgSHXuvi8w5B4eV4T2h2NDVzm5pTyDxFbhd1R,1754153787,2025-08-02T16:56:27,0.000005002,GK5pPCnPL3qxGQyU7u69HjeB4Xey2ZHnNAMbbSjmWJaY,dec,80879297,81317341,438044,GEGLQijVQFJqATnFUw3qf7SRBqXk84wsUysgmgcrNbhM,6,1.0
3oYh5nT2QhBdttcdZ1CZzrC8c2zketth9smPmKaFmp587B6vEeccgSHXuvi8w5B4eV4T2h2NDVzm5pTyDxFbhd1R,1754153787,2025-08-02T16:56:27,0.000005002,6KNbsP3eLVsFEJY9mJUz8h47B6X1GDh1RnYQPgsiCD1a,inc,5893,1134702472,1134708365,So11111111111111111111111111111111111111111,9,1.0
3kSQvTkRinygesKUaZr6VmyE1h2d4dzdBzhRcuxSbXvXDJiMVVUU9yei216ojmXt1Rc5fsZd2nZM1TJyAt9HRYWN,1754153761,2025-08-02T16:56:01,0.000005,6KNbsP3eLVsFEJY9mJUz8h47B6X1GDh1RnYQPgsiCD1a,dec,6000,1134708472,1134702472,So11111111111111111111111111111111111111111,9,1.0
5wYqPJRfjJrTYxNsH9qyUqdEFRa55WnJH7Bmgw9VQnYY8gwjoqzZ9hN1EMVk8FLh1L5DzC9WHiW6ApjRJagYqn62,1754153761,2025-08-02T16:56:01,0.000005002,GK5pPCnPL3qxGQyU7u69HjeB4Xey2ZHnNAMbbSjmWJaY,dec,16679229206,16760546547,81317341,GEGLQijVQFJqATnFUw3qf7SRBqXk84wsUysgmgcrNbhM,6,1.0
5wYqPJRfjJrTYxNsH9qyUqdEFRa55WnJH7Bmgw9VQnYY8gwjoqzZ9hN1EMVk8FLh1L5DzC9WHiW6ApjRJagYqn62,1754153761,2025-08-02T16:56:01,0.000005002,6KNbsP3eLVsFEJY9mJUz8h47B6X1GDh1RnYQPgsiCD1a,inc,2282235,1132426237,1134708472,So11111111111111111111111111111111111111111,9,1.0
4HABimduVjjaHA7mLCh67W2ELZKRq1tZbMMxRZud2auxsZU5GGjnDJfgmydhXumCpypomJQnHzf3QAgg7Ly5GH2v,1754153744,2025-08-02T16:55:44,0.000005,6KNbsP3eLVsFEJY9mJUz8h47B6X1GDh1RnYQPgsiCD1a,dec,6000,1132432237,1132426237,So11111111111111111111111111111111111111111,9,1.0
5egC8PLDKDzYzpkK5u2xwUwQ1ueok67uTL3W2Qp6FGUqbmJ4pWE7rpMKfDNiyX9CpzrDwrAduiAy6tjhiypq6fER,1754153744,2025-08-02T16:55:44,0.000005002,GK5pPCnPL3qxGQyU7u69HjeB4Xey2ZHnNAMbbSjmWJaY,dec,1846835326746,1863595873293,16760546547,GEGLQijVQFJqATnFUw3qf7SRBqXk84wsUysgmgcrNbhM,6,1.0
5egC8PLDKDzYzpkK5u2xwUwQ1ueok67uTL3W2Qp6FGUqbmJ4pWE7rpMKfDNiyX9CpzrDwrAduiAy6tjhiypq6fER,1754153744,2025-08-02T16:55:44,0.000005002,6KNbsP3eLVsFEJY9mJUz8h47B6X1GDh1RnYQPgsiCD1a,inc,259941846,872490391,1132432237,So11111111111111111111111111111111111111111,9,1.0
5o8Wr6VYFfshmCWQ6BxLXCgYe2fVf8rdjHLqFL6hyiuLnw1hFmRuXx1VKEU6LJNH6YqdtEzwSiHdZCMDtRxHpbzd,1754153689,2025-08-02T16:54:49,0.000005,6KNbsP3eLVsFEJY9mJUz8h47B6X1GDh1RnYQPgsiCD1a,dec,6000,872496391,872490391,So11111111111111111111111111111111111111111,9,1.0
5ky86EhhJF52kWtjw9iLoKwBTdrPB73qQkB4QM2h6btH14BnMP1Ftqc1zX3BkGB4hXqaYRmZBw3fm9CzznCWX71C,1754153689,2025-08-02T16:54:49,0.000005003,GK5pPCnPL3qxGQyU7u69HjeB4Xey2ZHnNAMbbSjmWJaY,inc,756063287279,1107532586014,1863595873293,GEGLQijVQFJqATnFUw3qf7SRBqXk84wsUysgmgcrNbhM,6,1.0
5ky86EhhJF52kWtjw9iLoKwBTdrPB73qQkB4QM2h6btH14BnMP1Ftqc1zX3BkGB4hXqaYRmZBw3fm9CzznCWX71C,1754153689,2025-08-02T16:54:49,0.000005003,6KNbsP3eLVsFEJY9mJUz8h47B6X1GDh1RnYQPgsiCD1a,dec,107946114,980442505,872496391,So11111111111111111111111111111111111111111,9,1.0
2zJzhHL3yT1kMz1kJ7SRHqDRiQbJe3f6XNJVjMAC9RfZtLGmEq1a3vctG2k3F1BFGndXQycspZhYKKdBhyWMmAGR,1754153673,2025-08-02T16:54:33,0.000005,6KNbsP3eLVsFEJY9mJUz8h47B6X1GDh1RnYQPgsiCD1a,dec,6000,980448505,980442505,So11111111111111111111111111111111111111111,9,1.0
2bYbG1gknVdrFtCYjEvmuD4EDTK3wRbB8TESYjb9RpKEmbhpct1FsrXAZww9o4qjfudpy8TiMWEkYvJ9JxVGAA45,1754153673,2025-08-02T16:54:33,0.000005003,GK5pPCnPL3qxGQyU7u69HjeB4Xey2ZHnNAMbbSjmWJaY,inc,1107271256595,261329419,1107532586014,GEGLQijVQFJqATnFUw3qf7SRBqXk84wsUysgmgcrNbhM,6,1.0
2bYbG1gknVdrFtCYjEvmuD4EDTK3wRbB8TESYjb9RpKEmbhpct1FsrXAZww9o4qjfudpy8TiMWEkYvJ9JxVGAA45,1754153673,2025-08-02T16:54:33,0.000005003,6KNbsP3eLVsFEJY9mJUz8h47B6X1GDh1RnYQPgsiCD1a,dec,149626571,1130075076,980448505,So11111111111111111111111111111111111111111,9,1.0
4RcVBfPn7DWJUsLUT6Sqs1mhBNhFwWbJvsedjBUZNMyqYeG4jxnB21mZuntSgfFmUQovQ7pTtKf3n2N4bkwS9usP,1754153625,2025-08-02T16:53:45,0.000005,6KNbsP3eLVsFEJY9mJUz8h47B6X1GDh1RnYQPgsiCD1a,dec,6000,1130081076,1130075076,So11111111111111111111111111111111111111111,9,1.0
XGw5pmzaBJC7HsZfRu3Gxft4x8tUUF9BQfgBAjWv87bh2oHp8jKkRN7DsczRYwbWVaeEbP1LfGQBDgDLxExLn9S,1754153625,2025-08-02T16:53:45,0.000005002,GK5pPCnPL3qxGQyU7u69HjeB4Xey2ZHnNAMbbSjmWJaY,dec,26971557817,27232887236,261329419,GEGLQijVQFJqATnFUw3qf7SRBqXk84wsUysgmgcrNbhM,6,1.0
XGw5pmzaBJC7HsZfRu3Gxft4x8tUUF9BQfgBAjWv87bh2oHp8jKkRN7DsczRYwbWVaeEbP1LfGQBDgDLxExLn9S,1754153625,2025-08-02T16:53:45,0.000005002,6KNbsP3eLVsFEJY9mJUz8h47B6X1GDh1RnYQPgsiCD1a,inc,3559422,1126521654,1130081076,So11111111111111111111111111111111111111111,9,1.0
e2cscZFvprBkp1p8j7kvTsoiVfoEUT87SWv3TREvxSi6qrEPpvjGMtAVGoHFF1ctujVjhK7EYaK2TAsMuQVKQye,1754153577,2025-08-02T16:52:57,0.000005,6KNbsP3eLVsFEJY9mJUz8h47B6X1GDh1RnYQPgsiCD1a,dec,6000,1126527654,1126521654,So11111111111111111111111111111111111111111,9,1.0
5uo4zZovSkcEWXsD51ADJfUG2mGCwVBTbtUp61nnik3upLaxpkwtuzy7QQvjcA4WhwwavRZR8kMYMsE4a5M6QZWD,1754153577,2025-08-02T16:52:57,0.000005002,GK5pPCnPL3qxGQyU7u69HjeB4Xey2ZHnNAMbbSjmWJaY,dec,6319418790794,6346651678030,27232887236,GEGLQijVQFJqATnFUw3qf7SRBqXk84wsUysgmgcrNbhM,6,1.0
5uo4zZovSkcEWXsD51ADJfUG2mGCwVBTbtUp61nnik3upLaxpkwtuzy7QQvjcA4WhwwavRZR8kMYMsE4a5M6QZWD,1754153577,2025-08-02T16:52:57,0.000005002,6KNbsP3eLVsFEJY9mJUz8h47B6X1GDh1RnYQPgsiCD1a,inc,764077684,362449970,1126527654,So11111111111111111111111111111111111111111,9,1.0
2bxB139ArEphVkivnH4bZbAr78dBkisbXCacV2VicvabFMvPvovQ2LzY26zmPZP3Veb3LjUpT4nxfchyefhRsuQr,1754153476,2025-08-02T16:51:16,0.000005,6KNbsP3eLVsFEJY9mJUz8h47B6X1GDh1RnYQPgsiCD1a,dec,6000,362455970,362449970,So11111111111111111111111111111111111111111,9,1.0
3CDypa7KAvxzEbuJSDe8tZzpdGv3s98JABFzWcMRvTzEtdkhDACShPqdFjguBkDneF3gBoq18djevnAYFuzKuNUG,1754153476,2025-08-02T16:51:16,0.000005003,GK5pPCnPL3qxGQyU7u69HjeB4Xey2ZHnNAMbbSjmWJaY,inc,2026011826727,4320639851303,6346651678030,GEGLQijVQFJqATnFUw3qf7SRBqXk84wsUysgmgcrNbhM,6,1.0
3CDypa7KAvxzEbuJSDe8tZzpdGv3s98JABFzWcMRvTzEtdkhDACShPqdFjguBkDneF3gBoq18djevnAYFuzKuNUG,1754153476,2025-08-02T16:51:16,0.000005003,6KNbsP3eLVsFEJY9mJUz8h47B6X1GDh1RnYQPgsiCD1a,dec,206603733,569059703,362455970,So11111111111111111111111111111111111111111,9,1.0
4dUWLuzBeWR6UfNm5CfjfD6iB2WHduvBHHhnyDhdDQi9njfjYD2nJyiFh66DY1VpUBLX9PEevE4Z2gfYekafQ5Rp,1754153471,2025-08-02T16:51:11,0.000005,6KNbsP3eLVsFEJY9mJUz8h47B6X1GDh1RnYQPgsiCD1a,dec,6000,569065703,569059703,So11111111111111111111111111111111111111111,9,1.0
3L581eMmTg86s5k9T8wFPui7eJpEXc6gnthGjmEHRNMcBVUz25HRm8zyrjKrFt9gPXgnU1m6RuytZJ7TFz8HSUpA,1754153471,2025-08-02T16:51:11,0.000005004,GK5pPCnPL3qxGQyU7u69HjeB4Xey2ZHnNAMbbSjmWJaY,inc,4320639851303,0,4320639851303,GEGLQijVQFJqATnFUw3qf7SRBqXk84wsUysgmgcrNbhM,6,1.0
3L581eMmTg86s5k9T8wFPui7eJpEXc6gnthGjmEHRNMcBVUz25HRm8zyrjKrFt9gPXgnU1m6RuytZJ7TFz8HSUpA,1754153471,2025-08-02T16:51:11,0.000005004,6KNbsP3eLVsFEJY9mJUz8h47B6X1GDh1RnYQPgsiCD1a,dec,432434298,1001500001,569065703,So11111111111111111111111111111111111111111,9,1.0
4JPFMn5Mhb43sj87LRxj7kD785eW448U2zZ3QXF6jFhxxTE7eevPDNRmXt2RyNXxXh75c65rCDbvo1spvX6jm1eC,1754153376,2025-08-02T16:49:36,0.000028943,6KNbsP3eLVsFEJY9mJUz8h47B6X1GDh1RnYQPgsiCD1a,inc,1000000000,1500001,1001500001,So11111111111111111111111111111111111111111,9,1.0
3xiuCSx8dDsJdoC4T7Rjjf1VPdWg1wNNDetedKoLBEV667QiUv6JEywVQaxYv9s1nqLppCZV5hsD8EydDq4ruoGQ,1754153242,2025-08-02T16:47:22,0.000065607,6KNbsP3eLVsFEJY9mJUz8h47B6X1GDh1RnYQPgsiCD1a,dec,1001127673,1002627674,1500001,So11111111111111111111111111111111111111111,9,1.0
3kL1Wjz2hsGXEE4sa1mt73vhE2Lq9orhrTeDPJn11t1yckCCdY9rtGgHQVqCJNhqGPAC9LM3bccYYsrsTJGzTjDd,1754153193,2025-08-02T16:46:33,0.000005,6KNbsP3eLVsFEJY9mJUz8h47B6X1GDh1RnYQPgsiCD1a,dec,6000,1002633674,1002627674,So11111111111111111111111111111111111111111,9,1.0
47UnnviFNGZG7mAeerGqs1Xuck6Kfi6NeQZwxt1NHyhk66FtsgGvkyM2W89k99ySL5Z3fLuHtSaGTnTDFAkmreL,1754153193,2025-08-02T16:46:33,0.000005002,8p32ZTXPxQbPhqZhbEMjnWUv5BLvYyzEBsWKT27ERaWR,dec,10862668653,10903563750,40895097,FruNEFGc3sLaZDe7jB8gYrPgqyYvNfbzGn5FFZiNqfA4,6,1.0
47UnnviFNGZG7mAeerGqs1Xuck6Kfi6NeQZwxt1NHyhk66FtsgGvkyM2W89k99ySL5Z3fLuHtSaGTnTDFAkmreL,1754153193,2025-08-02T16:46:33,0.000005002,6KNbsP3eLVsFEJY9mJUz8h47B6X1GDh1RnYQPgsiCD1a,inc,1419208,1001214466,1002633674,So11111111111111111111111111111111111111111,9,1.0
3gttDP3Wdoxiz5245M7edcBXVtrzcNHPSabVCaCBNBoEJQN3qL9HXHKBVyt57S8KEawyUhHcQXEzC4a6RLRm25Sc,1754153190,2025-08-02T16:46:30,0.000005,6KNbsP3eLVsFEJY9mJUz8h47B6X1GDh1RnYQPgsiCD1a,dec,6000,1001220466,1001214466,So11111111111111111111111111111111111111111,9,1.0
2GLRm7karQSPN93Wp85zN6yGQS5tfLyNTfGSnMmME4QxSmNotqpCQQwf4gHcPJ7G43uNjDioQRRcrD3s9X1qNjZP,1754153190,2025-08-02T16:46:30,0.000005002,8p32ZTXPxQbPhqZhbEMjnWUv5BLvYyzEBsWKT27ERaWR,dec,1452960190033,1463863753783,10903563750,FruNEFGc3sLaZDe7jB8gYrPgqyYvNfbzGn5FFZiNqfA4,6,1.0
2GLRm7karQSPN93Wp85zN6yGQS5tfLyNTfGSnMmME4QxSmNotqpCQQwf4gHcPJ7G43uNjDioQRRcrD3s9X1qNjZP,1754153190,2025-08-02T16:46:30,0.000005002,6KNbsP3eLVsFEJY9mJUz8h47B6X1GDh1RnYQPgsiCD1a,inc,190434037,810786429,1001220466,So11111111111111111111111111111111111111111,9,1.0
5Cv6BSbfjWci6ZD6QnicmBN4NpWx8AWmqVfY32yTQj8wDP3L2smDX4zjajppRP4ToTREX9TfTKtwDpYPbry149my,1754153131,2025-08-02T16:45:31,0.000005,6KNbsP3eLVsFEJY9mJUz8h47B6X1GDh1RnYQPgsiCD1a,dec,6000,810792429,810786429,So11111111111111111111111111111111111111111,9,1.0
Ci7eRTwnXiFPLGeAx36HYYPRYAXjjirhJe5yJBeTDLo6z7oJvqaMvuUihzTR9yHws9dzey3hFmxyDfPaZC8XUWg,1754153131,2025-08-02T16:45:31,0.000005004,8p32ZTXPxQbPhqZhbEMjnWUv5BLvYyzEBsWKT27ERaWR,inc,1463863753783,0,1463863753783,FruNEFGc3sLaZDe7jB8gYrPgqyYvNfbzGn5FFZiNqfA4,6,1.0
Ci7eRTwnXiFPLGeAx36HYYPRYAXjjirhJe5yJBeTDLo6z7oJvqaMvuUihzTR9yHws9dzey3hFmxyDfPaZC8XUWg,1754153131,2025-08-02T16:45:31,0.000005004,6KNbsP3eLVsFEJY9mJUz8h47B6X1GDh1RnYQPgsiCD1a,dec,190707571,1001500000,810792429,So11111111111111111111111111111111111111111,9,1.0
2ssDQUR153u7uvewh6SihhYU3NzeWaj7cbP3anuVhr4di3pLUfMZsBYhFBPxdTSvrZ6LqsJzco7Kh8q6P6J85d9z,1754152943,2025-08-02T16:42:23,0.0000314,6KNbsP3eLVsFEJY9mJUz8h47B6X1GDh1RnYQPgsiCD1a,inc,1000000000,1500000,1001500000,So11111111111111111111111111111111111111111,9,1.0
3TTcCQi2RtoAqioxxDhshVAuGcxRCNGBq21kXZUxRkrsLYfd3Nxw1nL2JWD7KghfiSyNgb3WwoF2F6dvhhS8Txmu,1754152808,2025-08-02T16:40:08,0.0000666,6KNbsP3eLVsFEJY9mJUz8h47B6X1GDh1RnYQPgsiCD1a,dec,133011837,134511837,1500000,So11111111111111111111111111111111111111111,9,1.0
4srZNDra6ucahLPuoAiBjmAFksmjrhNngXkduv6XqLNyNVvdJdGNvgvwRHehdME5adVehrNjKvDMxyUqw45pwyGZ,1754152592,2025-08-02T16:36:32,0.000005,6KNbsP3eLVsFEJY9mJUz8h47B6X1GDh1RnYQPgsiCD1a,dec,6000,134517837,134511837,So11111111111111111111111111111111111111111,9,1.0
67PAjJAqvPDbTJewzyi44Sh8WrLahaSVG713Uif3Eh68SXBdGGW5HX4yMruhH6abep925SQLPntaAfraKeqN78ec,1754152592,2025-08-02T16:36:32,0.000005003,6EidNS3NLtzNvSpmbej9gsRKkDURL4ukxj7icLtphSZE,inc,2359468618196,2732607186386,5092075804582,CbrKJKsSRCUyk3orCAqcfpLbRuSX9yrqGZFs3WQFuSpG,6,1.0
67PAjJAqvPDbTJewzyi44Sh8WrLahaSVG713Uif3Eh68SXBdGGW5HX4yMruhH6abep925SQLPntaAfraKeqN78ec,1754152592,2025-08-02T16:36:32,0.000005003,6KNbsP3eLVsFEJY9mJUz8h47B6X1GDh1RnYQPgsiCD1a,dec,413922815,548440652,134517837,So11111111111111111111111111111111111111111,9,1.0
SjFuZczzRszCEgFmJwctdxSNHW7wGNo6P1RoDJtbvDyTv83bF7iMStViJxYV1xLPTx4bVYbJr84kFVS25emXf89,1754152543,2025-08-02T16:35:43,0.000005,6KNbsP3eLVsFEJY9mJUz8h47B6X1GDh1RnYQPgsiCD1a,dec,6000,548446652,548440652,So11111111111111111111111111111111111111111,9,1.0
4gYSvWXf2QTnsDp4aMo1muBu9w4mCN4fVdJqm8RHbGJcheG53irbHeB8PtyDHio9ZUyqzVQ1tesdcm6QoRsq5Vw2,1754152543,2025-08-02T16:35:43,0.000005003,6EidNS3NLtzNvSpmbej9gsRKkDURL4ukxj7icLtphSZE,inc,2713367542715,19239643671,2732607186386,CbrKJKsSRCUyk3orCAqcfpLbRuSX9yrqGZFs3WQFuSpG,6,1.0
4gYSvWXf2QTnsDp4aMo1muBu9w4mCN4fVdJqm8RHbGJcheG53irbHeB8PtyDHio9ZUyqzVQ1tesdcm6QoRsq5Vw2,1754152543,2025-08-02T16:35:43,0.000005003,6KNbsP3eLVsFEJY9mJUz8h47B6X1GDh1RnYQPgsiCD1a,dec,479916487,1028363139,548446652,So11111111111111111111111111111111111111111,9,1.0
4t9xFjtvnAeBNeBDYeAVJEPQ2XYXyioqfBQPhrS3Gi3KhZqfNr4sowawACKWsjeN6ZMsnqGpAh3DBE8uJdtbjRjR,1754152501,2025-08-02T16:35:01,0.000005,6KNbsP3eLVsFEJY9mJUz8h47B6X1GDh1RnYQPgsiCD1a,dec,6000,1028369139,1028363139,So11111111111111111111111111111111111111111,9,1.0
3VXvUd8kNEk4D36iSTunXCSUAzcg3Vxm7iKyvufm4gvsnuCmJ8fEZ5iLLRqVx84qJeEWJWXo8gkPrrGK6PBYDZZs,1754152501,2025-08-02T16:35:01,0.000005002,6EidNS3NLtzNvSpmbej9gsRKkDURL4ukxj7icLtphSZE,dec,4557056772338,4576296416009,19239643671,CbrKJKsSRCUyk3orCAqcfpLbRuSX9yrqGZFs3WQFuSpG,6,1.0
3VXvUd8kNEk4D36iSTunXCSUAzcg3Vxm7iKyvufm4gvsnuCmJ8fEZ5iLLRqVx84qJeEWJWXo8gkPrrGK6PBYDZZs,1754152501,2025-08-02T16:35:01,0.000005002,6KNbsP3eLVsFEJY9mJUz8h47B6X1GDh1RnYQPgsiCD1a,inc,773476119,254893020,1028369139,So11111111111111111111111111111111111111111,9,1.0
4gWsXpRisgqu6smWJ7yCai1BJV6uNyE9K7HQKPDn12RDNHVD3Y31HCAmF4bnvE7gMRsnJExW47sJB7GeAza6UdA2,1754152478,2025-08-02T16:34:38,0.000005,6KNbsP3eLVsFEJY9mJUz8h47B6X1GDh1RnYQPgsiCD1a,dec,6000,254899020,254893020,So11111111111111111111111111111111111111111,9,1.0
4E7RPxFxJ9HmR3fGjdkyXREo9c7W3vV6d7CBSn8huTN4aRfBc9jng1RcKeEWQxW4UEN38rEavbZCLFCbcXhirwAo,1754152478,2025-08-02T16:34:38,0.000005003,6EidNS3NLtzNvSpmbej9gsRKkDURL4ukxj7icLtphSZE,inc,2983932232210,1592364183799,4576296416009,CbrKJKsSRCUyk3orCAqcfpLbRuSX9yrqGZFs3WQFuSpG,6,1.0
4E7RPxFxJ9HmR3fGjdkyXREo9c7W3vV6d7CBSn8huTN4aRfBc9jng1RcKeEWQxW4UEN38rEavbZCLFCbcXhirwAo,1754152478,2025-08-02T16:34:38,0.000005003,6KNbsP3eLVsFEJY9mJUz8h47B6X1GDh1RnYQPgsiCD1a,dec,505874915,760773935,254899020,So11111111111111111111111111111111111111111,9,1.0
25xcmkyfudtu1LoHA9xsaqSajE9CmaYBy65e9tbmoPgSsCHq2YB1H43mBGH6TJXBMF8dgUHyBZabxVcDkkvoMkML,1754152443,2025-08-02T16:34:03,0.000005,6KNbsP3eLVsFEJY9mJUz8h47B6X1GDh1RnYQPgsiCD1a,dec,6000,760779935,760773935,So11111111111111111111111111111111111111111,9,1.0
4EGiVbx7tr1RtVpj28oQaKpbfJqhNfWAjJjP1cEeCN5jTfDkbZwpNNbsUGy4r9pm7LeD6cvCeSKVwerSicPA9Yyq,1754152443,2025-08-02T16:34:03,0.000005003,6EidNS3NLtzNvSpmbej9gsRKkDURL4ukxj7icLtphSZE,inc,1592364181065,2734,1592364183799,CbrKJKsSRCUyk3orCAqcfpLbRuSX9yrqGZFs3WQFuSpG,6,1.0
4EGiVbx7tr1RtVpj28oQaKpbfJqhNfWAjJjP1cEeCN5jTfDkbZwpNNbsUGy4r9pm7LeD6cvCeSKVwerSicPA9Yyq,1754152443,2025-08-02T16:34:03,0.000005003,6KNbsP3eLVsFEJY9mJUz8h47B6X1GDh1RnYQPgsiCD1a,dec,261481422,1022261357,760779935,So11111111111111111111111111111111111111111,9,1.0
u8bUZxwWbVuqyaBqoLKYCSd6i8eekeuN8vLKV25pGF2hiHyh6LMeDpfpRTyNbRQ6H6ZFHhuFFmL87MCyZnD4Fjs,1754152196,2025-08-02T16:29:56,0.000005,6KNbsP3eLVsFEJY9mJUz8h47B6X1GDh1RnYQPgsiCD1a,dec,6000,1022267357,1022261357,So11111111111111111111111111111111111111111,9,1.0
5jrY27DfbNebMT1JqXXvqi3gj39Fysppx7rFuJry9myY6TgYGk19b7gRSA5JYbj5VSzwWGX8f9gcCvoaaADUT9uU,1754152196,2025-08-02T16:29:56,0.000005002,6EidNS3NLtzNvSpmbej9gsRKkDURL4ukxj7icLtphSZE,dec,454290,457024,2734,CbrKJKsSRCUyk3orCAqcfpLbRuSX9yrqGZFs3WQFuSpG,6,1.0
5jrY27DfbNebMT1JqXXvqi3gj39Fysppx7rFuJry9myY6TgYGk19b7gRSA5JYbj5VSzwWGX8f9gcCvoaaADUT9uU,1754152196,2025-08-02T16:29:56,0.000005002,6KNbsP3eLVsFEJY9mJUz8h47B6X1GDh1RnYQPgsiCD1a,dec,4939,1022272296,1022267357,So11111111111111111111111111111111111111111,9,1.0
M5pXyV35pUUQJBeAPmmcntaUerdWAewVMbRdKmSNEHgDArT1z8j9W7WJp56AxnAuZUvVKVkXBqZ8VvVPkUUxXSy,1754152160,2025-08-02T16:29:20,0.000005,6KNbsP3eLVsFEJY9mJUz8h47B6X1GDh1RnYQPgsiCD1a,dec,6000,1022278296,1022272296,So11111111111111111111111111111111111111111,9,1.0
2BjDuzuxmuxHjgzL1ZguYu7EV5DishiTUv6MCTzMGu4zQLrxZY5mqTCWjxjXW9ijNtdh1YUYmoX23EKVFjtb8VxD,1754152160,2025-08-02T16:29:20,0.000005002,6EidNS3NLtzNvSpmbej9gsRKkDURL4ukxj7icLtphSZE,dec,157250140,157707164,457024,CbrKJKsSRCUyk3orCAqcfpLbRuSX9yrqGZFs3WQFuSpG,6,1.0
2BjDuzuxmuxHjgzL1ZguYu7EV5DishiTUv6MCTzMGu4zQLrxZY5mqTCWjxjXW9ijNtdh1YUYmoX23EKVFjtb8VxD,1754152160,2025-08-02T16:29:20,0.000005002,6KNbsP3eLVsFEJY9mJUz8h47B6X1GDh1RnYQPgsiCD1a,inc,17925,1022260371,1022278296,So11111111111111111111111111111111111111111,9,1.0
31p7Nc4z7ZK36qPCrDnDhjQrRLJbFcVx8e9LNguZ93BUQd2f81WGNC55YfMLhLCNSm3aJYmNMLRQTMQAiYJ1cF45,1754152119,2025-08-02T16:28:39,0.000005,6KNbsP3eLVsFEJY9mJUz8h47B6X1GDh1RnYQPgsiCD1a,dec,6000,1022266371,1022260371,So11111111111111111111111111111111111111111,9,1.0
FTr3awNoPEJkKKDdFXWdA4nkpj9ex6mP2rb17DgotMwYSndtnLSmCHSfEWxMNNBdcyGqyFvZBhDKbmeVEtNWbFU,1754152119,2025-08-02T16:28:39,0.000005002,6EidNS3NLtzNvSpmbej9gsRKkDURL4ukxj7icLtphSZE,dec,11308445212,11466152376,157707164,CbrKJKsSRCUyk3orCAqcfpLbRuSX9yrqGZFs3WQFuSpG,6,1.0
FTr3awNoPEJkKKDdFXWdA4nkpj9ex6mP2rb17DgotMwYSndtnLSmCHSfEWxMNNBdcyGqyFvZBhDKbmeVEtNWbFU,1754152119,2025-08-02T16:28:39,0.000005002,6KNbsP3eLVsFEJY9mJUz8h47B6X1GDh1RnYQPgsiCD1a,inc,1642557,1020623814,1022266371,So11111111111111111111111111111111111111111,9,1.0
2pEe2Vd2kg1B87ZUo1sMiEGqoCJhWZnWa2iBESDkj2PqteQnXKCJ98J9G77CDWaErTZVSCnXFypHKXJddFNXAt9g,1754152071,2025-08-02T16:27:51,0.000005,6KNbsP3eLVsFEJY9mJUz8h47B6X1GDh1RnYQPgsiCD1a,dec,6000,1020629814,1020623814,So11111111111111111111111111111111111111111,9,1.0
WvJWRCLWvgu64fsnLAreNWABGxQQf3xEa4g9EK2QWUUPHfEA81RjBwMCpx3YsRaaB6GuCkzbEFBSXfVW3amq81s,1754152071,2025-08-02T16:27:51,0.000005002,6EidNS3NLtzNvSpmbej9gsRKkDURL4ukxj7icLtphSZE,dec,1652021029754,1663487182130,11466152376,CbrKJKsSRCUyk3orCAqcfpLbRuSX9yrqGZFs3WQFuSpG,6,1.0
WvJWRCLWvgu64fsnLAreNWABGxQQf3xEa4g9EK2QWUUPHfEA81RjBwMCpx3YsRaaB6GuCkzbEFBSXfVW3amq81s,1754152071,2025-08-02T16:27:51,0.000005002,6KNbsP3eLVsFEJY9mJUz8h47B6X1GDh1RnYQPgsiCD1a,inc,254235251,766394563,1020629814,So11111111111111111111111111111111111111111,9,1.0
zDdcaKK15dj8MFcPtrQPgGQjK5xzQo5bRY9BisqCrejnx1ARF389B97fjcQBvb1cSwj7vVScDw21zyaXDvzRxbf,1754152024,2025-08-02T16:27:04,0.000005,6KNbsP3eLVsFEJY9mJUz8h47B6X1GDh1RnYQPgsiCD1a,dec,6000,766400563,766394563,So11111111111111111111111111111111111111111,9,1.0
5KFhP1usMM3qTwAWuLLzZy1WrW7Q4EiC4MnQxF78FL4j8yBUCZSGgPrR7T7CdGnaj8QuJkC8VvdrZcbQLbWjHtex,1754152024,2025-08-02T16:27:04,0.000005003,6EidNS3NLtzNvSpmbej9gsRKkDURL4ukxj7icLtphSZE,inc,1627609405644,35877776486,1663487182130,CbrKJKsSRCUyk3orCAqcfpLbRuSX9yrqGZFs3WQFuSpG,6,1.0
5KFhP1usMM3qTwAWuLLzZy1WrW7Q4EiC4MnQxF78FL4j8yBUCZSGgPrR7T7CdGnaj8QuJkC8VvdrZcbQLbWjHtex,1754152024,2025-08-02T16:27:04,0.000005003,6KNbsP3eLVsFEJY9mJUz8h47B6X1GDh1RnYQPgsiCD1a,dec,254269503,1020670066,766400563,So11111111111111111111111111111111111111111,9,1.0
4nSggfJWp4kB3yRXuRkNnghYUQaUGEuFtSnLgWQ7gqej2TSEeXjTiDSmHP8Y72fYNoXxNTeULdNHkSjH8PKH9i4T,1754152022,2025-08-02T16:27:02,0.000005,6KNbsP3eLVsFEJY9mJUz8h47B6X1GDh1RnYQPgsiCD1a,dec,6000,1020676066,1020670066,So11111111111111111111111111111111111111111,9,1.0
2a5QSXDpLZtJK9mbvBUKB2VZeh34ikruBUXwSGBkzxvKfgw3uQN1RdpJRMiPuNmRDQfgzAcPd3pneQiEWqVZe2r9,1754152022,2025-08-02T16:27:02,0.000005002,6EidNS3NLtzNvSpmbej9gsRKkDURL4ukxj7icLtphSZE,dec,3754811676331,3790689452817,35877776486,CbrKJKsSRCUyk3orCAqcfpLbRuSX9yrqGZFs3WQFuSpG,6,1.0
2a5QSXDpLZtJK9mbvBUKB2VZeh34ikruBUXwSGBkzxvKfgw3uQN1RdpJRMiPuNmRDQfgzAcPd3pneQiEWqVZe2r9,1754152022,2025-08-02T16:27:02,0.000005002,6KNbsP3eLVsFEJY9mJUz8h47B6X1GDh1RnYQPgsiCD1a,inc,581882914,438793152,1020676066,So11111111111111111111111111111111111111111,9,1.0
3Lkxz9RtRf72gzzhTXb3ajuSHnLoqyTaLwdtx3V3LXgYgeeLMi4VHKit7iDjkWNz7isJaqADG59AqCgLjLQAq79i,1754151864,2025-08-02T16:24:24,0.000005,6KNbsP3eLVsFEJY9mJUz8h47B6X1GDh1RnYQPgsiCD1a,dec,6000,438799152,438793152,So11111111111111111111111111111111111111111,9,1.0
3Jy2WBHmBsgx8a1FKZgZZkixGYeg4kF7wPyjU3HA7zTtFro7CJY1wbMU4x4yDEnQ8ndbZ18bjN4sEuzNjfULGwj1,1754151864,2025-08-02T16:24:24,0.000005003,6EidNS3NLtzNvSpmbej9gsRKkDURL4ukxj7icLtphSZE,inc,3790688646688,806129,3790689452817,CbrKJKsSRCUyk3orCAqcfpLbRuSX9yrqGZFs3WQFuSpG,6,1.0
3Jy2WBHmBsgx8a1FKZgZZkixGYeg4kF7wPyjU3HA7zTtFro7CJY1wbMU4x4yDEnQ8ndbZ18bjN4sEuzNjfULGwj1,1754151864,2025-08-02T16:24:24,0.000005003,6KNbsP3eLVsFEJY9mJUz8h47B6X1GDh1RnYQPgsiCD1a,dec,541032860,979832012,438799152,So11111111111111111111111111111111111111111,9,1.0
9su8a5M3DgQQbgkMF9ReeooxSVr6R9NZAUY3d2vQixZa2iLtr1DwJ4YYP83VLuX358r9awJY42aP2qikeSbuJJf,1754151793,2025-08-02T16:23:13,0.000005,6KNbsP3eLVsFEJY9mJUz8h47B6X1GDh1RnYQPgsiCD1a,dec,6000,979838012,979832012,So11111111111111111111111111111111111111111,9,1.0
4i3XcAB48TKHoYvJNGRFSjZdYnTX6fUFaJAUMbES29AtSVJYhzYttdVfqEmPAnaFNtYx4cmePaAjkdAQkBoyK4sz,1754151793,2025-08-02T16:23:13,0.000005002,6EidNS3NLtzNvSpmbej9gsRKkDURL4ukxj7icLtphSZE,dec,218248665,219054794,806129,CbrKJKsSRCUyk3orCAqcfpLbRuSX9yrqGZFs3WQFuSpG,6,1.0
4i3XcAB48TKHoYvJNGRFSjZdYnTX6fUFaJAUMbES29AtSVJYhzYttdVfqEmPAnaFNtYx4cmePaAjkdAQkBoyK4sz,1754151793,2025-08-02T16:23:13,0.000005002,6KNbsP3eLVsFEJY9mJUz8h47B6X1GDh1RnYQPgsiCD1a,inc,27182,979810830,979838012,So11111111111111111111111111111111111111111,9,1.0
2XZd5Qz9akr497duvvMCyWoj6NbvakGsfWTe1mRBUh9dJQdz8WBxQRM7g6h4okE7W3ESN1TzNQHxtrz8V9xnx9KC,1754151752,2025-08-02T16:22:32,0.000005,6KNbsP3eLVsFEJY9mJUz8h47B6X1GDh1RnYQPgsiCD1a,dec,6000,979816830,979810830,So11111111111111111111111111111111111111111,9,1.0
5D29bsDgBuxNucFtBi76rDsJnZNXzpHw3SPH3KEPQuebUge1rMiVbBBTnDtMxV3KJf85tYSGW1BWVzgpHCcsv1mF,1754151752,2025-08-02T16:22:32,0.000005002,6EidNS3NLtzNvSpmbej9gsRKkDURL4ukxj7icLtphSZE,dec,38542205261,38761260055,219054794,CbrKJKsSRCUyk3orCAqcfpLbRuSX9yrqGZFs3WQFuSpG,6,1.0
5D29bsDgBuxNucFtBi76rDsJnZNXzpHw3SPH3KEPQuebUge1rMiVbBBTnDtMxV3KJf85tYSGW1BWVzgpHCcsv1mF,1754151752,2025-08-02T16:22:32,0.000005002,6KNbsP3eLVsFEJY9mJUz8h47B6X1GDh1RnYQPgsiCD1a,inc,5886301,973930529,979816830,So11111111111111111111111111111111111111111,9,1.0
3ad26YjkcimNEr14kBZ3mmSpkLCoLrpRx8tFet5KPrZDKTjTsLdzyzTtpYYxpdAzzBZ8yVXTkLtFkUFnYe5akmbW,1754151679,2025-08-02T16:21:19,0.000005,6KNbsP3eLVsFEJY9mJUz8h47B6X1GDh1RnYQPgsiCD1a,dec,6000,973936529,973930529,So11111111111111111111111111111111111111111,9,1.0
mFVtoH1CNZhZp1B3XuSXgemozEGp8xBRGo3uoASsGYYfXVmBFY97zMWMSp73Cu19og3aBe1jJAhrcMpFjAYqjej,1754151679,2025-08-02T16:21:19,0.000005002,6EidNS3NLtzNvSpmbej9gsRKkDURL4ukxj7icLtphSZE,dec,3391497131287,3430258391342,38761260055,CbrKJKsSRCUyk3orCAqcfpLbRuSX9yrqGZFs3WQFuSpG,6,1.0
mFVtoH1CNZhZp1B3XuSXgemozEGp8xBRGo3uoASsGYYfXVmBFY97zMWMSp73Cu19og3aBe1jJAhrcMpFjAYqjej,1754151679,2025-08-02T16:21:19,0.000005002,6KNbsP3eLVsFEJY9mJUz8h47B6X1GDh1RnYQPgsiCD1a,inc,456330285,517606244,973936529,So11111111111111111111111111111111111111111,9,1.0
5CoPQrQX3gu9qwMsC9XMXe93ue4BovJ73WVdmRyEe6Kpu2P5RsfoctYMSvAtCg7xH73W6zxrAE7YeFGWpYvryAW2,1754151598,2025-08-02T16:19:58,0.000005,6KNbsP3eLVsFEJY9mJUz8h47B6X1GDh1RnYQPgsiCD1a,dec,6000,517612244,517606244,So11111111111111111111111111111111111111111,9,1.0
3RFoucut2zwEmKyPhnXkqhi6UAAZ7WXAJ25NiCPzmSgcP7Vr9DNcC49i15YUGfiPprMiPDiycQPWRdeibt8PuKSy,1754151598,2025-08-02T16:19:58,0.000005003,6EidNS3NLtzNvSpmbej9gsRKkDURL4ukxj7icLtphSZE,inc,3430135255514,123135828,3430258391342,CbrKJKsSRCUyk3orCAqcfpLbRuSX9yrqGZFs3WQFuSpG,6,1.0
3RFoucut2zwEmKyPhnXkqhi6UAAZ7WXAJ25NiCPzmSgcP7Vr9DNcC49i15YUGfiPprMiPDiycQPWRdeibt8PuKSy,1754151598,2025-08-02T16:19:58,0.000005003,6KNbsP3eLVsFEJY9mJUz8h47B6X1GDh1RnYQPgsiCD1a,dec,474761683,992373927,517612244,So11111111111111111111111111111111111111111,9,1.0
3DcXnzxhiqxSVY6aeY8HnwPPHahAywmDENwbPFTkoohZxnGJcuVeqiCLR593ShvZNzP4e3hhZqcWcQa5tzZ1135P,1754151519,2025-08-02T16:18:39,0.000005,6KNbsP3eLVsFEJY9mJUz8h47B6X1GDh1RnYQPgsiCD1a,inc,1,992373926,992373927,So11111111111111111111111111111111111111111,9,1.0
C8Nwk5nbTo7JUncBw7VFsKjTME127bgLHb4Zsse3o8FPhtvn5GHcf6uk4YrmAmwY2tRnj9DqWbD4Ag7EGtwnHKo,1754151519,2025-08-02T16:18:39,0.000005,6KNbsP3eLVsFEJY9mJUz8h47B6X1GDh1RnYQPgsiCD1a,inc,1,992373925,992373926,So11111111111111111111111111111111111111111,9,1.0
5ASrGh3MZbq4A6z7cqkzVrXUAa2gUf6ajQxkDk7GptnSoNXheQU9x9sB9EH7AgydsofrBsBrrAHa8DjutcVbnYDJ,1754151514,2025-08-02T16:18:34,0.000005,6KNbsP3eLVsFEJY9mJUz8h47B6X1GDh1RnYQPgsiCD1a,dec,6000,992379925,992373925,So11111111111111111111111111111111111111111,9,1.0
2zSdykJNEUABQTschLqX8MSZVfMYwjyxLUJi6tt4i3gLeCGgMvwpgyRmnraoY7BKRyqXBhf3g9V36eVTCNrCcSgi,1754151514,2025-08-02T16:18:34,0.000005002,6EidNS3NLtzNvSpmbej9gsRKkDURL4ukxj7icLtphSZE,dec,32889750670,33012886498,123135828,CbrKJKsSRCUyk3orCAqcfpLbRuSX9yrqGZFs3WQFuSpG,6,1.0
2zSdykJNEUABQTschLqX8MSZVfMYwjyxLUJi6tt4i3gLeCGgMvwpgyRmnraoY7BKRyqXBhf3g9V36eVTCNrCcSgi,1754151514,2025-08-02T16:18:34,0.000005002,6KNbsP3eLVsFEJY9mJUz8h47B6X1GDh1RnYQPgsiCD1a,inc,4430570,987949355,992379925,So11111111111111111111111111111111111111111,9,1.0
3VfkJyQEqnxmoCADBEyqCdZ3XXnPvs9wiFrJjniZP4JxLDSJZeXu9K4qjm4ndQsRsScpHC1mdXDPsj1dJDE3TLGn,1754151480,2025-08-02T16:18:00,0.000005,6KNbsP3eLVsFEJY9mJUz8h47B6X1GDh1RnYQPgsiCD1a,dec,6000,987955355,987949355,So11111111111111111111111111111111111111111,9,1.0
4vsxzF1mFhwFfr8Hr1kQEmbUvvAwdbJ7CWXC532e9Corn5JZbw4RB3zDjkxcTCS1Gz6wx6c9FJTdMztRdtBVBPf2,1754151480,2025-08-02T16:18:00,0.000005002,6EidNS3NLtzNvSpmbej9gsRKkDURL4ukxj7icLtphSZE,dec,6801198388544,6834211275042,33012886498,CbrKJKsSRCUyk3orCAqcfpLbRuSX9yrqGZFs3WQFuSpG,6,1.0
4vsxzF1mFhwFfr8Hr1kQEmbUvvAwdbJ7CWXC532e9Corn5JZbw4RB3zDjkxcTCS1Gz6wx6c9FJTdMztRdtBVBPf2,1754151480,2025-08-02T16:18:00,0.000005002,6KNbsP3eLVsFEJY9mJUz8h47B6X1GDh1RnYQPgsiCD1a,inc,902515096,85440259,987955355,So11111111111111111111111111111111111111111,9,1.0
3vsHUc7bruSdh5eU2xxLhfcwbV4ecZw6Z8VmByWtn1QVzwjQfpiWz4n7gFB4jn5ptLoUd6SUmyTtYW2dksMGL4dJ,1754151450,2025-08-02T16:17:30,0.000005,6KNbsP3eLVsFEJY9mJUz8h47B6X1GDh1RnYQPgsiCD1a,dec,6000,85446259,85440259,So11111111111111111111111111111111111111111,9,1.0
4Cy99NLZWmsgdhMT2s2x6AJMxYeVRdvjZZfUF1jrwChnave4czhAyg2ssQm4XMaLWUYs4jYDz7QNUsXWGy46QaYN,1754151450,2025-08-02T16:17:30,0.000005003,6EidNS3NLtzNvSpmbej9gsRKkDURL4ukxj7icLtphSZE,inc,2590082958916,4244128316126,6834211275042,CbrKJKsSRCUyk3orCAqcfpLbRuSX9yrqGZFs3WQFuSpG,6,1.0
4Cy99NLZWmsgdhMT2s2x6AJMxYeVRdvjZZfUF1jrwChnave4czhAyg2ssQm4XMaLWUYs4jYDz7QNUsXWGy46QaYN,1754151450,2025-08-02T16:17:30,0.000005003,6KNbsP3eLVsFEJY9mJUz8h47B6X1GDh1RnYQPgsiCD1a,dec,340959080,426405339,85446259,So11111111111111111111111111111111111111111,9,1.0
3g1tFrZTqXJRqtaXLaBYwg7ii6ua8yCJSWboTSy1Y25vYtMxiQpkvYUBCkADtZ42X7Dce93LDTnL1d5ZroT6GgtM,1754151406,2025-08-02T16:16:46,0.000005,6KNbsP3eLVsFEJY9mJUz8h47B6X1GDh1RnYQPgsiCD1a,dec,6000,426411339,426405339,So11111111111111111111111111111111111111111,9,1.0
5nZYMCcK58TM8z6wz2Bfop1ZtVvrArqctfUCQ9VqkB1N1cPXMnwQikXHK4deKL865mfGWRsrjViKyiFuuuC6fwQM,1754151406,2025-08-02T16:16:46,0.000005003,6EidNS3NLtzNvSpmbej9gsRKkDURL4ukxj7icLtphSZE,inc,3190920949307,1053207366819,4244128316126,CbrKJKsSRCUyk3orCAqcfpLbRuSX9yrqGZFs3WQFuSpG,6,1.0
5nZYMCcK58TM8z6wz2Bfop1ZtVvrArqctfUCQ9VqkB1N1cPXMnwQikXHK4deKL865mfGWRsrjViKyiFuuuC6fwQM,1754151406,2025-08-02T16:16:46,0.000005003,6KNbsP3eLVsFEJY9mJUz8h47B6X1GDh1RnYQPgsiCD1a,dec,435875546,862286885,426411339,So11111111111111111111111111111111111111111,9,1.0
5qSbVCQggjaw3t2WL8dFQXVtPj7ZHUDRFGnKpCtrifoTSX4gaFejRzge7bP4scWMRwhW9yVZWti4Qnh55Z8KSpP7,1754151364,2025-08-02T16:16:04,0.000005,6KNbsP3eLVsFEJY9mJUz8h47B6X1GDh1RnYQPgsiCD1a,dec,6000,862292885,862286885,So11111111111111111111111111111111111111111,9,1.0
4M4c2WEAauVEF9cGsBpYLwZGbwvSRXYRYpVooc5kDL1FFXQTEg3zAtfNrrkUN8t41dF1cF1L2DYN9b8HX7ZVAy3K,1754151364,2025-08-02T16:16:04,0.000005004,6EidNS3NLtzNvSpmbej9gsRKkDURL4ukxj7icLtphSZE,inc,1053207366819,0,1053207366819,CbrKJKsSRCUyk3orCAqcfpLbRuSX9yrqGZFs3WQFuSpG,6,1.0
4M4c2WEAauVEF9cGsBpYLwZGbwvSRXYRYpVooc5kDL1FFXQTEg3zAtfNrrkUN8t41dF1cF1L2DYN9b8HX7ZVAy3K,1754151364,2025-08-02T16:16:04,0.000005004,6KNbsP3eLVsFEJY9mJUz8h47B6X1GDh1RnYQPgsiCD1a,dec,139207115,1001500000,862292885,So11111111111111111111111111111111111111111,9,1.0
t48v8EXCHeFu3NGyXshLQRiPa33vbotXF3q7t8mz5pgS5yySEcQmfKvf3s2SYB9qi3maX1JtCrPxVwXPRnYzbnL,1754151093,2025-08-02T16:11:33,0.0000314,6KNbsP3eLVsFEJY9mJUz8h47B6X1GDh1RnYQPgsiCD1a,inc,1000000000,1500000,1001500000,So11111111111111111111111111111111111111111,9,1.0
2f2uFJ8uH4joAC14wpnZC4FL6a1scNBmuRLJLQwHWxSJvMxZ6xDRZbiHGRArg9MiiaeN3vSYCJdn5FdorjxuV94t,1754150965,2025-08-02T16:09:25,0.0000666,6KNbsP3eLVsFEJY9mJUz8h47B6X1GDh1RnYQPgsiCD1a,dec,56898565,58398565,1500000,So11111111111111111111111111111111111111111,9,1.0
3REFug6uoPqWiRkqjDP8zDQ7qV7mPcQrf5H4HrSXMdX6Ss6K92qXTVw3qZVRrgUXjEJANHWsxtFE41j3E27CqkBF,1754150890,2025-08-02T16:08:10,0.000005,6KNbsP3eLVsFEJY9mJUz8h47B6X1GDh1RnYQPgsiCD1a,dec,6000,58404565,58398565,So11111111111111111111111111111111111111111,9,1.0
4B7G7K8FLf11qn7UyPFQG7wwJB7Z9bpiMayHRyZrKExcU3ueXnzcYdt9tEFDB3PiEh3FgcWpnZC25vqQ74dys6N8,1754150890,2025-08-02T16:08:10,0.000005003,JDe641yqw3no3joKr9DHyYHbhjCcCh78vybibHYVCHxK,inc,2627014970569,2871666410662,5498681381231,AQsMu12pAqb5wUNSUURbYtPhoeaJKVE3M3gPMwGWWYYZ,6,1.0
4B7G7K8FLf11qn7UyPFQG7wwJB7Z9bpiMayHRyZrKExcU3ueXnzcYdt9tEFDB3PiEh3FgcWpnZC25vqQ74dys6N8,1754150890,2025-08-02T16:08:10,0.000005003,6KNbsP3eLVsFEJY9mJUz8h47B6X1GDh1RnYQPgsiCD1a,dec,427685653,486090218,58404565,So11111111111111111111111111111111111111111,9,1.0
TzAvbHU5J2ewGFGFBT8hiTnS5niJVBrCWvTDYeeVnHnZbnWDEkQ3iU5NNrjgQupqRysMQR2sHkH6mLNKtgCf8wM,1754150889,2025-08-02T16:08:09,0.000005,6KNbsP3eLVsFEJY9mJUz8h47B6X1GDh1RnYQPgsiCD1a,dec,6000,486096218,486090218,So11111111111111111111111111111111111111111,9,1.0
57rxy29o1xNZDHLZX9z9pE5ZaMX6uwiT5TWvPfSKJxHWenBjno1VuEWQJhmdCnv73e2Yq1op6Yxibos62JpfTYvW,1754150889,2025-08-02T16:08:09,0.000005003,JDe641yqw3no3joKr9DHyYHbhjCcCh78vybibHYVCHxK,inc,2871666403856,6806,2871666410662,AQsMu12pAqb5wUNSUURbYtPhoeaJKVE3M3gPMwGWWYYZ,6,1.0
57rxy29o1xNZDHLZX9z9pE5ZaMX6uwiT5TWvPfSKJxHWenBjno1VuEWQJhmdCnv73e2Yq1op6Yxibos62JpfTYvW,1754150889,2025-08-02T16:08:09,0.000005003,6KNbsP3eLVsFEJY9mJUz8h47B6X1GDh1RnYQPgsiCD1a,dec,468481427,954577645,486096218,So11111111111111111111111111111111111111111,9,1.0
2KCTTrMtczdogAEmTbkhWa4yM7eRyD536pyu5GqmE1ALg9jvTZggv4hNDVupoG5x1WrrjeeSa3SFVsTDaPNQwkJW,1754150747,2025-08-02T16:05:47,0.000005,6KNbsP3eLVsFEJY9mJUz8h47B6X1GDh1RnYQPgsiCD1a,dec,6000,954583645,954577645,So11111111111111111111111111111111111111111,9,1.0
3XruTYgLc6g7YgUnrjA3ndxpJeWno4Gri6J4tWR7SjTC6a5rfLSgbeian6rUbndWhrtHGYyxfE8cecUaeasBAuas,1754150747,2025-08-02T16:05:47,0.000005002,JDe641yqw3no3joKr9DHyYHbhjCcCh78vybibHYVCHxK,dec,3081633855102,3081633861908,6806,AQsMu12pAqb5wUNSUURbYtPhoeaJKVE3M3gPMwGWWYYZ,6,1.0
3XruTYgLc6g7YgUnrjA3ndxpJeWno4Gri6J4tWR7SjTC6a5rfLSgbeian6rUbndWhrtHGYyxfE8cecUaeasBAuas,1754150747,2025-08-02T16:05:47,0.000005002,6KNbsP3eLVsFEJY9mJUz8h47B6X1GDh1RnYQPgsiCD1a,inc,435078036,519505609,954583645,So11111111111111111111111111111111111111111,9,1.0
4gYLtNE8cCBkGshEUPiRfddCuPCY8jjFWBrMBiaTyc6wEkgvizFe1g4uFH7ARgnGqaSYKVfrznPixMXnsw35F3jD,1754150745,2025-08-02T16:05:45,0.000005,6KNbsP3eLVsFEJY9mJUz8h47B6X1GDh1RnYQPgsiCD1a,dec,6000,519511609,519505609,So11111111111111111111111111111111111111111,9,1.0
38ZPW9RjhbxbUux27YiN12aUFcGf3cyf9vFRf6AhTeScaYjbnVTQc1ZyDCeTSkRgCnoqo9DSi59GRnBnW78vo3q6,1754150745,2025-08-02T16:05:45,0.000005003,JDe641yqw3no3joKr9DHyYHbhjCcCh78vybibHYVCHxK,inc,3034049774875,47584087033,3081633861908,AQsMu12pAqb5wUNSUURbYtPhoeaJKVE3M3gPMwGWWYYZ,6,1.0
38ZPW9RjhbxbUux27YiN12aUFcGf3cyf9vFRf6AhTeScaYjbnVTQc1ZyDCeTSkRgCnoqo9DSi59GRnBnW78vo3q6,1754150745,2025-08-02T16:05:45,0.000005003,6KNbsP3eLVsFEJY9mJUz8h47B6X1GDh1RnYQPgsiCD1a,dec,433082697,952594306,519511609,So11111111111111111111111111111111111111111,9,1.0
58XLXZPYXTwawTHMduPuuKuQo2JXxnPVSTyDBAp86RyoQiscSucSfst8mS1jY46AoRvZ3MMAtwNejZbMYSQuuKqR,1754150693,2025-08-02T16:04:53,0.000005,6KNbsP3eLVsFEJY9mJUz8h47B6X1GDh1RnYQPgsiCD1a,dec,6000,952600306,952594306,So11111111111111111111111111111111111111111,9,1.0
3w36Hk7KQD3atubTyPk9oTYQncyvDvtpNfNR2dmoVDYqAsSeo8rufeggGNgDCkZH2em7JvGf7LhiLpxFYU2VJZhj,1754150693,2025-08-02T16:04:53,0.000005002,JDe641yqw3no3joKr9DHyYHbhjCcCh78vybibHYVCHxK,dec,5122888935733,5170473022766,47584087033,AQsMu12pAqb5wUNSUURbYtPhoeaJKVE3M3gPMwGWWYYZ,6,1.0
3w36Hk7KQD3atubTyPk9oTYQncyvDvtpNfNR2dmoVDYqAsSeo8rufeggGNgDCkZH2em7JvGf7LhiLpxFYU2VJZhj,1754150693,2025-08-02T16:04:53,0.000005002,6KNbsP3eLVsFEJY9mJUz8h47B6X1GDh1RnYQPgsiCD1a,inc,795420833,157179473,952600306,So11111111111111111111111111111111111111111,9,1.0
32pgENbrJAFixJSY9fBrLS3DYxzADJkujDJxahNV3wBbKZycYNdb39PF9LfLxdY1D37Go93NZPQpYSZ3bSxKKZEB,1754150123,2025-08-02T15:55:23,0.000005,6KNbsP3eLVsFEJY9mJUz8h47B6X1GDh1RnYQPgsiCD1a,dec,6000,157185473,157179473,So11111111111111111111111111111111111111111,9,1.0
ESCuarA6rowxGYTzuqdzmi5roBWsF7arG3tNJb9xLgGzgRve5CssQMyQ685JHPqfwzaDjXjTdTNMyDpzb79iLpH,1754150123,2025-08-02T15:55:23,0.000005003,JDe641yqw3no3joKr9DHyYHbhjCcCh78vybibHYVCHxK,inc,2113839509352,3056633513414,5170473022766,AQsMu12pAqb5wUNSUURbYtPhoeaJKVE3M3gPMwGWWYYZ,6,1.0
ESCuarA6rowxGYTzuqdzmi5roBWsF7arG3tNJb9xLgGzgRve5CssQMyQ685JHPqfwzaDjXjTdTNMyDpzb79iLpH,1754150123,2025-08-02T15:55:23,0.000005003,6KNbsP3eLVsFEJY9mJUz8h47B6X1GDh1RnYQPgsiCD1a,dec,332559735,489745208,157185473,So11111111111111111111111111111111111111111,9,1.0
2ftnPbnsyvuU4zSWfHh88cdwVV42BZAwsHpLp2KUMMGBP3yvo5jQ91oLQ6iU9eYCHsyX5C92EKZ8PBGb5vRBstmt,1754150069,2025-08-02T15:54:29,0.000005,6KNbsP3eLVsFEJY9mJUz8h47B6X1GDh1RnYQPgsiCD1a,dec,6000,489751208,489745208,So11111111111111111111111111111111111111111,9,1.0
5NZPugY44VVuKjD6eeFHsy28M9nBFpUWAjCtn8Rr9YnLbguzswp75FGFauxwYBVpPyPHkrtgM2cohZfGQL67HHCC,1754150069,2025-08-02T15:54:29,0.000005003,JDe641yqw3no3joKr9DHyYHbhjCcCh78vybibHYVCHxK,inc,3056633512885,529,3056633513414,AQsMu12pAqb5wUNSUURbYtPhoeaJKVE3M3gPMwGWWYYZ,6,1.0
5NZPugY44VVuKjD6eeFHsy28M9nBFpUWAjCtn8Rr9YnLbguzswp75FGFauxwYBVpPyPHkrtgM2cohZfGQL67HHCC,1754150069,2025-08-02T15:54:29,0.000005003,6KNbsP3eLVsFEJY9mJUz8h47B6X1GDh1RnYQPgsiCD1a,dec,516078663,1005829871,489751208,So11111111111111111111111111111111111111111,9,1.0
W5gQXRqFVG9BDAv1xBHb1bvVar2wyd3uAp1yyCfAzTfdHQaFL3YAtvR3LX6yB4TCLrs9voJEqyVCWuExyWav8vF,1754150062,2025-08-02T15:54:22,0.000005,6KNbsP3eLVsFEJY9mJUz8h47B6X1GDh1RnYQPgsiCD1a,dec,6000,1005835871,1005829871,So11111111111111111111111111111111111111111,9,1.0
ecUued2onTcukCRxQeEgyywZdB5BczbQyvitafUxhsSJRG7oUrXwAqwY8UQ8FNLojxvEmSYZHHvBDynCodL26x5,1754150062,2025-08-02T15:54:22,0.000005002,JDe641yqw3no3joKr9DHyYHbhjCcCh78vybibHYVCHxK,dec,28186228023,28186228552,529,AQsMu12pAqb5wUNSUURbYtPhoeaJKVE3M3gPMwGWWYYZ,6,1.0
ecUued2onTcukCRxQeEgyywZdB5BczbQyvitafUxhsSJRG7oUrXwAqwY8UQ8FNLojxvEmSYZHHvBDynCodL26x5,1754150062,2025-08-02T15:54:22,0.000005002,6KNbsP3eLVsFEJY9mJUz8h47B6X1GDh1RnYQPgsiCD1a,inc,4657881,1001177990,1005835871,So11111111111111111111111111111111111111111,9,1.0
2kUbgVApr6FVGBQF8WJgbxkV5p3SieKsB4PtMN2qQGAerfN5X2Y8TGY6wEUExtFo9q9hRumJdjisamTGNMd9TJmZ,1754149972,2025-08-02T15:52:52,0.000005,6KNbsP3eLVsFEJY9mJUz8h47B6X1GDh1RnYQPgsiCD1a,dec,6000,1001183990,1001177990,So11111111111111111111111111111111111111111,9,1.0
5PoNH6NqEPho5GZ7PiYpRwYjeQfVTsqYF8xLnbZoFRiMa5K2FktuuHRMnPz23yYqWqiHQGfST1RaMaMBYdJGaW4B,1754149972,2025-08-02T15:52:52,0.000005002,JDe641yqw3no3joKr9DHyYHbhjCcCh78vybibHYVCHxK,dec,2310444304883,2338630533435,28186228552,AQsMu12pAqb5wUNSUURbYtPhoeaJKVE3M3gPMwGWWYYZ,6,1.0
5PoNH6NqEPho5GZ7PiYpRwYjeQfVTsqYF8xLnbZoFRiMa5K2FktuuHRMnPz23yYqWqiHQGfST1RaMaMBYdJGaW4B,1754149972,2025-08-02T15:52:52,0.000005002,6KNbsP3eLVsFEJY9mJUz8h47B6X1GDh1RnYQPgsiCD1a,inc,360052388,641131602,1001183990,So11111111111111111111111111111111111111111,9,1.0
4sKZ8A6mLWsYCcMtdDBVV8k5deUrNZTxrWcHEqd3UYbgDff68bNncFc8e7RURZKiVA4Vbfc6DunFQELM8naBuYt4,1754149947,2025-08-02T15:52:27,0.000005,6KNbsP3eLVsFEJY9mJUz8h47B6X1GDh1RnYQPgsiCD1a,dec,6000,641137602,641131602,So11111111111111111111111111111111111111111,9,1.0
4qWw9B2hygKrnQM9REEHXFFbLQn8NWnEUZJR2VQDL8ud94RtZuhfMJeTHpCPrRh7iCbvET4vAmp5QYR9EQ4Dwkjh,1754149947,2025-08-02T15:52:27,0.000005003,JDe641yqw3no3joKr9DHyYHbhjCcCh78vybibHYVCHxK,inc,2290176214889,48454318546,2338630533435,AQsMu12pAqb5wUNSUURbYtPhoeaJKVE3M3gPMwGWWYYZ,6,1.0
4qWw9B2hygKrnQM9REEHXFFbLQn8NWnEUZJR2VQDL8ud94RtZuhfMJeTHpCPrRh7iCbvET4vAmp5QYR9EQ4Dwkjh,1754149947,2025-08-02T15:52:27,0.000005003,6KNbsP3eLVsFEJY9mJUz8h47B6X1GDh1RnYQPgsiCD1a,dec,336961856,978099458,641137602,So11111111111111111111111111111111111111111,9,1.0
ERwGBkvSG9NtSa8XLAnvFbWn5vMW1F8qFa3Y6A2M3p5KFTnLcrseTu7ichqKNfEn1X5AVoKDzc5B8iR2j8eJoUP,1754149944,2025-08-02T15:52:24,0.000005,6KNbsP3eLVsFEJY9mJUz8h47B6X1GDh1RnYQPgsiCD1a,dec,6000,978105458,978099458,So11111111111111111111111111111111111111111,9,1.0
61EYfpQRWyKWeQVdMCTg6VmCwEb23oMkdAKs22g579tWRDhU6F9JB67AL519kYT8tujRjQgKYBWKt1rAbJFeG8wk,1754149944,2025-08-02T15:52:24,0.000005002,JDe641yqw3no3joKr9DHyYHbhjCcCh78vybibHYVCHxK,dec,5228637343555,5277091662101,48454318546,AQsMu12pAqb5wUNSUURbYtPhoeaJKVE3M3gPMwGWWYYZ,6,1.0
61EYfpQRWyKWeQVdMCTg6VmCwEb23oMkdAKs22g579tWRDhU6F9JB67AL519kYT8tujRjQgKYBWKt1rAbJFeG8wk,1754149944,2025-08-02T15:52:24,0.000005002,6KNbsP3eLVsFEJY9mJUz8h47B6X1GDh1RnYQPgsiCD1a,inc,760304584,217800874,978105458,So11111111111111111111111111111111111111111,9,1.0
4u7b3z1FKCAzpuwRgtYBaFeEGqYPizngDBSAs2FW94SfBx14opaMKSdCDf6VjYtSN4iBKBTkaAGY8dVPUVbTwxsn,1754149827,2025-08-02T15:50:27,0.000005,6KNbsP3eLVsFEJY9mJUz8h47B6X1GDh1RnYQPgsiCD1a,dec,6000,217806874,217800874,So11111111111111111111111111111111111111111,9,1.0
RXGGN3SYjARFgWV3kQWE5yjc1zgiaQorkx96uvE9c9byimca4VmsaxeD2kaKzCH5SRTaJvkMoPKThhtspe8FpXd,1754149827,2025-08-02T15:50:27,0.000005003,JDe641yqw3no3joKr9DHyYHbhjCcCh78vybibHYVCHxK,inc,3475176811371,1801914850730,5277091662101,AQsMu12pAqb5wUNSUURbYtPhoeaJKVE3M3gPMwGWWYYZ,6,1.0
RXGGN3SYjARFgWV3kQWE5yjc1zgiaQorkx96uvE9c9byimca4VmsaxeD2kaKzCH5SRTaJvkMoPKThhtspe8FpXd,1754149827,2025-08-02T15:50:27,0.000005003,6KNbsP3eLVsFEJY9mJUz8h47B6X1GDh1RnYQPgsiCD1a,dec,519586292,737393166,217806874,So11111111111111111111111111111111111111111,9,1.0
44zqyiMaGgXHtFARdck1DRGx9PzL4fpJKMraaCVgEgZXckD2qL3SPGsYqQ8B28uL7Xyzqv5SUEi55mU7HcFhe9Ej,1754149716,2025-08-02T15:48:36,0.000005,6KNbsP3eLVsFEJY9mJUz8h47B6X1GDh1RnYQPgsiCD1a,dec,6000,737399166,737393166,So11111111111111111111111111111111111111111,9,1.0
2xph1EsgcErz8Crn8BfudvbBRS1o6wbgqgWH5DZDUsjeyARQaiKaiWke95wL4KcbYErHjQKqJQENbWK8saGzsoGg,1754149716,2025-08-02T15:48:36,0.000005003,JDe641yqw3no3joKr9DHyYHbhjCcCh78vybibHYVCHxK,inc,737072895530,1064841955200,1801914850730,AQsMu12pAqb5wUNSUURbYtPhoeaJKVE3M3gPMwGWWYYZ,6,1.0
2xph1EsgcErz8Crn8BfudvbBRS1o6wbgqgWH5DZDUsjeyARQaiKaiWke95wL4KcbYErHjQKqJQENbWK8saGzsoGg,1754149716,2025-08-02T15:48:36,0.000005003,6KNbsP3eLVsFEJY9mJUz8h47B6X1GDh1RnYQPgsiCD1a,dec,103284934,840684100,737399166,So11111111111111111111111111111111111111111,9,1.0
2UGcVoGk5E8VwBsftBqaYzD9Zf3j7C2581zyFYWPMvwZadvFzfewaSYm3Mor2BKBkhWbC9PygDLzzv5TvhDL6mDZ,1754149632,2025-08-02T15:47:12,0.000005,6KNbsP3eLVsFEJY9mJUz8h47B6X1GDh1RnYQPgsiCD1a,dec,6000,840690100,840684100,So11111111111111111111111111111111111111111,9,1.0
3b8VZKgZTm4n3GPkvt6s65kNyy56a18NypiMJQaTqUBJF1u6hCYzsoENc6zA3guZaDicCZQ3EX6NqzTXn7VASaQx,1754149632,2025-08-02T15:47:12,0.000005003,JDe641yqw3no3joKr9DHyYHbhjCcCh78vybibHYVCHxK,inc,1038447432232,26394522968,1064841955200,AQsMu12pAqb5wUNSUURbYtPhoeaJKVE3M3gPMwGWWYYZ,6,1.0
3b8VZKgZTm4n3GPkvt6s65kNyy56a18NypiMJQaTqUBJF1u6hCYzsoENc6zA3guZaDicCZQ3EX6NqzTXn7VASaQx,1754149632,2025-08-02T15:47:12,0.000005003,6KNbsP3eLVsFEJY9mJUz8h47B6X1GDh1RnYQPgsiCD1a,dec,155376084,996066184,840690100,So11111111111111111111111111111111111111111,9,1.0
3rVR1NFhhp79WoU9bmJEEhUa92sfdGFrdCiGyq1dut7CEsL4LHUrSmKSPVpmpT2BrtGqTA6D9K3VZEVza58UCVyc,1754149467,2025-08-02T15:44:27,0.000005,6KNbsP3eLVsFEJY9mJUz8h47B6X1GDh1RnYQPgsiCD1a,dec,6000,996072184,996066184,So11111111111111111111111111111111111111111,9,1.0
4jmRkyqq7mMnKoPN8wi9yohDxgk6cbwLkpwj9S9JawXgtHXEDPUoruV9snk86fr3zSajsiwQuaERBBnokYnwCFWA,1754149467,2025-08-02T15:44:27,0.000005002,JDe641yqw3no3joKr9DHyYHbhjCcCh78vybibHYVCHxK,dec,3469387064467,3495781587435,26394522968,AQsMu12pAqb5wUNSUURbYtPhoeaJKVE3M3gPMwGWWYYZ,6,1.0
4jmRkyqq7mMnKoPN8wi9yohDxgk6cbwLkpwj9S9JawXgtHXEDPUoruV9snk86fr3zSajsiwQuaERBBnokYnwCFWA,1754149467,2025-08-02T15:44:27,0.000005002,6KNbsP3eLVsFEJY9mJUz8h47B6X1GDh1RnYQPgsiCD1a,inc,437602072,558470112,996072184,So11111111111111111111111111111111111111111,9,1.0
2PCtbWpAcN1p3JWcWPwD35aTTcoJiee6UEsCD7WP2AWUvcKpFkYLe2TxedXpqcuYspF7zQ8v7FbBkmiKrzorsvFB,1754149455,2025-08-02T15:44:15,0.000005,6KNbsP3eLVsFEJY9mJUz8h47B6X1GDh1RnYQPgsiCD1a,dec,6000,558476112,558470112,So11111111111111111111111111111111111111111,9,1.0
2LcAmbBdF1cwKwHVYvCfUi3rUe3JAXFnyv9xSjNiiKFi3fH6Q7s7wcG1gtnY4QKSoKQvuQPA2ZX8UgHBjvdGFGTp,1754149455,2025-08-02T15:44:15,0.000005003,JDe641yqw3no3joKr9DHyYHbhjCcCh78vybibHYVCHxK,inc,1838037199033,1657744388402,3495781587435,AQsMu12pAqb5wUNSUURbYtPhoeaJKVE3M3gPMwGWWYYZ,6,1.0
2LcAmbBdF1cwKwHVYvCfUi3rUe3JAXFnyv9xSjNiiKFi3fH6Q7s7wcG1gtnY4QKSoKQvuQPA2ZX8UgHBjvdGFGTp,1754149455,2025-08-02T15:44:15,0.000005003,6KNbsP3eLVsFEJY9mJUz8h47B6X1GDh1RnYQPgsiCD1a,dec,233825437,792301549,558476112,So11111111111111111111111111111111111111111,9,1.0
5ea1VFU56dBmJKvbsgrKHesbi2QCmpTi9kaWy6akEabB4EFyjN2g8LPXizoR68edxP8u68VpPTQEWt9QkSjrPvgx,1754149437,2025-08-02T15:43:57,0.000005,6KNbsP3eLVsFEJY9mJUz8h47B6X1GDh1RnYQPgsiCD1a,dec,6000,792307549,792301549,So11111111111111111111111111111111111111111,9,1.0
3x8oKvWnpbzw4DpWkYcKyBtf8XJDwyzDFdiS2ckLKwMqtK9SGzrAwquKNQtQ6rvg96ARiNdyBze9Xh3Pmyzx67wU,1754149437,2025-08-02T15:43:57,0.000005004,JDe641yqw3no3joKr9DHyYHbhjCcCh78vybibHYVCHxK,inc,1657744388402,0,1657744388402,AQsMu12pAqb5wUNSUURbYtPhoeaJKVE3M3gPMwGWWYYZ,6,1.0
3x8oKvWnpbzw4DpWkYcKyBtf8XJDwyzDFdiS2ckLKwMqtK9SGzrAwquKNQtQ6rvg96ARiNdyBze9Xh3Pmyzx67wU,1754149437,2025-08-02T15:43:57,0.000005004,6KNbsP3eLVsFEJY9mJUz8h47B6X1GDh1RnYQPgsiCD1a,dec,209192451,1001500000,792307549,So11111111111111111111111111111111111111111,9,1.0
5fnsjSkcMu5H9ZsECbLXZ8rQfGVcPi2iv6v6sTBjjg7DmVcV424NU2qU3xRvDeisTJ42fgEaAmUvZW9nBdyuJyAv,1754149234,2025-08-02T15:40:34,0.0000314,6KNbsP3eLVsFEJY9mJUz8h47B6X1GDh1RnYQPgsiCD1a,inc,1000000000,1500000,1001500000,So11111111111111111111111111111111111111111,9,1.0
3wU5D2iCK5vGvRi48NEZD4beSxFCkSXbmRHbNKJMHdUSFunQxXtfbXKRzPKVpK7Y2dyjDrZdNgWicvTHUrYLpbCT,1754149149,2025-08-02T15:39:09,0.00001,D5CLRhGNoqpjfLEPX8m5kEp6x8JWHYeMn3sghZP9znui,dec,3281,3281,0,4js6ig2z7pVfRhr5133XNhUr32TVoj5xbc9PbkePeftQ,6,1.0
A2yuzoi4AbtrfJGTakwfrZh8mSwQFvNGKu9L2dDXFv1W4kNbKD76DNnakmPjiiGCaSqqoo1wKfv7GYwp3coG3jj,1754149109,2025-08-02T15:38:29,0.0000666,6KNbsP3eLVsFEJY9mJUz8h47B6X1GDh1RnYQPgsiCD1a,dec,1000000000,1001500000,1500000,So11111111111111111111111111111111111111111,9,1.0
5tzYryP6xEdCMisfg2mdY5Tt5YVHm9Uir4BbMZnXgB4a1qF2sEQZ867fbYrFLbdBK8LCZQD49TnfN8js8brfChWS,1754148980,2025-08-02T15:36:20,0.0000314,6KNbsP3eLVsFEJY9mJUz8h47B6X1GDh1RnYQPgsiCD1a,inc,1000000000,1500000,1001500000,So11111111111111111111111111111111111111111,9,1.0
4PG9MJxQX97SVFBfcafccNXy1GkJYg5JCXKAx4hT4QHJ6wSpV9ovukwHaC3g1MtbDVFjypaxDhAUDecs3HutmoY2,1754148842,2025-08-02T15:34:02,0.0000666,6KNbsP3eLVsFEJY9mJUz8h47B6X1GDh1RnYQPgsiCD1a,dec,1000000000,1001500000,1500000,So11111111111111111111111111111111111111111,9,1.0
3vScoLLNTBSaDcbRRzmgHLWajNCo8XV1rb5WFiFkexiNEtLHLvEs5WqpapVxfhpCp3QbGp8i7JbTTzJQRRhxr6Kk,1754148660,2025-08-02T15:31:00,0.0000314,6KNbsP3eLVsFEJY9mJUz8h47B6X1GDh1RnYQPgsiCD1a,inc,1000000000,1500000,1001500000,So11111111111111111111111111111111111111111,9,1.0
5CQiySwUJSU2UKECtgbTNepgAccd7ty7E1n9gxdMwNgB5qyyisqcqMhvMGxsyq5hsh6kL3M2XNWQT6xGS6Xr5X3p,1754148534,2025-08-02T15:28:54,0.0000666,6KNbsP3eLVsFEJY9mJUz8h47B6X1GDh1RnYQPgsiCD1a,dec,1035228281,1036728281,1500000,So11111111111111111111111111111111111111111,9,1.0
5pneXmtC3nrNXPFp3KaLEE8XB4hYGe93GKyJQCGG4zaipB6zTGDkngQCz4huKgRzMTV5d1tBLdeP8QSaw6ausGP1,1754148450,2025-08-02T15:27:30,0.000005,6KNbsP3eLVsFEJY9mJUz8h47B6X1GDh1RnYQPgsiCD1a,dec,6000,1036734281,1036728281,So11111111111111111111111111111111111111111,9,1.0
2HbHFdyEafiiraGsakfo9Jb7Z98h7c4JpBKx4KYwtGbNB9m3ASheatvXyx41t21sciAmxAChz59sS8W7mgFuogf6,1754148450,2025-08-02T15:27:30,0.000005002,D5CLRhGNoqpjfLEPX8m5kEp6x8JWHYeMn3sghZP9znui,dec,11887904888,11887908169,3281,4js6ig2z7pVfRhr5133XNhUr32TVoj5xbc9PbkePeftQ,6,1.0
2HbHFdyEafiiraGsakfo9Jb7Z98h7c4JpBKx4KYwtGbNB9m3ASheatvXyx41t21sciAmxAChz59sS8W7mgFuogf6,1754148450,2025-08-02T15:27:30,0.000005002,6KNbsP3eLVsFEJY9mJUz8h47B6X1GDh1RnYQPgsiCD1a,inc,1705724,1035028557,1036734281,So11111111111111111111111111111111111111111,9,1.0
5S3fnts8fg2ZR2L2h7Ze6gfTs8X2d3jneetuQ6QNkkePmZwbSZgTh6MakahVpV35egiLN9AtLQ19xnM64fFzXEKZ,1754148393,2025-08-02T15:26:33,0.000005,6KNbsP3eLVsFEJY9mJUz8h47B6X1GDh1RnYQPgsiCD1a,dec,6000,1035034557,1035028557,So11111111111111111111111111111111111111111,9,1.0
5mbqwg1goq9zYwuQLKRzqm33htfqgcRx1dLhZSfmFYnSPuwGwTJooh3nFqHBVcvtPUnk1THt7uaMLF8uCG9mWDSe,1754148393,2025-08-02T15:26:33,0.000005002,D5CLRhGNoqpjfLEPX8m5kEp6x8JWHYeMn3sghZP9znui,dec,3592837436197,3604725344366,11887908169,4js6ig2z7pVfRhr5133XNhUr32TVoj5xbc9PbkePeftQ,6,1.0
5mbqwg1goq9zYwuQLKRzqm33htfqgcRx1dLhZSfmFYnSPuwGwTJooh3nFqHBVcvtPUnk1THt7uaMLF8uCG9mWDSe,1754148393,2025-08-02T15:26:33,0.000005002,6KNbsP3eLVsFEJY9mJUz8h47B6X1GDh1RnYQPgsiCD1a,inc,475861559,559172998,1035034557,So11111111111111111111111111111111111111111,9,1.0
5JZuYVYQXTeeNpFwQtmXPb7uiuoj7c8nGxsPKwNH3jpm6r2qMKCynKa4hMk3pAqoM6Ppo9V4hgtr19kPCyn8Vqym,1754148374,2025-08-02T15:26:14,0.000005,6KNbsP3eLVsFEJY9mJUz8h47B6X1GDh1RnYQPgsiCD1a,dec,6000,559178998,559172998,So11111111111111111111111111111111111111111,9,1.0
3Lg2kfxQCpifSoHWo5icPT5NCsKPtc7WHshi4BXFAWcai7MQnFcE3zVig6hM6ry7QLyBuDdKbSZAsNjgFQwAw8CD,1754148374,2025-08-02T15:26:14,0.000005003,D5CLRhGNoqpjfLEPX8m5kEp6x8JWHYeMn3sghZP9znui,inc,2531299444899,1073425899467,3604725344366,4js6ig2z7pVfRhr5133XNhUr32TVoj5xbc9PbkePeftQ,6,1.0
3Lg2kfxQCpifSoHWo5icPT5NCsKPtc7WHshi4BXFAWcai7MQnFcE3zVig6hM6ry7QLyBuDdKbSZAsNjgFQwAw8CD,1754148374,2025-08-02T15:26:14,0.000005003,6KNbsP3eLVsFEJY9mJUz8h47B6X1GDh1RnYQPgsiCD1a,dec,323360531,882539529,559178998,So11111111111111111111111111111111111111111,9,1.0
3yNAgXERsn8AoHxsUqh9iZgJCrmGPHELZ2W6rQy3nQBc9vAcwgCJJXS168eK1arTUxCSTAr9jU8UyXmYoMffapEw,1754148333,2025-08-02T15:25:33,0.000005,6KNbsP3eLVsFEJY9mJUz8h47B6X1GDh1RnYQPgsiCD1a,dec,6000,882545529,882539529,So11111111111111111111111111111111111111111,9,1.0
VQpFYKwhRdmZfiaByjkHgzJDyAYEUXEGxR2Ugp7QjGoz25J49Tw3QowTgxpFUqQQhVbudKDK4gFwCMpEVARQamz,1754148333,2025-08-02T15:25:33,0.000005003,D5CLRhGNoqpjfLEPX8m5kEp6x8JWHYeMn3sghZP9znui,inc,1073354048541,71850926,1073425899467,4js6ig2z7pVfRhr5133XNhUr32TVoj5xbc9PbkePeftQ,6,1.0
VQpFYKwhRdmZfiaByjkHgzJDyAYEUXEGxR2Ugp7QjGoz25J49Tw3QowTgxpFUqQQhVbudKDK4gFwCMpEVARQamz,1754148333,2025-08-02T15:25:33,0.000005003,6KNbsP3eLVsFEJY9mJUz8h47B6X1GDh1RnYQPgsiCD1a,dec,133925612,1016471141,882545529,So11111111111111111111111111111111111111111,9,1.0
tFN2YSeH9BmGXVAyteiJcJByCv9umtQP6EwHZzFVT9QYiDUMzw8kAqoqzwtWv2cj3xJvUooEtFV6RR5AeR1DZuS,1754148318,2025-08-02T15:25:18,0.000005,6KNbsP3eLVsFEJY9mJUz8h47B6X1GDh1RnYQPgsiCD1a,dec,6000,1016477141,1016471141,So11111111111111111111111111111111111111111,9,1.0
3B4pJengJFQ9oY8fRePPbHxVUmXuWTEiopXEpLwL5iEvxeJc7Ua6Nduvo3SKxHPXd3JqbGZUpKFZfZEMMrdnn8ii,1754148318,2025-08-02T15:25:18,0.000005002,D5CLRhGNoqpjfLEPX8m5kEp6x8JWHYeMn3sghZP9znui,dec,11038938071,11110788997,71850926,4js6ig2z7pVfRhr5133XNhUr32TVoj5xbc9PbkePeftQ,6,1.0
3B4pJengJFQ9oY8fRePPbHxVUmXuWTEiopXEpLwL5iEvxeJc7Ua6Nduvo3SKxHPXd3JqbGZUpKFZfZEMMrdnn8ii,1754148318,2025-08-02T15:25:18,0.000005002,6KNbsP3eLVsFEJY9mJUz8h47B6X1GDh1RnYQPgsiCD1a,inc,1318424,1015158717,1016477141,So11111111111111111111111111111111111111111,9,1.0
3DtgxMRk1erbHvTNMfnRMZpSa1zpxsM2hvarue7enBZ9VRxJ5vZGjJJZnnzqKu8NbtJ2Js8fqGV8PSBWuowAWo6U,1754148278,2025-08-02T15:24:38,0.000005,6KNbsP3eLVsFEJY9mJUz8h47B6X1GDh1RnYQPgsiCD1a,dec,6000,1015164717,1015158717,So11111111111111111111111111111111111111111,9,1.0
3wvmmqCvgxRL8CgZwtZyxscKz6nphQesVUtga5RBp8pC6VNoCmncCGF7BZExvg7bJA7WvavTuUaFxotkB1697Ahc,1754148278,2025-08-02T15:24:38,0.000005002,D5CLRhGNoqpjfLEPX8m5kEp6x8JWHYeMn3sghZP9znui,dec,4516637258606,4527748047603,11110788997,4js6ig2z7pVfRhr5133XNhUr32TVoj5xbc9PbkePeftQ,6,1.0
3wvmmqCvgxRL8CgZwtZyxscKz6nphQesVUtga5RBp8pC6VNoCmncCGF7BZExvg7bJA7WvavTuUaFxotkB1697Ahc,1754148278,2025-08-02T15:24:38,0.000005002,6KNbsP3eLVsFEJY9mJUz8h47B6X1GDh1RnYQPgsiCD1a,inc,494792052,520372665,1015164717,So11111111111111111111111111111111111111111,9,1.0
4QpUMTjJGVfudVdFKLuQiyZ4nRj7Zx7swWmf5mpkJv9vzAcU6259UDnBZQKeBa6rJUMyA8icgDBbkXqaqD9h5MTq,1754148257,2025-08-02T15:24:17,0.000005,6KNbsP3eLVsFEJY9mJUz8h47B6X1GDh1RnYQPgsiCD1a,dec,6000,520378665,520372665,So11111111111111111111111111111111111111111,9,1.0
ZAcZMfuA3ykiLns4v9DiqbWzchfVdy5ZAbvkFPEvo5pTH5xqgwkb12pSBHMMxCvbsDaeSTrF4LWPFXwnbDDt7ku,1754148257,2025-08-02T15:24:17,0.000005004,D5CLRhGNoqpjfLEPX8m5kEp6x8JWHYeMn3sghZP9znui,inc,4527748047603,0,4527748047603,4js6ig2z7pVfRhr5133XNhUr32TVoj5xbc9PbkePeftQ,6,1.0
ZAcZMfuA3ykiLns4v9DiqbWzchfVdy5ZAbvkFPEvo5pTH5xqgwkb12pSBHMMxCvbsDaeSTrF4LWPFXwnbDDt7ku,1754148257,2025-08-02T15:24:17,0.000005004,6KNbsP3eLVsFEJY9mJUz8h47B6X1GDh1RnYQPgsiCD1a,dec,481121335,1001500000,520378665,So11111111111111111111111111111111111111111,9,1.0
4SCqHUgbD6jEHhvxQQ1bgkeujgMEpWUgVZwNxVjsoyMFKSi2mQmi4v7Ui6aqmirjQnWgcwir7GHG3xAPUhukxNbR,1754148164,2025-08-02T15:22:44,0.0000314,6KNbsP3eLVsFEJY9mJUz8h47B6X1GDh1RnYQPgsiCD1a,inc,1000000000,1500000,1001500000,So11111111111111111111111111111111111111111,9,1.0
4qR8Q4qs7irawNyFAhQCg3U5G7ghVPjHwrEKLL4m4ubaBY9hwksjmBTveynsjBcDCTvBqbKViXDA5P8cv7b8f7xK,1754148079,2025-08-02T15:21:19,0.00001,2WgBVBKVzBGd3kQLy4JAJ2dYS647jGyGWv4sMh5sm6DX,dec,20240191010,20240191010,0,F7ZJhiPJstSVJjkM1bhHmrZyN89qkHcZWDfYLmrTRfsV,6,1.0
2e8F676QT35v4X2u8Grwmm7bco59M9CPcEgC91nfyMqUG6wx4L29aoWp312gpweEYo7sittcJ7kW1YuvJ91vbihJ,1754148034,2025-08-02T15:20:34,0.0000666,6KNbsP3eLVsFEJY9mJUz8h47B6X1GDh1RnYQPgsiCD1a,dec,1016264928,1017764928,1500000,So11111111111111111111111111111111111111111,9,1.0
GqmMzfR7M9dosrb24bfmPfYLwZmWuqsqc7du2iapEFDBuEb2UJC2JtjyGzTgtimVkD1FqR4tt5JcezBVaPb2JZN,1754147987,2025-08-02T15:19:47,0.000005,6KNbsP3eLVsFEJY9mJUz8h47B6X1GDh1RnYQPgsiCD1a,dec,6000,1017770928,1017764928,So11111111111111111111111111111111111111111,9,1.0
vCPqTjdtiTLfDLi5s25PQHrmB9o4QnnrKQ2TWFfY7BZsoCCvJ1eeoihfJUz1Jsq1bwrb1r2MH2tFRHqnoZfXkc4,1754147987,2025-08-02T15:19:47,0.000005002,2WgBVBKVzBGd3kQLy4JAJ2dYS647jGyGWv4sMh5sm6DX,dec,3804746855495,3824987046505,20240191010,F7ZJhiPJstSVJjkM1bhHmrZyN89qkHcZWDfYLmrTRfsV,6,1.0
vCPqTjdtiTLfDLi5s25PQHrmB9o4QnnrKQ2TWFfY7BZsoCCvJ1eeoihfJUz1Jsq1bwrb1r2MH2tFRHqnoZfXkc4,1754147987,2025-08-02T15:19:47,0.000005002,6KNbsP3eLVsFEJY9mJUz8h47B6X1GDh1RnYQPgsiCD1a,inc,521594862,496176066,1017770928,So11111111111111111111111111111111111111111,9,1.0
kvujD7tQgsEGtRq8RMfcPK1jVTypXPEsoyb2mnzNMqPR4RU1YeNtmNJxBTFraJFS5FxVy4XJNbT77wrK4dBp3a8,1754147933,2025-08-02T15:18:53,0.000005,6KNbsP3eLVsFEJY9mJUz8h47B6X1GDh1RnYQPgsiCD1a,dec,6000,496182066,496176066,So11111111111111111111111111111111111111111,9,1.0
5i6iWwBxq8D3ECGJX7zkRBHc4NzKgfg7ug8936Ay85jNSWVK5Co9X9sYT48YEVyq3BJZpqx74bQveGzEfB2MwZtg,1754147933,2025-08-02T15:18:53,0.000005003,2WgBVBKVzBGd3kQLy4JAJ2dYS647jGyGWv4sMh5sm6DX,inc,2984423842654,840563203851,3824987046505,F7ZJhiPJstSVJjkM1bhHmrZyN89qkHcZWDfYLmrTRfsV,6,1.0
5i6iWwBxq8D3ECGJX7zkRBHc4NzKgfg7ug8936Ay85jNSWVK5Co9X9sYT48YEVyq3BJZpqx74bQveGzEfB2MwZtg,1754147933,2025-08-02T15:18:53,0.000005003,6KNbsP3eLVsFEJY9mJUz8h47B6X1GDh1RnYQPgsiCD1a,dec,391091249,887273315,496182066,So11111111111111111111111111111111111111111,9,1.0
56EfWTyZJR5Upo3zi4AUwyVZpmxgdgdx48TEmaqs33CEtvsAtokmzu9L69P91KsFp8cDpoudtZUgA6ERHSkXty6C,1754147872,2025-08-02T15:17:52,0.000005,6KNbsP3eLVsFEJY9mJUz8h47B6X1GDh1RnYQPgsiCD1a,dec,6000,887279315,887273315,So11111111111111111111111111111111111111111,9,1.0
5ddacLBZnn2BEBc1rUKc7ifdvp7TDQsx36frvYApjy31abguPSzEHdnQ2YQaroJAFPTjzkSwXGv4zdFcqoRJgdQY,1754147872,2025-08-02T15:17:52,0.000005004,2WgBVBKVzBGd3kQLy4JAJ2dYS647jGyGWv4sMh5sm6DX,inc,840563203851,0,840563203851,F7ZJhiPJstSVJjkM1bhHmrZyN89qkHcZWDfYLmrTRfsV,6,1.0
5ddacLBZnn2BEBc1rUKc7ifdvp7TDQsx36frvYApjy31abguPSzEHdnQ2YQaroJAFPTjzkSwXGv4zdFcqoRJgdQY,1754147872,2025-08-02T15:17:52,0.000005004,6KNbsP3eLVsFEJY9mJUz8h47B6X1GDh1RnYQPgsiCD1a,dec,114220685,1001500000,887279315,So11111111111111111111111111111111111111111,9,1.0
2eNayJ3T2JZa5dHMKs28W85X5PFR4dct2fpYDGwb7QgJqF3FBMwMT5GPBNeQtMT6EwcTHqSByA25wq8jDjkQffzE,1754147606,2025-08-02T15:13:26,0.0000314,6KNbsP3eLVsFEJY9mJUz8h47B6X1GDh1RnYQPgsiCD1a,inc,1000000000,1500000,1001500000,So11111111111111111111111111111111111111111,9,1.0
yYNMRJdw16PZ1tmqEBTZmBqd8NCLTKq5GpjC9VMM4R3TcEJ9GTTV8rLZbGPZM79JiaR6yejYYsP9GkpxQi8j8KQ,1754147485,2025-08-02T15:11:25,0.0000666,6KNbsP3eLVsFEJY9mJUz8h47B6X1GDh1RnYQPgsiCD1a,dec,1000000000,1001500000,1500000,So11111111111111111111111111111111111111111,9,1.0
5A2EArZbpTfbX88Nbrg4u4aETvtt1szs25FDNzVfzc76BgVNGmuQyxZgMJpDTrCBnsEDs5XVEGShB4xN7SBR1CLu,1754147353,2025-08-02T15:09:13,0.0000314,6KNbsP3eLVsFEJY9mJUz8h47B6X1GDh1RnYQPgsiCD1a,inc,1000000000,1500000,1001500000,So11111111111111111111111111111111111111111,9,1.0
4n42EEUv4GYo788zo7AczVNc7YpXGkHTCNBjScF3Ufx78ALQBFSAcoJ4d2Gw2UF5tjJXMpPBwLvJ9VHB4UDjrPDs,1754147225,2025-08-02T15:07:05,0.0000666,6KNbsP3eLVsFEJY9mJUz8h47B6X1GDh1RnYQPgsiCD1a,dec,1000000000,1001500000,1500000,So11111111111111111111111111111111111111111,9,1.0
3YyyJpzWPvUTu6mWAAmRCzJ2CjWsiMgztYHsfzgQCFJLcsPARCvnjvN3557a21myAXXkDTkMKTcRzgGBVUM6ejX3,1754146963,2025-08-02T15:02:43,0.0000314,6KNbsP3eLVsFEJY9mJUz8h47B6X1GDh1RnYQPgsiCD1a,inc,1000000000,1500000,1001500000,So11111111111111111111111111111111111111111,9,1.0
62AJgbFwEwQYSgSqUSwy6ZQEMKQPwKmGQP1eZ5TCo2nFd1rhpvysgL4v8UN3RixsuWDx2C61pPWT9KKenRdNBJyU,1754146880,2025-08-02T15:01:20,0.00001,DTc6Rh8A1bQgLYceVzL31TvyDJ2TDSjs2t9Nz9o2Wqbh,dec,26073063,26073063,0,DnjuL9z5iMxstKGGuruSVjq5WGTmrAJnNjZGcLmNZjqW,6,1.0
62AJgbFwEwQYSgSqUSwy6ZQEMKQPwKmGQP1eZ5TCo2nFd1rhpvysgL4v8UN3RixsuWDx2C61pPWT9KKenRdNBJyU,1754146880,2025-08-02T15:01:20,0.00001,HTnzzM7e5q8B5rpbWSPUfjfHv3VkiYZTzVMpyVL5EjcG,dec,3412527883234,3412527883234,0,G1xH1NRkggzVMA39RoivyPdx59Rm8pJTDQRoZV6oP2oi,6,1.0
3gkDpQ7fj12Towhq5GzmJ5AB2MUDxgAPupZXkvSnKV4xJoXj1jQHpfn1kLUGwfZTSdVukihf2ETatp6EwP1mRhe2,1754146834,2025-08-02T15:00:34,0.0000666,6KNbsP3eLVsFEJY9mJUz8h47B6X1GDh1RnYQPgsiCD1a,dec,1024205560,1025705560,1500000,So11111111111111111111111111111111111111111,9,1.0
2yaER6qx5Rh33mKxQ9khMxzWs7iy8AnJc4Tu4vLDJ1S5aGWwUjs5h4Le8DMk86jrpxRfqRc6Mnt1B99ykCgahUL3,1754146792,2025-08-02T14:59:52,0.000005,6KNbsP3eLVsFEJY9mJUz8h47B6X1GDh1RnYQPgsiCD1a,dec,6000,1025711560,1025705560,So11111111111111111111111111111111111111111,9,1.0
3MFxvKXXz5rmBjfPg9hG1hWS3jFYhpGDTdqL79FdAbdCijuAn7LHz532q9TwtcrTwVUVhCUHLTvCbJNHwEv3Mv56,1754146792,2025-08-02T14:59:52,0.000005002,DTc6Rh8A1bQgLYceVzL31TvyDJ2TDSjs2t9Nz9o2Wqbh,dec,21668224306,21694297369,26073063,DnjuL9z5iMxstKGGuruSVjq5WGTmrAJnNjZGcLmNZjqW,6,1.0
3MFxvKXXz5rmBjfPg9hG1hWS3jFYhpGDTdqL79FdAbdCijuAn7LHz532q9TwtcrTwVUVhCUHLTvCbJNHwEv3Mv56,1754146792,2025-08-02T14:59:52,0.000005002,6KNbsP3eLVsFEJY9mJUz8h47B6X1GDh1RnYQPgsiCD1a,inc,2970032,1022741528,1025711560,So11111111111111111111111111111111111111111,9,1.0
3D8P5RoCM5TkRXbqtZyfPTkMRkM8Zv79JQr911DGe4AWRzMdknbZ5hJb2bmXacaXpZSzRwvCMjj7DgMVxDdyegFJ,1754146697,2025-08-02T14:58:17,0.000005,6KNbsP3eLVsFEJY9mJUz8h47B6X1GDh1RnYQPgsiCD1a,dec,6000,1022747528,1022741528,So11111111111111111111111111111111111111111,9,1.0
2rAYZFC1QmtdQdd4BXb1wKvavhJUMJkN3kBcS5TQ68RnSKE44Mi7qCC6XGnceEyWjUbZcg3sVztuUfkgVjWKqUJb,1754146697,2025-08-02T14:58:17,0.000005002,DTc6Rh8A1bQgLYceVzL31TvyDJ2TDSjs2t9Nz9o2Wqbh,dec,3698315443042,3720009740411,21694297369,DnjuL9z5iMxstKGGuruSVjq5WGTmrAJnNjZGcLmNZjqW,6,1.0
2rAYZFC1QmtdQdd4BXb1wKvavhJUMJkN3kBcS5TQ68RnSKE44Mi7qCC6XGnceEyWjUbZcg3sVztuUfkgVjWKqUJb,1754146697,2025-08-02T14:58:17,0.000005002,6KNbsP3eLVsFEJY9mJUz8h47B6X1GDh1RnYQPgsiCD1a,inc,541702594,481044934,1022747528,So11111111111111111111111111111111111111111,9,1.0
58Jpi1dzkxFbzUkGfhvQBDR8FeuD8Do4yDkC6bkHvHqGx5o1YXe2sJ21jXEDkrHjB4ik158R5iDUgJ65y9XGgnub,1754146677,2025-08-02T14:57:57,0.000005,6KNbsP3eLVsFEJY9mJUz8h47B6X1GDh1RnYQPgsiCD1a,dec,6000,481050934,481044934,So11111111111111111111111111111111111111111,9,1.0
5csRc9WFcXW1CuvZizEL3UyVqr1QhPkA4apfyAZhici6gL5RRUftR31Sn8UQv1LErZRLs1RUdrokCCjmB3WUcUeR,1754146677,2025-08-02T14:57:57,0.000005003,DTc6Rh8A1bQgLYceVzL31TvyDJ2TDSjs2t9Nz9o2Wqbh,inc,1003168656051,2716841084360,3720009740411,DnjuL9z5iMxstKGGuruSVjq5WGTmrAJnNjZGcLmNZjqW,6,1.0
5csRc9WFcXW1CuvZizEL3UyVqr1QhPkA4apfyAZhici6gL5RRUftR31Sn8UQv1LErZRLs1RUdrokCCjmB3WUcUeR,1754146677,2025-08-02T14:57:57,0.000005003,6KNbsP3eLVsFEJY9mJUz8h47B6X1GDh1RnYQPgsiCD1a,dec,150515079,631566013,481050934,So11111111111111111111111111111111111111111,9,1.0
4Zu4X96AKRoq2ULFkyqEj3me55xfdsXcNcRDyehT2w9R2tvLsUQarsWmoD9kANkrCohC2yuVeLzHTWR9ZhrjjW1d,1754146655,2025-08-02T14:57:35,0.000005,6KNbsP3eLVsFEJY9mJUz8h47B6X1GDh1RnYQPgsiCD1a,dec,6000,631572013,631566013,So11111111111111111111111111111111111111111,9,1.0
5Gg5VsDgGFJLGXEDeyohLWgK5H4b2sw1no6jDwx4Pt3Qy8sESteR8H7UZCiFH2cNEXkvpBU25HU8sBT1ggL1A64T,1754146655,2025-08-02T14:57:35,0.000005003,DTc6Rh8A1bQgLYceVzL31TvyDJ2TDSjs2t9Nz9o2Wqbh,inc,1769395926295,947445158065,2716841084360,DnjuL9z5iMxstKGGuruSVjq5WGTmrAJnNjZGcLmNZjqW,6,1.0
5Gg5VsDgGFJLGXEDeyohLWgK5H4b2sw1no6jDwx4Pt3Qy8sESteR8H7UZCiFH2cNEXkvpBU25HU8sBT1ggL1A64T,1754146655,2025-08-02T14:57:35,0.000005003,6KNbsP3eLVsFEJY9mJUz8h47B6X1GDh1RnYQPgsiCD1a,dec,258269185,889841198,631572013,So11111111111111111111111111111111111111111,9,1.0
5CZ9h6gjp8scXS85k4Xs5n2d71o5BYPn7wiQKk71WPoHVf4uwJGFUWDTSHnt4AfGgffvvYmqF8HcAv7tr5DscfK8,1754146596,2025-08-02T14:56:36,0.000005,6KNbsP3eLVsFEJY9mJUz8h47B6X1GDh1RnYQPgsiCD1a,dec,6000,889847198,889841198,So11111111111111111111111111111111111111111,9,1.0
3NZ6BEKgMHrUc5nfdULNDZz8qUxHKFEjp7X2bESRizxsBEqzZV6HyqoLWR8Zw6gPTpqAUgZDB47nA1pX7Hid9dDg,1754146596,2025-08-02T14:56:36,0.000005003,DTc6Rh8A1bQgLYceVzL31TvyDJ2TDSjs2t9Nz9o2Wqbh,inc,947306418298,138739767,947445158065,DnjuL9z5iMxstKGGuruSVjq5WGTmrAJnNjZGcLmNZjqW,6,1.0
3NZ6BEKgMHrUc5nfdULNDZz8qUxHKFEjp7X2bESRizxsBEqzZV6HyqoLWR8Zw6gPTpqAUgZDB47nA1pX7Hid9dDg,1754146596,2025-08-02T14:56:36,0.000005003,6KNbsP3eLVsFEJY9mJUz8h47B6X1GDh1RnYQPgsiCD1a,dec,135701888,1025549086,889847198,So11111111111111111111111111111111111111111,9,1.0
328q3AjkX1Cg6auSXAVRRt8sEQcEQgXP898pE3yg4YmrpJE6HEZ7WdjMStyTp6ar28hNUCvbQgXsRE2fGDTUvhp9,1754146589,2025-08-02T14:56:29,0.000005,6KNbsP3eLVsFEJY9mJUz8h47B6X1GDh1RnYQPgsiCD1a,dec,6000,1025555086,1025549086,So11111111111111111111111111111111111111111,9,1.0
3Nm9WDk73ao4rXHUc3Jkutx5xdugjxSxppf41t9ofwhDB8QHyLGAmMnTh7vBarjdHhhdVj3Tj9AF2ZGKEoaoxHpG,1754146589,2025-08-02T14:56:29,0.000005002,DTc6Rh8A1bQgLYceVzL31TvyDJ2TDSjs2t9Nz9o2Wqbh,dec,15026160920,15164900687,138739767,DnjuL9z5iMxstKGGuruSVjq5WGTmrAJnNjZGcLmNZjqW,6,1.0
3Nm9WDk73ao4rXHUc3Jkutx5xdugjxSxppf41t9ofwhDB8QHyLGAmMnTh7vBarjdHhhdVj3Tj9AF2ZGKEoaoxHpG,1754146589,2025-08-02T14:56:29,0.000005002,6KNbsP3eLVsFEJY9mJUz8h47B6X1GDh1RnYQPgsiCD1a,inc,2132909,1023422177,1025555086,So11111111111111111111111111111111111111111,9,1.0
4kMw9Q6713tcc543ZcKPPCwQpzuRkLS3Ru4GF6dSfyqbStprwgGjvEhw1pBn3BC5nn3MF1yz68FDtS4GRERsKwFK,1754146541,2025-08-02T14:55:41,0.000005,6KNbsP3eLVsFEJY9mJUz8h47B6X1GDh1RnYQPgsiCD1a,dec,6000,1023428177,1023422177,So11111111111111111111111111111111111111111,9,1.0
2XuUiuanYS7iy6PK6Ro4qB1RJG2BLpy9CNMRtfSk42ZhBn9itVVkNUDNXNi5KZJk4yX9EJnSF9jdxGgvBLuu7NjT,1754146541,2025-08-02T14:55:41,0.000005002,DTc6Rh8A1bQgLYceVzL31TvyDJ2TDSjs2t9Nz9o2Wqbh,dec,3642052703185,3657217603872,15164900687,DnjuL9z5iMxstKGGuruSVjq5WGTmrAJnNjZGcLmNZjqW,6,1.0
2XuUiuanYS7iy6PK6Ro4qB1RJG2BLpy9CNMRtfSk42ZhBn9itVVkNUDNXNi5KZJk4yX9EJnSF9jdxGgvBLuu7NjT,1754146541,2025-08-02T14:55:41,0.000005002,6KNbsP3eLVsFEJY9mJUz8h47B6X1GDh1RnYQPgsiCD1a,inc,472028776,551399401,1023428177,So11111111111111111111111111111111111111111,9,1.0
3AKuQ6jsqZtc2X3QVYSwQYFZ7UYBPd3LDVsYsFUfivi9GLP5NhfUjDKYPb5X91Xr2yzArCvKdb64MwEgYYSdQzwQ,1754146522,2025-08-02T14:55:22,0.000005,6KNbsP3eLVsFEJY9mJUz8h47B6X1GDh1RnYQPgsiCD1a,dec,6000,551405401,551399401,So11111111111111111111111111111111111111111,9,1.0
456Ttdx58Ap6uxt1njM7g1R6YPbSF3BjJuiVEvasTVCM4SW1REVxRfozerFv2BPsKNnngmSz1eqgnFe964FWtv8u,1754146522,2025-08-02T14:55:22,0.000005003,DTc6Rh8A1bQgLYceVzL31TvyDJ2TDSjs2t9Nz9o2Wqbh,inc,3652740925513,4476678359,3657217603872,DnjuL9z5iMxstKGGuruSVjq5WGTmrAJnNjZGcLmNZjqW,6,1.0
456Ttdx58Ap6uxt1njM7g1R6YPbSF3BjJuiVEvasTVCM4SW1REVxRfozerFv2BPsKNnngmSz1eqgnFe964FWtv8u,1754146522,2025-08-02T14:55:22,0.000005003,6KNbsP3eLVsFEJY9mJUz8h47B6X1GDh1RnYQPgsiCD1a,dec,462533899,1013939300,551405401,So11111111111111111111111111111111111111111,9,1.0
44qSkRwsWqktPJdgM69wdHXX6vjypXmb6R9H3WuMiDys5RgewdpmWEBoXSsLDvrWLzR7ygMUH91FdgShH2CVSJDj,1754146439,2025-08-02T14:53:59,0.000005,6KNbsP3eLVsFEJY9mJUz8h47B6X1GDh1RnYQPgsiCD1a,dec,6000,1013945300,1013939300,So11111111111111111111111111111111111111111,9,1.0
49Zom9sdH4kHC7qrVvkLhtpz2H1gbLtmYM9N527wPipZd1xvknxTtArHJFdnEbUt6B1puAQXnvsyDiT1G43joic4,1754146439,2025-08-02T14:53:59,0.000005002,DTc6Rh8A1bQgLYceVzL31TvyDJ2TDSjs2t9Nz9o2Wqbh,dec,4227367115228,4231843793587,4476678359,DnjuL9z5iMxstKGGuruSVjq5WGTmrAJnNjZGcLmNZjqW,6,1.0
49Zom9sdH4kHC7qrVvkLhtpz2H1gbLtmYM9N527wPipZd1xvknxTtArHJFdnEbUt6B1puAQXnvsyDiT1G43joic4,1754146439,2025-08-02T14:53:59,0.000005002,6KNbsP3eLVsFEJY9mJUz8h47B6X1GDh1RnYQPgsiCD1a,inc,474120703,539824597,1013945300,So11111111111111111111111111111111111111111,9,1.0
3wTbX7TbrSZ46TWWdCfCQHYuXSvqZ72divTcR8u66EjvVTDrhpNivHtUG1AFJzYw6wFcpjKbFRHqvpdt6EMeiX4j,1754146407,2025-08-02T14:53:27,0.000005,6KNbsP3eLVsFEJY9mJUz8h47B6X1GDh1RnYQPgsiCD1a,dec,6000,539830597,539824597,So11111111111111111111111111111111111111111,9,1.0
67LHzBQp22LY4iBpHQBdXSQVm6Jn9FVRUAWLBkw1uMJaw7JKSvdancfK5WPb56p7vUJdsyGaMtnnTWtb5nuo1RmN,1754146407,2025-08-02T14:53:27,0.000005004,DTc6Rh8A1bQgLYceVzL31TvyDJ2TDSjs2t9Nz9o2Wqbh,inc,4231843793587,0,4231843793587,DnjuL9z5iMxstKGGuruSVjq5WGTmrAJnNjZGcLmNZjqW,6,1.0
67LHzBQp22LY4iBpHQBdXSQVm6Jn9FVRUAWLBkw1uMJaw7JKSvdancfK5WPb56p7vUJdsyGaMtnnTWtb5nuo1RmN,1754146407,2025-08-02T14:53:27,0.000005004,6KNbsP3eLVsFEJY9mJUz8h47B6X1GDh1RnYQPgsiCD1a,dec,461669403,1001500000,539830597,So11111111111111111111111111111111111111111,9,1.0
2xhYUcF8smXJDX4gGQUKnQeVKPyCUJAatU2HUd9yVa2HDPxVV5scc2VpYqjaosuJ84baXTxZJdiRkxH8KjgrSjwK,1754146293,2025-08-02T14:51:33,0.0000314,6KNbsP3eLVsFEJY9mJUz8h47B6X1GDh1RnYQPgsiCD1a,inc,1000000000,1500000,1001500000,So11111111111111111111111111111111111111111,9,1.0
e5sEaP9yBQSkNS9iiehDycFfJGcxpcoacEDhfCV2PtPU27JJq85Gw2MYXEprbKZkZvpSsNrbak4dRG47bUrxUmx,1754146157,2025-08-02T14:49:17,0.0000666,6KNbsP3eLVsFEJY9mJUz8h47B6X1GDh1RnYQPgsiCD1a,dec,471557882,473057882,1500000,So11111111111111111111111111111111111111111,9,1.0
355VLhhHZ8Rk3wepbzuRrxHNjaeP38ZzEgYDESWunKiQeBdJEahz7fGZQzUYBMN2HVSyGsPakfyTK8jZqsusbKYG,1754146118,2025-08-02T14:48:38,0.000005,6KNbsP3eLVsFEJY9mJUz8h47B6X1GDh1RnYQPgsiCD1a,dec,6000,473063882,473057882,So11111111111111111111111111111111111111111,9,1.0
2YrH84vPQiN5fnCYaRcwrEdXiPHKMjETwtrKXi7X1DKZdn87QfkeTYxrTeoExFCRQphHTepBcijFv4V6aThFTcAg,1754146118,2025-08-02T14:48:38,0.000005003,HTnzzM7e5q8B5rpbWSPUfjfHv3VkiYZTzVMpyVL5EjcG,inc,3412527879414,3820,3412527883234,G1xH1NRkggzVMA39RoivyPdx59Rm8pJTDQRoZV6oP2oi,6,1.0
2YrH84vPQiN5fnCYaRcwrEdXiPHKMjETwtrKXi7X1DKZdn87QfkeTYxrTeoExFCRQphHTepBcijFv4V6aThFTcAg,1754146118,2025-08-02T14:48:38,0.000005003,6KNbsP3eLVsFEJY9mJUz8h47B6X1GDh1RnYQPgsiCD1a,dec,530467877,1003531759,473063882,So11111111111111111111111111111111111111111,9,1.0
4gBwmeKEijrvBZ7EnkbweuPaAm6VDDWce8h1h8HKNhSUSbHZyfXhADG3U4pwhurdzRC6acNPLWSojX6hvtMh3MCc,1754146113,2025-08-02T14:48:33,0.000005,6KNbsP3eLVsFEJY9mJUz8h47B6X1GDh1RnYQPgsiCD1a,dec,6000,1003537759,1003531759,So11111111111111111111111111111111111111111,9,1.0
59zr9yXtGusWQAqeHDzKZFzSxUTGFYjU2NG9d7WL3yT1Dsp2cwW9qDgnozdKsSJnemb3V2bvYmXkmtfb2x1WWCT6,1754146113,2025-08-02T14:48:33,0.000005002,HTnzzM7e5q8B5rpbWSPUfjfHv3VkiYZTzVMpyVL5EjcG,dec,36244476905,36244480725,3820,G1xH1NRkggzVMA39RoivyPdx59Rm8pJTDQRoZV6oP2oi,6,1.0
59zr9yXtGusWQAqeHDzKZFzSxUTGFYjU2NG9d7WL3yT1Dsp2cwW9qDgnozdKsSJnemb3V2bvYmXkmtfb2x1WWCT6,1754146113,2025-08-02T14:48:33,0.000005002,6KNbsP3eLVsFEJY9mJUz8h47B6X1GDh1RnYQPgsiCD1a,inc,5512018,998025741,1003537759,So11111111111111111111111111111111111111111,9,1.0
3XffnF8u8YuuER7hJzqiouwifS3qZm7gqr1j7gyXqPBGn8fnRhPtoAx9KtnLKimLnYDN9qGtvWbFxNJsdzUbBGYF,1754146106,2025-08-02T14:48:26,0.000005,6KNbsP3eLVsFEJY9mJUz8h47B6X1GDh1RnYQPgsiCD1a,dec,6000,998031741,998025741,So11111111111111111111111111111111111111111,9,1.0
44XwvLHohpwA5GXVkwQqB1maJSceCFQoaumQhBhGZoRAckE2aUFLAwGN3ow2bqtwwcRQHEKQHdoay7zC2so5GZYc,1754146106,2025-08-02T14:48:26,0.000005002,HTnzzM7e5q8B5rpbWSPUfjfHv3VkiYZTzVMpyVL5EjcG,dec,5568101717605,5604346198330,36244480725,G1xH1NRkggzVMA39RoivyPdx59Rm8pJTDQRoZV6oP2oi,6,1.0
44XwvLHohpwA5GXVkwQqB1maJSceCFQoaumQhBhGZoRAckE2aUFLAwGN3ow2bqtwwcRQHEKQHdoay7zC2so5GZYc,1754146106,2025-08-02T14:48:26,0.000005002,6KNbsP3eLVsFEJY9mJUz8h47B6X1GDh1RnYQPgsiCD1a,inc,852640602,145391139,998031741,So11111111111111111111111111111111111111111,9,1.0
4GnaVaXaqdFrNp9cX8DVGMfnQFsLyNHtrXWcMw8y2rM3fEt6BryKaCmftajtcX7CWheXAp9GzeKRLYA1WGUqhrHk,1754146045,2025-08-02T14:47:25,0.000005,6KNbsP3eLVsFEJY9mJUz8h47B6X1GDh1RnYQPgsiCD1a,dec,6000,145397139,145391139,So11111111111111111111111111111111111111111,9,1.0
67N5NDc2vcre3qsyJ12QYQfVardpuvutWFi19LFzHcQ7Fa4nqTCwBVURQaPt2jXrft6bc1FWHxX2rb94Jb7UqBax,1754146045,2025-08-02T14:47:25,0.000005003,HTnzzM7e5q8B5rpbWSPUfjfHv3VkiYZTzVMpyVL5EjcG,inc,2464664835402,3139681362928,5604346198330,G1xH1NRkggzVMA39RoivyPdx59Rm8pJTDQRoZV6oP2oi,6,1.0
67N5NDc2vcre3qsyJ12QYQfVardpuvutWFi19LFzHcQ7Fa4nqTCwBVURQaPt2jXrft6bc1FWHxX2rb94Jb7UqBax,1754146045,2025-08-02T14:47:25,0.000005003,6KNbsP3eLVsFEJY9mJUz8h47B6X1GDh1RnYQPgsiCD1a,dec,377449862,522847001,145397139,So11111111111111111111111111111111111111111,9,1.0
28SM62XyFZjAq8cS6Pr4yR8FeYAbp9DDrsfT4WPfyUJiqujBWNwXQFP31ygJpAoqmfkXDRuBQSRGVUiu27pFUxbb,1754146040,2025-08-02T14:47:20,0.000005,6KNbsP3eLVsFEJY9mJUz8h47B6X1GDh1RnYQPgsiCD1a,dec,6000,522853001,522847001,So11111111111111111111111111111111111111111,9,1.0
39JNy2o7CghVLbvnabFsNtwyHLJ1jFX8DMqKDzNwhnsj6X1pno8KjmsmswJVx8CK3JHL2gDPnQDoyBSFKXGZdHZ1,1754146040,2025-08-02T14:47:20,0.000005003,HTnzzM7e5q8B5rpbWSPUfjfHv3VkiYZTzVMpyVL5EjcG,inc,3139681357804,5124,3139681362928,G1xH1NRkggzVMA39RoivyPdx59Rm8pJTDQRoZV6oP2oi,6,1.0
39JNy2o7CghVLbvnabFsNtwyHLJ1jFX8DMqKDzNwhnsj6X1pno8KjmsmswJVx8CK3JHL2gDPnQDoyBSFKXGZdHZ1,1754146040,2025-08-02T14:47:20,0.000005003,6KNbsP3eLVsFEJY9mJUz8h47B6X1GDh1RnYQPgsiCD1a,dec,480374958,1003227959,522853001,So11111111111111111111111111111111111111111,9,1.0
5YPwAKgV5xxP6VJLHJ5FQbMteSCydHZC9ybZUvtmab9umv3zwbWRkVb2Gq1aC6fZAGJfNhwe9kJw3rCduH9jMQzV,1754145994,2025-08-02T14:46:34,0.000005,6KNbsP3eLVsFEJY9mJUz8h47B6X1GDh1RnYQPgsiCD1a,dec,6000,1003233959,1003227959,So11111111111111111111111111111111111111111,9,1.0
38aSMh9z7vU97YP1M1ZdBR3e5ye5kqxMdQpFwVN3ZZMNtTtASPBaYZhWFMnFEShZ8iHF6PCvZSu2aMXPYQeHeahk,1754145994,2025-08-02T14:46:34,0.000005002,HTnzzM7e5q8B5rpbWSPUfjfHv3VkiYZTzVMpyVL5EjcG,dec,1041333324297,1041333329421,5124,G1xH1NRkggzVMA39RoivyPdx59Rm8pJTDQRoZV6oP2oi,6,1.0
38aSMh9z7vU97YP1M1ZdBR3e5ye5kqxMdQpFwVN3ZZMNtTtASPBaYZhWFMnFEShZ8iHF6PCvZSu2aMXPYQeHeahk,1754145994,2025-08-02T14:46:34,0.000005002,6KNbsP3eLVsFEJY9mJUz8h47B6X1GDh1RnYQPgsiCD1a,inc,150188512,853045447,1003233959,So11111111111111111111111111111111111111111,9,1.0
4pBBhhkte9rAyGkHuQci6BZih92Tct6HqwutGP8JRzaUnEAmUiuGbSrqFTUV6PBQ26vmrHb9QNeR3A18dRq3M7TB,1754145987,2025-08-02T14:46:27,0.000005,6KNbsP3eLVsFEJY9mJUz8h47B6X1GDh1RnYQPgsiCD1a,dec,6000,853051447,853045447,So11111111111111111111111111111111111111111,9,1.0
5AcJ1QHiY3MZRDtDDT4k4usEd9WjUqarRnchyF1yQUc4RYSJvahZUKTS6VzPYRuGM3mdLX9LRQjGaxUasC2q4Jfr,1754145987,2025-08-02T14:46:27,0.000005003,HTnzzM7e5q8B5rpbWSPUfjfHv3VkiYZTzVMpyVL5EjcG,inc,1041299999670,33329751,1041333329421,G1xH1NRkggzVMA39RoivyPdx59Rm8pJTDQRoZV6oP2oi,6,1.0
5AcJ1QHiY3MZRDtDDT4k4usEd9WjUqarRnchyF1yQUc4RYSJvahZUKTS6VzPYRuGM3mdLX9LRQjGaxUasC2q4Jfr,1754145987,2025-08-02T14:46:27,0.000005003,6KNbsP3eLVsFEJY9mJUz8h47B6X1GDh1RnYQPgsiCD1a,dec,149960543,1003011990,853051447,So11111111111111111111111111111111111111111,9,1.0
4YqBjamo67GXfmcT6H8hPBcrk8FqXQPAU86gptv75PD9atsZZMYB7q3de5RWVX18mxktgigS9anHUbQgQt71cX72,1754145911,2025-08-02T14:45:11,0.000005,6KNbsP3eLVsFEJY9mJUz8h47B6X1GDh1RnYQPgsiCD1a,dec,6000,1003017990,1003011990,So11111111111111111111111111111111111111111,9,1.0
2FQEvvrStHGQzPYFx6R7vi7Hw7F8zaz3WbYYea5Jvz3b4c1cRC2Hu124Xvt3MSjZWCzeiBwWdmrB5JnUwiSxUxkC,1754145911,2025-08-02T14:45:11,0.000005002,HTnzzM7e5q8B5rpbWSPUfjfHv3VkiYZTzVMpyVL5EjcG,dec,8955955521,8989285272,33329751,G1xH1NRkggzVMA39RoivyPdx59Rm8pJTDQRoZV6oP2oi,6,1.0
2FQEvvrStHGQzPYFx6R7vi7Hw7F8zaz3WbYYea5Jvz3b4c1cRC2Hu124Xvt3MSjZWCzeiBwWdmrB5JnUwiSxUxkC,1754145911,2025-08-02T14:45:11,0.000005002,6KNbsP3eLVsFEJY9mJUz8h47B6X1GDh1RnYQPgsiCD1a,inc,1209397,1001808593,1003017990,So11111111111111111111111111111111111111111,9,1.0
3PNsif1aryGxJfF2Pdkf6niUGj4CxcGr3mdZs7o2ABNNGzVFqyd6TFS24W6HdAow1QaRjKyW3QTF3Lh7Zj6b7f14,1754145902,2025-08-02T14:45:02,0.000005,6KNbsP3eLVsFEJY9mJUz8h47B6X1GDh1RnYQPgsiCD1a,dec,6000,1001814593,1001808593,So11111111111111111111111111111111111111111,9,1.0
22rtRYNeRwG2BmL9zuot3bg1Tb2D4kDnUB67j2FLasKv3PEJz1DJmNG3ED3Y29KvHk7qsnFFispsa1YUKkBFWpY1,1754145902,2025-08-02T14:45:02,0.000005002,HTnzzM7e5q8B5rpbWSPUfjfHv3VkiYZTzVMpyVL5EjcG,dec,3894672366144,3903661651416,8989285272,G1xH1NRkggzVMA39RoivyPdx59Rm8pJTDQRoZV6oP2oi,6,1.0
22rtRYNeRwG2BmL9zuot3bg1Tb2D4kDnUB67j2FLasKv3PEJz1DJmNG3ED3Y29KvHk7qsnFFispsa1YUKkBFWpY1,1754145902,2025-08-02T14:45:02,0.000005002,6KNbsP3eLVsFEJY9mJUz8h47B6X1GDh1RnYQPgsiCD1a,inc,502633380,499181213,1001814593,So11111111111111111111111111111111111111111,9,1.0
56heJsMjqBTtzjUDszoMfhm8bL4TTBfQqSns3MxaiW3r2kFGTgfJXwWggnZkqpjJ6Ynjey9ZiUbKDtuMA1jsJPQw,1754145893,2025-08-02T14:44:53,0.000005,6KNbsP3eLVsFEJY9mJUz8h47B6X1GDh1RnYQPgsiCD1a,dec,6000,499187213,499181213,So11111111111111111111111111111111111111111,9,1.0
jYTdNMA13FcAPwFn8mGqKNjdPdHzzbSmHUp73hiiWu818hguzjsyx8sK87NbP7u2cTRpKZoe11gksWq7x8syQX8,1754145893,2025-08-02T14:44:53,0.000005003,HTnzzM7e5q8B5rpbWSPUfjfHv3VkiYZTzVMpyVL5EjcG,inc,1485715104012,2417946547404,3903661651416,G1xH1NRkggzVMA39RoivyPdx59Rm8pJTDQRoZV6oP2oi,6,1.0
jYTdNMA13FcAPwFn8mGqKNjdPdHzzbSmHUp73hiiWu818hguzjsyx8sK87NbP7u2cTRpKZoe11gksWq7x8syQX8,1754145893,2025-08-02T14:44:53,0.000005003,6KNbsP3eLVsFEJY9mJUz8h47B6X1GDh1RnYQPgsiCD1a,dec,189167877,688355090,499187213,So11111111111111111111111111111111111111111,9,1.0
47yJYPLYE3pmtryxcP6ADoNqDB3fyHosYGzbYiQAjfa2krcDRjzrV8PgRWiGoedkLgG9Wwk5hsBWtsHeSdeBsrma,1754145891,2025-08-02T14:44:51,0.000005,6KNbsP3eLVsFEJY9mJUz8h47B6X1GDh1RnYQPgsiCD1a,dec,6000,688361090,688355090,So11111111111111111111111111111111111111111,9,1.0
3VtTQ4WGxvsceoZxxBwwSHEq1kwdhavCdqU2Yx1jpfWkLxk9kGdoWyk8eiHoBUypiTcWsk5AxMrnDHpBpiZXTfgg,1754145891,2025-08-02T14:44:51,0.000005004,HTnzzM7e5q8B5rpbWSPUfjfHv3VkiYZTzVMpyVL5EjcG,inc,2417946547404,0,2417946547404,G1xH1NRkggzVMA39RoivyPdx59Rm8pJTDQRoZV6oP2oi,6,1.0
3VtTQ4WGxvsceoZxxBwwSHEq1kwdhavCdqU2Yx1jpfWkLxk9kGdoWyk8eiHoBUypiTcWsk5AxMrnDHpBpiZXTfgg,1754145891,2025-08-02T14:44:51,0.000005004,6KNbsP3eLVsFEJY9mJUz8h47B6X1GDh1RnYQPgsiCD1a,dec,313138910,1001500000,688361090,So11111111111111111111111111111111111111111,9,1.0
pj1wgJ13m3kbKDRewDimq51iCpWYNSwGr74q3bskZUyyZKyB2SB7txyEktU2kvPpt5eXLxsr9foZ1B4cYeBydhb,1754145748,2025-08-02T14:42:28,0.0000314,6KNbsP3eLVsFEJY9mJUz8h47B6X1GDh1RnYQPgsiCD1a,inc,1000000000,1500000,1001500000,So11111111111111111111111111111111111111111,9,1.0
4mtbBixvvtr87GEwpAFB6mbXkoXJU7x4VkuRQdKEbQVUFXaSDjg3QJczYsCRJpb6ae7HhUDjBXRxnzRQ3bL4hNYy,1754145668,2025-08-02T14:41:08,0.00001,7FWXvvzTEQU2Q1BEsvQdYnDeFSQWRK4gq77WmaHtr7t5,dec,5745362066367,5745362066367,0,F3JfAZJRzhE5qkJu8RfPDRbVpQnLCbJxarVsB8mWN1HS,6,1.0
4ceDsfEmt9sQEH5q8uEjGWBjE6wKvQBmuqWWwa2Hnf6ciSuYyEdgyKc84fPtr5nVmGiy5tMTDeNgKcKMQXkCNGEi,1754145620,2025-08-02T14:40:20,0.0000666,6KNbsP3eLVsFEJY9mJUz8h47B6X1GDh1RnYQPgsiCD1a,dec,120086575,121586575,1500000,So11111111111111111111111111111111111111111,9,1.0
3syiyazJb1hE44AUkHrJhvXAyWvDAuWoKACfnrEJoic5nZbUuuiGkELLf35KR1LYWs8Lsd1aW3cDWUuQhNoiFCWg,1754145551,2025-08-02T14:39:11,0.000005,6KNbsP3eLVsFEJY9mJUz8h47B6X1GDh1RnYQPgsiCD1a,dec,6000,121592575,121586575,So11111111111111111111111111111111111111111,9,1.0
2dMN3FFgqG6xeGdE8pLpGG57JxcwCTFZRCek9PAN2S8YPbgFvbFdSa1iJaDA16wMuhqoujaiCa3VwSLEbBhjHvcA,1754145551,2025-08-02T14:39:11,0.000005003,7FWXvvzTEQU2Q1BEsvQdYnDeFSQWRK4gq77WmaHtr7t5,inc,2896005107366,2849356959001,5745362066367,F3JfAZJRzhE5qkJu8RfPDRbVpQnLCbJxarVsB8mWN1HS,6,1.0
2dMN3FFgqG6xeGdE8pLpGG57JxcwCTFZRCek9PAN2S8YPbgFvbFdSa1iJaDA16wMuhqoujaiCa3VwSLEbBhjHvcA,1754145551,2025-08-02T14:39:11,0.000005003,6KNbsP3eLVsFEJY9mJUz8h47B6X1GDh1RnYQPgsiCD1a,dec,439762032,561354607,121592575,So11111111111111111111111111111111111111111,9,1.0
2waqvQVK36t7CfUFbeAPVN1v6U6c1bgfV2F4zUq6zCypLgMsBVoDtrmdonETqpjc1DrAEX84ChQQnNRUkifR5227,1754145544,2025-08-02T14:39:04,0.000005,6KNbsP3eLVsFEJY9mJUz8h47B6X1GDh1RnYQPgsiCD1a,dec,6000,561360607,561354607,So11111111111111111111111111111111111111111,9,1.0
4Tr26BdRgzZo7n3wqr5pbB54KZb5ATUvGVzsNovi1gbUBnVBTxdWXchmx13bK8bVhZXYsQSSo8zzQYut1CcjToQ9,1754145544,2025-08-02T14:39:04,0.000005003,7FWXvvzTEQU2Q1BEsvQdYnDeFSQWRK4gq77WmaHtr7t5,inc,2849356956588,2413,2849356959001,F3JfAZJRzhE5qkJu8RfPDRbVpQnLCbJxarVsB8mWN1HS,6,1.0
4Tr26BdRgzZo7n3wqr5pbB54KZb5ATUvGVzsNovi1gbUBnVBTxdWXchmx13bK8bVhZXYsQSSo8zzQYut1CcjToQ9,1754145544,2025-08-02T14:39:04,0.000005003,6KNbsP3eLVsFEJY9mJUz8h47B6X1GDh1RnYQPgsiCD1a,dec,429005089,990365696,561360607,So11111111111111111111111111111111111111111,9,1.0
4GgSz9nmE4GHxsrw7YAyHSVt6vyZSiWEZnFzWDX95gerMbkCQwLTQiqduD5PFF7MgsghgUxb4bLHEuCiuWnCJucL,1754145432,2025-08-02T14:37:12,0.000005,6KNbsP3eLVsFEJY9mJUz8h47B6X1GDh1RnYQPgsiCD1a,dec,6000,990371696,990365696,So11111111111111111111111111111111111111111,9,1.0
iDhxb5G9o3MvXHnfSjAAjJFPXZd1qGgFA1uqWsLaSuiARbmsuVexesUZAMaAqRgZDJgVGBH7aQmJBnGndg7PNnu,1754145432,2025-08-02T14:37:12,0.000005002,7FWXvvzTEQU2Q1BEsvQdYnDeFSQWRK4gq77WmaHtr7t5,dec,14243373084,14243375497,2413,F3JfAZJRzhE5qkJu8RfPDRbVpQnLCbJxarVsB8mWN1HS,6,1.0
iDhxb5G9o3MvXHnfSjAAjJFPXZd1qGgFA1uqWsLaSuiARbmsuVexesUZAMaAqRgZDJgVGBH7aQmJBnGndg7PNnu,1754145432,2025-08-02T14:37:12,0.000005002,6KNbsP3eLVsFEJY9mJUz8h47B6X1GDh1RnYQPgsiCD1a,inc,2076177,988295519,990371696,So11111111111111111111111111111111111111111,9,1.0
3m7F1gRNGG2X5mDugbUYbadZwMafZZCVAUdKZ9oi6H4zsAuf1cMyAcSC2Q92Ftw5McdY2BLENsZJGsRcgSzvJ3VN,1754145375,2025-08-02T14:36:15,0.000005,6KNbsP3eLVsFEJY9mJUz8h47B6X1GDh1RnYQPgsiCD1a,dec,6000,988301519,988295519,So11111111111111111111111111111111111111111,9,1.0
5EPtPfY4zrNJEjBXsLwVNuzvc6Qr2Ret1x5XLqjBAdxHbhoQ3nJr2W9X7D6XQ1ajJ87PbWbh7Y6ta4oCUXE4EpTp,1754145375,2025-08-02T14:36:15,0.000005002,7FWXvvzTEQU2Q1BEsvQdYnDeFSQWRK4gq77WmaHtr7t5,dec,2388380569309,2402623944806,14243375497,F3JfAZJRzhE5qkJu8RfPDRbVpQnLCbJxarVsB8mWN1HS,6,1.0
5EPtPfY4zrNJEjBXsLwVNuzvc6Qr2Ret1x5XLqjBAdxHbhoQ3nJr2W9X7D6XQ1ajJ87PbWbh7Y6ta4oCUXE4EpTp,1754145375,2025-08-02T14:36:15,0.000005002,6KNbsP3eLVsFEJY9mJUz8h47B6X1GDh1RnYQPgsiCD1a,inc,353416023,634885496,988301519,So11111111111111111111111111111111111111111,9,1.0
tYvwmagMYyYSG3KUHyF33KXt1bKRYbfqZZTwiRMHfywS3yf7nVtDuvvVLsUpMVTHVaDaZW1meCaQYX4yRcegCAh,1754145301,2025-08-02T14:35:01,0.000005,6KNbsP3eLVsFEJY9mJUz8h47B6X1GDh1RnYQPgsiCD1a,dec,6000,634891496,634885496,So11111111111111111111111111111111111111111,9,1.0
2keh1JbvmaHyZczuwY4sWCLM6zAAhbRGqAznKHTKL9GQDctzQgEyJgkHBJ66hrpgJGGspE3Vxihu8nJrmNDbTHuB,1754145301,2025-08-02T14:35:01,0.000005003,7FWXvvzTEQU2Q1BEsvQdYnDeFSQWRK4gq77WmaHtr7t5,inc,2402623941799,3007,2402623944806,F3JfAZJRzhE5qkJu8RfPDRbVpQnLCbJxarVsB8mWN1HS,6,1.0
2keh1JbvmaHyZczuwY4sWCLM6zAAhbRGqAznKHTKL9GQDctzQgEyJgkHBJ66hrpgJGGspE3Vxihu8nJrmNDbTHuB,1754145301,2025-08-02T14:35:01,0.000005003,6KNbsP3eLVsFEJY9mJUz8h47B6X1GDh1RnYQPgsiCD1a,dec,367296766,1002188262,634891496,So11111111111111111111111111111111111111111,9,1.0
4ujyWtroVnJcNytZjeJ3eWaoHvW41ME5Rn6z9gb8sr9gusoHyK7zv5rrS4Tns1oLtkqQQd2s4HDn1yEbEJqRe5ws,1754145299,2025-08-02T14:34:59,0.000005,6KNbsP3eLVsFEJY9mJUz8h47B6X1GDh1RnYQPgsiCD1a,dec,6000,1002194262,1002188262,So11111111111111111111111111111111111111111,9,1.0
yB33mMusCe8kySFaUPNFx4bX3syRnnkxNnmjGtFTAG1WwrrPEgeE3RR33GyBdG3CiDhhVramTNarax9JUNTyDxi,1754145299,2025-08-02T14:34:59,0.000005002,7FWXvvzTEQU2Q1BEsvQdYnDeFSQWRK4gq77WmaHtr7t5,dec,45958,48965,3007,F3JfAZJRzhE5qkJu8RfPDRbVpQnLCbJxarVsB8mWN1HS,6,1.0
yB33mMusCe8kySFaUPNFx4bX3syRnnkxNnmjGtFTAG1WwrrPEgeE3RR33GyBdG3CiDhhVramTNarax9JUNTyDxi,1754145299,2025-08-02T14:34:59,0.000005002,6KNbsP3eLVsFEJY9mJUz8h47B6X1GDh1RnYQPgsiCD1a,dec,4995,1002199257,1002194262,So11111111111111111111111111111111111111111,9,1.0
3NdTsBW8eGE9tT8dukeabRjbKMKwA6iCh4dVS6kv9cCeK9PzB5i7mobHo8mFePwJtzFhiQZTYBpF6N1Lxg9T3vnm,1754145265,2025-08-02T14:34:25,0.000005,6KNbsP3eLVsFEJY9mJUz8h47B6X1GDh1RnYQPgsiCD1a,dec,6000,1002205257,1002199257,So11111111111111111111111111111111111111111,9,1.0
5Y8LMm1Wtv5gGjSkmDtqFD6kX2LBk1WS8hiuPS8ejdzoEGCze4ZnP8KXgBonyck8fEdWbU5ekkThreThXek62uYW,1754145265,2025-08-02T14:34:25,0.000005002,7FWXvvzTEQU2Q1BEsvQdYnDeFSQWRK4gq77WmaHtr7t5,dec,6725758,6774723,48965,F3JfAZJRzhE5qkJu8RfPDRbVpQnLCbJxarVsB8mWN1HS,6,1.0
5Y8LMm1Wtv5gGjSkmDtqFD6kX2LBk1WS8hiuPS8ejdzoEGCze4ZnP8KXgBonyck8fEdWbU5ekkThreThXek62uYW,1754145265,2025-08-02T14:34:25,0.000005002,6KNbsP3eLVsFEJY9mJUz8h47B6X1GDh1RnYQPgsiCD1a,dec,3990,1002209247,1002205257,So11111111111111111111111111111111111111111,9,1.0
3muR5CD3FTS4z5QFU1qrrkFtVnuhHnniEYN36moeuKoE8ZqWMvstexk2vuvTTzC2HzX1YWjroJYZLXzbM1nqtZsV,1754145264,2025-08-02T14:34:24,0.000005,6KNbsP3eLVsFEJY9mJUz8h47B6X1GDh1RnYQPgsiCD1a,dec,6000,1002215247,1002209247,So11111111111111111111111111111111111111111,9,1.0
gGtUDi7XQospWqebrFe4Q2qKYon8TRv3Snmeue1gbuG5Nrc5rEoH3aJYc1ZsD1B7hyxbi3JwLBMbm3C68cFQDSK,1754145264,2025-08-02T14:34:24,0.000005002,7FWXvvzTEQU2Q1BEsvQdYnDeFSQWRK4gq77WmaHtr7t5,dec,939069182,945843905,6774723,F3JfAZJRzhE5qkJu8RfPDRbVpQnLCbJxarVsB8mWN1HS,6,1.0
gGtUDi7XQospWqebrFe4Q2qKYon8TRv3Snmeue1gbuG5Nrc5rEoH3aJYc1ZsD1B7hyxbi3JwLBMbm3C68cFQDSK,1754145264,2025-08-02T14:34:24,0.000005002,6KNbsP3eLVsFEJY9mJUz8h47B6X1GDh1RnYQPgsiCD1a,inc,136210,1002079037,1002215247,So11111111111111111111111111111111111111111,9,1.0
9GXA5tzuhpL7w8BumgSeoaJFE8cF5KWjLDasAmH7P4mEWWtCQEfjjr5f7BjWocnRbsVxV9q9nCaDYaPNmbdtSsu,1754145247,2025-08-02T14:34:07,0.000005,6KNbsP3eLVsFEJY9mJUz8h47B6X1GDh1RnYQPgsiCD1a,dec,6000,1002085037,1002079037,So11111111111111111111111111111111111111111,9,1.0
5C78pTiXBE1PZv1DoJwLaKA6BvVLKJTswsdtwRifv1pbrzNWrRiJvMChcxigYKYBmfGtDsaK6ax7yyJs3UeVtYPH,1754145247,2025-08-02T14:34:07,0.000005002,7FWXvvzTEQU2Q1BEsvQdYnDeFSQWRK4gq77WmaHtr7t5,dec,1938055307611,1939001151516,945843905,F3JfAZJRzhE5qkJu8RfPDRbVpQnLCbJxarVsB8mWN1HS,6,1.0
5C78pTiXBE1PZv1DoJwLaKA6BvVLKJTswsdtwRifv1pbrzNWrRiJvMChcxigYKYBmfGtDsaK6ax7yyJs3UeVtYPH,1754145247,2025-08-02T14:34:07,0.000005002,6KNbsP3eLVsFEJY9mJUz8h47B6X1GDh1RnYQPgsiCD1a,inc,277374903,724710134,1002085037,So11111111111111111111111111111111111111111,9,1.0
3Aw6N3NVzU8uGkBs6FJzxFha2mJT9f5qQjg1V9vkRq7PUFPsk57vtyeEKLAZ67JJjesMaRKNh8NYzspbPbj1fWro,1754145242,2025-08-02T14:34:02,0.000005,6KNbsP3eLVsFEJY9mJUz8h47B6X1GDh1RnYQPgsiCD1a,dec,6000,724716134,724710134,So11111111111111111111111111111111111111111,9,1.0
3xo7W16APLTnTxQjJA2HJLVotxbZdadN5SbuQn2thS7YBYx14vHFWMpj7Z2h4S1HqBVhumy3NTeETucd9FvF6JiE,1754145242,2025-08-02T14:34:02,0.000005003,7FWXvvzTEQU2Q1BEsvQdYnDeFSQWRK4gq77WmaHtr7t5,inc,1928853082166,10148069350,1939001151516,F3JfAZJRzhE5qkJu8RfPDRbVpQnLCbJxarVsB8mWN1HS,6,1.0
3xo7W16APLTnTxQjJA2HJLVotxbZdadN5SbuQn2thS7YBYx14vHFWMpj7Z2h4S1HqBVhumy3NTeETucd9FvF6JiE,1754145242,2025-08-02T14:34:02,0.000005003,6KNbsP3eLVsFEJY9mJUz8h47B6X1GDh1RnYQPgsiCD1a,dec,275887447,1000603581,724716134,So11111111111111111111111111111111111111111,9,1.0
3hk8pDRYXn7WTkNRx88HN4dK9HyJd1tuofGdnQuaUN6ni65WrrhBgitdJ52JoH9Ld3MwUZCpfZ8YQFceg5LUtfp1,1754145235,2025-08-02T14:33:55,0.000005,6KNbsP3eLVsFEJY9mJUz8h47B6X1GDh1RnYQPgsiCD1a,dec,6000,1000609581,1000603581,So11111111111111111111111111111111111111111,9,1.0
3fwfRR4PRsY5eawiCkXSqJdcsdc45hZ6bgfY2HGZvbugoTK2agEB1VQspUMEbfnbcD8BLagAh73k3USYaLBDJZaj,1754145235,2025-08-02T14:33:55,0.000005002,7FWXvvzTEQU2Q1BEsvQdYnDeFSQWRK4gq77WmaHtr7t5,dec,1855448994450,1865597063800,10148069350,F3JfAZJRzhE5qkJu8RfPDRbVpQnLCbJxarVsB8mWN1HS,6,1.0
3fwfRR4PRsY5eawiCkXSqJdcsdc45hZ6bgfY2HGZvbugoTK2agEB1VQspUMEbfnbcD8BLagAh73k3USYaLBDJZaj,1754145235,2025-08-02T14:33:55,0.000005002,6KNbsP3eLVsFEJY9mJUz8h47B6X1GDh1RnYQPgsiCD1a,inc,265932140,734677441,1000609581,So11111111111111111111111111111111111111111,9,1.0
3cLhY21GfGNFTSChmJaXkf8QtkNG39MpFacqqrb1mcAD1cesJ2MttGY8QnEcace9ezW8nCW7Hh2sp9CcntdFGWNt,1754145168,2025-08-02T14:32:48,0.000005,6KNbsP3eLVsFEJY9mJUz8h47B6X1GDh1RnYQPgsiCD1a,dec,6000,734683441,734677441,So11111111111111111111111111111111111111111,9,1.0
2Nh4GECaPnmkYw6Dryqr7PG8MsMudX1v7jutoD6omKqz99YZfCQDMvKu4E951Gtt1sjg8iu38UgKsLVuTcVyuqG1,1754145168,2025-08-02T14:32:48,0.000005003,7FWXvvzTEQU2Q1BEsvQdYnDeFSQWRK4gq77WmaHtr7t5,inc,1845708871470,19888192330,1865597063800,F3JfAZJRzhE5qkJu8RfPDRbVpQnLCbJxarVsB8mWN1HS,6,1.0
2Nh4GECaPnmkYw6Dryqr7PG8MsMudX1v7jutoD6omKqz99YZfCQDMvKu4E951Gtt1sjg8iu38UgKsLVuTcVyuqG1,1754145168,2025-08-02T14:32:48,0.000005003,6KNbsP3eLVsFEJY9mJUz8h47B6X1GDh1RnYQPgsiCD1a,dec,271999764,1006683205,734683441,So11111111111111111111111111111111111111111,9,1.0
2iwxTi5mhvUU46AyKDnnnp7Gt5Zp2brzKLzRUjFdd9Wd8W5tRsxj2QrGK1zTkFfqpwA7zW9P7CM1uNshdKmkSF7Q,1754145146,2025-08-02T14:32:26,0.000005,6KNbsP3eLVsFEJY9mJUz8h47B6X1GDh1RnYQPgsiCD1a,dec,6000,1006689205,1006683205,So11111111111111111111111111111111111111111,9,1.0
2JmwW7qntQ4J8Mtt5SshShMgSc2mJimqkVUdKLBtvFgFN4LzwnVuzaEY6GUA6BCXoQ6k6r5rTjDkaY2fMF8cZgeR,1754145146,2025-08-02T14:32:26,0.000005002,7FWXvvzTEQU2Q1BEsvQdYnDeFSQWRK4gq77WmaHtr7t5,dec,2409466159782,2429354352112,19888192330,F3JfAZJRzhE5qkJu8RfPDRbVpQnLCbJxarVsB8mWN1HS,6,1.0
2JmwW7qntQ4J8Mtt5SshShMgSc2mJimqkVUdKLBtvFgFN4LzwnVuzaEY6GUA6BCXoQ6k6r5rTjDkaY2fMF8cZgeR,1754145146,2025-08-02T14:32:26,0.000005002,6KNbsP3eLVsFEJY9mJUz8h47B6X1GDh1RnYQPgsiCD1a,inc,351534688,655154517,1006689205,So11111111111111111111111111111111111111111,9,1.0
2iJNfsp9PqTJQ5PWmFvpurCgfp7WBKXnVmtjHCNDrqpKyM22x6aHEsNqkwnhWN7odJcdZi2KN9jTufGGUXVxN5dX,1754145039,2025-08-02T14:30:39,0.000005,6KNbsP3eLVsFEJY9mJUz8h47B6X1GDh1RnYQPgsiCD1a,dec,6000,655160517,655154517,So11111111111111111111111111111111111111111,9,1.0
2iLxZXzp7frii6cU84wU1NsAnn4kdj7LNxfxt4M8kFAZC8Mr8wxwa3VUVuagS8JXyEbn42z36y4xiPzkSdstz7iF,1754145039,2025-08-02T14:30:39,0.000005003,7FWXvvzTEQU2Q1BEsvQdYnDeFSQWRK4gq77WmaHtr7t5,inc,2336767327649,92587024463,2429354352112,F3JfAZJRzhE5qkJu8RfPDRbVpQnLCbJxarVsB8mWN1HS,6,1.0
2iLxZXzp7frii6cU84wU1NsAnn4kdj7LNxfxt4M8kFAZC8Mr8wxwa3VUVuagS8JXyEbn42z36y4xiPzkSdstz7iF,1754145039,2025-08-02T14:30:39,0.000005003,6KNbsP3eLVsFEJY9mJUz8h47B6X1GDh1RnYQPgsiCD1a,dec,316840265,972000782,655160517,So11111111111111111111111111111111111111111,9,1.0
5jXrKBNc95gcptPFbd53hNcvz69xrgwyQ6rPgxVUc82db77Qyvj8nuBHoKtKb9boUbYWszch77VgGz3SDiQ7qZEJ,1754144957,2025-08-02T14:29:17,0.000005,6KNbsP3eLVsFEJY9mJUz8h47B6X1GDh1RnYQPgsiCD1a,dec,6000,972006782,972000782,So11111111111111111111111111111111111111111,9,1.0
3EsgLdqE6UrPxQJSzSLnX9iBY1JvTEz8pvDp5PVm9WLd9VBoxzKNhoFofWW3WxYY5Yqbu9tC5cXW8SHawV4q9iEj,1754144957,2025-08-02T14:29:17,0.000005002,7FWXvvzTEQU2Q1BEsvQdYnDeFSQWRK4gq77WmaHtr7t5,dec,5579218309856,5671805334319,92587024463,F3JfAZJRzhE5qkJu8RfPDRbVpQnLCbJxarVsB8mWN1HS,6,1.0
3EsgLdqE6UrPxQJSzSLnX9iBY1JvTEz8pvDp5PVm9WLd9VBoxzKNhoFofWW3WxYY5Yqbu9tC5cXW8SHawV4q9iEj,1754144957,2025-08-02T14:29:17,0.000005002,6KNbsP3eLVsFEJY9mJUz8h47B6X1GDh1RnYQPgsiCD1a,inc,804492634,167514148,972006782,So11111111111111111111111111111111111111111,9,1.0
4ERMDKkpY8ewuxm2Sn3MbP377qeeisvMWwAoj812skjuLKfVuap45aNgCm7EXuPv2jwaseQ4nzPQP1NUoDcUCUum,1754144950,2025-08-02T14:29:10,0.000005,6KNbsP3eLVsFEJY9mJUz8h47B6X1GDh1RnYQPgsiCD1a,dec,6000,167520148,167514148,So11111111111111111111111111111111111111111,9,1.0
yQGpPJK2bh69qDyckuMh2M7f64SgFWdBAVfZoB2oqhy6XCS3gBPbtd3SpBkcRG23rhnzQNAbqah5YfbYbN7n9e5,1754144950,2025-08-02T14:29:10,0.000005003,7FWXvvzTEQU2Q1BEsvQdYnDeFSQWRK4gq77WmaHtr7t5,inc,1709732568001,3962072766318,5671805334319,F3JfAZJRzhE5qkJu8RfPDRbVpQnLCbJxarVsB8mWN1HS,6,1.0
yQGpPJK2bh69qDyckuMh2M7f64SgFWdBAVfZoB2oqhy6XCS3gBPbtd3SpBkcRG23rhnzQNAbqah5YfbYbN7n9e5,1754144950,2025-08-02T14:29:10,0.000005003,6KNbsP3eLVsFEJY9mJUz8h47B6X1GDh1RnYQPgsiCD1a,dec,243303727,410823875,167520148,So11111111111111111111111111111111111111111,9,1.0
rtZFGas5KMkERYAnsbEEmRkX3C4xFbJ1XyPxjhiGrMjMHfWf13oRZRWfRi6t5FgSSY94rfmFE7Sxcyxhhq5HWhf,1754144897,2025-08-02T14:28:17,0.000005,6KNbsP3eLVsFEJY9mJUz8h47B6X1GDh1RnYQPgsiCD1a,dec,6000,410829875,410823875,So11111111111111111111111111111111111111111,9,1.0
5iAYUPdixVSLa5cakCYxCqdPXwUGnTZh3LDEf4ukk7U1qcsCc7fun1Xw25Qf3JJs693skXiwfnn9iTpdgu9C27uB,1754144897,2025-08-02T14:28:17,0.000005003,7FWXvvzTEQU2Q1BEsvQdYnDeFSQWRK4gq77WmaHtr7t5,inc,2165315759182,1796757007136,3962072766318,F3JfAZJRzhE5qkJu8RfPDRbVpQnLCbJxarVsB8mWN1HS,6,1.0
5iAYUPdixVSLa5cakCYxCqdPXwUGnTZh3LDEf4ukk7U1qcsCc7fun1Xw25Qf3JJs693skXiwfnn9iTpdgu9C27uB,1754144897,2025-08-02T14:28:17,0.000005003,6KNbsP3eLVsFEJY9mJUz8h47B6X1GDh1RnYQPgsiCD1a,dec,332213943,743043818,410829875,So11111111111111111111111111111111111111111,9,1.0
ahAPMM1MDYs3irLWgxgLvMC8ms3jXvJoUePyHFduBedzx2MphnkHtoYDrTWwvvack87ho4DdmGeiVR4QTwKkew1,1754144891,2025-08-02T14:28:11,0.000005,6KNbsP3eLVsFEJY9mJUz8h47B6X1GDh1RnYQPgsiCD1a,dec,6000,743049818,743043818,So11111111111111111111111111111111111111111,9,1.0
4THPNLtvLB8pr2GXJsuiZ9Em4VVEb7PDqCbZjcsYz9V81seMNUnFUJDx9a358hqxaYs7P6ZUPU9fgzG3jC53GPYt,1754144891,2025-08-02T14:28:11,0.000005003,7FWXvvzTEQU2Q1BEsvQdYnDeFSQWRK4gq77WmaHtr7t5,inc,1737650691274,59106315862,1796757007136,F3JfAZJRzhE5qkJu8RfPDRbVpQnLCbJxarVsB8mWN1HS,6,1.0
4THPNLtvLB8pr2GXJsuiZ9Em4VVEb7PDqCbZjcsYz9V81seMNUnFUJDx9a358hqxaYs7P6ZUPU9fgzG3jC53GPYt,1754144891,2025-08-02T14:28:11,0.000005003,6KNbsP3eLVsFEJY9mJUz8h47B6X1GDh1RnYQPgsiCD1a,dec,266544340,1009594158,743049818,So11111111111111111111111111111111111111111,9,1.0
4fUeNivM7YtK1JqRpJNiGQSEtqy3A5fJvcfnEa3dm1ZBx3bKD9Dk6ToCokMsWbnQoFx99bGZjExpGdqFh5651PxY,1754144632,2025-08-02T14:23:52,0.000005,6KNbsP3eLVsFEJY9mJUz8h47B6X1GDh1RnYQPgsiCD1a,dec,6000,1009600158,1009594158,So11111111111111111111111111111111111111111,9,1.0
4gHfkK2UuNz6voSVZTWVKgbC3SuyDsWmWnT5paMUX44nB1Nh5PHwGjwez5X5jDebW2LMLGiePyGeYbrmaa3pM2yX,1754144632,2025-08-02T14:23:52,0.000005002,7FWXvvzTEQU2Q1BEsvQdYnDeFSQWRK4gq77WmaHtr7t5,dec,3517530270932,3576636586794,59106315862,F3JfAZJRzhE5qkJu8RfPDRbVpQnLCbJxarVsB8mWN1HS,6,1.0
4gHfkK2UuNz6voSVZTWVKgbC3SuyDsWmWnT5paMUX44nB1Nh5PHwGjwez5X5jDebW2LMLGiePyGeYbrmaa3pM2yX,1754144632,2025-08-02T14:23:52,0.000005002,6KNbsP3eLVsFEJY9mJUz8h47B6X1GDh1RnYQPgsiCD1a,inc,485695630,523904528,1009600158,So11111111111111111111111111111111111111111,9,1.0
2xuP9KoFXTQvCe8qn4rVADgBqd3SHVQ8mz9TRi9X4zBPXePhXo8pfNF4Jh4XW9fDP3EihcSGSeWmqbuZJKE4eBRK,1754144604,2025-08-02T14:23:24,0.000005,6KNbsP3eLVsFEJY9mJUz8h47B6X1GDh1RnYQPgsiCD1a,dec,6000,523910528,523904528,So11111111111111111111111111111111111111111,9,1.0
51iymS9AgA9SGZbDu3hFQpFbgYo3WzE4GHcU3Ems1SzPtjGUd1JxciXsN7QMEjQC5uPw4bcnzEsp5GWKTMX7Hfh1,1754144604,2025-08-02T14:23:24,0.000005003,7FWXvvzTEQU2Q1BEsvQdYnDeFSQWRK4gq77WmaHtr7t5,inc,3564185407723,12451179071,3576636586794,F3JfAZJRzhE5qkJu8RfPDRbVpQnLCbJxarVsB8mWN1HS,6,1.0
51iymS9AgA9SGZbDu3hFQpFbgYo3WzE4GHcU3Ems1SzPtjGUd1JxciXsN7QMEjQC5uPw4bcnzEsp5GWKTMX7Hfh1,1754144604,2025-08-02T14:23:24,0.000005003,6KNbsP3eLVsFEJY9mJUz8h47B6X1GDh1RnYQPgsiCD1a,dec,500097278,1024007806,523910528,So11111111111111111111111111111111111111111,9,1.0
335Qv12i9wCQsxciH426h5Uk8eMPkLu1MkneuVWGB5jdQ2wREuaBVicirUHT9ptN3kULFvh5JznSAGceUiswrF5c,1754144579,2025-08-02T14:22:59,0.000005,6KNbsP3eLVsFEJY9mJUz8h47B6X1GDh1RnYQPgsiCD1a,dec,6000,1024013806,1024007806,So11111111111111111111111111111111111111111,9,1.0
63mWep7GGCm5dEu5JUAqRHiqBUr6LkovqK23SmWdT6JKbY7Jpw6CTSfJydvzECdSVJeVFfahEZHwL4RD2w7w5tT,1754144579,2025-08-02T14:22:59,0.000005002,7FWXvvzTEQU2Q1BEsvQdYnDeFSQWRK4gq77WmaHtr7t5,dec,1904944650735,1917395829806,12451179071,F3JfAZJRzhE5qkJu8RfPDRbVpQnLCbJxarVsB8mWN1HS,6,1.0
63mWep7GGCm5dEu5JUAqRHiqBUr6LkovqK23SmWdT6JKbY7Jpw6CTSfJydvzECdSVJeVFfahEZHwL4RD2w7w5tT,1754144579,2025-08-02T14:22:59,0.000005002,6KNbsP3eLVsFEJY9mJUz8h47B6X1GDh1RnYQPgsiCD1a,inc,274119134,749894672,1024013806,So11111111111111111111111111111111111111111,9,1.0
4Xwrxhqe6pJ5QgRwZJwbHujPRbzgxXwLpAHf1hVhGMc5F6Kq2bbFXTFYWQFfDssKQ6z1jJwsFXww9d44kdRNEMFw,1754144560,2025-08-02T14:22:40,0.000005,6KNbsP3eLVsFEJY9mJUz8h47B6X1GDh1RnYQPgsiCD1a,dec,6000,749900672,749894672,So11111111111111111111111111111111111111111,9,1.0
45HovuRU6iji2DBgMqVv61jhaEXad5zFs2FKVWmz7v32bXvdmXX3d9mkJjLwy2ZR2h8SaVZ2gCZ7K1rfUMuHcGQz,1754144560,2025-08-02T14:22:40,0.000005003,7FWXvvzTEQU2Q1BEsvQdYnDeFSQWRK4gq77WmaHtr7t5,inc,1908684241856,8711587950,1917395829806,F3JfAZJRzhE5qkJu8RfPDRbVpQnLCbJxarVsB8mWN1HS,6,1.0
45HovuRU6iji2DBgMqVv61jhaEXad5zFs2FKVWmz7v32bXvdmXX3d9mkJjLwy2ZR2h8SaVZ2gCZ7K1rfUMuHcGQz,1754144560,2025-08-02T14:22:40,0.000005003,6KNbsP3eLVsFEJY9mJUz8h47B6X1GDh1RnYQPgsiCD1a,dec,268301679,1018202351,749900672,So11111111111111111111111111111111111111111,9,1.0
41md2aneXhVvNjgc6NmjdwWvzVu7G17VsR15Eh6L9DpFtiT7h2YMfhmqirCSFstsUBoDw3aPqJUS2KNFkDiRw1Nt,1754144531,2025-08-02T14:22:11,0.000005,6KNbsP3eLVsFEJY9mJUz8h47B6X1GDh1RnYQPgsiCD1a,dec,6000,1018208351,1018202351,So11111111111111111111111111111111111111111,9,1.0
5BZGzWm5vqNvJzwTFp95wpdfoPLqgxXsbrQP8KqXhBF1N96skBQzdwEfkW5GyeeTW5a8cfUsUniz58Vu18eW447H,1754144531,2025-08-02T14:22:11,0.000005002,7FWXvvzTEQU2Q1BEsvQdYnDeFSQWRK4gq77WmaHtr7t5,dec,1096802963095,1105514551045,8711587950,F3JfAZJRzhE5qkJu8RfPDRbVpQnLCbJxarVsB8mWN1HS,6,1.0
5BZGzWm5vqNvJzwTFp95wpdfoPLqgxXsbrQP8KqXhBF1N96skBQzdwEfkW5GyeeTW5a8cfUsUniz58Vu18eW447H,1754144531,2025-08-02T14:22:11,0.000005002,6KNbsP3eLVsFEJY9mJUz8h47B6X1GDh1RnYQPgsiCD1a,inc,154364876,863843475,1018208351,So11111111111111111111111111111111111111111,9,1.0
wkeocCftp8UBEQweqnvnjyHWL2cB3wHGpSghSP3uuthBskjirAa538Jwaje3D8fEPyknGoySefaMEJCGUDug5Fr,1754144515,2025-08-02T14:21:55,0.000005,6KNbsP3eLVsFEJY9mJUz8h47B6X1GDh1RnYQPgsiCD1a,dec,6000,863849475,863843475,So11111111111111111111111111111111111111111,9,1.0
56tLJekQesiPoQz5abjLTFzLEQ1fCRSseT3Lys15JMi9M9dBPru7TwqLCKovbo2kJAYaHFQSvsoP4EAByzK17FjX,1754144515,2025-08-02T14:21:55,0.000005003,7FWXvvzTEQU2Q1BEsvQdYnDeFSQWRK4gq77WmaHtr7t5,inc,1081742461721,23772089324,1105514551045,F3JfAZJRzhE5qkJu8RfPDRbVpQnLCbJxarVsB8mWN1HS,6,1.0
56tLJekQesiPoQz5abjLTFzLEQ1fCRSseT3Lys15JMi9M9dBPru7TwqLCKovbo2kJAYaHFQSvsoP4EAByzK17FjX,1754144515,2025-08-02T14:21:55,0.000005003,6KNbsP3eLVsFEJY9mJUz8h47B6X1GDh1RnYQPgsiCD1a,dec,153950597,1017800072,863849475,So11111111111111111111111111111111111111111,9,1.0
58Lkmv42WJQYP8E8FMWvzH19WewL4pgRaJAWsj32H7EMXDrLBmmcPUsgrUoYmKdhWTccL5fZ9Zy1rdE96hsvWZNt,1754144497,2025-08-02T14:21:37,0.000005,6KNbsP3eLVsFEJY9mJUz8h47B6X1GDh1RnYQPgsiCD1a,dec,6000,1017806072,1017800072,So11111111111111111111111111111111111111111,9,1.0
2ccB8cCjUvpsbqumZYp94MAAvYG9qp6EBDeQwsDZZMAVG7eu4FsXHMdquzzCgtwDwWvz8ihF5xG7pVyPDuz3BE4s,1754144497,2025-08-02T14:21:37,0.000005002,7FWXvvzTEQU2Q1BEsvQdYnDeFSQWRK4gq77WmaHtr7t5,dec,3218709508151,3242481597475,23772089324,F3JfAZJRzhE5qkJu8RfPDRbVpQnLCbJxarVsB8mWN1HS,6,1.0
2ccB8cCjUvpsbqumZYp94MAAvYG9qp6EBDeQwsDZZMAVG7eu4FsXHMdquzzCgtwDwWvz8ihF5xG7pVyPDuz3BE4s,1754144497,2025-08-02T14:21:37,0.000005002,6KNbsP3eLVsFEJY9mJUz8h47B6X1GDh1RnYQPgsiCD1a,inc,481653194,536152878,1017806072,So11111111111111111111111111111111111111111,9,1.0
UVuKvD7JF9GFdLhNA3fkwN5FJEUucRriXGdxAgAGrTGBMdhT1YzWywesaUigMmWd8Cb7PdxFq7k2rHQGSS6DrxS,1754144476,2025-08-02T14:21:16,0.000005,6KNbsP3eLVsFEJY9mJUz8h47B6X1GDh1RnYQPgsiCD1a,dec,6000,536158878,536152878,So11111111111111111111111111111111111111111,9,1.0
4oMH4GZXyRBQzFd1R1CccZoYPN4TQfVPZQwyuJwyU3JpnP1eCXMZG9Lm7mFLJkdRc5yRZcgfYdjE9QFT5Y3zUEnx,1754144476,2025-08-02T14:21:16,0.000005003,7FWXvvzTEQU2Q1BEsvQdYnDeFSQWRK4gq77WmaHtr7t5,inc,3206067007537,36414589938,3242481597475,F3JfAZJRzhE5qkJu8RfPDRbVpQnLCbJxarVsB8mWN1HS,6,1.0
4oMH4GZXyRBQzFd1R1CccZoYPN4TQfVPZQwyuJwyU3JpnP1eCXMZG9Lm7mFLJkdRc5yRZcgfYdjE9QFT5Y3zUEnx,1754144476,2025-08-02T14:21:16,0.000005003,6KNbsP3eLVsFEJY9mJUz8h47B6X1GDh1RnYQPgsiCD1a,dec,482542463,1018701341,536158878,So11111111111111111111111111111111111111111,9,1.0
2Jq3ejvZq7qmdzP1buRTfvRQ2CcCzgM4YYGowJFJ2rSi72dHmfXhGwiX3Bi6i32Sc4iWwB69ERBjAYDhAHkgfDaQ,1754144437,2025-08-02T14:20:37,0.000005,6KNbsP3eLVsFEJY9mJUz8h47B6X1GDh1RnYQPgsiCD1a,dec,6000,1018707341,1018701341,So11111111111111111111111111111111111111111,9,1.0
25mNeeRbkUCrypWHRUuvjL41cU3gHwoyDnBFChdvCfLcwihxmnGge2T3MD3CGUALkLYVJKrYPpLqfrDLzvjUn16h,1754144437,2025-08-02T14:20:37,0.000005002,7FWXvvzTEQU2Q1BEsvQdYnDeFSQWRK4gq77WmaHtr7t5,dec,5974120528527,6010535118465,36414589938,F3JfAZJRzhE5qkJu8RfPDRbVpQnLCbJxarVsB8mWN1HS,6,1.0
25mNeeRbkUCrypWHRUuvjL41cU3gHwoyDnBFChdvCfLcwihxmnGge2T3MD3CGUALkLYVJKrYPpLqfrDLzvjUn16h,1754144437,2025-08-02T14:20:37,0.000005002,6KNbsP3eLVsFEJY9mJUz8h47B6X1GDh1RnYQPgsiCD1a,inc,861623985,157083356,1018707341,So11111111111111111111111111111111111111111,9,1.0
3drSK3qKBmKB7LXCrF4JQsifEEfnXUGnmiJY1vrkzaV5s93cwMGEWhaR6ixADNfY24yGeyoRnzWQyrRkDGSpmfBz,1754144374,2025-08-02T14:19:34,0.000005,6KNbsP3eLVsFEJY9mJUz8h47B6X1GDh1RnYQPgsiCD1a,dec,6000,157089356,157083356,So11111111111111111111111111111111111111111,9,1.0
3s5Eq3pKzDurWEua5WG2Kxxqip1aNSKx1FT9QJH1WHwqxUN5iQ6GfQ1XREUZQmDFgMXMaahahrRNwsJpm1RZXcLT,1754144374,2025-08-02T14:19:34,0.000005003,7FWXvvzTEQU2Q1BEsvQdYnDeFSQWRK4gq77WmaHtr7t5,inc,3042327035714,2968208082751,6010535118465,F3JfAZJRzhE5qkJu8RfPDRbVpQnLCbJxarVsB8mWN1HS,6,1.0
3s5Eq3pKzDurWEua5WG2Kxxqip1aNSKx1FT9QJH1WHwqxUN5iQ6GfQ1XREUZQmDFgMXMaahahrRNwsJpm1RZXcLT,1754144374,2025-08-02T14:19:34,0.000005003,6KNbsP3eLVsFEJY9mJUz8h47B6X1GDh1RnYQPgsiCD1a,dec,437583605,594672961,157089356,So11111111111111111111111111111111111111111,9,1.0
9JgD8CskEc8c293emVqv8fnPnXyumEuv1X2NbCbdVGx6r6jJmnCizz3VtB2SDXRGmfSPmE4Lj18R5ny6Xi4xtBx,1754144341,2025-08-02T14:19:01,0.000005,6KNbsP3eLVsFEJY9mJUz8h47B6X1GDh1RnYQPgsiCD1a,dec,6000,594678961,594672961,So11111111111111111111111111111111111111111,9,1.0
4oe4TDV4W7DJdNgqgyKsyhtmrRsaeru7TE9AMBdNayme1sa2WKfR1bFD3oxuryTatandjCUYrK14YRSJtbaUZtGm,1754144341,2025-08-02T14:19:01,0.000005003,7FWXvvzTEQU2Q1BEsvQdYnDeFSQWRK4gq77WmaHtr7t5,inc,1335073604566,1633134478185,2968208082751,F3JfAZJRzhE5qkJu8RfPDRbVpQnLCbJxarVsB8mWN1HS,6,1.0
4oe4TDV4W7DJdNgqgyKsyhtmrRsaeru7TE9AMBdNayme1sa2WKfR1bFD3oxuryTatandjCUYrK14YRSJtbaUZtGm,1754144341,2025-08-02T14:19:01,0.000005003,6KNbsP3eLVsFEJY9mJUz8h47B6X1GDh1RnYQPgsiCD1a,dec,195851865,790530826,594678961,So11111111111111111111111111111111111111111,9,1.0
2s7YKfQBVs4sjdD9wicmcoJxZpfJ9thW7MBpdU98mWVTFpcHjYbjyjCpWEYpQ5HLtVC3xNaipTKKXY2dH8LCfX7w,1754144287,2025-08-02T14:18:07,0.000005,6KNbsP3eLVsFEJY9mJUz8h47B6X1GDh1RnYQPgsiCD1a,dec,6000,790536826,790530826,So11111111111111111111111111111111111111111,9,1.0
3UytN57Gf3PwKRhpUvY7KydQKkfU4t8grynanK8HX1AyCoC8CdFTJxo2GJq2pJgRHdLAmpc4T1F6puuSK8ZsdbN6,1754144287,2025-08-02T14:18:07,0.000005003,7FWXvvzTEQU2Q1BEsvQdYnDeFSQWRK4gq77WmaHtr7t5,inc,1633134472625,5560,1633134478185,F3JfAZJRzhE5qkJu8RfPDRbVpQnLCbJxarVsB8mWN1HS,6,1.0
3UytN57Gf3PwKRhpUvY7KydQKkfU4t8grynanK8HX1AyCoC8CdFTJxo2GJq2pJgRHdLAmpc4T1F6puuSK8ZsdbN6,1754144287,2025-08-02T14:18:07,0.000005003,6KNbsP3eLVsFEJY9mJUz8h47B6X1GDh1RnYQPgsiCD1a,dec,241713791,1032250617,790536826,So11111111111111111111111111111111111111111,9,1.0
2bKzf1DQ3YaJyx8Wjm2cKHWDjdBSphFUp7Q1WKfXQsePkD2EJhhVp2obB1mWcs2UduANNVjntpi5XNgWrNytdqWk,1754144250,2025-08-02T14:17:30,0.000005,6KNbsP3eLVsFEJY9mJUz8h47B6X1GDh1RnYQPgsiCD1a,dec,6000,1032256617,1032250617,So11111111111111111111111111111111111111111,9,1.0
3umtd4BQbCa549omHW8ig4Ju8KxeVWiHqZFPmkNeSFVzVADU2i41FZSP5mxd2BuK3GtRM1do8zZXKvmBLcoKjouH,1754144250,2025-08-02T14:17:30,0.000005002,7FWXvvzTEQU2Q1BEsvQdYnDeFSQWRK4gq77WmaHtr7t5,dec,8126404957,8126410517,5560,F3JfAZJRzhE5qkJu8RfPDRbVpQnLCbJxarVsB8mWN1HS,6,1.0
3umtd4BQbCa549omHW8ig4Ju8KxeVWiHqZFPmkNeSFVzVADU2i41FZSP5mxd2BuK3GtRM1do8zZXKvmBLcoKjouH,1754144250,2025-08-02T14:17:30,0.000005002,6KNbsP3eLVsFEJY9mJUz8h47B6X1GDh1RnYQPgsiCD1a,inc,1121180,1031135437,1032256617,So11111111111111111111111111111111111111111,9,1.0
5R6GdW8Y13VT6Z3uUu5ceTKsGSETRgJKDoKGNRaoo3v9AGcdZSLLyfcxptKd9gyPNfF3cPHisEqPiwQaLNW944yN,1754144199,2025-08-02T14:16:39,0.000005,6KNbsP3eLVsFEJY9mJUz8h47B6X1GDh1RnYQPgsiCD1a,dec,6000,1031141437,1031135437,So11111111111111111111111111111111111111111,9,1.0
u11eq5vousYNvgzXpA1eSgrB5yhrNjCejvuNykUrsa4rxDXiHf2P8UPMVpR5zCFk22ynFu4zKXih8QNHGeZWBAt,1754144199,2025-08-02T14:16:39,0.000005002,7FWXvvzTEQU2Q1BEsvQdYnDeFSQWRK4gq77WmaHtr7t5,dec,2210847901501,2218974312018,8126410517,F3JfAZJRzhE5qkJu8RfPDRbVpQnLCbJxarVsB8mWN1HS,6,1.0
u11eq5vousYNvgzXpA1eSgrB5yhrNjCejvuNykUrsa4rxDXiHf2P8UPMVpR5zCFk22ynFu4zKXih8QNHGeZWBAt,1754144199,2025-08-02T14:16:39,0.000005002,6KNbsP3eLVsFEJY9mJUz8h47B6X1GDh1RnYQPgsiCD1a,inc,308325511,722815926,1031141437,So11111111111111111111111111111111111111111,9,1.0
2gTwm5RmWcBkzG97a8dtZpnCiSCPZZ6zXXJUbfbtSyBpUu9CRyEyY6JitRD2AmF8nnEPNmXNam9oiT6pm57pDucw,1754144177,2025-08-02T14:16:17,0.000005,6KNbsP3eLVsFEJY9mJUz8h47B6X1GDh1RnYQPgsiCD1a,inc,1,722815925,722815926,So11111111111111111111111111111111111111111,9,1.0
4mthFP2gfFjB56sDHunVWKReYBB4GAUibiGcadVoW4FHUEqNBMz77rc8mkZtbxfCtRkZZ4rYExYj2fRn4YgTocMY,1754144177,2025-08-02T14:16:17,0.000005,6KNbsP3eLVsFEJY9mJUz8h47B6X1GDh1RnYQPgsiCD1a,inc,1,722815924,722815925,So11111111111111111111111111111111111111111,9,1.0
c9mWJ6nrmSRbqfCryyBx9oWaQepzz4ktH9STf5qfHMoMAP8rNsQmhraHRkLysjR6yZjaeey4WQ6rYEsaEm5wXkT,1754144176,2025-08-02T14:16:16,0.000005,6KNbsP3eLVsFEJY9mJUz8h47B6X1GDh1RnYQPgsiCD1a,dec,6000,722821924,722815924,So11111111111111111111111111111111111111111,9,1.0
5iP2PBHgmnUHT44yZH7scy56BpSNsJvVHQx2iddceVDciU1uALyxxHEAg2BrWAKZ1BTFHgrNLwqW6LYhDsrkvEqx,1754144176,2025-08-02T14:16:16,0.000005003,7FWXvvzTEQU2Q1BEsvQdYnDeFSQWRK4gq77WmaHtr7t5,inc,2218974305868,6150,2218974312018,F3JfAZJRzhE5qkJu8RfPDRbVpQnLCbJxarVsB8mWN1HS,6,1.0
5iP2PBHgmnUHT44yZH7scy56BpSNsJvVHQx2iddceVDciU1uALyxxHEAg2BrWAKZ1BTFHgrNLwqW6LYhDsrkvEqx,1754144176,2025-08-02T14:16:16,0.000005003,6KNbsP3eLVsFEJY9mJUz8h47B6X1GDh1RnYQPgsiCD1a,dec,302058787,1024880711,722821924,So11111111111111111111111111111111111111111,9,1.0
2EgRVvXNKeqE8d9DULc7p4VYJymWTkvPwTaoYpj8pr2T5PpGskmJPu6nb7f2SG54fdXezTNsbGP5mwYxsUxhb25D,1754144125,2025-08-02T14:15:25,0.000005,6KNbsP3eLVsFEJY9mJUz8h47B6X1GDh1RnYQPgsiCD1a,dec,6000,1024886711,1024880711,So11111111111111111111111111111111111111111,9,1.0
zShEFvgziVWAo3w99EyQu6EGe27jF5BFqcwSKSji86rDPvUnfPvX1Y41av7ZACw34NTu3pAg2izQRe4LDpoHPjf,1754144125,2025-08-02T14:15:25,0.000005002,7FWXvvzTEQU2Q1BEsvQdYnDeFSQWRK4gq77WmaHtr7t5,dec,9156121557,9156127707,6150,F3JfAZJRzhE5qkJu8RfPDRbVpQnLCbJxarVsB8mWN1HS,6,1.0
zShEFvgziVWAo3w99EyQu6EGe27jF5BFqcwSKSji86rDPvUnfPvX1Y41av7ZACw34NTu3pAg2izQRe4LDpoHPjf,1754144125,2025-08-02T14:15:25,0.000005002,6KNbsP3eLVsFEJY9mJUz8h47B6X1GDh1RnYQPgsiCD1a,inc,1191763,1023694948,1024886711,So11111111111111111111111111111111111111111,9,1.0
omCtu7TVMrGmNLNNTrxfFVSnwfrKewwZv6hAszSTzqTQ2uQ9ZFUe7cswdVa4zLm1ojVbMMpiimhXSZNq69WEXtb,1754144099,2025-08-02T14:14:59,0.000005,6KNbsP3eLVsFEJY9mJUz8h47B6X1GDh1RnYQPgsiCD1a,dec,6000,1023700948,1023694948,So11111111111111111111111111111111111111111,9,1.0
4XXot7J6CRfCiCYUpByUYkEQJrWNxCGcbu4egStNJQ3Sr6nqCrFKtGKwR8r99jaUrJy94mRBzhcMZs29iVy9LtJG,1754144099,2025-08-02T14:14:59,0.000005002,7FWXvvzTEQU2Q1BEsvQdYnDeFSQWRK4gq77WmaHtr7t5,dec,2221105087170,2230261214877,9156127707,F3JfAZJRzhE5qkJu8RfPDRbVpQnLCbJxarVsB8mWN1HS,6,1.0
4XXot7J6CRfCiCYUpByUYkEQJrWNxCGcbu4egStNJQ3Sr6nqCrFKtGKwR8r99jaUrJy94mRBzhcMZs29iVy9LtJG,1754144099,2025-08-02T14:14:59,0.000005002,6KNbsP3eLVsFEJY9mJUz8h47B6X1GDh1RnYQPgsiCD1a,inc,290362449,733338499,1023700948,So11111111111111111111111111111111111111111,9,1.0
CFjiZAnej5goMq1LLAoTuDLnDRt9BviY7cuoAP6GLwaD74WAoyWUqk8rFUa4x9uvSC6hsDmJw3ebQe9WpJNNctU,1754144063,2025-08-02T14:14:23,0.000005,6KNbsP3eLVsFEJY9mJUz8h47B6X1GDh1RnYQPgsiCD1a,dec,6000,733344499,733338499,So11111111111111111111111111111111111111111,9,1.0
2NwUUuwvR4WJueScHwZXcs832QWE4bR4TEghfUTapnJZo5Ro9riTwBZSHwQrepZ3beaCk4UBHwMDfXga1VR8DFtw,1754144063,2025-08-02T14:14:23,0.000005004,7FWXvvzTEQU2Q1BEsvQdYnDeFSQWRK4gq77WmaHtr7t5,inc,2230261214877,0,2230261214877,F3JfAZJRzhE5qkJu8RfPDRbVpQnLCbJxarVsB8mWN1HS,6,1.0
2NwUUuwvR4WJueScHwZXcs832QWE4bR4TEghfUTapnJZo5Ro9riTwBZSHwQrepZ3beaCk4UBHwMDfXga1VR8DFtw,1754144063,2025-08-02T14:14:23,0.000005004,6KNbsP3eLVsFEJY9mJUz8h47B6X1GDh1RnYQPgsiCD1a,dec,268155501,1001500000,733344499,So11111111111111111111111111111111111111111,9,1.0
chcriEwaLVsYoYChJfM3xSDHoNcPgPMY4T6agcEYeTjnRwvAUxZk9iSh25d9JvbMkVDZ5YJro9mgqRaQNZ8MBrv,1754143920,2025-08-02T14:12:00,0.0000314,6KNbsP3eLVsFEJY9mJUz8h47B6X1GDh1RnYQPgsiCD1a,inc,1000000000,1500000,1001500000,So11111111111111111111111111111111111111111,9,1.0
4Noff6t3xa4jciaX6fskSoTfqURQy4i4tSef2w5bdghHkPGhrjPBnuFVYvriYUVyULzx3eYaZuUFcHsJkzGoNdth,1754143841,2025-08-02T14:10:41,0.00001,8tmqrbKZ32a7XwaNKWsF54jB5PiGKWegK1JqjJHuK96k,dec,4064,4064,0,3Y9vY1mbLg9zHFkDKRYbZsTjT1yfPHwsfWNe4pUNmD1M,6,1.0
4Noff6t3xa4jciaX6fskSoTfqURQy4i4tSef2w5bdghHkPGhrjPBnuFVYvriYUVyULzx3eYaZuUFcHsJkzGoNdth,1754143841,2025-08-02T14:10:41,0.00001,EH14q5d12Z1ZW1nfm6gxpYKofLDPFAmAFJquZEKh1q7N,dec,2702704423903,2702704423903,0,B7ainezxf9M6XoRhLmYvLDg9vnuxVEiwTpnSmjhg36jn,6,1.0
4RKTikyhUoWiQYXBv4UjjooWAzcPK7VVnZAtEquxgZsWm79qhNowzqLm7M9VP2Tr6HsPUsbsD3n69SgrSZpoe7WM,1754143795,2025-08-02T14:09:55,0.000063,6KNbsP3eLVsFEJY9mJUz8h47B6X1GDh1RnYQPgsiCD1a,dec,1091367906,1092867906,1500000,So11111111111111111111111111111111111111111,9,1.0
2dZjHEtK1LTCwqMnFu5iMZK2s2K7DQCRtSKQxcKLomKhZHr4cxbzhjCrc6UaRYtRNot66GhnmbRjuvgqftsvBFhT,1754143587,2025-08-02T14:06:27,0.000005,6KNbsP3eLVsFEJY9mJUz8h47B6X1GDh1RnYQPgsiCD1a,dec,6000,1092873906,1092867906,So11111111111111111111111111111111111111111,9,1.0
3weodZN7h3skJsiRqPZa9eNo3wg5KwQWfaKn7np26Rb2pSXQrAY6KKSZnJT2NceFGGrE4dPmYrmQQpsVsu6LrUAu,1754143587,2025-08-02T14:06:27,0.000005002,8tmqrbKZ32a7XwaNKWsF54jB5PiGKWegK1JqjJHuK96k,dec,13418769689,13418773753,4064,3Y9vY1mbLg9zHFkDKRYbZsTjT1yfPHwsfWNe4pUNmD1M,6,1.0
3weodZN7h3skJsiRqPZa9eNo3wg5KwQWfaKn7np26Rb2pSXQrAY6KKSZnJT2NceFGGrE4dPmYrmQQpsVsu6LrUAu,1754143587,2025-08-02T14:06:27,0.000005002,6KNbsP3eLVsFEJY9mJUz8h47B6X1GDh1RnYQPgsiCD1a,inc,1769254,1091104652,1092873906,So11111111111111111111111111111111111111111,9,1.0
5sXPcnQoxYE3E1gXhCRJvfdfqdb8NF79yoDiqYQNuyk4F4qNxWpab4SBUwMSqUtrsgUM1aCRWmNUF4A9gginiLUg,1754143526,2025-08-02T14:05:26,0.000005,6KNbsP3eLVsFEJY9mJUz8h47B6X1GDh1RnYQPgsiCD1a,dec,6000,1091110652,1091104652,So11111111111111111111111111111111111111111,9,1.0
5i2Lk5UcWmGkkEJLERsK9uaRBhjqCRCMh6dkeEgXss2dBdJdT6sU3PwTZaRJRWnvV6Ag8WxaYpsanoXLqL4WXoe7,1754143526,2025-08-02T14:05:26,0.000005002,8tmqrbKZ32a7XwaNKWsF54jB5PiGKWegK1JqjJHuK96k,dec,7394535315341,7407954089094,13418773753,3Y9vY1mbLg9zHFkDKRYbZsTjT1yfPHwsfWNe4pUNmD1M,6,1.0
5i2Lk5UcWmGkkEJLERsK9uaRBhjqCRCMh6dkeEgXss2dBdJdT6sU3PwTZaRJRWnvV6Ag8WxaYpsanoXLqL4WXoe7,1754143526,2025-08-02T14:05:26,0.000005002,6KNbsP3eLVsFEJY9mJUz8h47B6X1GDh1RnYQPgsiCD1a,inc,958643936,132466716,1091110652,So11111111111111111111111111111111111111111,9,1.0
25BcSzhaFCW5ffW6zc7siaUQKfWjekxTp9jP3j4JJMCsZMRNte7oeEWFEtfr3LHPzrBjx3i53PsLaXBNzrEu8tjb,1754143467,2025-08-02T14:04:27,0.000005,6KNbsP3eLVsFEJY9mJUz8h47B6X1GDh1RnYQPgsiCD1a,dec,6000,132472716,132466716,So11111111111111111111111111111111111111111,9,1.0
55b13HpT9hQ95M294mT5BZ6pdTFUbdCEQcmnPbW8ftu3CByHU3922Bi8BPX7sa6aYFS3bU1n265ScyCVGVV4timf,1754143467,2025-08-02T14:04:27,0.000005003,8tmqrbKZ32a7XwaNKWsF54jB5PiGKWegK1JqjJHuK96k,inc,2068749864797,5339204224297,7407954089094,3Y9vY1mbLg9zHFkDKRYbZsTjT1yfPHwsfWNe4pUNmD1M,6,1.0
55b13HpT9hQ95M294mT5BZ6pdTFUbdCEQcmnPbW8ftu3CByHU3922Bi8BPX7sa6aYFS3bU1n265ScyCVGVV4timf,1754143467,2025-08-02T14:04:27,0.000005003,6KNbsP3eLVsFEJY9mJUz8h47B6X1GDh1RnYQPgsiCD1a,dec,245556418,378029134,132472716,So11111111111111111111111111111111111111111,9,1.0
2p5gdxhxefjZ2AXYur1bn59ErFWuAZe9hh3qzPu5zeBxmr7A9YcQPyLs5BN2YdQseckB7T7aeKLWbKxLVKZkHWZ6,1754143467,2025-08-02T14:04:27,0.000005,6KNbsP3eLVsFEJY9mJUz8h47B6X1GDh1RnYQPgsiCD1a,dec,6000,378035134,378029134,So11111111111111111111111111111111111111111,9,1.0
tHHNUA9YMZbsx2oGyPoFiAyvsKhzuvKYmZDQXWiz6T2B7f8odejHHUKcpXjnkdasmCu6NNPaZK1qiKdGUmAATMX,1754143467,2025-08-02T14:04:27,0.000005003,8tmqrbKZ32a7XwaNKWsF54jB5PiGKWegK1JqjJHuK96k,inc,1791161877222,3548042347075,5339204224297,3Y9vY1mbLg9zHFkDKRYbZsTjT1yfPHwsfWNe4pUNmD1M,6,1.0
tHHNUA9YMZbsx2oGyPoFiAyvsKhzuvKYmZDQXWiz6T2B7f8odejHHUKcpXjnkdasmCu6NNPaZK1qiKdGUmAATMX,1754143467,2025-08-02T14:04:27,0.000005003,6KNbsP3eLVsFEJY9mJUz8h47B6X1GDh1RnYQPgsiCD1a,dec,211641410,589676544,378035134,So11111111111111111111111111111111111111111,9,1.0
2faZnEcbbYSCiUoLBjZRjXAx5heNTY7J2sqZkPiQT9vGPrsUU5ig3x7vRjcYidyA5x2wD4rXnLaHUJq4wbQMRpM8,1754143466,2025-08-02T14:04:26,0.000005,6KNbsP3eLVsFEJY9mJUz8h47B6X1GDh1RnYQPgsiCD1a,dec,6000,589682544,589676544,So11111111111111111111111111111111111111111,9,1.0
ZaNDJvueVCAZXwnGUCCcDfZ14NAMe4RQwPPEpiexQ3hWbWKuY4TUemTkdwMY7FJvLjdzshywH3PApTEXJ2p6YA9,1754143466,2025-08-02T14:04:26,0.000005003,8tmqrbKZ32a7XwaNKWsF54jB5PiGKWegK1JqjJHuK96k,inc,3547145450259,896896816,3548042347075,3Y9vY1mbLg9zHFkDKRYbZsTjT1yfPHwsfWNe4pUNmD1M,6,1.0
ZaNDJvueVCAZXwnGUCCcDfZ14NAMe4RQwPPEpiexQ3hWbWKuY4TUemTkdwMY7FJvLjdzshywH3PApTEXJ2p6YA9,1754143466,2025-08-02T14:04:26,0.000005003,6KNbsP3eLVsFEJY9mJUz8h47B6X1GDh1RnYQPgsiCD1a,dec,416498090,1006180634,589682544,So11111111111111111111111111111111111111111,9,1.0
3824LJhW4M6Av7pfFBYk8aNPhkUMt9YGNU2vFzBFbHm7VpP6vLqQtThkX1UdHAEkZW4T1SxYeohjcQqqGA4bVetY,1754143465,2025-08-02T14:04:25,0.000005,6KNbsP3eLVsFEJY9mJUz8h47B6X1GDh1RnYQPgsiCD1a,dec,6000,1006186634,1006180634,So11111111111111111111111111111111111111111,9,1.0
4tzg97YadXGqEdEEHcRpJe2uM33GeD7ssX4xRqcmsdXzsdSXt3q4z5AwyHA389MHyrPgipJ7MyBBVwUCy7hSWtnJ,1754143465,2025-08-02T14:04:25,0.000005002,8tmqrbKZ32a7XwaNKWsF54jB5PiGKWegK1JqjJHuK96k,dec,31752904937,32649801753,896896816,3Y9vY1mbLg9zHFkDKRYbZsTjT1yfPHwsfWNe4pUNmD1M,6,1.0
4tzg97YadXGqEdEEHcRpJe2uM33GeD7ssX4xRqcmsdXzsdSXt3q4z5AwyHA389MHyrPgipJ7MyBBVwUCy7hSWtnJ,1754143465,2025-08-02T14:04:25,0.000005002,6KNbsP3eLVsFEJY9mJUz8h47B6X1GDh1RnYQPgsiCD1a,inc,3705091,1002481543,1006186634,So11111111111111111111111111111111111111111,9,1.0
2CrUHWtssfBksiwrAXbMjTLHDa3GceHAworRT6BXn1Nu1bhxf85grF3tcEZBT3rbqV4vduYCzed7LtdkHSCThkut,1754143452,2025-08-02T14:04:12,0.000005,6KNbsP3eLVsFEJY9mJUz8h47B6X1GDh1RnYQPgsiCD1a,dec,6000,1002487543,1002481543,So11111111111111111111111111111111111111111,9,1.0
2FgjQET1jxFhUX5QdkC59EsDWtR7NwCkMzsjYBbKogeX1MRpYUNcJMGXNjpiuyy34kF6pCVVwVvmL18sLmqPE1hB,1754143452,2025-08-02T14:04:12,0.000005002,8tmqrbKZ32a7XwaNKWsF54jB5PiGKWegK1JqjJHuK96k,dec,2770366572468,2803016374221,32649801753,3Y9vY1mbLg9zHFkDKRYbZsTjT1yfPHwsfWNe4pUNmD1M,6,1.0
2FgjQET1jxFhUX5QdkC59EsDWtR7NwCkMzsjYBbKogeX1MRpYUNcJMGXNjpiuyy34kF6pCVVwVvmL18sLmqPE1hB,1754143452,2025-08-02T14:04:12,0.000005002,6KNbsP3eLVsFEJY9mJUz8h47B6X1GDh1RnYQPgsiCD1a,inc,285670424,716817119,1002487543,So11111111111111111111111111111111111111111,9,1.0
46grDjht6kzoXiMSFne3SmNmUp5MMDnYxwdqpi2DURW3oXNsVTuHX2Giughbb5yFjM7a5cd3jtPdMnvD5E7bWDxv,1754143440,2025-08-02T14:04:00,0.000005,6KNbsP3eLVsFEJY9mJUz8h47B6X1GDh1RnYQPgsiCD1a,dec,6000,716823119,716817119,So11111111111111111111111111111111111111111,9,1.0
xWDND6g8zovpm1eYriuyrkmmHXEaa4UKU3SB5jL6enasoA4xGVkiTMwTfcDPouamzKFrcHSnEgYRthKqAWPx27x,1754143440,2025-08-02T14:04:00,0.000005004,8tmqrbKZ32a7XwaNKWsF54jB5PiGKWegK1JqjJHuK96k,inc,2803016374221,0,2803016374221,3Y9vY1mbLg9zHFkDKRYbZsTjT1yfPHwsfWNe4pUNmD1M,6,1.0
xWDND6g8zovpm1eYriuyrkmmHXEaa4UKU3SB5jL6enasoA4xGVkiTMwTfcDPouamzKFrcHSnEgYRthKqAWPx27x,1754143440,2025-08-02T14:04:00,0.000005004,6KNbsP3eLVsFEJY9mJUz8h47B6X1GDh1RnYQPgsiCD1a,dec,284676881,1001500000,716823119,So11111111111111111111111111111111111111111,9,1.0
5L23DucdEYUwxNp6A1AszCZSuSi8XKfbJHpXaidjLmHJvJu7NE5qaPD9hgeJRp28pmEZGKhbegMjhZxWyUNvz7zk,1754143348,2025-08-02T14:02:28,0.000029387,6KNbsP3eLVsFEJY9mJUz8h47B6X1GDh1RnYQPgsiCD1a,inc,1000000000,1500000,1001500000,So11111111111111111111111111111111111111111,9,1.0
5jv9ta8Z9i7CzuzVNrjx2P95QQTczbZAhjyszkmSQ7GxXB5Wyq93VLciGZ32riSKLFaJDgZMBcvigY6PAsPNvx9X,1754142550,2025-08-02T13:49:10,0.000062928,6KNbsP3eLVsFEJY9mJUz8h47B6X1GDh1RnYQPgsiCD1a,dec,598244941,599744941,1500000,So11111111111111111111111111111111111111111,9,1.0
35m7aTVBWzNfrBDdVTFT3nYMZKpkttgypBm4pbzP67vTAEdw5zD2BvkUQoNiKdYeDjYDYuXxas6imUrJdnDWxyzR,1754142491,2025-08-02T13:48:11,0.000005,6KNbsP3eLVsFEJY9mJUz8h47B6X1GDh1RnYQPgsiCD1a,dec,6000,599750941,599744941,So11111111111111111111111111111111111111111,9,1.0
jPeaM18JZdK7TXnmNv2hPReeiEjwLZXdWLLcU1wwdycsNzBw95g3FHHUqDFLzScovm83s5V2rfpfFFTcJ1e332Y,1754142491,2025-08-02T13:48:11,0.000005003,EH14q5d12Z1ZW1nfm6gxpYKofLDPFAmAFJquZEKh1q7N,inc,2701986703888,717720015,2702704423903,B7ainezxf9M6XoRhLmYvLDg9vnuxVEiwTpnSmjhg36jn,6,1.0
jPeaM18JZdK7TXnmNv2hPReeiEjwLZXdWLLcU1wwdycsNzBw95g3FHHUqDFLzScovm83s5V2rfpfFFTcJ1e332Y,1754142491,2025-08-02T13:48:11,0.000005003,6KNbsP3eLVsFEJY9mJUz8h47B6X1GDh1RnYQPgsiCD1a,dec,392502603,992253544,599750941,So11111111111111111111111111111111111111111,9,1.0
4dNGCpGYU2rsCZxbvVoWsxoY2TPyx8RvzJDQ6xEuk5voTH7bbVLbqbMmd21SG5aEyF1ynz2KLiCY9b37YNGMCC79,1754142391,2025-08-02T13:46:31,0.000005,6KNbsP3eLVsFEJY9mJUz8h47B6X1GDh1RnYQPgsiCD1a,dec,6000,992259544,992253544,So11111111111111111111111111111111111111111,9,1.0
oVXQDoFhBB9cZVNfYsowLDQPBjHTSSwfpEmg3AsAhn2zPoKv4QyDKHw23i5DbjiepmX33DCCLWFBTYsFvutbGax,1754142391,2025-08-02T13:46:31,0.000005002,EH14q5d12Z1ZW1nfm6gxpYKofLDPFAmAFJquZEKh1q7N,dec,38102142086,38819862101,717720015,B7ainezxf9M6XoRhLmYvLDg9vnuxVEiwTpnSmjhg36jn,6,1.0
oVXQDoFhBB9cZVNfYsowLDQPBjHTSSwfpEmg3AsAhn2zPoKv4QyDKHw23i5DbjiepmX33DCCLWFBTYsFvutbGax,1754142391,2025-08-02T13:46:31,0.000005002,6KNbsP3eLVsFEJY9mJUz8h47B6X1GDh1RnYQPgsiCD1a,inc,5309411,986950133,992259544,So11111111111111111111111111111111111111111,9,1.0
4fi3P6uwvXTnTiQACGdRvrKzBJDE17yBKt94byLEnZfbpMDdjaQbQqm1dBDtc9DbK2ZTay2JFvFongRNgXB5S8oy,1754142381,2025-08-02T13:46:21,0.000005,6KNbsP3eLVsFEJY9mJUz8h47B6X1GDh1RnYQPgsiCD1a,dec,6000,986956133,986950133,So11111111111111111111111111111111111111111,9,1.0
2VCypX16qQ5uVrCe13KWtZjMh5HFrQcrT9321nw9e7TTZtr7joUJVxZ2PmTmKtX5iQ6TsUDvn4JiBdYhEXVX9WUo,1754142381,2025-08-02T13:46:21,0.000005002,EH14q5d12Z1ZW1nfm6gxpYKofLDPFAmAFJquZEKh1q7N,dec,4538077244630,4576897106731,38819862101,B7ainezxf9M6XoRhLmYvLDg9vnuxVEiwTpnSmjhg36jn,6,1.0
2VCypX16qQ5uVrCe13KWtZjMh5HFrQcrT9321nw9e7TTZtr7joUJVxZ2PmTmKtX5iQ6TsUDvn4JiBdYhEXVX9WUo,1754142381,2025-08-02T13:46:21,0.000005002,6KNbsP3eLVsFEJY9mJUz8h47B6X1GDh1RnYQPgsiCD1a,inc,623258969,363697164,986956133,So11111111111111111111111111111111111111111,9,1.0
3e8FkxPS6x4V1JDV5Q1qn3JC5YmSP4VSfZRpYBzuKXZ7Shefngka5WZcPfbHs77hPbyyY8BkhmYTVUUdGJcx3S1g,1754142364,2025-08-02T13:46:04,0.000005,6KNbsP3eLVsFEJY9mJUz8h47B6X1GDh1RnYQPgsiCD1a,inc,1,363697163,363697164,So11111111111111111111111111111111111111111,9,1.0
3V2MNnyjtDdxM6ebc5TbA232pvToHtcs5UcZMvMKcbpDXsbNEi8kgF3FBgvp7wfUpRzPWs91LDZStDthEVGPtrc5,1754142359,2025-08-02T13:45:59,0.000005,6KNbsP3eLVsFEJY9mJUz8h47B6X1GDh1RnYQPgsiCD1a,dec,6000,363703163,363697163,So11111111111111111111111111111111111111111,9,1.0
2BJmFmaYwRgdHFdUMgjQhajRszrsTEjAJMRNMaG65fKDCbqE5WskSQn3bjc6hJahgBMuSRzU8AFGJp11o9Yjo6KC,1754142359,2025-08-02T13:45:59,0.000005003,EH14q5d12Z1ZW1nfm6gxpYKofLDPFAmAFJquZEKh1q7N,inc,2002212466382,2574684640349,4576897106731,B7ainezxf9M6XoRhLmYvLDg9vnuxVEiwTpnSmjhg36jn,6,1.0
2BJmFmaYwRgdHFdUMgjQhajRszrsTEjAJMRNMaG65fKDCbqE5WskSQn3bjc6hJahgBMuSRzU8AFGJp11o9Yjo6KC,1754142359,2025-08-02T13:45:59,0.000005003,6KNbsP3eLVsFEJY9mJUz8h47B6X1GDh1RnYQPgsiCD1a,dec,274095367,637798530,363703163,So11111111111111111111111111111111111111111,9,1.0
2Z2vX8zdxqZ1GvVVzo5rbHDyyr1TKuxjeAcnXLWpmKW7aKv9m4Pxrg4LT6cwMTtKEZsZLmE3o4Ye88hUWFZdj6RQ,1754142359,2025-08-02T13:45:59,0.000005,6KNbsP3eLVsFEJY9mJUz8h47B6X1GDh1RnYQPgsiCD1a,inc,1,637798529,637798530,So11111111111111111111111111111111111111111,9,1.0
5a7b3fjFvj6WhFyJi1Cfqa3e9KdjGQyXWbVWq7qQDh6RDRGSjBLt16WZ2Ds41SAsjv5uXY8LF5bfxQeXCzrFz8Di,1754142348,2025-08-02T13:45:48,0.000005,6KNbsP3eLVsFEJY9mJUz8h47B6X1GDh1RnYQPgsiCD1a,inc,1,637798528,637798529,So11111111111111111111111111111111111111111,9,1.0
4BYuZPH4TAkwHg4rPJoYQELApe2xnbpazRGhBZiTGzBRnrWMfuNtC4PXvxUyD6HsRqaSKTWhUu6tvw6oUpiQjoxt,1754142345,2025-08-02T13:45:45,0.000005,6KNbsP3eLVsFEJY9mJUz8h47B6X1GDh1RnYQPgsiCD1a,inc,1,637798527,637798528,So11111111111111111111111111111111111111111,9,1.0
2Pi1wCiQhPM51veZrGUKgwQJz8TzY43tSiQrvdzW47Vgwm2azn416B17ngzdJ1EDh8yjLA9rqMMTStECdSy1me8Y,1754142342,2025-08-02T13:45:42,0.000005,6KNbsP3eLVsFEJY9mJUz8h47B6X1GDh1RnYQPgsiCD1a,inc,1,637798526,637798527,So11111111111111111111111111111111111111111,9,1.0
4WWQLPjwrZnRtMCVjK77mHvDmZqwW1MKnkJZFM9u2bTUa5SEMvLzGRP2dy3Wap5Y1bjxxFaKfHjXHLJbNkjFz1Hd,1754142335,2025-08-02T13:45:35,0.000005,6KNbsP3eLVsFEJY9mJUz8h47B6X1GDh1RnYQPgsiCD1a,dec,6000,637804526,637798526,So11111111111111111111111111111111111111111,9,1.0
42m1zGUSqaKLpFHzFHhXXEmAM3vXnA6PQZcPyTDk2y4XySBo85R4AEXTpXH1e7PJin5H3tYzfvrB7ayuWyBZabQd,1754142335,2025-08-02T13:45:35,0.000005003,EH14q5d12Z1ZW1nfm6gxpYKofLDPFAmAFJquZEKh1q7N,inc,2574493964443,190675906,2574684640349,B7ainezxf9M6XoRhLmYvLDg9vnuxVEiwTpnSmjhg36jn,6,1.0
42m1zGUSqaKLpFHzFHhXXEmAM3vXnA6PQZcPyTDk2y4XySBo85R4AEXTpXH1e7PJin5H3tYzfvrB7ayuWyBZabQd,1754142335,2025-08-02T13:45:35,0.000005003,6KNbsP3eLVsFEJY9mJUz8h47B6X1GDh1RnYQPgsiCD1a,dec,363784317,1001588843,637804526,So11111111111111111111111111111111111111111,9,1.0
2PkzFTKb36nxw1GyZMi3JZWhB7EqVYYrMPxH3v3seHMKgHqtQEkebmWUjZCxqKXSAfXVFyTb4TDMRu6Fn6Cvdh94,1754142324,2025-08-02T13:45:24,0.000005,6KNbsP3eLVsFEJY9mJUz8h47B6X1GDh1RnYQPgsiCD1a,dec,6000,1001594843,1001588843,So11111111111111111111111111111111111111111,9,1.0
52vDsR7em6AbFsHJxR77nRjC7MUNkNnMtBUAtZrxc8XDGjCtUtsJrPsEjRDZhsPaFRsKJ5BpkZh4uo8Z5w8r7RkG,1754142324,2025-08-02T13:45:24,0.000005002,EH14q5d12Z1ZW1nfm6gxpYKofLDPFAmAFJquZEKh1q7N,dec,22267814292,22458490198,190675906,B7ainezxf9M6XoRhLmYvLDg9vnuxVEiwTpnSmjhg36jn,6,1.0
52vDsR7em6AbFsHJxR77nRjC7MUNkNnMtBUAtZrxc8XDGjCtUtsJrPsEjRDZhsPaFRsKJ5BpkZh4uo8Z5w8r7RkG,1754142324,2025-08-02T13:45:24,0.000005002,6KNbsP3eLVsFEJY9mJUz8h47B6X1GDh1RnYQPgsiCD1a,inc,3036839,998558004,1001594843,So11111111111111111111111111111111111111111,9,1.0
3Se2o9BPjcsLs5bJ8c2LTMhJAkrHsNDCjfr8vGjLR26ejwu5SGpF6ZWpqwKZ82jeMFN6Gzh7yNDjLRgMqgyKAtxd,1754142183,2025-08-02T13:43:03,0.000005,6KNbsP3eLVsFEJY9mJUz8h47B6X1GDh1RnYQPgsiCD1a,dec,6000,998564004,998558004,So11111111111111111111111111111111111111111,9,1.0
2jxJbZ3KXveSzQWAGLnNL7CiPi3tds8dVubcxcLuiXEFKv2Lo3rGFEc1oTyFMEhFmwmJ6AeJ6DTj6dYW54GTc8po,1754142183,2025-08-02T13:43:03,0.000005002,EH14q5d12Z1ZW1nfm6gxpYKofLDPFAmAFJquZEKh1q7N,dec,4853229624938,4875688115136,22458490198,B7ainezxf9M6XoRhLmYvLDg9vnuxVEiwTpnSmjhg36jn,6,1.0
2jxJbZ3KXveSzQWAGLnNL7CiPi3tds8dVubcxcLuiXEFKv2Lo3rGFEc1oTyFMEhFmwmJ6AeJ6DTj6dYW54GTc8po,1754142183,2025-08-02T13:43:03,0.000005002,6KNbsP3eLVsFEJY9mJUz8h47B6X1GDh1RnYQPgsiCD1a,inc,652625149,345938855,998564004,So11111111111111111111111111111111111111111,9,1.0
46HYJzXuLZj6D7DzcSqfdDM81UXSEzHMDWLkn2vV65aCJMmiUzfZK8G9KotJTp7gVooEMKLiPQ5BGjSYgZyEoKm7,1754142142,2025-08-02T13:42:22,0.000005,6KNbsP3eLVsFEJY9mJUz8h47B6X1GDh1RnYQPgsiCD1a,dec,6000,345944855,345938855,So11111111111111111111111111111111111111111,9,1.0
4HFJJsw6XojYb5No2uAtn47W1XXfnCjAbDzLct7CbQ9cWdzb5Vg6HKKj14ZZkEU6GdRwkdiZeo8miRTKVADTFtB7,1754142142,2025-08-02T13:42:22,0.000005003,EH14q5d12Z1ZW1nfm6gxpYKofLDPFAmAFJquZEKh1q7N,inc,1230454877753,3645233237383,4875688115136,B7ainezxf9M6XoRhLmYvLDg9vnuxVEiwTpnSmjhg36jn,6,1.0
4HFJJsw6XojYb5No2uAtn47W1XXfnCjAbDzLct7CbQ9cWdzb5Vg6HKKj14ZZkEU6GdRwkdiZeo8miRTKVADTFtB7,1754142142,2025-08-02T13:42:22,0.000005003,6KNbsP3eLVsFEJY9mJUz8h47B6X1GDh1RnYQPgsiCD1a,dec,168112816,514057671,345944855,So11111111111111111111111111111111111111111,9,1.0
sZniLqyd3c8t5W3vqkHR7TQnpCZBWXXKTaeZnwafhbJ1DGepDW2zSh7SGoFZuqjTENnVQWUMRZBxndgbVPQ7Hjd,1754142119,2025-08-02T13:41:59,0.000005,6KNbsP3eLVsFEJY9mJUz8h47B6X1GDh1RnYQPgsiCD1a,dec,6000,514063671,514057671,So11111111111111111111111111111111111111111,9,1.0
tnSDb4n9tSHYiPDnLRdMF31CdvfoFsfYmjMLi4BRaPq9oJps1vV19dAYJsu8RxyDKtFaGf8u87YLeWQLBStu6wc,1754142119,2025-08-02T13:41:59,0.000005003,EH14q5d12Z1ZW1nfm6gxpYKofLDPFAmAFJquZEKh1q7N,inc,3645233233756,3627,3645233237383,B7ainezxf9M6XoRhLmYvLDg9vnuxVEiwTpnSmjhg36jn,6,1.0
tnSDb4n9tSHYiPDnLRdMF31CdvfoFsfYmjMLi4BRaPq9oJps1vV19dAYJsu8RxyDKtFaGf8u87YLeWQLBStu6wc,1754142119,2025-08-02T13:41:59,0.000005003,6KNbsP3eLVsFEJY9mJUz8h47B6X1GDh1RnYQPgsiCD1a,dec,510198283,1024261954,514063671,So11111111111111111111111111111111111111111,9,1.0
5nfMzGnUuE6XtxYD2JsJCri9y1rh4nnzq8dBkHZNTVsVkzSRDBixHqpzGbDkkaycpotLuXJnYcea3AmwGUvEQg4W,1754142032,2025-08-02T13:40:32,0.000005,6KNbsP3eLVsFEJY9mJUz8h47B6X1GDh1RnYQPgsiCD1a,dec,6000,1024267954,1024261954,So11111111111111111111111111111111111111111,9,1.0
2nCKidJidEtzJMYHS9P7ZQqmRGM42M4b9tzqpiXmPFq1tYkmaHwTb3ZfTpsqUYMimQDkKHj4Q9Evht6oZA2C1nhM,1754142032,2025-08-02T13:40:32,0.000005002,EH14q5d12Z1ZW1nfm6gxpYKofLDPFAmAFJquZEKh1q7N,dec,55970374,55974001,3627,B7ainezxf9M6XoRhLmYvLDg9vnuxVEiwTpnSmjhg36jn,6,1.0
2nCKidJidEtzJMYHS9P7ZQqmRGM42M4b9tzqpiXmPFq1tYkmaHwTb3ZfTpsqUYMimQDkKHj4Q9Evht6oZA2C1nhM,1754142032,2025-08-02T13:40:32,0.000005002,6KNbsP3eLVsFEJY9mJUz8h47B6X1GDh1RnYQPgsiCD1a,inc,2081,1024265873,1024267954,So11111111111111111111111111111111111111111,9,1.0
3CSWQfZdRZ3xfzWUB7iE7ASYPQLkpb4JoK27P1NAzvZtfSkSVjtecpCdbLmAiDHko8XiCvcpzjH9yP5rJhMY2cgn,1754141977,2025-08-02T13:39:37,0.000005,6KNbsP3eLVsFEJY9mJUz8h47B6X1GDh1RnYQPgsiCD1a,dec,6000,1024271873,1024265873,So11111111111111111111111111111111111111111,9,1.0
4GbQ37qV6GRDBiKGz9GZK9DvpagYv6v3U4DWy7XZ34UZtvueoNsAoBHPBUnpvmuuiFKt5EBk2gdQjS2o2egZzS31,1754141977,2025-08-02T13:39:37,0.000005002,EH14q5d12Z1ZW1nfm6gxpYKofLDPFAmAFJquZEKh1q7N,dec,9885558830,9941532831,55974001,B7ainezxf9M6XoRhLmYvLDg9vnuxVEiwTpnSmjhg36jn,6,1.0
4GbQ37qV6GRDBiKGz9GZK9DvpagYv6v3U4DWy7XZ34UZtvueoNsAoBHPBUnpvmuuiFKt5EBk2gdQjS2o2egZzS31,1754141977,2025-08-02T13:39:37,0.000005002,6KNbsP3eLVsFEJY9mJUz8h47B6X1GDh1RnYQPgsiCD1a,inc,1207282,1023064591,1024271873,So11111111111111111111111111111111111111111,9,1.0
hs1UgroqqdVDt7Qf5QfWgG4pzT7NEhBH1oB7pDiTT6rTTHR8K3gkmcWXARcpEmJsRqtaqn1xiTER8iMcyjs5qN5,1754141920,2025-08-02T13:38:40,0.000005,6KNbsP3eLVsFEJY9mJUz8h47B6X1GDh1RnYQPgsiCD1a,dec,6000,1023070591,1023064591,So11111111111111111111111111111111111111111,9,1.0
4eP9PRed7mXMb3sgebvpcu3rDkJfCGCNSGRNGTsvvuKk7wwA5nb3EHS6h4q4aqU5W3DhhkEffEA3ivvepJGDusEL,1754141920,2025-08-02T13:38:40,0.000005002,EH14q5d12Z1ZW1nfm6gxpYKofLDPFAmAFJquZEKh1q7N,dec,6025750214239,6035691747070,9941532831,B7ainezxf9M6XoRhLmYvLDg9vnuxVEiwTpnSmjhg36jn,6,1.0
4eP9PRed7mXMb3sgebvpcu3rDkJfCGCNSGRNGTsvvuKk7wwA5nb3EHS6h4q4aqU5W3DhhkEffEA3ivvepJGDusEL,1754141920,2025-08-02T13:38:40,0.000005002,6KNbsP3eLVsFEJY9mJUz8h47B6X1GDh1RnYQPgsiCD1a,inc,731266184,291804407,1023070591,So11111111111111111111111111111111111111111,9,1.0
52er6mafpyk1jy1xwM3jQBNQV3ZCPD1aDn2VevfoVbFzqYFoac4igjRCwuMSW9Bh6DexhJ1QEXbRdrw6e33bfhcc,1754141869,2025-08-02T13:37:49,0.000005,6KNbsP3eLVsFEJY9mJUz8h47B6X1GDh1RnYQPgsiCD1a,dec,6000,291810407,291804407,So11111111111111111111111111111111111111111,9,1.0
3u8h9DskBRdAqMxMXy2J6ubsRiBNC1UqkTz8xrfU8Q25Rikuja72ogCZCgUdHQtN3fyGHawjAFPGzYCaM3FVFKFg,1754141869,2025-08-02T13:37:49,0.000005003,EH14q5d12Z1ZW1nfm6gxpYKofLDPFAmAFJquZEKh1q7N,inc,3874940117528,2160751629542,6035691747070,B7ainezxf9M6XoRhLmYvLDg9vnuxVEiwTpnSmjhg36jn,6,1.0
3u8h9DskBRdAqMxMXy2J6ubsRiBNC1UqkTz8xrfU8Q25Rikuja72ogCZCgUdHQtN3fyGHawjAFPGzYCaM3FVFKFg,1754141869,2025-08-02T13:37:49,0.000005003,6KNbsP3eLVsFEJY9mJUz8h47B6X1GDh1RnYQPgsiCD1a,dec,481018229,772828636,291810407,So11111111111111111111111111111111111111111,9,1.0
4QxD81jaFV9LQbjKS7B3y7gT3j2N7jQv5FdcRRKvAEs9QzMNX7xiBf8WbM5Yc16jiAq4Jxo73DbZ4wNBN5YdX16F,1754141836,2025-08-02T13:37:16,0.000005,6KNbsP3eLVsFEJY9mJUz8h47B6X1GDh1RnYQPgsiCD1a,dec,6000,772834636,772828636,So11111111111111111111111111111111111111111,9,1.0
4LCnyLk1SQhDT4HBRnCFr5Uv71TJHK4WrdDZqPF3p3QxZQs9AbuG3ZNAb1nyi6HPqB6roF7HqAHkLLSgTUjaH6fZ,1754141836,2025-08-02T13:37:16,0.000005003,EH14q5d12Z1ZW1nfm6gxpYKofLDPFAmAFJquZEKh1q7N,inc,2160746990253,4639289,2160751629542,B7ainezxf9M6XoRhLmYvLDg9vnuxVEiwTpnSmjhg36jn,6,1.0
4LCnyLk1SQhDT4HBRnCFr5Uv71TJHK4WrdDZqPF3p3QxZQs9AbuG3ZNAb1nyi6HPqB6roF7HqAHkLLSgTUjaH6fZ,1754141836,2025-08-02T13:37:16,0.000005003,6KNbsP3eLVsFEJY9mJUz8h47B6X1GDh1RnYQPgsiCD1a,dec,256838924,1029673560,772834636,So11111111111111111111111111111111111111111,9,1.0
5dvHFnFck4kLAxsrhLsZSCmJGtcvxftsiq69MmoGKJmmbNqqakL6zvkPqytggg3GyocmqDMM5WS7bAnTVhU56z62,1754141794,2025-08-02T13:36:34,0.000005,6KNbsP3eLVsFEJY9mJUz8h47B6X1GDh1RnYQPgsiCD1a,dec,6000,1029679560,1029673560,So11111111111111111111111111111111111111111,9,1.0
3zbLtDXwd6H3LjrFvF2CumtkQfSxhcSNa4N4qnZXriHJDUbYUFQZYNWXstmuwo8chNsqYNGCxxCes9P5MfhfHbbs,1754141794,2025-08-02T13:36:34,0.000005002,EH14q5d12Z1ZW1nfm6gxpYKofLDPFAmAFJquZEKh1q7N,dec,593821282,598460571,4639289,B7ainezxf9M6XoRhLmYvLDg9vnuxVEiwTpnSmjhg36jn,6,1.0
3zbLtDXwd6H3LjrFvF2CumtkQfSxhcSNa4N4qnZXriHJDUbYUFQZYNWXstmuwo8chNsqYNGCxxCes9P5MfhfHbbs,1754141794,2025-08-02T13:36:34,0.000005002,6KNbsP3eLVsFEJY9mJUz8h47B6X1GDh1RnYQPgsiCD1a,inc,62202,1029617358,1029679560,So11111111111111111111111111111111111111111,9,1.0
Rai2z4kxcZCaiqMCf7CRRZkZrXJ7uJzarteWZ5CvefHkP9rQMT8vW5An93dp8H1Ucz6fEY1JvAhjonE4wWKDMvH,1754141786,2025-08-02T13:36:26,0.000005,6KNbsP3eLVsFEJY9mJUz8h47B6X1GDh1RnYQPgsiCD1a,dec,6000,1029623358,1029617358,So11111111111111111111111111111111111111111,9,1.0
5qvtzrtREXHuMCQmrQRU95xmRbbxsJQ3PS6NHqSaj6PdGTJf8AJGzgfuj5UdiCj5onec1yJj35QNgQNo5sanYukn,1754141786,2025-08-02T13:36:26,0.000005002,EH14q5d12Z1ZW1nfm6gxpYKofLDPFAmAFJquZEKh1q7N,dec,30508889323,31107349894,598460571,B7ainezxf9M6XoRhLmYvLDg9vnuxVEiwTpnSmjhg36jn,6,1.0
5qvtzrtREXHuMCQmrQRU95xmRbbxsJQ3PS6NHqSaj6PdGTJf8AJGzgfuj5UdiCj5onec1yJj35QNgQNo5sanYukn,1754141786,2025-08-02T13:36:26,0.000005002,6KNbsP3eLVsFEJY9mJUz8h47B6X1GDh1RnYQPgsiCD1a,inc,3276236,1026347122,1029623358,So11111111111111111111111111111111111111111,9,1.0
24rf9gcUtEja2FHbvTShmuMVHAoJBFa8b5Vi2Thrr3MEhynrT1p3R7gQUQD1ajuTSQuFnXsQhcMTTg73V5dH74my,1754141783,2025-08-02T13:36:23,0.000005,6KNbsP3eLVsFEJY9mJUz8h47B6X1GDh1RnYQPgsiCD1a,dec,6000,1026353122,1026347122,So11111111111111111111111111111111111111111,9,1.0
2paYEYP4mwSdAGNvBfDizDqYaVQib5rUbmWhiMWQG6teSHqujVBKaz21Fbd969rAcFeC7rz7pGj8mokRA1X5Fw4D,1754141783,2025-08-02T13:36:23,0.000005002,EH14q5d12Z1ZW1nfm6gxpYKofLDPFAmAFJquZEKh1q7N,dec,1650876857240,1681984207134,31107349894,B7ainezxf9M6XoRhLmYvLDg9vnuxVEiwTpnSmjhg36jn,6,1.0
2paYEYP4mwSdAGNvBfDizDqYaVQib5rUbmWhiMWQG6teSHqujVBKaz21Fbd969rAcFeC7rz7pGj8mokRA1X5Fw4D,1754141783,2025-08-02T13:36:23,0.000005002,6KNbsP3eLVsFEJY9mJUz8h47B6X1GDh1RnYQPgsiCD1a,inc,174367666,851985456,1026353122,So11111111111111111111111111111111111111111,9,1.0
3PCANfYyvbjrUyREFHer6kSWwCzHad8o2RQH7ubtJMTNrBKN2Vp9m3BEBuUe7GZyNKGLdz1dnxchr3M1Z6edz4PS,1754141751,2025-08-02T13:35:51,0.000005,6KNbsP3eLVsFEJY9mJUz8h47B6X1GDh1RnYQPgsiCD1a,dec,6000,851991456,851985456,So11111111111111111111111111111111111111111,9,1.0
3BNRwJYCsYd5wuxQz6H5CamthcoTauFLbHVKc7YrykuKk6CcGNCXVrHWPVAh96bqayx3fMcxgNVXNZZ9s173nGJr,1754141751,2025-08-02T13:35:51,0.000005004,EH14q5d12Z1ZW1nfm6gxpYKofLDPFAmAFJquZEKh1q7N,inc,1681984207134,0,1681984207134,B7ainezxf9M6XoRhLmYvLDg9vnuxVEiwTpnSmjhg36jn,6,1.0
3BNRwJYCsYd5wuxQz6H5CamthcoTauFLbHVKc7YrykuKk6CcGNCXVrHWPVAh96bqayx3fMcxgNVXNZZ9s173nGJr,1754141751,2025-08-02T13:35:51,0.000005004,6KNbsP3eLVsFEJY9mJUz8h47B6X1GDh1RnYQPgsiCD1a,dec,149508544,1001500000,851991456,So11111111111111111111111111111111111111111,9,1.0
3fAW999Y8iLKDVV3i6RnBzWeUYpk4hHEzoUMd2V9i5fA27599Xc6Pp9icBwrKKtXaZxRGiPTDGjH1D9XpzMu1AQA,1754141674,2025-08-02T13:34:34,0.000027,6KNbsP3eLVsFEJY9mJUz8h47B6X1GDh1RnYQPgsiCD1a,inc,1000000000,1500000,1001500000,So11111111111111111111111111111111111111111,9,1.0
4R2qqMjcvAWTUGu7cwLeFiWdEJAcDow9gTH6Ea2VPdrCCFoehWieaK937w94VyGC5n8DL5cax3gtDLY2R7MBjzpt,1754141597,2025-08-02T13:33:17,0.00001,95uqVMC1nrBByvyE5rNs4RDRXGU3Nu5oWKEejJNmAYDd,dec,7832,7832,0,8BwPEaxqgctwcFH89c7nBT6mmLxqtqEU9kfxy2ZgZi5x,6,1.0
4R2qqMjcvAWTUGu7cwLeFiWdEJAcDow9gTH6Ea2VPdrCCFoehWieaK937w94VyGC5n8DL5cax3gtDLY2R7MBjzpt,1754141597,2025-08-02T13:33:17,0.00001,8ziib7ZquTzE88ftqtv1Wkin8nVnraVJmxYJnFx7Xzen,dec,6217056597004,6217056597004,0,HHqKyHzaF6xxsmu6vUA7G8X6UTpcLdYsZWnpgtaU9A9w,6,1.0
4R2qqMjcvAWTUGu7cwLeFiWdEJAcDow9gTH6Ea2VPdrCCFoehWieaK937w94VyGC5n8DL5cax3gtDLY2R7MBjzpt,1754141597,2025-08-02T13:33:17,0.00001,GpjuFHNqv2VXgXoEyQhPedNewpqDdjMX3o1sqwk61isp,dec,1547520435,1547520435,0,HK7PxqNrgR7TthndLS1Cf139dHmwPnLpAjXrZxuts11G,6,1.0
4rPwN68fmgUrPBdpRP98nBS7fDkyQVou6XyaWWT2QfedrUUug38i1fJDxAYgXinRAhbEKsGk9k9Byn49sXhkDdJE,1754141552,2025-08-02T13:32:32,0.0000585,6KNbsP3eLVsFEJY9mJUz8h47B6X1GDh1RnYQPgsiCD1a,dec,132180121,133680121,1500000,So11111111111111111111111111111111111111111,9,1.0
4kCYKuS7cnR5ZEsTdeb2U6kYaRzndhyAbgqBbjacLmrrFTg7ogsdCzF2x5LLNDe5NahXTibv3aBrMJMw5HAWvngc,1754141453,2025-08-02T13:30:53,0.000005,6KNbsP3eLVsFEJY9mJUz8h47B6X1GDh1RnYQPgsiCD1a,dec,6000,133686121,133680121,So11111111111111111111111111111111111111111,9,1.0
n67Uro2VS9V6T1XdUibVxjJAqoQN7J8PTFusL2iFVHYP5HFYNQr8GS6w3PRsLGamy1A7h8yaG5NPNhFprutZMu8,1754141453,2025-08-02T13:30:53,0.000005003,8ziib7ZquTzE88ftqtv1Wkin8nVnraVJmxYJnFx7Xzen,inc,3267061129399,2949995467605,6217056597004,HHqKyHzaF6xxsmu6vUA7G8X6UTpcLdYsZWnpgtaU9A9w,6,1.0
n67Uro2VS9V6T1XdUibVxjJAqoQN7J8PTFusL2iFVHYP5HFYNQr8GS6w3PRsLGamy1A7h8yaG5NPNhFprutZMu8,1754141453,2025-08-02T13:30:53,0.000005003,6KNbsP3eLVsFEJY9mJUz8h47B6X1GDh1RnYQPgsiCD1a,dec,487382274,621068395,133686121,So11111111111111111111111111111111111111111,9,1.0
3WVXE16nN5yPV3xCrL7pvu9R5SLhQ5ToSE3YCa4TswJrrGW1NCq9z2SzPuu3HeEzeEiKA6hjKkJBGLJx4wMCVQrX,1754141291,2025-08-02T13:28:11,0.000005,6KNbsP3eLVsFEJY9mJUz8h47B6X1GDh1RnYQPgsiCD1a,dec,6000,621074395,621068395,So11111111111111111111111111111111111111111,9,1.0
iQi6puFDZy4sDKJUCT8tTZuhJDFP3tLxutEYgVNKNXKeJAuVTKNMRXZkhxwAHZ4ehq47jBZ3NWPVg4LkG4hMEBh,1754141291,2025-08-02T13:28:11,0.000005003,8ziib7ZquTzE88ftqtv1Wkin8nVnraVJmxYJnFx7Xzen,inc,2949538517201,456950404,2949995467605,HHqKyHzaF6xxsmu6vUA7G8X6UTpcLdYsZWnpgtaU9A9w,6,1.0
iQi6puFDZy4sDKJUCT8tTZuhJDFP3tLxutEYgVNKNXKeJAuVTKNMRXZkhxwAHZ4ehq47jBZ3NWPVg4LkG4hMEBh,1754141291,2025-08-02T13:28:11,0.000005003,6KNbsP3eLVsFEJY9mJUz8h47B6X1GDh1RnYQPgsiCD1a,dec,431458752,1052533147,621074395,So11111111111111111111111111111111111111111,9,1.0
5eazC7FXU3bpgVfrYBZUq78jev4YNgPntDAWu1NUwngUJLvQq8RaCUfSytVdQoUGjCAzicRwUUBLXykrFVrv3z8n,1754141249,2025-08-02T13:27:29,0.000005,6KNbsP3eLVsFEJY9mJUz8h47B6X1GDh1RnYQPgsiCD1a,dec,6000,1052539147,1052533147,So11111111111111111111111111111111111111111,9,1.0
2qjPx3mCpRidctMar7tDNf8ScdWeihN9hmdfLNVwQdL8q2owX9kryCJkCtecEittyxKm2v9jqMzt1ifbEZFBi5vg,1754141249,2025-08-02T13:27:29,0.000005002,8ziib7ZquTzE88ftqtv1Wkin8nVnraVJmxYJnFx7Xzen,dec,59680204955,60137155359,456950404,HHqKyHzaF6xxsmu6vUA7G8X6UTpcLdYsZWnpgtaU9A9w,6,1.0
2qjPx3mCpRidctMar7tDNf8ScdWeihN9hmdfLNVwQdL8q2owX9kryCJkCtecEittyxKm2v9jqMzt1ifbEZFBi5vg,1754141249,2025-08-02T13:27:29,0.000005002,6KNbsP3eLVsFEJY9mJUz8h47B6X1GDh1RnYQPgsiCD1a,inc,8670361,1043868786,1052539147,So11111111111111111111111111111111111111111,9,1.0
5ufpdkuFfRZ1eMXrx2WQ7ggJzpAgZCvfzVf7JbmUvCU5K9hutEssjmBiCNp387k7Jxm9vnJHRknjptnTQwXvh5Ps,1754141230,2025-08-02T13:27:10,0.000005,6KNbsP3eLVsFEJY9mJUz8h47B6X1GDh1RnYQPgsiCD1a,dec,6000,1043874786,1043868786,So11111111111111111111111111111111111111111,9,1.0
4VsvYUENTNCeziYpUonavQSr7qF3Ftr2YXNK5aaxULfwccFsFNmB5rH9hkLR5PA9UwifQijThbdUQrUJUJ7eC1oK,1754141230,2025-08-02T13:27:10,0.000005002,8ziib7ZquTzE88ftqtv1Wkin8nVnraVJmxYJnFx7Xzen,dec,7136521591216,7196658746575,60137155359,HHqKyHzaF6xxsmu6vUA7G8X6UTpcLdYsZWnpgtaU9A9w,6,1.0
4VsvYUENTNCeziYpUonavQSr7qF3Ftr2YXNK5aaxULfwccFsFNmB5rH9hkLR5PA9UwifQijThbdUQrUJUJ7eC1oK,1754141230,2025-08-02T13:27:10,0.000005002,6KNbsP3eLVsFEJY9mJUz8h47B6X1GDh1RnYQPgsiCD1a,inc,997164970,46709816,1043874786,So11111111111111111111111111111111111111111,9,1.0
4fwARWfjrqrtUkaCeKtmu8NCEUgmDfJd5kyNPGAVfkEenBydFUSpRZUTGqySnocrpnBuj94SAvHj9JaVzAwMDPwQ,1754141210,2025-08-02T13:26:50,0.000005,6KNbsP3eLVsFEJY9mJUz8h47B6X1GDh1RnYQPgsiCD1a,dec,6000,46715816,46709816,So11111111111111111111111111111111111111111,9,1.0
42xVRpaqdgncXeefSsP8BBRCnfApeSqnQp9YxNMuDFVGhwqpZf44vbx7Wi1HKUsjv5U9bnC5diAXWaNceQQzMABw,1754141210,2025-08-02T13:26:50,0.000005003,8ziib7ZquTzE88ftqtv1Wkin8nVnraVJmxYJnFx7Xzen,inc,2919109360656,4277549385919,7196658746575,HHqKyHzaF6xxsmu6vUA7G8X6UTpcLdYsZWnpgtaU9A9w,6,1.0
42xVRpaqdgncXeefSsP8BBRCnfApeSqnQp9YxNMuDFVGhwqpZf44vbx7Wi1HKUsjv5U9bnC5diAXWaNceQQzMABw,1754141210,2025-08-02T13:26:50,0.000005003,6KNbsP3eLVsFEJY9mJUz8h47B6X1GDh1RnYQPgsiCD1a,dec,411858593,458574409,46715816,So11111111111111111111111111111111111111111,9,1.0
4WNEevdNnwJNJ9yxHHsQ2gx8kEih3cvGPoaykSo3Awh6qWMEfvXzBKhtifwwpW5gePf8BScG1mW1BkFrouj8MXTa,1754141201,2025-08-02T13:26:41,0.000005,6KNbsP3eLVsFEJY9mJUz8h47B6X1GDh1RnYQPgsiCD1a,dec,6000,458580409,458574409,So11111111111111111111111111111111111111111,9,1.0
5kctWm1PPvP7GiNzCHxhDPLd6ehJ4E1cmfPj4mJ34Yc59BMWE3VprHSZWqdBvQ7dsLN2TXQFThKG4Jy3fgC5ET7N,1754141201,2025-08-02T13:26:41,0.000005003,8ziib7ZquTzE88ftqtv1Wkin8nVnraVJmxYJnFx7Xzen,inc,887594739753,3389954646166,4277549385919,HHqKyHzaF6xxsmu6vUA7G8X6UTpcLdYsZWnpgtaU9A9w,6,1.0
5kctWm1PPvP7GiNzCHxhDPLd6ehJ4E1cmfPj4mJ34Yc59BMWE3VprHSZWqdBvQ7dsLN2TXQFThKG4Jy3fgC5ET7N,1754141201,2025-08-02T13:26:41,0.000005003,6KNbsP3eLVsFEJY9mJUz8h47B6X1GDh1RnYQPgsiCD1a,dec,124210729,582791138,458580409,So11111111111111111111111111111111111111111,9,1.0
2CtBd2cuY3rFSUDLkrjaPKK98CixGKhsZucCv6LiiZvGdMdv2dyjH3VSuacaEZPoFqvADFWL75Bcdja2aagiH8J5,1754141189,2025-08-02T13:26:29,0.000005,6KNbsP3eLVsFEJY9mJUz8h47B6X1GDh1RnYQPgsiCD1a,dec,6000,582797138,582791138,So11111111111111111111111111111111111111111,9,1.0
4PnPDjRG5Tr2sEqeXcPBZzeEXyDUHRgDcCHjyRu1ueY73d7AGQefPV1WhtJJcifV81fWdJTjrTdY2LqoVLJDZACd,1754141189,2025-08-02T13:26:29,0.000005003,8ziib7ZquTzE88ftqtv1Wkin8nVnraVJmxYJnFx7Xzen,inc,3389772657496,181988670,3389954646166,HHqKyHzaF6xxsmu6vUA7G8X6UTpcLdYsZWnpgtaU9A9w,6,1.0
4PnPDjRG5Tr2sEqeXcPBZzeEXyDUHRgDcCHjyRu1ueY73d7AGQefPV1WhtJJcifV81fWdJTjrTdY2LqoVLJDZACd,1754141189,2025-08-02T13:26:29,0.000005003,6KNbsP3eLVsFEJY9mJUz8h47B6X1GDh1RnYQPgsiCD1a,dec,464780175,1047577313,582797138,So11111111111111111111111111111111111111111,9,1.0
2BgwGmuwaMHJ1sjNGxJhC6A5LpPQUWhB7BzqyBQMPGzgJQev5WocRr1Sm7Ww2gcACEUqKyiecH52R4FsjFienuKf,1754141170,2025-08-02T13:26:10,0.000005,6KNbsP3eLVsFEJY9mJUz8h47B6X1GDh1RnYQPgsiCD1a,dec,6000,1047583313,1047577313,So11111111111111111111111111111111111111111,9,1.0
64nFWUcMtwJVMxh18hnXqjMdmJ1Vfr5UUJiYq197wUhT564quzE46hH5mquvSH4uGnhThsSwb9858jwDPen2Br1Z,1754141170,2025-08-02T13:26:10,0.000005002,8ziib7ZquTzE88ftqtv1Wkin8nVnraVJmxYJnFx7Xzen,dec,23470516191,23652504861,181988670,HHqKyHzaF6xxsmu6vUA7G8X6UTpcLdYsZWnpgtaU9A9w,6,1.0
64nFWUcMtwJVMxh18hnXqjMdmJ1Vfr5UUJiYq197wUhT564quzE46hH5mquvSH4uGnhThsSwb9858jwDPen2Br1Z,1754141170,2025-08-02T13:26:10,0.000005002,6KNbsP3eLVsFEJY9mJUz8h47B6X1GDh1RnYQPgsiCD1a,inc,3205242,1044378071,1047583313,So11111111111111111111111111111111111111111,9,1.0
4f1dVdWz8DasZY4qbyLkNZxP2WmMcKMbN6uMiLf7e7ACG4DbxmeBBWzHWksDuUNF1FS8zkaeQEAb6DcqJvmWanZy,1754141101,2025-08-02T13:25:01,0.000005,6KNbsP3eLVsFEJY9mJUz8h47B6X1GDh1RnYQPgsiCD1a,dec,6000,1044384071,1044378071,So11111111111111111111111111111111111111111,9,1.0
2j3znS52nK5BugkmLGrSGwZHSQhEXp5xM2yLFQk5qJqKV1EfEV7adGZrFM4iuUEYPSh93TA7uEzx3J5F1hQNby1f,1754141101,2025-08-02T13:25:01,0.000005002,8ziib7ZquTzE88ftqtv1Wkin8nVnraVJmxYJnFx7Xzen,dec,3879636607370,3903289112231,23652504861,HHqKyHzaF6xxsmu6vUA7G8X6UTpcLdYsZWnpgtaU9A9w,6,1.0
2j3znS52nK5BugkmLGrSGwZHSQhEXp5xM2yLFQk5qJqKV1EfEV7adGZrFM4iuUEYPSh93TA7uEzx3J5F1hQNby1f,1754141101,2025-08-02T13:25:01,0.000005002,6KNbsP3eLVsFEJY9mJUz8h47B6X1GDh1RnYQPgsiCD1a,inc,535268516,509115555,1044384071,So11111111111111111111111111111111111111111,9,1.0
5a9uPEtb8JA9QGYrZ5g4pMJmDLusp7t6vWYisnnJVEhgipJt73ttbp9AhQfY37ajwQ4xwVjbCsSgUKYnBot59nfs,1754141093,2025-08-02T13:24:53,0.000005,6KNbsP3eLVsFEJY9mJUz8h47B6X1GDh1RnYQPgsiCD1a,dec,6000,509121555,509115555,So11111111111111111111111111111111111111111,9,1.0
5ATgKHh3tae7SRiPeDMCUeZVx8Q4psvHpYNEEemGbacHYNeq4BtiYbm4pXvhgvPAPM8FunsLqRmMpBxAp6PHaDpH,1754141093,2025-08-02T13:24:53,0.000005003,8ziib7ZquTzE88ftqtv1Wkin8nVnraVJmxYJnFx7Xzen,inc,3893666662902,9622449329,3903289112231,HHqKyHzaF6xxsmu6vUA7G8X6UTpcLdYsZWnpgtaU9A9w,6,1.0
5ATgKHh3tae7SRiPeDMCUeZVx8Q4psvHpYNEEemGbacHYNeq4BtiYbm4pXvhgvPAPM8FunsLqRmMpBxAp6PHaDpH,1754141093,2025-08-02T13:24:53,0.000005003,6KNbsP3eLVsFEJY9mJUz8h47B6X1GDh1RnYQPgsiCD1a,dec,536028621,1045150176,509121555,So11111111111111111111111111111111111111111,9,1.0
3jy2MVC1aeTVXAgSHPE7MxbGbhX5JzE5SbXN5XrSX7FZZuZA5zpZSS4urhGSrC6Hy6ELojWDKv79Xpahec5BcxGJ,1754141079,2025-08-02T13:24:39,0.000005,6KNbsP3eLVsFEJY9mJUz8h47B6X1GDh1RnYQPgsiCD1a,dec,6000,1045156176,1045150176,So11111111111111111111111111111111111111111,9,1.0
2s2rmDTB4nJH3HtPjikGdyzEFLzo75bFQAqH5Sgs9cHqSAgEEjYiKdHNqfyrpsWNui5BnjFy9E4yvzcCK4R5jom7,1754141079,2025-08-02T13:24:39,0.000005002,8ziib7ZquTzE88ftqtv1Wkin8nVnraVJmxYJnFx7Xzen,dec,1002904805146,1012527254475,9622449329,HHqKyHzaF6xxsmu6vUA7G8X6UTpcLdYsZWnpgtaU9A9w,6,1.0
2s2rmDTB4nJH3HtPjikGdyzEFLzo75bFQAqH5Sgs9cHqSAgEEjYiKdHNqfyrpsWNui5BnjFy9E4yvzcCK4R5jom7,1754141079,2025-08-02T13:24:39,0.000005002,6KNbsP3eLVsFEJY9mJUz8h47B6X1GDh1RnYQPgsiCD1a,inc,138870988,906285188,1045156176,So11111111111111111111111111111111111111111,9,1.0
3kbt7hgiFw6qCz9mojeCS3cFmT6RhsjY9G3o3gE2nBoGbeuWRiSsezKs62UsmcixCjAM2Zgk4ZryCbdDDQFecLAH,1754141002,2025-08-02T13:23:22,0.000005,6KNbsP3eLVsFEJY9mJUz8h47B6X1GDh1RnYQPgsiCD1a,dec,6000,906291188,906285188,So11111111111111111111111111111111111111111,9,1.0
28JekzKRE77Bkj1msd662CKLrv4o2Ti2wPNwLJWU5NYUVxzMdKe2AJxARhDk27rux67rwGmkdqSwsjrEZ35BKKEb,1754141002,2025-08-02T13:23:22,0.000005003,8ziib7ZquTzE88ftqtv1Wkin8nVnraVJmxYJnFx7Xzen,inc,1011858677330,668577145,1012527254475,HHqKyHzaF6xxsmu6vUA7G8X6UTpcLdYsZWnpgtaU9A9w,6,1.0
28JekzKRE77Bkj1msd662CKLrv4o2Ti2wPNwLJWU5NYUVxzMdKe2AJxARhDk27rux67rwGmkdqSwsjrEZ35BKKEb,1754141002,2025-08-02T13:23:22,0.000005003,6KNbsP3eLVsFEJY9mJUz8h47B6X1GDh1RnYQPgsiCD1a,dec,134863628,1041154816,906291188,So11111111111111111111111111111111111111111,9,1.0
3BEpq6SVthnKvPPNwDGGgciNn4s3ovQneie64RJk19yPRtYydfkbQZwUhrGc9yUNMNhXxmygwfTsFyJyrZCJxSRC,1754140927,2025-08-02T13:22:07,0.000005,6KNbsP3eLVsFEJY9mJUz8h47B6X1GDh1RnYQPgsiCD1a,dec,6000,1041160816,1041154816,So11111111111111111111111111111111111111111,9,1.0
Qc9hqNM46AZH6mEQctbHYDiQiyeHE6TTrDoE6wP8a6xkThYjHTEyQmAmKwFNbEhtcqhMBBwE962XV2meS6jTLNA,1754140927,2025-08-02T13:22:07,0.000005002,8ziib7ZquTzE88ftqtv1Wkin8nVnraVJmxYJnFx7Xzen,dec,50239325407,50907902552,668577145,HHqKyHzaF6xxsmu6vUA7G8X6UTpcLdYsZWnpgtaU9A9w,6,1.0
Qc9hqNM46AZH6mEQctbHYDiQiyeHE6TTrDoE6wP8a6xkThYjHTEyQmAmKwFNbEhtcqhMBBwE962XV2meS6jTLNA,1754140927,2025-08-02T13:22:07,0.000005002,6KNbsP3eLVsFEJY9mJUz8h47B6X1GDh1RnYQPgsiCD1a,inc,6608597,1034552219,1041160816,So11111111111111111111111111111111111111111,9,1.0
5ZeokmMkHwe5Z9wXpzmLjsMjdPdQJ8WrXUFCFAshWEJCWtRCrZQBYCUbqHCcKcKza7xduFefS49cCaJ2eUvg2rEz,1754140896,2025-08-02T13:21:36,0.000005,6KNbsP3eLVsFEJY9mJUz8h47B6X1GDh1RnYQPgsiCD1a,dec,6000,1034558219,1034552219,So11111111111111111111111111111111111111111,9,1.0
9Q1Z5y9M4vYF7oH1UePoFAgz4cNbcbYRucFsMGtsn8QM9tZkKHRfcP8Q1jo6U5VRNseCZNhu9SS6SHqSpd5e16U,1754140896,2025-08-02T13:21:36,0.000005002,8ziib7ZquTzE88ftqtv1Wkin8nVnraVJmxYJnFx7Xzen,dec,4003302970165,4054210872717,50907902552,HHqKyHzaF6xxsmu6vUA7G8X6UTpcLdYsZWnpgtaU9A9w,6,1.0
9Q1Z5y9M4vYF7oH1UePoFAgz4cNbcbYRucFsMGtsn8QM9tZkKHRfcP8Q1jo6U5VRNseCZNhu9SS6SHqSpd5e16U,1754140896,2025-08-02T13:21:36,0.000005002,6KNbsP3eLVsFEJY9mJUz8h47B6X1GDh1RnYQPgsiCD1a,inc,520167437,514390782,1034558219,So11111111111111111111111111111111111111111,9,1.0
58LR1ei9DyKpAoMgurUhMnBSUfzwZsGjBNYvujmzGv6de595EbmXsEdF78VB3QEmBM8Paf3ssgYp7DK8y5duKtUh,1754140879,2025-08-02T13:21:19,0.000005,6KNbsP3eLVsFEJY9mJUz8h47B6X1GDh1RnYQPgsiCD1a,dec,6000,514396782,514390782,So11111111111111111111111111111111111111111,9,1.0
34mz2R4d1vNGJD8m6UAjUdDHosxz98Fc3FrMABwogdmybcQnppXCTyN1RPyzzdowZyPfbBBkioUPzdbE796a6hVR,1754140879,2025-08-02T13:21:19,0.000005003,8ziib7ZquTzE88ftqtv1Wkin8nVnraVJmxYJnFx7Xzen,inc,4054185766578,25106139,4054210872717,HHqKyHzaF6xxsmu6vUA7G8X6UTpcLdYsZWnpgtaU9A9w,6,1.0
34mz2R4d1vNGJD8m6UAjUdDHosxz98Fc3FrMABwogdmybcQnppXCTyN1RPyzzdowZyPfbBBkioUPzdbE796a6hVR,1754140879,2025-08-02T13:21:19,0.000005003,6KNbsP3eLVsFEJY9mJUz8h47B6X1GDh1RnYQPgsiCD1a,dec,536728578,1051125360,514396782,So11111111111111111111111111111111111111111,9,1.0
2n5WFjjDEn2B8Bn2YAR5Ua6NppAHNoV3MSPCHti66PYzf5X5hyVm4aig2Evx64YkAh7fGBmPJkLLkvLdTcJ9CyaM,1754140874,2025-08-02T13:21:14,0.000005,6KNbsP3eLVsFEJY9mJUz8h47B6X1GDh1RnYQPgsiCD1a,dec,6000,1051131360,1051125360,So11111111111111111111111111111111111111111,9,1.0
2vPx2HFCQtPPy7FVdzofNcabH1MKYeLK39LQFTD2zts4Sj4xi4h4W6xe19eTfFrTZHrV1678cTSzd6oVC4dQwgXW,1754140874,2025-08-02T13:21:14,0.000005002,8ziib7ZquTzE88ftqtv1Wkin8nVnraVJmxYJnFx7Xzen,dec,3219636962,3244743101,25106139,HHqKyHzaF6xxsmu6vUA7G8X6UTpcLdYsZWnpgtaU9A9w,6,1.0
2vPx2HFCQtPPy7FVdzofNcabH1MKYeLK39LQFTD2zts4Sj4xi4h4W6xe19eTfFrTZHrV1678cTSzd6oVC4dQwgXW,1754140874,2025-08-02T13:21:14,0.000005002,6KNbsP3eLVsFEJY9mJUz8h47B6X1GDh1RnYQPgsiCD1a,inc,415396,1050715964,1051131360,So11111111111111111111111111111111111111111,9,1.0
2t6hWSnscQNWqSHeep5zBCiFMFUJDbu9ynBw9BrnyRm5f8dsbByXmMFAYRPtqHDtyC4mgaqk6VzNHUJrGi9fj5Hb,1754140818,2025-08-02T13:20:18,0.000005,6KNbsP3eLVsFEJY9mJUz8h47B6X1GDh1RnYQPgsiCD1a,dec,6000,1050721964,1050715964,So11111111111111111111111111111111111111111,9,1.0
2d6GLu34Dc12z3T463PgUCk6nMAcG1voEvBHHoodgrKcUycrRPmCrsqQYRLfhEAatHQhEW3wghMNE4zH4Gv9gNK2,1754140818,2025-08-02T13:20:18,0.000005002,8ziib7ZquTzE88ftqtv1Wkin8nVnraVJmxYJnFx7Xzen,dec,1604426527836,1607671270937,3244743101,HHqKyHzaF6xxsmu6vUA7G8X6UTpcLdYsZWnpgtaU9A9w,6,1.0
2d6GLu34Dc12z3T463PgUCk6nMAcG1voEvBHHoodgrKcUycrRPmCrsqQYRLfhEAatHQhEW3wghMNE4zH4Gv9gNK2,1754140818,2025-08-02T13:20:18,0.000005002,6KNbsP3eLVsFEJY9mJUz8h47B6X1GDh1RnYQPgsiCD1a,inc,204401531,846320433,1050721964,So11111111111111111111111111111111111111111,9,1.0
5eU29VM65qRUjs6GBxzCXJqdCVLFphyjMqcF62BjXq6Fb8nffvxrcq7JN347q93YKh7CGf9KS6MFcKKs736FFisy,1754140806,2025-08-02T13:20:06,0.000005,6KNbsP3eLVsFEJY9mJUz8h47B6X1GDh1RnYQPgsiCD1a,dec,6000,846326433,846320433,So11111111111111111111111111111111111111111,9,1.0
3QWWrCJsjxJgRuzjw9TvWnAW82wj9BNVs3bZnEZ1Vf6Sjp76daU9VkR25sEpLVG6VSBtc4yFkKu8zLh2aTRFx9eB,1754140806,2025-08-02T13:20:06,0.000005003,8ziib7ZquTzE88ftqtv1Wkin8nVnraVJmxYJnFx7Xzen,inc,1607671266173,4764,1607671270937,HHqKyHzaF6xxsmu6vUA7G8X6UTpcLdYsZWnpgtaU9A9w,6,1.0
3QWWrCJsjxJgRuzjw9TvWnAW82wj9BNVs3bZnEZ1Vf6Sjp76daU9VkR25sEpLVG6VSBtc4yFkKu8zLh2aTRFx9eB,1754140806,2025-08-02T13:20:06,0.000005003,6KNbsP3eLVsFEJY9mJUz8h47B6X1GDh1RnYQPgsiCD1a,dec,204729001,1051055434,846326433,So11111111111111111111111111111111111111111,9,1.0
3HmDVAwWCHPu974Y4bMjm53sjeuKzUMr48dBeTF5rvokxg2sAo7EkouNPKLrFjWzSq6iS3zYw6nxWwmrQ4ZCKgpj,1754140743,2025-08-02T13:19:03,0.000005,6KNbsP3eLVsFEJY9mJUz8h47B6X1GDh1RnYQPgsiCD1a,dec,6000,1051061434,1051055434,So11111111111111111111111111111111111111111,9,1.0
4Zd33cYG6qzCKoy3h67kQCXtR8PAFAWhHs4qagVwu3mGDgc7LnmKdizewSe2peaJBbGqagjN7rbWeH5RpCF2Q5Ho,1754140743,2025-08-02T13:19:03,0.000005002,8ziib7ZquTzE88ftqtv1Wkin8nVnraVJmxYJnFx7Xzen,dec,36489789069,36489793833,4764,HHqKyHzaF6xxsmu6vUA7G8X6UTpcLdYsZWnpgtaU9A9w,6,1.0
4Zd33cYG6qzCKoy3h67kQCXtR8PAFAWhHs4qagVwu3mGDgc7LnmKdizewSe2peaJBbGqagjN7rbWeH5RpCF2Q5Ho,1754140743,2025-08-02T13:19:03,0.000005002,6KNbsP3eLVsFEJY9mJUz8h47B6X1GDh1RnYQPgsiCD1a,inc,4552959,1046508475,1051061434,So11111111111111111111111111111111111111111,9,1.0
PzjuH9hsahR7kygCjQhkAZaQZ8axLEQHvEfcyuuPY7F8P4NvRLKJs6tGyEaGh3ezqvpx4DYcgWbpjfAxj3jQyWU,1754140711,2025-08-02T13:18:31,0.000005,6KNbsP3eLVsFEJY9mJUz8h47B6X1GDh1RnYQPgsiCD1a,dec,6000,1046514475,1046508475,So11111111111111111111111111111111111111111,9,1.0
3JEz74bCgofd6YWt5JndN9NixRaYdfp5dzJ9NjnJdiFi8MLqA1NnNXdM7eSGeEYBZ5x6NcZo8QGGsmrTs2Z6Dbfv,1754140711,2025-08-02T13:18:31,0.000005002,8ziib7ZquTzE88ftqtv1Wkin8nVnraVJmxYJnFx7Xzen,dec,2946747549402,2983237343235,36489793833,HHqKyHzaF6xxsmu6vUA7G8X6UTpcLdYsZWnpgtaU9A9w,6,1.0
3JEz74bCgofd6YWt5JndN9NixRaYdfp5dzJ9NjnJdiFi8MLqA1NnNXdM7eSGeEYBZ5x6NcZo8QGGsmrTs2Z6Dbfv,1754140711,2025-08-02T13:18:31,0.000005002,6KNbsP3eLVsFEJY9mJUz8h47B6X1GDh1RnYQPgsiCD1a,inc,370117519,676396956,1046514475,So11111111111111111111111111111111111111111,9,1.0
PgLupZ9or3cisWGR8WKUpUwf4diueGitSM9cZtGuUA7sYKWjZsvjvuNDquXpXzVDJrvBJh6NJp6BNMtyPWwL8vF,1754140698,2025-08-02T13:18:18,0.000005,6KNbsP3eLVsFEJY9mJUz8h47B6X1GDh1RnYQPgsiCD1a,dec,6000,676402956,676396956,So11111111111111111111111111111111111111111,9,1.0
4yRGqwTYy8xawMpPReZZvJrWirfFBXstVkB1TsCDmgea1RCeSXP2mjCdAg5XL76FYnDCixJnR63rCCFQwzuqHU9e,1754140698,2025-08-02T13:18:18,0.000005003,8ziib7ZquTzE88ftqtv1Wkin8nVnraVJmxYJnFx7Xzen,inc,1584325081144,1398912262091,2983237343235,HHqKyHzaF6xxsmu6vUA7G8X6UTpcLdYsZWnpgtaU9A9w,6,1.0
4yRGqwTYy8xawMpPReZZvJrWirfFBXstVkB1TsCDmgea1RCeSXP2mjCdAg5XL76FYnDCixJnR63rCCFQwzuqHU9e,1754140698,2025-08-02T13:18:18,0.000005003,6KNbsP3eLVsFEJY9mJUz8h47B6X1GDh1RnYQPgsiCD1a,dec,192527266,868930222,676402956,So11111111111111111111111111111111111111111,9,1.0
4UGTVY88qs4pPUPCjn6bS8QWuBNDgeFX2k9LyM1BaPpEwgA4i2bdTjfQMQ5nL8ST6jBkxgYzkTU5Zvpjw7eKkqfv,1754140693,2025-08-02T13:18:13,0.000005,6KNbsP3eLVsFEJY9mJUz8h47B6X1GDh1RnYQPgsiCD1a,dec,6000,868936222,868930222,So11111111111111111111111111111111111111111,9,1.0
2ifftHMJt4BCHNujKirvasZd8dDXqkQDbfmvtEDoMADNeszCcbAVp7e4ckCmnVj385KVgigBMLpmrnv4f23qJMAE,1754140693,2025-08-02T13:18:13,0.000005003,8ziib7ZquTzE88ftqtv1Wkin8nVnraVJmxYJnFx7Xzen,inc,1398835598607,76663484,1398912262091,HHqKyHzaF6xxsmu6vUA7G8X6UTpcLdYsZWnpgtaU9A9w,6,1.0
2ifftHMJt4BCHNujKirvasZd8dDXqkQDbfmvtEDoMADNeszCcbAVp7e4ckCmnVj385KVgigBMLpmrnv4f23qJMAE,1754140693,2025-08-02T13:18:13,0.000005003,6KNbsP3eLVsFEJY9mJUz8h47B6X1GDh1RnYQPgsiCD1a,dec,168267483,1037203705,868936222,So11111111111111111111111111111111111111111,9,1.0
3KB7RgB8NErDxjWQVoosu95fcQxiCdRifSJ1zcmof3mRkKC2U2kjcjdQJnaRNZZH2pwQn2hUFT8fKBeWdUqZP4Zr,1754140679,2025-08-02T13:17:59,0.000005,6KNbsP3eLVsFEJY9mJUz8h47B6X1GDh1RnYQPgsiCD1a,dec,6000,1037209705,1037203705,So11111111111111111111111111111111111111111,9,1.0
4XwUpuEwGcV5FJA4gsVp7csQ7Wb2PWKFkj4x8DvGTD8oNrGjbSwMfDo3nzTdETgd7rcFAfsGZMmboTR2tSkzZEXq,1754140679,2025-08-02T13:17:59,0.000005002,8ziib7ZquTzE88ftqtv1Wkin8nVnraVJmxYJnFx7Xzen,dec,14590435833,14667099317,76663484,HHqKyHzaF6xxsmu6vUA7G8X6UTpcLdYsZWnpgtaU9A9w,6,1.0
4XwUpuEwGcV5FJA4gsVp7csQ7Wb2PWKFkj4x8DvGTD8oNrGjbSwMfDo3nzTdETgd7rcFAfsGZMmboTR2tSkzZEXq,1754140679,2025-08-02T13:17:59,0.000005002,6KNbsP3eLVsFEJY9mJUz8h47B6X1GDh1RnYQPgsiCD1a,inc,1770716,1035438989,1037209705,So11111111111111111111111111111111111111111,9,1.0
3edu2B5f6d3EYvXNtDKMq8UViZwnFoUWrdg8YakfVLvytPAS1TAKGWwvNi5SX1VSmvhR5Zi15dspvAfj5uNcghXm,1754140627,2025-08-02T13:17:07,0.000005,6KNbsP3eLVsFEJY9mJUz8h47B6X1GDh1RnYQPgsiCD1a,dec,6000,1035444989,1035438989,So11111111111111111111111111111111111111111,9,1.0
3UnDbNtapyRiRF7kZGfPgsuqBV9Kmne1ZCh5KqTvqxdzaaC5WsDsbAy1xqtLcn18Xa6UgvSExiCsMWo6ZLz6Kgh1,1754140627,2025-08-02T13:17:07,0.000005002,8ziib7ZquTzE88ftqtv1Wkin8nVnraVJmxYJnFx7Xzen,dec,6289851338027,6304518437344,14667099317,HHqKyHzaF6xxsmu6vUA7G8X6UTpcLdYsZWnpgtaU9A9w,6,1.0
3UnDbNtapyRiRF7kZGfPgsuqBV9Kmne1ZCh5KqTvqxdzaaC5WsDsbAy1xqtLcn18Xa6UgvSExiCsMWo6ZLz6Kgh1,1754140627,2025-08-02T13:17:07,0.000005002,6KNbsP3eLVsFEJY9mJUz8h47B6X1GDh1RnYQPgsiCD1a,inc,796388332,239056657,1035444989,So11111111111111111111111111111111111111111,9,1.0
4F4NRY8rfxCccUUEJ1HmToDSQ7NYtTVk6eN6tErfapACYhjsgC2BpmDBabrxvHik8gVRJ4e1Ezd8KgmypqXdf2R8,1754140579,2025-08-02T13:16:19,0.000005,6KNbsP3eLVsFEJY9mJUz8h47B6X1GDh1RnYQPgsiCD1a,dec,6000,239062657,239056657,So11111111111111111111111111111111111111111,9,1.0
578P9xCRcTyTBNM6AeBSuhsKpb7P9e2ay8GmqiMKNPLwzsRzQ29W6DYJLXWBXhBKZ1T9mD8phPiePLNNp81UH5zc,1754140579,2025-08-02T13:16:19,0.000005003,8ziib7ZquTzE88ftqtv1Wkin8nVnraVJmxYJnFx7Xzen,inc,2362115337614,3942403099730,6304518437344,HHqKyHzaF6xxsmu6vUA7G8X6UTpcLdYsZWnpgtaU9A9w,6,1.0
578P9xCRcTyTBNM6AeBSuhsKpb7P9e2ay8GmqiMKNPLwzsRzQ29W6DYJLXWBXhBKZ1T9mD8phPiePLNNp81UH5zc,1754140579,2025-08-02T13:16:19,0.000005003,6KNbsP3eLVsFEJY9mJUz8h47B6X1GDh1RnYQPgsiCD1a,dec,300609749,539672406,239062657,So11111111111111111111111111111111111111111,9,1.0
23rVadJtsAJayhgbHRiCXMSNF31AutUbvUMWACKTvybECnkdYLuT2YPXjRGoZVtB1wasopS3Wgz3m8zNdoU4xSnn,1754140528,2025-08-02T13:15:28,0.000005,6KNbsP3eLVsFEJY9mJUz8h47B6X1GDh1RnYQPgsiCD1a,inc,1,539672405,539672406,So11111111111111111111111111111111111111111,9,1.0
4qnAqyh3ghXLKbH4fiqWq5pEwRiAJYg4wSGTfz8aiRHwo3oqN1BpTuTNehq636jVhPVaXNfKqSSJZEKz4MuaorSx,1754140528,2025-08-02T13:15:28,0.000005,6KNbsP3eLVsFEJY9mJUz8h47B6X1GDh1RnYQPgsiCD1a,inc,1,539672404,539672405,So11111111111111111111111111111111111111111,9,1.0
2Ju6RDi22NgRrZBY5QeG5EdUNDF8eWc2BK9aGEbaASUey5DWtezzUhHpcjK7uSAKJB5iNtvUXujjAAJp1u4FABGB,1754140517,2025-08-02T13:15:17,0.000005,6KNbsP3eLVsFEJY9mJUz8h47B6X1GDh1RnYQPgsiCD1a,dec,6000,539678404,539672404,So11111111111111111111111111111111111111111,9,1.0
ZPgJjWGyQpvTaUGkmRF3n5bo6fCmStkSKaeM7mXCJFq2BA9PnxWrHMEixh9QiCm5m6mdhpCod5jJJMxWDqyBgJY,1754140517,2025-08-02T13:15:17,0.000005003,8ziib7ZquTzE88ftqtv1Wkin8nVnraVJmxYJnFx7Xzen,inc,3942291296638,111803092,3942403099730,HHqKyHzaF6xxsmu6vUA7G8X6UTpcLdYsZWnpgtaU9A9w,6,1.0
ZPgJjWGyQpvTaUGkmRF3n5bo6fCmStkSKaeM7mXCJFq2BA9PnxWrHMEixh9QiCm5m6mdhpCod5jJJMxWDqyBgJY,1754140517,2025-08-02T13:15:17,0.000005003,6KNbsP3eLVsFEJY9mJUz8h47B6X1GDh1RnYQPgsiCD1a,dec,493657292,1033335696,539678404,So11111111111111111111111111111111111111111,9,1.0
2NVe4QiQHB1z4x7dhJ5r2hee5GEDcc9TeaZtt79hKCP1FUy8uKK7qfwoAuMzeayBDUGwab8j65r9HdpdNptZtb1e,1754140432,2025-08-02T13:13:52,0.000005,6KNbsP3eLVsFEJY9mJUz8h47B6X1GDh1RnYQPgsiCD1a,dec,6000,1033341696,1033335696,So11111111111111111111111111111111111111111,9,1.0
2hkX5xhmchPtUXSpCNUVxC1vDHdJecX7ExSvPMHYPEHLQz9Yxguw2B4SAe2zWBxtE7XPkep8c1NiuBx6eKRZC86o,1754140432,2025-08-02T13:13:52,0.000005002,8ziib7ZquTzE88ftqtv1Wkin8nVnraVJmxYJnFx7Xzen,dec,30351536589,30463339681,111803092,HHqKyHzaF6xxsmu6vUA7G8X6UTpcLdYsZWnpgtaU9A9w,6,1.0
2hkX5xhmchPtUXSpCNUVxC1vDHdJecX7ExSvPMHYPEHLQz9Yxguw2B4SAe2zWBxtE7XPkep8c1NiuBx6eKRZC86o,1754140432,2025-08-02T13:13:52,0.000005002,6KNbsP3eLVsFEJY9mJUz8h47B6X1GDh1RnYQPgsiCD1a,inc,4011065,1029330631,1033341696,So11111111111111111111111111111111111111111,9,1.0
zBamBbzKzkxsQerrRDjCEKcTTpHaNx9D8bU9w5rGMLBpPQrEweHQL7cft3uhh9rNaWkfM9YtcBmSckC1xt62Vgk,1754140431,2025-08-02T13:13:51,0.000005,6KNbsP3eLVsFEJY9mJUz8h47B6X1GDh1RnYQPgsiCD1a,dec,6000,1029336631,1029330631,So11111111111111111111111111111111111111111,9,1.0
PUoXT4jd8bgfwbzLqQZNQp6yd6heEjPKdKsL2kG6XWbiDeDphSDaojhMrS9uGM9W5e2JFX1vvKi3qsUYX9HiryG,1754140431,2025-08-02T13:13:51,0.000005002,8ziib7ZquTzE88ftqtv1Wkin8nVnraVJmxYJnFx7Xzen,dec,5731980602842,5762443942523,30463339681,HHqKyHzaF6xxsmu6vUA7G8X6UTpcLdYsZWnpgtaU9A9w,6,1.0
PUoXT4jd8bgfwbzLqQZNQp6yd6heEjPKdKsL2kG6XWbiDeDphSDaojhMrS9uGM9W5e2JFX1vvKi3qsUYX9HiryG,1754140431,2025-08-02T13:13:51,0.000005002,6KNbsP3eLVsFEJY9mJUz8h47B6X1GDh1RnYQPgsiCD1a,inc,757157374,272179257,1029336631,So11111111111111111111111111111111111111111,9,1.0
3URqdyGqQ3RR3N9f7UvP9MrCfjN3tqiMjJ4aV193rMqoWyLfxjUSdjMpHN62ptZgspAJtvKQDouXXEa5ViT71bnk,1754140391,2025-08-02T13:13:11,0.000005,6KNbsP3eLVsFEJY9mJUz8h47B6X1GDh1RnYQPgsiCD1a,dec,6000,272185257,272179257,So11111111111111111111111111111111111111111,9,1.0
38EKYsTqE5VxiF4THHQHqy4p4PXtY1AFFqBdmgc11Qy62L5iWG6AALSVz2G4S3HvTrm4wKgZyT3zxMd6x49Ajck1,1754140391,2025-08-02T13:13:11,0.000005003,8ziib7ZquTzE88ftqtv1Wkin8nVnraVJmxYJnFx7Xzen,inc,1604251767931,4158192174592,5762443942523,HHqKyHzaF6xxsmu6vUA7G8X6UTpcLdYsZWnpgtaU9A9w,6,1.0
38EKYsTqE5VxiF4THHQHqy4p4PXtY1AFFqBdmgc11Qy62L5iWG6AALSVz2G4S3HvTrm4wKgZyT3zxMd6x49Ajck1,1754140391,2025-08-02T13:13:11,0.000005003,6KNbsP3eLVsFEJY9mJUz8h47B6X1GDh1RnYQPgsiCD1a,dec,223882223,496067480,272185257,So11111111111111111111111111111111111111111,9,1.0
2ZRgrcFWWyQFAnhcp6CSQRwLnQJiXk7oKEUDTwo2DjXib9jgveDLjnk7DRaYf55s6hoPkBWbapTvAiAju7q5oGTT,1754140348,2025-08-02T13:12:28,0.000005,6KNbsP3eLVsFEJY9mJUz8h47B6X1GDh1RnYQPgsiCD1a,dec,6000,496073480,496067480,So11111111111111111111111111111111111111111,9,1.0
3Ync4jqnxsxPYGmb1aqHyUThQMGpC87rmNV9mL8gxsFdvNt3QdL1a7qbeMmJMwZ4xRXqneVfJbDp6y7XNVqpaLpS,1754140348,2025-08-02T13:12:28,0.000005003,8ziib7ZquTzE88ftqtv1Wkin8nVnraVJmxYJnFx7Xzen,inc,4140548868505,17643306087,4158192174592,HHqKyHzaF6xxsmu6vUA7G8X6UTpcLdYsZWnpgtaU9A9w,6,1.0
3Ync4jqnxsxPYGmb1aqHyUThQMGpC87rmNV9mL8gxsFdvNt3QdL1a7qbeMmJMwZ4xRXqneVfJbDp6y7XNVqpaLpS,1754140348,2025-08-02T13:12:28,0.000005003,6KNbsP3eLVsFEJY9mJUz8h47B6X1GDh1RnYQPgsiCD1a,dec,537656022,1033729502,496073480,So11111111111111111111111111111111111111111,9,1.0
g5fZbpnnCwsqbQ8tHTC9dH8zSdGshYTnRgaMf79aoFsP3oAJaFPfUD4pBWG9ctUx69fiDguSH4usvtiv7Zdn4i8,1754140244,2025-08-02T13:10:44,0.000005,6KNbsP3eLVsFEJY9mJUz8h47B6X1GDh1RnYQPgsiCD1a,dec,6000,1033735502,1033729502,So11111111111111111111111111111111111111111,9,1.0
4HGJW1PyFobM2pYvi2iQGaGTGEJj16Fve724GF49SGmwgCei1qLQiXhPTcegKQ1pKUs6M8ajzBa4tqwdW3nvHFEf,1754140244,2025-08-02T13:10:44,0.000005002,8ziib7ZquTzE88ftqtv1Wkin8nVnraVJmxYJnFx7Xzen,dec,3903418297890,3921061603977,17643306087,HHqKyHzaF6xxsmu6vUA7G8X6UTpcLdYsZWnpgtaU9A9w,6,1.0
4HGJW1PyFobM2pYvi2iQGaGTGEJj16Fve724GF49SGmwgCei1qLQiXhPTcegKQ1pKUs6M8ajzBa4tqwdW3nvHFEf,1754140244,2025-08-02T13:10:44,0.000005002,6KNbsP3eLVsFEJY9mJUz8h47B6X1GDh1RnYQPgsiCD1a,inc,495345553,538389949,1033735502,So11111111111111111111111111111111111111111,9,1.0
3jseTa6q4ES3tbtBY4UAv2VcUmYvcMt1YGsug4AYWNn3uC8R5XGyd6UngFznto3RaBMxyb3YnDKAboNy5zZw5B2a,1754140232,2025-08-02T13:10:32,0.000005,6KNbsP3eLVsFEJY9mJUz8h47B6X1GDh1RnYQPgsiCD1a,dec,6000,538395949,538389949,So11111111111111111111111111111111111111111,9,1.0
2T1fkzkALLDxe9JbPmjLediuzfRvyYYziPbL88Y9uYhDdnc2FnCv6NUiLK7N9v7FrS1ZShqD6VGUE2ceC25kXH1g,1754140232,2025-08-02T13:10:32,0.000005003,8ziib7ZquTzE88ftqtv1Wkin8nVnraVJmxYJnFx7Xzen,inc,3872193674679,48867929298,3921061603977,HHqKyHzaF6xxsmu6vUA7G8X6UTpcLdYsZWnpgtaU9A9w,6,1.0
2T1fkzkALLDxe9JbPmjLediuzfRvyYYziPbL88Y9uYhDdnc2FnCv6NUiLK7N9v7FrS1ZShqD6VGUE2ceC25kXH1g,1754140232,2025-08-02T13:10:32,0.000005003,6KNbsP3eLVsFEJY9mJUz8h47B6X1GDh1RnYQPgsiCD1a,dec,504876010,1043271959,538395949,So11111111111111111111111111111111111111111,9,1.0
m1TowUfoXBip4cUB6qBCZ93g53ypGm6mkFWhfQkiJLKPDzF4WsXiCxML9FfVtZUPD7zpyvZre1jTJZ1C69yoYhg,1754140222,2025-08-02T13:10:22,0.000005,6KNbsP3eLVsFEJY9mJUz8h47B6X1GDh1RnYQPgsiCD1a,dec,6000,1043277959,1043271959,So11111111111111111111111111111111111111111,9,1.0
252QhXjkWD8jTV2iq6LiQKoAkuzdvn4zA6uxJjFMnMLM1bVHyPwciWm9JzDRmUYeAtdhdPsCqPEhFaWMBK2vnZEX,1754140222,2025-08-02T13:10:22,0.000005002,8ziib7ZquTzE88ftqtv1Wkin8nVnraVJmxYJnFx7Xzen,dec,7607494769422,7656362698720,48867929298,HHqKyHzaF6xxsmu6vUA7G8X6UTpcLdYsZWnpgtaU9A9w,6,1.0
252QhXjkWD8jTV2iq6LiQKoAkuzdvn4zA6uxJjFMnMLM1bVHyPwciWm9JzDRmUYeAtdhdPsCqPEhFaWMBK2vnZEX,1754140222,2025-08-02T13:10:22,0.000005002,6KNbsP3eLVsFEJY9mJUz8h47B6X1GDh1RnYQPgsiCD1a,inc,989623325,53654634,1043277959,So11111111111111111111111111111111111111111,9,1.0
3thYvLwfHZTnjz1MRVUzE5AYMfKWKQACD4GgYf3CfYduwyQD99CYyKt3kiMmKnwpmkUL8XEAKNAcrnQG8ntL11hi,1754140145,2025-08-02T13:09:05,0.000005,6KNbsP3eLVsFEJY9mJUz8h47B6X1GDh1RnYQPgsiCD1a,dec,6000,53660634,53654634,So11111111111111111111111111111111111111111,9,1.0
5nC6A7BAQMB1AAhW4oPNtQAum1GWjtj19ugQ7sCpQ6sSWxRwWRL7ejkBtiiknEeSEKPj81jsFGzrv1CUiJ9UarCA,1754140145,2025-08-02T13:09:05,0.000005003,8ziib7ZquTzE88ftqtv1Wkin8nVnraVJmxYJnFx7Xzen,inc,3933373736775,3722988961945,7656362698720,HHqKyHzaF6xxsmu6vUA7G8X6UTpcLdYsZWnpgtaU9A9w,6,1.0
5nC6A7BAQMB1AAhW4oPNtQAum1GWjtj19ugQ7sCpQ6sSWxRwWRL7ejkBtiiknEeSEKPj81jsFGzrv1CUiJ9UarCA,1754140145,2025-08-02T13:09:05,0.000005003,6KNbsP3eLVsFEJY9mJUz8h47B6X1GDh1RnYQPgsiCD1a,dec,494385239,548045873,53660634,So11111111111111111111111111111111111111111,9,1.0
4KKsboXdks78bF7jSLvkwhAAbxjTdoSdwSDEtSexVePSP8t8rXk83YEzFGutZDtBQdGn2JtWPBn9Y5rY5m5doGum,1754140114,2025-08-02T13:08:34,0.000005,6KNbsP3eLVsFEJY9mJUz8h47B6X1GDh1RnYQPgsiCD1a,dec,6000,548051873,548045873,So11111111111111111111111111111111111111111,9,1.0
3z6bQehKrAH1znyEb1Ccd1ZyKxbTDJdAz7fAZPAw1wt2UWPxxcmvqkRehxLqjZqCv8iHVa3KWULbSPseJZpLZrvM,1754140114,2025-08-02T13:08:34,0.000005004,8ziib7ZquTzE88ftqtv1Wkin8nVnraVJmxYJnFx7Xzen,inc,3722988961945,0,3722988961945,HHqKyHzaF6xxsmu6vUA7G8X6UTpcLdYsZWnpgtaU9A9w,6,1.0
3z6bQehKrAH1znyEb1Ccd1ZyKxbTDJdAz7fAZPAw1wt2UWPxxcmvqkRehxLqjZqCv8iHVa3KWULbSPseJZpLZrvM,1754140114,2025-08-02T13:08:34,0.000005004,6KNbsP3eLVsFEJY9mJUz8h47B6X1GDh1RnYQPgsiCD1a,dec,453448127,1001500000,548051873,So11111111111111111111111111111111111111111,9,1.0
5p4eoS91syf7Xotpc4bnbdKuRsDMdKym8vxVX8QDfkbGkiqhhttZyWhXsMmxoQwnYZbAVTQbHiHU1hNhD9pHyh6j,1754139920,2025-08-02T13:05:20,0.0000215,6KNbsP3eLVsFEJY9mJUz8h47B6X1GDh1RnYQPgsiCD1a,inc,1000000000,1500000,1001500000,So11111111111111111111111111111111111111111,9,1.0
3A5Z3fyUJGpzpUM443juv9LUenrpWBMsGQYHeAWATZZykXDmpWwqXRkeDNjaLT2fBpLVa6MgQxjhtMFu3ZMmKEPd,1754139787,2025-08-02T13:03:07,0.000063621,6KNbsP3eLVsFEJY9mJUz8h47B6X1GDh1RnYQPgsiCD1a,dec,1104097178,1105597178,1500000,So11111111111111111111111111111111111111111,9,1.0
3sNDMnHp1iG4vd6fttn468spoebXvEjbD2GNgBTTRVibrqAqyzHi9wRNqYNqpFJwJ32JQn1e9WN11D4P5Y3CsYKT,1754139676,2025-08-02T13:01:16,0.000005,6KNbsP3eLVsFEJY9mJUz8h47B6X1GDh1RnYQPgsiCD1a,dec,6000,1105603178,1105597178,So11111111111111111111111111111111111111111,9,1.0
5s7jzhv8ck4dc7eTkAc69puTcrt411MwzyDRFSikRjpuRAgicdecV9uauqmrg29ZiwBwZAvCoAMnrAfHXcpyZAr4,1754139676,2025-08-02T13:01:16,0.000005002,95uqVMC1nrBByvyE5rNs4RDRXGU3Nu5oWKEejJNmAYDd,dec,8520979774341,8520979782173,7832,8BwPEaxqgctwcFH89c7nBT6mmLxqtqEU9kfxy2ZgZi5x,6,1.0
5s7jzhv8ck4dc7eTkAc69puTcrt411MwzyDRFSikRjpuRAgicdecV9uauqmrg29ZiwBwZAvCoAMnrAfHXcpyZAr4,1754139676,2025-08-02T13:01:16,0.000005002,6KNbsP3eLVsFEJY9mJUz8h47B6X1GDh1RnYQPgsiCD1a,inc,1041778043,63825135,1105603178,So11111111111111111111111111111111111111111,9,1.0
3bkxuS5hM7UoekxDKcUTr4j9YRM4HquZMjRGzN6vp2rjHVFVmshUCjZKV9hsHnftE5VyJD8KFCgqCEY7FJFoCY5e,1754139672,2025-08-02T13:01:12,0.000005,6KNbsP3eLVsFEJY9mJUz8h47B6X1GDh1RnYQPgsiCD1a,dec,6000,63831135,63825135,So11111111111111111111111111111111111111111,9,1.0
3gByUTjFVscVPG82YpPiUUr7CARpDFggM595YcAwz3ycVtUamjLToWwtf2DnUaUW2hJyg5twyChL7Gms5mFhqXJw,1754139672,2025-08-02T13:01:12,0.000005003,95uqVMC1nrBByvyE5rNs4RDRXGU3Nu5oWKEejJNmAYDd,inc,3390593159090,5130386623083,8520979782173,8BwPEaxqgctwcFH89c7nBT6mmLxqtqEU9kfxy2ZgZi5x,6,1.0
3gByUTjFVscVPG82YpPiUUr7CARpDFggM595YcAwz3ycVtUamjLToWwtf2DnUaUW2hJyg5twyChL7Gms5mFhqXJw,1754139672,2025-08-02T13:01:12,0.000005003,6KNbsP3eLVsFEJY9mJUz8h47B6X1GDh1RnYQPgsiCD1a,dec,423215338,487046473,63831135,So11111111111111111111111111111111111111111,9,1.0
2FXrBcaKuGPizY2LX18tkPmjixjPhYPLYTDeLYXkrFsu23qjknsSBjeahBbnAtMAmRv1b8iLxa4k4TtJgj9e1FG,1754139555,2025-08-02T12:59:15,0.000005,6KNbsP3eLVsFEJY9mJUz8h47B6X1GDh1RnYQPgsiCD1a,dec,6000,487052473,487046473,So11111111111111111111111111111111111111111,9,1.0
mh6DMjUtvSCocHdQS2y4TEhJRRsXgFxiguWntBzNVjQSBLJJCbtTgX6PXqypoVt1prrkyoFvM1StXA84PV5zxH4,1754139555,2025-08-02T12:59:15,0.000005003,95uqVMC1nrBByvyE5rNs4RDRXGU3Nu5oWKEejJNmAYDd,inc,1840377170580,3290009452503,5130386623083,8BwPEaxqgctwcFH89c7nBT6mmLxqtqEU9kfxy2ZgZi5x,6,1.0
mh6DMjUtvSCocHdQS2y4TEhJRRsXgFxiguWntBzNVjQSBLJJCbtTgX6PXqypoVt1prrkyoFvM1StXA84PV5zxH4,1754139555,2025-08-02T12:59:15,0.000005003,6KNbsP3eLVsFEJY9mJUz8h47B6X1GDh1RnYQPgsiCD1a,dec,214240914,701293387,487052473,So11111111111111111111111111111111111111111,9,1.0
5HgWSkivukg5okW4R3CgjHmP2UjjDEqPGUbB3BhbiVPBY54kPezUHcroPgkvqj92B6PLu18h1X7MdnUuDkDvFznR,1754139544,2025-08-02T12:59:04,0.000005,6KNbsP3eLVsFEJY9mJUz8h47B6X1GDh1RnYQPgsiCD1a,dec,6000,701299387,701293387,So11111111111111111111111111111111111111111,9,1.0
5ZLuD5TUzuS77WfvA8fNoCYfEZtLF9Sif5B61kVANYDJ65dfPHsE1J55N7aJwwRVCaMHVaoXYBaT6uXMeCWUGpqf,1754139544,2025-08-02T12:59:04,0.000005003,95uqVMC1nrBByvyE5rNs4RDRXGU3Nu5oWKEejJNmAYDd,inc,3274700405464,15309047039,3290009452503,8BwPEaxqgctwcFH89c7nBT6mmLxqtqEU9kfxy2ZgZi5x,6,1.0
5ZLuD5TUzuS77WfvA8fNoCYfEZtLF9Sif5B61kVANYDJ65dfPHsE1J55N7aJwwRVCaMHVaoXYBaT6uXMeCWUGpqf,1754139544,2025-08-02T12:59:04,0.000005003,6KNbsP3eLVsFEJY9mJUz8h47B6X1GDh1RnYQPgsiCD1a,dec,370039548,1071338935,701299387,So11111111111111111111111111111111111111111,9,1.0
3THcNgFZA8HwRHVKfgzGC8HYbx9g55uyGUDVCRCdwxQCgrcZiFTeKXibSabqQSXLBdpjBPQpR2SiWTY35VT4kjJU,1754139504,2025-08-02T12:58:24,0.000005,6KNbsP3eLVsFEJY9mJUz8h47B6X1GDh1RnYQPgsiCD1a,dec,6000,1071344935,1071338935,So11111111111111111111111111111111111111111,9,1.0
4fHGHBboZdvCkpPkg8CiTTzZHBnBcacnQHKpdYmNLdtaN9cAnsmrMnQ9dFKZVx3NAW2LYzgcqARPwUeL9yhyeC21,1754139504,2025-08-02T12:58:24,0.000005002,95uqVMC1nrBByvyE5rNs4RDRXGU3Nu5oWKEejJNmAYDd,dec,3577203922253,3592512969292,15309047039,8BwPEaxqgctwcFH89c7nBT6mmLxqtqEU9kfxy2ZgZi5x,6,1.0
4fHGHBboZdvCkpPkg8CiTTzZHBnBcacnQHKpdYmNLdtaN9cAnsmrMnQ9dFKZVx3NAW2LYzgcqARPwUeL9yhyeC21,1754139504,2025-08-02T12:58:24,0.000005002,6KNbsP3eLVsFEJY9mJUz8h47B6X1GDh1RnYQPgsiCD1a,inc,386633837,684711098,1071344935,So11111111111111111111111111111111111111111,9,1.0
2VetoMdUW7tpVNd8rMz797yxCyyngh6KQt8b6i3Y3GJ2xCoPDFa9FUyQZ49p45Z1t6yy5dRvG7Y26MYSSEFdb5eC,1754139447,2025-08-02T12:57:27,0.000005,6KNbsP3eLVsFEJY9mJUz8h47B6X1GDh1RnYQPgsiCD1a,dec,6000,684717098,684711098,So11111111111111111111111111111111111111111,9,1.0
5fU8or5c1TRomf91QHPpXp1yKbKHkgtWZodtRoe8zzwgF7obynJcDKKWREn4hYXuktQVZn6QaJvPE5SFu2fsocfq,1754139447,2025-08-02T12:57:27,0.000005004,95uqVMC1nrBByvyE5rNs4RDRXGU3Nu5oWKEejJNmAYDd,inc,3592512969292,0,3592512969292,8BwPEaxqgctwcFH89c7nBT6mmLxqtqEU9kfxy2ZgZi5x,6,1.0
5fU8or5c1TRomf91QHPpXp1yKbKHkgtWZodtRoe8zzwgF7obynJcDKKWREn4hYXuktQVZn6QaJvPE5SFu2fsocfq,1754139447,2025-08-02T12:57:27,0.000005004,6KNbsP3eLVsFEJY9mJUz8h47B6X1GDh1RnYQPgsiCD1a,dec,316782903,1001500001,684717098,So11111111111111111111111111111111111111111,9,1.0
4mRZsqhs1M51nQPPJRQBSgwihGnpgubzeqjGYMpCG5nfwkDjyTRh3aLfZwLkjrf3ZstQako7ieHu1nPG1RzCKkq4,1754139375,2025-08-02T12:56:15,0.000027759,6KNbsP3eLVsFEJY9mJUz8h47B6X1GDh1RnYQPgsiCD1a,inc,1000000000,1500001,1001500001,So11111111111111111111111111111111111111111,9,1.0
5gMRPchFivfdDgzGEsvX8CN6PYuwh5V2w142aWpzrcwA7jjLgSikpw7hq3Kd3w693b2qrv99PDko8bRLWUf2exoE,1754139252,2025-08-02T12:54:12,0.0000666,6KNbsP3eLVsFEJY9mJUz8h47B6X1GDh1RnYQPgsiCD1a,dec,1007044340,1008544341,1500001,So11111111111111111111111111111111111111111,9,1.0
5QhN6STPBtjQiyQ5NcD3FgUQHXeieXbVNb1XEL9kDy82DUkLpwypRQxXmD6QGpJdu5XXs8C9DgednCdRdmos8FK1,1754139170,2025-08-02T12:52:50,0.000005,6KNbsP3eLVsFEJY9mJUz8h47B6X1GDh1RnYQPgsiCD1a,dec,6000,1008550341,1008544341,So11111111111111111111111111111111111111111,9,1.0
