Txhash,                        BlockTimeUnix,                        BlockTime,                        Fee(SOL),                        TokenAccount,                        ChangeType,                        ChangeAmount,                        PreBalancer,                        PostBalancer,                        TokenAddress,                        TokenDecimals,                        TokenMultiplier
5dD1VLF9KMV31M5UtRKgK7GDwQJSHZT3fUBKLnhGJro1aQeRvbyDsd2xYdCfTnXtUXjmPFpn7p2dW98JYLUyxcNe,1754164944,2025-08-02T20:02:24,0.0000314,gSUqvUJfTLBPk6d8cXPXoduD5qDa1YbS74nNt69d21W,inc,1000000000,1500000,1001500000,So11111111111111111111111111111111111111111,9,1.0
6Cakm5Nvuk1qWsDp5ihi6BDcUjZZ8aUsgKjeuimm2hXiHwDokdrYmGddnEsv3fXyV6Asmt2jsEhPY7dhy113ykM,1754164815,2025-08-02T20:00:15,0.0000666,gSUqvUJfTLBPk6d8cXPXoduD5qDa1YbS74nNt69d21W,dec,898876711,900376711,1500000,So11111111111111111111111111111111111111111,9,1.0
4yJxy5r7VjU8cmQCwXU6UAYZfDJoxnLZonmhhVAYsBgLGXA82wuiLVhrddrqVbaftWRym4TiU7e6sPdnyqTominL,1754164789,2025-08-02T19:59:49,0.000005,gSUqvUJfTLBPk6d8cXPXoduD5qDa1YbS74nNt69d21W,dec,6000,900382711,900376711,So11111111111111111111111111111111111111111,9,1.0
3j89UrAaiwMjEyeosWN2T9v93fub99QrcYVYc6PcebWZNX3UaRZ9PDcjJMzGsPP9FXYshohdKBdFSPpNzGzhhsh,1754164789,2025-08-02T19:59:49,0.000005003,4RJMoo1rxU77dJ4SYkkoqiTEx1fsguaF3kxFYok7QL11,inc,1547716103618,4469,1547716108087,Cf4mb37yP2ZsJ782Lv8CwRqfNi9S5sXPKQLeHFApF62M,6,1.0
3j89UrAaiwMjEyeosWN2T9v93fub99QrcYVYc6PcebWZNX3UaRZ9PDcjJMzGsPP9FXYshohdKBdFSPpNzGzhhsh,1754164789,2025-08-02T19:59:49,0.000005003,gSUqvUJfTLBPk6d8cXPXoduD5qDa1YbS74nNt69d21W,dec,246263503,1146646214,900382711,So11111111111111111111111111111111111111111,9,1.0
3xsWJFu8s27hs49o4Nz5orS9Pk7hbs9zdXLK8TKarUC3PND2keNP87stK5tGfv4pg2b1KXuwCqF8MU9LnkDuPFf9,1754164761,2025-08-02T19:59:21,0.000005,gSUqvUJfTLBPk6d8cXPXoduD5qDa1YbS74nNt69d21W,dec,6000,1146652214,1146646214,So11111111111111111111111111111111111111111,9,1.0
2tYWV4bEukfgyvYbozWNCbKkr4gJkS7yu2xz3oS3PtUHa2g3b8HwuQSbxiurWHhYCwDaq36k8oJZd4AFqyvVKTpC,1754164761,2025-08-02T19:59:21,0.000005002,4RJMoo1rxU77dJ4SYkkoqiTEx1fsguaF3kxFYok7QL11,dec,5886057252864,5886057257333,4469,Cf4mb37yP2ZsJ782Lv8CwRqfNi9S5sXPKQLeHFApF62M,6,1.0
2tYWV4bEukfgyvYbozWNCbKkr4gJkS7yu2xz3oS3PtUHa2g3b8HwuQSbxiurWHhYCwDaq36k8oJZd4AFqyvVKTpC,1754164761,2025-08-02T19:59:21,0.000005002,gSUqvUJfTLBPk6d8cXPXoduD5qDa1YbS74nNt69d21W,inc,936456021,210196193,1146652214,So11111111111111111111111111111111111111111,9,1.0
3keJ97XHamDoDk45Fa3rN5ht2CqPR3RcRMvUbPoDLPcXQChrmPv7BX1hbTSdrCmixnKEjNx6YpGWU16J8MK9zUzb,1754164535,2025-08-02T19:55:35,0.000005,gSUqvUJfTLBPk6d8cXPXoduD5qDa1YbS74nNt69d21W,dec,6000,210202193,210196193,So11111111111111111111111111111111111111111,9,1.0
2UHhMjTJm7ZVfo1s7gMmmfbWdCf22iz8pGkd6k3nt1RZVJw2mBxuFBuasq1AxXDKC7y2mrkHC2ZcwJ9TTsX9jDcW,1754164535,2025-08-02T19:55:35,0.000005003,4RJMoo1rxU77dJ4SYkkoqiTEx1fsguaF3kxFYok7QL11,inc,2075584419427,3810472837906,5886057257333,Cf4mb37yP2ZsJ782Lv8CwRqfNi9S5sXPKQLeHFApF62M,6,1.0
2UHhMjTJm7ZVfo1s7gMmmfbWdCf22iz8pGkd6k3nt1RZVJw2mBxuFBuasq1AxXDKC7y2mrkHC2ZcwJ9TTsX9jDcW,1754164535,2025-08-02T19:55:35,0.000005003,gSUqvUJfTLBPk6d8cXPXoduD5qDa1YbS74nNt69d21W,dec,298078343,508280536,210202193,So11111111111111111111111111111111111111111,9,1.0
3Y7GRDDZ6BgCcvBr1JRLKy6UpLENpRwDUZxfi3TAAVDUZAnd9AMsDdPaut4sDdLaHjs95i7ZReZfrpodhdG8JWxE,1754164512,2025-08-02T19:55:12,0.000005,gSUqvUJfTLBPk6d8cXPXoduD5qDa1YbS74nNt69d21W,dec,6000,508286536,508280536,So11111111111111111111111111111111111111111,9,1.0
5YojbX7u97jp3qiqCDH35iUEUPW1v7eZvEkV37nF1bwLT4x9mNz7nomGKG4ZUafbzKni7PkAyh89542Kt18LargQ,1754164512,2025-08-02T19:55:12,0.000005003,4RJMoo1rxU77dJ4SYkkoqiTEx1fsguaF3kxFYok7QL11,inc,796045571177,3014427266729,3810472837906,Cf4mb37yP2ZsJ782Lv8CwRqfNi9S5sXPKQLeHFApF62M,6,1.0
5YojbX7u97jp3qiqCDH35iUEUPW1v7eZvEkV37nF1bwLT4x9mNz7nomGKG4ZUafbzKni7PkAyh89542Kt18LargQ,1754164512,2025-08-02T19:55:12,0.000005003,gSUqvUJfTLBPk6d8cXPXoduD5qDa1YbS74nNt69d21W,dec,118895265,627181801,508286536,So11111111111111111111111111111111111111111,9,1.0
3vcM9tk3N1niiHP4snDvA6HFGhwbs1WL4dumEfDekQzomEnC8VLf8mCn2NmxSn1CaH4anHEAAsL3oXavcWGEEfWf,1754164475,2025-08-02T19:54:35,0.000005,gSUqvUJfTLBPk6d8cXPXoduD5qDa1YbS74nNt69d21W,dec,6000,627187801,627181801,So11111111111111111111111111111111111111111,9,1.0
acw5N8n726jxw94ANMJQ4MuqnhuYFAJfXybYgw1i88DawdmJCv4BZtLAwiLBrsExMgn61V5bH5oqJCNnwD2Zw9H,1754164475,2025-08-02T19:54:35,0.000005003,4RJMoo1rxU77dJ4SYkkoqiTEx1fsguaF3kxFYok7QL11,inc,3014052591632,374675097,3014427266729,Cf4mb37yP2ZsJ782Lv8CwRqfNi9S5sXPKQLeHFApF62M,6,1.0
acw5N8n726jxw94ANMJQ4MuqnhuYFAJfXybYgw1i88DawdmJCv4BZtLAwiLBrsExMgn61V5bH5oqJCNnwD2Zw9H,1754164475,2025-08-02T19:54:35,0.000005003,gSUqvUJfTLBPk6d8cXPXoduD5qDa1YbS74nNt69d21W,dec,430324838,1057512639,627187801,So11111111111111111111111111111111111111111,9,1.0
2abwgfyfm1s53BPEA3JPjbJyi9Y3697zN8nUsoyJNFg8s7dp4e85PUXq4psLF6Cduk9EDu9KJ5ZtdazXZ6L3LYeQ,1754164443,2025-08-02T19:54:03,0.000005,gSUqvUJfTLBPk6d8cXPXoduD5qDa1YbS74nNt69d21W,dec,6000,1057518639,1057512639,So11111111111111111111111111111111111111111,9,1.0
4g76W3P4S4ShrnZRtEZRKmvJog4hpvECD3mEbjwjgbNu8BBZAAQPDtmXLcZNDZCqo9LkHYa6ZS68AkkkvauDoL68,1754164443,2025-08-02T19:54:03,0.000005002,4RJMoo1rxU77dJ4SYkkoqiTEx1fsguaF3kxFYok7QL11,dec,84179093938,84553769035,374675097,Cf4mb37yP2ZsJ782Lv8CwRqfNi9S5sXPKQLeHFApF62M,6,1.0
4g76W3P4S4ShrnZRtEZRKmvJog4hpvECD3mEbjwjgbNu8BBZAAQPDtmXLcZNDZCqo9LkHYa6ZS68AkkkvauDoL68,1754164443,2025-08-02T19:54:03,0.000005002,gSUqvUJfTLBPk6d8cXPXoduD5qDa1YbS74nNt69d21W,inc,12088221,1045430418,1057518639,So11111111111111111111111111111111111111111,9,1.0
TNLbkcpVMqMLa5FDhq6UVv66EzPQdBSSXDat1GjxF23ud9mfAp6JdjduZeDhSUYbtAL8MjT3QCkH4jqkRTtdMag,1754164347,2025-08-02T19:52:27,0.000005,gSUqvUJfTLBPk6d8cXPXoduD5qDa1YbS74nNt69d21W,dec,6000,1045436418,1045430418,So11111111111111111111111111111111111111111,9,1.0
5Y9e7ecDAKYDhFixsnTtbRG8tD6rrbn1JbS15TW4S9SRM1zbTt2Yeh4HeAwcrYosPTwCHhL1b893ggm8E6TK8zHn,1754164347,2025-08-02T19:52:27,0.000005002,4RJMoo1rxU77dJ4SYkkoqiTEx1fsguaF3kxFYok7QL11,dec,6058646107021,6143199876056,84553769035,Cf4mb37yP2ZsJ782Lv8CwRqfNi9S5sXPKQLeHFApF62M,6,1.0
5Y9e7ecDAKYDhFixsnTtbRG8tD6rrbn1JbS15TW4S9SRM1zbTt2Yeh4HeAwcrYosPTwCHhL1b893ggm8E6TK8zHn,1754164347,2025-08-02T19:52:27,0.000005002,gSUqvUJfTLBPk6d8cXPXoduD5qDa1YbS74nNt69d21W,inc,922457364,122979054,1045436418,So11111111111111111111111111111111111111111,9,1.0
F4hesAyvQxHtJ7A7VZwbzaV6jsZANWCWsRsG3CcocmJCGvoERGkxFEvZnF5dxrrdJVvL414tCGxiZoQo3aP7LzA,1754164255,2025-08-02T19:50:55,0.000005,gSUqvUJfTLBPk6d8cXPXoduD5qDa1YbS74nNt69d21W,dec,6000,122985054,122979054,So11111111111111111111111111111111111111111,9,1.0
31uvgDvRhFqzE9S6pnUxQYC5nr9vnaqi5xdt2MrKXMJLd9jKpKn6pg4ENNbQ1cvrUHCD86gLNQchV4mcdjTWtvzV,1754164255,2025-08-02T19:50:55,0.000005003,4RJMoo1rxU77dJ4SYkkoqiTEx1fsguaF3kxFYok7QL11,inc,1718917715644,4424282160412,6143199876056,Cf4mb37yP2ZsJ782Lv8CwRqfNi9S5sXPKQLeHFApF62M,6,1.0
31uvgDvRhFqzE9S6pnUxQYC5nr9vnaqi5xdt2MrKXMJLd9jKpKn6pg4ENNbQ1cvrUHCD86gLNQchV4mcdjTWtvzV,1754164255,2025-08-02T19:50:55,0.000005003,gSUqvUJfTLBPk6d8cXPXoduD5qDa1YbS74nNt69d21W,dec,246299714,369284768,122985054,So11111111111111111111111111111111111111111,9,1.0
35Dq55mdngySLbxXJxE1VKTnKLgDGWRLdqR3TZ49wXsw9D5GKPnAqVE7UbSYB45k3FnkVhXotG7HcLKs1XBdRMoB,1754164105,2025-08-02T19:48:25,0.000005,gSUqvUJfTLBPk6d8cXPXoduD5qDa1YbS74nNt69d21W,dec,6000,369290768,369284768,So11111111111111111111111111111111111111111,9,1.0
2ErAJaDNvYeFQ2vzmaG5t4A4F6hFda9d2wW8AYBYQzkosMvZNtoXMuKWwCvtfSPyt5wtLrYoc7RLa7dzbZQdU58G,1754164105,2025-08-02T19:48:25,0.000005003,4RJMoo1rxU77dJ4SYkkoqiTEx1fsguaF3kxFYok7QL11,inc,2026470124057,2397812036355,4424282160412,Cf4mb37yP2ZsJ782Lv8CwRqfNi9S5sXPKQLeHFApF62M,6,1.0
2ErAJaDNvYeFQ2vzmaG5t4A4F6hFda9d2wW8AYBYQzkosMvZNtoXMuKWwCvtfSPyt5wtLrYoc7RLa7dzbZQdU58G,1754164105,2025-08-02T19:48:25,0.000005003,gSUqvUJfTLBPk6d8cXPXoduD5qDa1YbS74nNt69d21W,dec,295185875,664476643,369290768,So11111111111111111111111111111111111111111,9,1.0
5oYu2e19kBTHuDH3drWQpCvHdMW1Ah1hoZBq7xdk36b1SSiyXTuyc17R3R6dcBSA14zYSoo7rHGrcGah79AGtVek,1754164096,2025-08-02T19:48:16,0.000005,gSUqvUJfTLBPk6d8cXPXoduD5qDa1YbS74nNt69d21W,dec,6000,664482643,664476643,So11111111111111111111111111111111111111111,9,1.0
5KerzCJ9rBCEEuxMtGZNKR9s9uGr1SD3tqoj9swddJvdJC3nWNaEcPpxFcHPuv9B9HFRZEgspUSqSyHfUDisd3NV,1754164096,2025-08-02T19:48:16,0.000005003,4RJMoo1rxU77dJ4SYkkoqiTEx1fsguaF3kxFYok7QL11,inc,2397722638941,89397414,2397812036355,Cf4mb37yP2ZsJ782Lv8CwRqfNi9S5sXPKQLeHFApF62M,6,1.0
5KerzCJ9rBCEEuxMtGZNKR9s9uGr1SD3tqoj9swddJvdJC3nWNaEcPpxFcHPuv9B9HFRZEgspUSqSyHfUDisd3NV,1754164096,2025-08-02T19:48:16,0.000005003,gSUqvUJfTLBPk6d8cXPXoduD5qDa1YbS74nNt69d21W,dec,338030943,1002513586,664482643,So11111111111111111111111111111111111111111,9,1.0
2aguVqCrzxkx6zjKPSgVzi1jbjtC6hphTVH2uX28ZYZ8MABA7L3CTnrQWp2AEKArwMmUM1jNfe6pahyj7LypRF3g,1754164089,2025-08-02T19:48:09,0.000005,gSUqvUJfTLBPk6d8cXPXoduD5qDa1YbS74nNt69d21W,dec,6000,1002519586,1002513586,So11111111111111111111111111111111111111111,9,1.0
36XtXhbbYgsKmwUMt3qy8rj1ECFXKtjS6qYgbMcghP75iik3rqDu1y2bbGrrjpWutpZ9kke3fzn8iWQ7uvyAP1SP,1754164089,2025-08-02T19:48:09,0.000005002,4RJMoo1rxU77dJ4SYkkoqiTEx1fsguaF3kxFYok7QL11,dec,19007578450,19096975864,89397414,Cf4mb37yP2ZsJ782Lv8CwRqfNi9S5sXPKQLeHFApF62M,6,1.0
36XtXhbbYgsKmwUMt3qy8rj1ECFXKtjS6qYgbMcghP75iik3rqDu1y2bbGrrjpWutpZ9kke3fzn8iWQ7uvyAP1SP,1754164089,2025-08-02T19:48:09,0.000005002,gSUqvUJfTLBPk6d8cXPXoduD5qDa1YbS74nNt69d21W,inc,2667879,999851707,1002519586,So11111111111111111111111111111111111111111,9,1.0
4zmSRzMKNe5i16Sj89NhZoZUesZLWPP1nPs8P4vHyrRybr4tB5yp9f4DUAuuBH9uxM1jFwiLMy7aLxkjuKnHTFiL,1754164071,2025-08-02T19:47:51,0.000005,gSUqvUJfTLBPk6d8cXPXoduD5qDa1YbS74nNt69d21W,dec,6000,999857707,999851707,So11111111111111111111111111111111111111111,9,1.0
7WoLj6U795BpzB68Rp8fFwHFkzRHpYarAyhA3VaPA8SRbUFcqZPnpfsFYEpPMuqjPeiJnfd21sXqWfTAZWuoFqS,1754164071,2025-08-02T19:47:51,0.000005002,4RJMoo1rxU77dJ4SYkkoqiTEx1fsguaF3kxFYok7QL11,dec,3388648670238,3407745646102,19096975864,Cf4mb37yP2ZsJ782Lv8CwRqfNi9S5sXPKQLeHFApF62M,6,1.0
7WoLj6U795BpzB68Rp8fFwHFkzRHpYarAyhA3VaPA8SRbUFcqZPnpfsFYEpPMuqjPeiJnfd21sXqWfTAZWuoFqS,1754164071,2025-08-02T19:47:51,0.000005002,gSUqvUJfTLBPk6d8cXPXoduD5qDa1YbS74nNt69d21W,inc,494476184,505381523,999857707,So11111111111111111111111111111111111111111,9,1.0
2KV2gg2DtZzqqMpgT7jAfDqVAQQaFJjD2AznXY9WwonXXroFWBbgifqpeaHCckCU6QgjLSuwHvnyWFCxG3CJA4Kr,1754164038,2025-08-02T19:47:18,0.000005,gSUqvUJfTLBPk6d8cXPXoduD5qDa1YbS74nNt69d21W,dec,6000,505387523,505381523,So11111111111111111111111111111111111111111,9,1.0
3UsecAJoNxGWFZJBbfnCmgvJ4UJGatCyQ2bBEM1rHooWdMRQGcV2Kx44mP2tB6DKv7XibcUCDfRWSiFScsCzabMb,1754164038,2025-08-02T19:47:18,0.000005003,4RJMoo1rxU77dJ4SYkkoqiTEx1fsguaF3kxFYok7QL11,inc,3407745637090,9012,3407745646102,Cf4mb37yP2ZsJ782Lv8CwRqfNi9S5sXPKQLeHFApF62M,6,1.0
3UsecAJoNxGWFZJBbfnCmgvJ4UJGatCyQ2bBEM1rHooWdMRQGcV2Kx44mP2tB6DKv7XibcUCDfRWSiFScsCzabMb,1754164038,2025-08-02T19:47:18,0.000005003,gSUqvUJfTLBPk6d8cXPXoduD5qDa1YbS74nNt69d21W,dec,471813910,977201433,505387523,So11111111111111111111111111111111111111111,9,1.0
4vQG1wRAbhiDoFtcH21yX9DN4SBpVh7vKGGctqeXrgkhvzP3vQtFEp9ev3qohseqwsaWBH3tAYCGFWccGEBKyx2u,1754163872,2025-08-02T19:44:32,0.000005,gSUqvUJfTLBPk6d8cXPXoduD5qDa1YbS74nNt69d21W,dec,6000,977207433,977201433,So11111111111111111111111111111111111111111,9,1.0
36MH2RppiKqRVuzNm2ehA4r7Q56syMx1W9ZhR8qWhaRcnEdFSX1YzsmnH4J3ihbMvFo1Z66QYiHee4cB21vXbLLz,1754163872,2025-08-02T19:44:32,0.000005002,4RJMoo1rxU77dJ4SYkkoqiTEx1fsguaF3kxFYok7QL11,dec,841756,850768,9012,Cf4mb37yP2ZsJ782Lv8CwRqfNi9S5sXPKQLeHFApF62M,6,1.0
36MH2RppiKqRVuzNm2ehA4r7Q56syMx1W9ZhR8qWhaRcnEdFSX1YzsmnH4J3ihbMvFo1Z66QYiHee4cB21vXbLLz,1754163872,2025-08-02T19:44:32,0.000005002,gSUqvUJfTLBPk6d8cXPXoduD5qDa1YbS74nNt69d21W,dec,4874,977212307,977207433,So11111111111111111111111111111111111111111,9,1.0
4uu81VgNW7g1Qdy157jPUGMTw5jKAauj5jSxURSzy9UzsDkPUvba2EkFPR78J2AFXCZmXrJGMHZ6muxPsT6e7Zau,1754163844,2025-08-02T19:44:04,0.000005,gSUqvUJfTLBPk6d8cXPXoduD5qDa1YbS74nNt69d21W,dec,6000,977218307,977212307,So11111111111111111111111111111111111111111,9,1.0
PePhUuQt191fUDoUmTc3k4vM1VMRP3SjqYQBEBj3esw2mcLY5Q73cQYMsT7DX8ZRuB8UmPxk1Z4Lyh3LmZXAQqa,1754163844,2025-08-02T19:44:04,0.000005002,4RJMoo1rxU77dJ4SYkkoqiTEx1fsguaF3kxFYok7QL11,dec,113257920,114108688,850768,Cf4mb37yP2ZsJ782Lv8CwRqfNi9S5sXPKQLeHFApF62M,6,1.0
PePhUuQt191fUDoUmTc3k4vM1VMRP3SjqYQBEBj3esw2mcLY5Q73cQYMsT7DX8ZRuB8UmPxk1Z4Lyh3LmZXAQqa,1754163844,2025-08-02T19:44:04,0.000005002,gSUqvUJfTLBPk6d8cXPXoduD5qDa1YbS74nNt69d21W,inc,13822,977204485,977218307,So11111111111111111111111111111111111111111,9,1.0
5vWd4NUxAimBhAvf7kkAB9PoX6p7GA7k5f6SGBbA35xk2taa2AAUhV4NpqHb55KqGz3iSSrhedtnjRa9VmpL1zLm,1754163631,2025-08-02T19:40:31,0.000005,gSUqvUJfTLBPk6d8cXPXoduD5qDa1YbS74nNt69d21W,dec,6000,977210485,977204485,So11111111111111111111111111111111111111111,9,1.0
tec56qtpn8M8nUPcAKUL7HZgCXHoRhnuN5WAyhm22UwcZph5w41YUQ6XgqKjYYqdsHrho4QdoVYWwbdP9NMgQrs,1754163631,2025-08-02T19:40:31,0.000005002,4RJMoo1rxU77dJ4SYkkoqiTEx1fsguaF3kxFYok7QL11,dec,27148403155,27262511843,114108688,Cf4mb37yP2ZsJ782Lv8CwRqfNi9S5sXPKQLeHFApF62M,6,1.0
tec56qtpn8M8nUPcAKUL7HZgCXHoRhnuN5WAyhm22UwcZph5w41YUQ6XgqKjYYqdsHrho4QdoVYWwbdP9NMgQrs,1754163631,2025-08-02T19:40:31,0.000005002,gSUqvUJfTLBPk6d8cXPXoduD5qDa1YbS74nNt69d21W,inc,3598875,973611610,977210485,So11111111111111111111111111111111111111111,9,1.0
3cC8HFstznRk6yygwjJxhQMBBKnwFeYfYVzSogWhSQDpg8As1SVc989wyg3P2fKypYZoQhzrSSdZgmfzvFnjtHA1,1754163599,2025-08-02T19:39:59,0.000005,gSUqvUJfTLBPk6d8cXPXoduD5qDa1YbS74nNt69d21W,dec,6000,973617610,973611610,So11111111111111111111111111111111111111111,9,1.0
2Uk8nXB48HSekxKtBKFunDNS8Dyg13NUThxna1aGCRxQyYyaYQVUGQjFJhzbLt6fHrPPvcjmvYzpCwv7cBpoj6eX,1754163599,2025-08-02T19:39:59,0.000005002,4RJMoo1rxU77dJ4SYkkoqiTEx1fsguaF3kxFYok7QL11,dec,5216980208068,5244242719911,27262511843,Cf4mb37yP2ZsJ782Lv8CwRqfNi9S5sXPKQLeHFApF62M,6,1.0
2Uk8nXB48HSekxKtBKFunDNS8Dyg13NUThxna1aGCRxQyYyaYQVUGQjFJhzbLt6fHrPPvcjmvYzpCwv7cBpoj6eX,1754163599,2025-08-02T19:39:59,0.000005002,gSUqvUJfTLBPk6d8cXPXoduD5qDa1YbS74nNt69d21W,inc,684851021,288766589,973617610,So11111111111111111111111111111111111111111,9,1.0
4hTAmZEYFNvMNo19G7kkDyGkJ3BDTXzRq99smeTShfr1q4ytudPzytR2b8V2gULkqsJmdHsKk17yGc64QKKJvw9A,1754163532,2025-08-02T19:38:52,0.000005,gSUqvUJfTLBPk6d8cXPXoduD5qDa1YbS74nNt69d21W,dec,6000,288772589,288766589,So11111111111111111111111111111111111111111,9,1.0
5PyZEEm2W7KbQdJ6b6pXfSmQdH1t2HkUNTXAkJTvk5V26nYoM9HP2qPN5tygc1F9wxU9qYxevjkbjR4eHCNRDWMp,1754163532,2025-08-02T19:38:52,0.000005003,4RJMoo1rxU77dJ4SYkkoqiTEx1fsguaF3kxFYok7QL11,inc,1750966946570,3493275773341,5244242719911,Cf4mb37yP2ZsJ782Lv8CwRqfNi9S5sXPKQLeHFApF62M,6,1.0
5PyZEEm2W7KbQdJ6b6pXfSmQdH1t2HkUNTXAkJTvk5V26nYoM9HP2qPN5tygc1F9wxU9qYxevjkbjR4eHCNRDWMp,1754163532,2025-08-02T19:38:52,0.000005003,gSUqvUJfTLBPk6d8cXPXoduD5qDa1YbS74nNt69d21W,dec,240333527,529106116,288772589,So11111111111111111111111111111111111111111,9,1.0
wJ3dWvT3nKefhMhWM2M8nbo4W7WCg8pdsDrB9F536PXLuWKH5cwwz8qJHjTdkywuwd3coxup6hXEYdbFMhN3fzf,1754163528,2025-08-02T19:38:48,0.000005,gSUqvUJfTLBPk6d8cXPXoduD5qDa1YbS74nNt69d21W,dec,6000,529112116,529106116,So11111111111111111111111111111111111111111,9,1.0
yYW8ruRyDw63apggAqkhKMd2vQ28ybfGXsUTAUgijbvbhUVTV5UJgnUm9mPV5zPdk1PHeaxTkaSjoiJMMZLvbSR,1754163528,2025-08-02T19:38:48,0.000005003,4RJMoo1rxU77dJ4SYkkoqiTEx1fsguaF3kxFYok7QL11,inc,3493274585431,1187910,3493275773341,Cf4mb37yP2ZsJ782Lv8CwRqfNi9S5sXPKQLeHFApF62M,6,1.0
yYW8ruRyDw63apggAqkhKMd2vQ28ybfGXsUTAUgijbvbhUVTV5UJgnUm9mPV5zPdk1PHeaxTkaSjoiJMMZLvbSR,1754163528,2025-08-02T19:38:48,0.000005003,gSUqvUJfTLBPk6d8cXPXoduD5qDa1YbS74nNt69d21W,dec,477641295,1006753411,529112116,So11111111111111111111111111111111111111111,9,1.0
3XTJKan32EjwuAYXpgpciTU2YYqUDmGtG5fCWVZVKtL4iAssHTdgCF8kP8QNdBxxHvt4ojvxbAQWDgrBggCG5xRs,1754163463,2025-08-02T19:37:43,0.000005,gSUqvUJfTLBPk6d8cXPXoduD5qDa1YbS74nNt69d21W,dec,6000,1006759411,1006753411,So11111111111111111111111111111111111111111,9,1.0
4H3tNDU66dLNe7kouD8KM5gddtZWQ4AqhLyBaNpNr2jaqHqV1BE2sLfsBPPkcZmrW7AiCoPJWnmCJPKSsTUGEvdE,1754163463,2025-08-02T19:37:43,0.000005002,4RJMoo1rxU77dJ4SYkkoqiTEx1fsguaF3kxFYok7QL11,dec,131187553,132375463,1187910,Cf4mb37yP2ZsJ782Lv8CwRqfNi9S5sXPKQLeHFApF62M,6,1.0
4H3tNDU66dLNe7kouD8KM5gddtZWQ4AqhLyBaNpNr2jaqHqV1BE2sLfsBPPkcZmrW7AiCoPJWnmCJPKSsTUGEvdE,1754163463,2025-08-02T19:37:43,0.000005002,gSUqvUJfTLBPk6d8cXPXoduD5qDa1YbS74nNt69d21W,inc,12425,1006746986,1006759411,So11111111111111111111111111111111111111111,9,1.0
5QcWA3oaTjkCojka1ysMfjk4xrmSeHgSiHTmXX25YEibJJqQ25gTYwtq6c6QMdvbzyvfnbnVJd7sg8FSDpMRJpY5,1754163408,2025-08-02T19:36:48,0.000005,gSUqvUJfTLBPk6d8cXPXoduD5qDa1YbS74nNt69d21W,dec,6000,1006752986,1006746986,So11111111111111111111111111111111111111111,9,1.0
3YXs7571S4DvZqg6x1riaDUCefw5DRhjR57hay5J6mcCpVo21srw338QNS7vz4j5E7ze2FFz42SSc75k7Tb6AD4j,1754163408,2025-08-02T19:36:48,0.000005002,4RJMoo1rxU77dJ4SYkkoqiTEx1fsguaF3kxFYok7QL11,dec,14538471554,14670847017,132375463,Cf4mb37yP2ZsJ782Lv8CwRqfNi9S5sXPKQLeHFApF62M,6,1.0
3YXs7571S4DvZqg6x1riaDUCefw5DRhjR57hay5J6mcCpVo21srw338QNS7vz4j5E7ze2FFz42SSc75k7Tb6AD4j,1754163408,2025-08-02T19:36:48,0.000005002,gSUqvUJfTLBPk6d8cXPXoduD5qDa1YbS74nNt69d21W,inc,1958231,1004794755,1006752986,So11111111111111111111111111111111111111111,9,1.0
2KRj95gxdYJx2MDgfhFhmWTtsnsH8qHkzwmYpH6mFHHSaFvLYLjZJ22fiKJy65mF9YeqBoWEYN5T3mRJMDQXpyaF,1754163324,2025-08-02T19:35:24,0.000005,gSUqvUJfTLBPk6d8cXPXoduD5qDa1YbS74nNt69d21W,dec,6000,1004800755,1004794755,So11111111111111111111111111111111111111111,9,1.0
4Jn7T2gerisooh7mbCqhmJZXqikygq1Gu7F8HhV53DPg6kqqEkzsNVVZFA9XnCovF1M68cua6nxPAXbro34iZGJa,1754163324,2025-08-02T19:35:24,0.000005002,4RJMoo1rxU77dJ4SYkkoqiTEx1fsguaF3kxFYok7QL11,dec,4621701772419,4636372619436,14670847017,Cf4mb37yP2ZsJ782Lv8CwRqfNi9S5sXPKQLeHFApF62M,6,1.0
4Jn7T2gerisooh7mbCqhmJZXqikygq1Gu7F8HhV53DPg6kqqEkzsNVVZFA9XnCovF1M68cua6nxPAXbro34iZGJa,1754163324,2025-08-02T19:35:24,0.000005002,gSUqvUJfTLBPk6d8cXPXoduD5qDa1YbS74nNt69d21W,inc,585223643,419577112,1004800755,So11111111111111111111111111111111111111111,9,1.0
2nwNms4ciem74zJ6sG2M1L1KrHFKQPZ8s7nuqM5135gSRuDjjy8qVN7xZSmQa9DqZbgGdiPXjrEP2uc9EKejYaSi,1754163296,2025-08-02T19:34:56,0.000005,gSUqvUJfTLBPk6d8cXPXoduD5qDa1YbS74nNt69d21W,dec,6000,419583112,419577112,So11111111111111111111111111111111111111111,9,1.0
2shHADCp5wv1XFJ5TFWei8zq9qavkNe58kBAgeAwTkkG2zpsAeTmJ8QkoKnbwvQQrsAoMWZQDJzb6HzcAjxk8tWd,1754163296,2025-08-02T19:34:56,0.000005003,4RJMoo1rxU77dJ4SYkkoqiTEx1fsguaF3kxFYok7QL11,inc,3591472727193,1044899892243,4636372619436,Cf4mb37yP2ZsJ782Lv8CwRqfNi9S5sXPKQLeHFApF62M,6,1.0
2shHADCp5wv1XFJ5TFWei8zq9qavkNe58kBAgeAwTkkG2zpsAeTmJ8QkoKnbwvQQrsAoMWZQDJzb6HzcAjxk8tWd,1754163296,2025-08-02T19:34:56,0.000005003,gSUqvUJfTLBPk6d8cXPXoduD5qDa1YbS74nNt69d21W,dec,447956448,867539560,419583112,So11111111111111111111111111111111111111111,9,1.0
2NrP7AwuELQNwzf1JizhUgDQY1JFiqtZi96E9VWBcsFecU2nE7vqFYxXN6DGkrKnJ7xNDoeb46iY3PVuu2sYUwSS,1754163291,2025-08-02T19:34:51,0.000005,gSUqvUJfTLBPk6d8cXPXoduD5qDa1YbS74nNt69d21W,dec,6000,867545560,867539560,So11111111111111111111111111111111111111111,9,1.0
3KSLXEVseQfba1EvyJRg6xpzqVVcPHpp7UyGzFqoj8q8Hwh9fSJjMTGqVeA944WSjX8d9xQqxZgqrr2zE1vfQqtT,1754163291,2025-08-02T19:34:51,0.000005004,4RJMoo1rxU77dJ4SYkkoqiTEx1fsguaF3kxFYok7QL11,inc,1044899892243,0,1044899892243,Cf4mb37yP2ZsJ782Lv8CwRqfNi9S5sXPKQLeHFApF62M,6,1.0
3KSLXEVseQfba1EvyJRg6xpzqVVcPHpp7UyGzFqoj8q8Hwh9fSJjMTGqVeA944WSjX8d9xQqxZgqrr2zE1vfQqtT,1754163291,2025-08-02T19:34:51,0.000005004,gSUqvUJfTLBPk6d8cXPXoduD5qDa1YbS74nNt69d21W,dec,133954440,1001500000,867545560,So11111111111111111111111111111111111111111,9,1.0
31VNUCYn6xvLbZgtac8RqTrJx85giJLejt69Wsj9MyUFTV7XKYHq3xPnzSS2rUfWkkhKnkET443CuGegHj4xT2Jf,1754163087,2025-08-02T19:31:27,0.0000314,gSUqvUJfTLBPk6d8cXPXoduD5qDa1YbS74nNt69d21W,inc,1000000000,1500000,1001500000,So11111111111111111111111111111111111111111,9,1.0
2z8aPNerA494Fne9BAyDyj3CH5HGVCZz3cxeZoMxFR5vZu9GbGiddwpUoNrzsVUCBpYzDDRpvWd7YvEHvDgkeGob,1754162952,2025-08-02T19:29:12,0.000064772,gSUqvUJfTLBPk6d8cXPXoduD5qDa1YbS74nNt69d21W,dec,823516908,825016908,1500000,So11111111111111111111111111111111111111111,9,1.0
4fuoMmd7QHAygHahQ7PnYKn3uT13os3fATETmXHMXbskzPZa7XictXFLbR9x29tyMQtoqncGiPRty26SDZ43nZit,1754162909,2025-08-02T19:28:29,0.000005,gSUqvUJfTLBPk6d8cXPXoduD5qDa1YbS74nNt69d21W,dec,6000,825022908,825016908,So11111111111111111111111111111111111111111,9,1.0
284yDnTaxDnbY7X6KUiT7Wd7h4KsBdiSehan1nSB1Wjuq3H25iKSRmtnp9zWAL58FSgYGS4HPqm4trftY2zDdq7k,1754162909,2025-08-02T19:28:29,0.000005003,A8YPi5Wz21uB4tkVPk7T2yDFEhqDxDXaQhQaS8iPY7BL,inc,1246366004206,2472185,1246368476391,9GkLsAtgWcVta5SVUh4fNzP5CVS9dw3THThktvThGzri,6,1.0
284yDnTaxDnbY7X6KUiT7Wd7h4KsBdiSehan1nSB1Wjuq3H25iKSRmtnp9zWAL58FSgYGS4HPqm4trftY2zDdq7k,1754162909,2025-08-02T19:28:29,0.000005003,gSUqvUJfTLBPk6d8cXPXoduD5qDa1YbS74nNt69d21W,dec,197627836,1022650744,825022908,So11111111111111111111111111111111111111111,9,1.0
41jZf7fQdQ4DW2pvP8tC8deWzPVWhABcwJe4oFAPT2rs8t5jPV94cq3b4YLrC3SSxgUQ43FEMSYPHU3RQngygm1c,1754162905,2025-08-02T19:28:25,0.000005,gSUqvUJfTLBPk6d8cXPXoduD5qDa1YbS74nNt69d21W,dec,6000,1022656744,1022650744,So11111111111111111111111111111111111111111,9,1.0
5qmGV4khAxwaMQMrNQ4JeeCovLvVYcqANMxn1jtHFtE8o7PF2N96f4Fy11AfpMkiykddodSCt3tXdDZetJRbyLjv,1754162905,2025-08-02T19:28:25,0.000005002,A8YPi5Wz21uB4tkVPk7T2yDFEhqDxDXaQhQaS8iPY7BL,dec,475796715,478268900,2472185,9GkLsAtgWcVta5SVUh4fNzP5CVS9dw3THThktvThGzri,6,1.0
5qmGV4khAxwaMQMrNQ4JeeCovLvVYcqANMxn1jtHFtE8o7PF2N96f4Fy11AfpMkiykddodSCt3tXdDZetJRbyLjv,1754162905,2025-08-02T19:28:25,0.000005002,gSUqvUJfTLBPk6d8cXPXoduD5qDa1YbS74nNt69d21W,inc,69557,1022587187,1022656744,So11111111111111111111111111111111111111111,9,1.0
3YRP9wJ38yANYWq3mB7oeTjvCKW1BixTY5YwhjryZt1kQBghew6xJEQgGKzc8BKoYkYAEnpHi6dQhwaZuAbj9Sme,1754162892,2025-08-02T19:28:12,0.000005,gSUqvUJfTLBPk6d8cXPXoduD5qDa1YbS74nNt69d21W,dec,6000,1022593187,1022587187,So11111111111111111111111111111111111111111,9,1.0
5TM6HWXwCPRdo3n3m7pLMDRvNLkGJuAVdN6EXatYDnVesedkc6PHF6Y55muHsp992UzfqHeqMLc4scizJq7hhKGR,1754162892,2025-08-02T19:28:12,0.000005002,A8YPi5Wz21uB4tkVPk7T2yDFEhqDxDXaQhQaS8iPY7BL,dec,47489764709,47968033609,478268900,9GkLsAtgWcVta5SVUh4fNzP5CVS9dw3THThktvThGzri,6,1.0
5TM6HWXwCPRdo3n3m7pLMDRvNLkGJuAVdN6EXatYDnVesedkc6PHF6Y55muHsp992UzfqHeqMLc4scizJq7hhKGR,1754162892,2025-08-02T19:28:12,0.000005002,gSUqvUJfTLBPk6d8cXPXoduD5qDa1YbS74nNt69d21W,inc,7353993,1015239194,1022593187,So11111111111111111111111111111111111111111,9,1.0
kLynDi6wTZfL7FCRZD4JkK7zJnS1sVPJ95dfuGPHLUfAgkMbxte48TzNNC1hbKT5mjH3pFWEmKxYCDMW5XFZ5wT,1754162870,2025-08-02T19:27:50,0.000005,gSUqvUJfTLBPk6d8cXPXoduD5qDa1YbS74nNt69d21W,dec,6000,1015245194,1015239194,So11111111111111111111111111111111111111111,9,1.0
5QbHW3eub94HoENhWbPwxmj2oCDeZkXP2359XcjbD3DpJPw4NtsCUJwkj8aTU6rZMdPq5tQPYQeHwvUpDg6XEptM,1754162870,2025-08-02T19:27:50,0.000005002,A8YPi5Wz21uB4tkVPk7T2yDFEhqDxDXaQhQaS8iPY7BL,dec,5608193880045,5656161913654,47968033609,9GkLsAtgWcVta5SVUh4fNzP5CVS9dw3THThktvThGzri,6,1.0
5QbHW3eub94HoENhWbPwxmj2oCDeZkXP2359XcjbD3DpJPw4NtsCUJwkj8aTU6rZMdPq5tQPYQeHwvUpDg6XEptM,1754162870,2025-08-02T19:27:50,0.000005002,gSUqvUJfTLBPk6d8cXPXoduD5qDa1YbS74nNt69d21W,inc,847236748,168008446,1015245194,So11111111111111111111111111111111111111111,9,1.0
2c7hwrdTHkMt2jwRMr52zQ2XBCLW8UiRiCcBhVpWu2tBPv4rjkpXB3v5z76nXXCLtSLwaXdbe43L1ed2Fg9QwuvM,1754162858,2025-08-02T19:27:38,0.000005,gSUqvUJfTLBPk6d8cXPXoduD5qDa1YbS74nNt69d21W,dec,6000,168014446,168008446,So11111111111111111111111111111111111111111,9,1.0
q8adCGCj5HyRHnox7rdqQJJWrA4SKrvvhiiDjo7nmVi9VPw51Zq2TvJ2mSbvsZk3HDELbbFeyCXBBaLnoXmsMNj,1754162858,2025-08-02T19:27:38,0.000005003,A8YPi5Wz21uB4tkVPk7T2yDFEhqDxDXaQhQaS8iPY7BL,inc,2743074752652,2913087161002,5656161913654,9GkLsAtgWcVta5SVUh4fNzP5CVS9dw3THThktvThGzri,6,1.0
q8adCGCj5HyRHnox7rdqQJJWrA4SKrvvhiiDjo7nmVi9VPw51Zq2TvJ2mSbvsZk3HDELbbFeyCXBBaLnoXmsMNj,1754162858,2025-08-02T19:27:38,0.000005003,gSUqvUJfTLBPk6d8cXPXoduD5qDa1YbS74nNt69d21W,dec,423190403,591204849,168014446,So11111111111111111111111111111111111111111,9,1.0
3LnvA4khGSBqUv9Gg6kSQVm9rLTDJ5zdaf2bBfbJyZDcXu9fMAso4CYBy6ovuLQ6f6mZxocU8d2sDvxEsfCtNkKL,1754162826,2025-08-02T19:27:06,0.000005,gSUqvUJfTLBPk6d8cXPXoduD5qDa1YbS74nNt69d21W,dec,6000,591210849,591204849,So11111111111111111111111111111111111111111,9,1.0
5qD7c65syCqe3iyRXHN1fjBdyq5bQZH8jFpHYzvvbchNXNcRrAkQfRPuWbRmPUZ6y9Qk5tCCjEZfvrLcHw2CEs1g,1754162826,2025-08-02T19:27:06,0.000005003,A8YPi5Wz21uB4tkVPk7T2yDFEhqDxDXaQhQaS8iPY7BL,inc,2913087158980,2022,2913087161002,9GkLsAtgWcVta5SVUh4fNzP5CVS9dw3THThktvThGzri,6,1.0
5qD7c65syCqe3iyRXHN1fjBdyq5bQZH8jFpHYzvvbchNXNcRrAkQfRPuWbRmPUZ6y9Qk5tCCjEZfvrLcHw2CEs1g,1754162826,2025-08-02T19:27:06,0.000005003,gSUqvUJfTLBPk6d8cXPXoduD5qDa1YbS74nNt69d21W,dec,429758073,1020968922,591210849,So11111111111111111111111111111111111111111,9,1.0
4DR8qbGTSS4bu1TRzE3WbsREv6gi6VNUdRews6QUocS1F27VptmQUJgxXcm1p8e1Mxzd1NKdyuxw7kiUKYT9ERYS,1754162773,2025-08-02T19:26:13,0.000005,gSUqvUJfTLBPk6d8cXPXoduD5qDa1YbS74nNt69d21W,dec,6000,1020974922,1020968922,So11111111111111111111111111111111111111111,9,1.0
2TSoZ3hqbWPsSCywYhRzgYJ57cy5jFGxLHafhjfBY2pt4s5ANagnB6b8g91ztx2rxRDaTRW9cNKiqoB4CXi1rDET,1754162773,2025-08-02T19:26:13,0.000005002,A8YPi5Wz21uB4tkVPk7T2yDFEhqDxDXaQhQaS8iPY7BL,dec,5456533792181,5456533794203,2022,9GkLsAtgWcVta5SVUh4fNzP5CVS9dw3THThktvThGzri,6,1.0
2TSoZ3hqbWPsSCywYhRzgYJ57cy5jFGxLHafhjfBY2pt4s5ANagnB6b8g91ztx2rxRDaTRW9cNKiqoB4CXi1rDET,1754162773,2025-08-02T19:26:13,0.000005002,gSUqvUJfTLBPk6d8cXPXoduD5qDa1YbS74nNt69d21W,inc,783421128,237553794,1020974922,So11111111111111111111111111111111111111111,9,1.0
3BwatLmkgMBjawxBtfkY9Kd51ZwGwNydUXHTdSgDW2pETGDDziRscnCDwD838UvjVGEZk5ZwABSHFw8NoMBKKizo,1754162679,2025-08-02T19:24:39,0.000005,gSUqvUJfTLBPk6d8cXPXoduD5qDa1YbS74nNt69d21W,dec,6000,237559794,237553794,So11111111111111111111111111111111111111111,9,1.0
4gnqufzKC86UXuXMd5y4fjfUuo5v97Wz31uhp3JeAJGrLXtDwuLnNPeKXhrbx6N9sRS5yf5fKw4upNPRhJfup7Gm,1754162679,2025-08-02T19:24:39,0.000005003,A8YPi5Wz21uB4tkVPk7T2yDFEhqDxDXaQhQaS8iPY7BL,inc,1054522838568,4402010955635,5456533794203,9GkLsAtgWcVta5SVUh4fNzP5CVS9dw3THThktvThGzri,6,1.0
4gnqufzKC86UXuXMd5y4fjfUuo5v97Wz31uhp3JeAJGrLXtDwuLnNPeKXhrbx6N9sRS5yf5fKw4upNPRhJfup7Gm,1754162679,2025-08-02T19:24:39,0.000005003,gSUqvUJfTLBPk6d8cXPXoduD5qDa1YbS74nNt69d21W,dec,150076355,387636149,237559794,So11111111111111111111111111111111111111111,9,1.0
3MPNvgtNszfR9JvrTsEwSMLtkwWBqSr2xzFcVGhTSvmXWTCaNJJXWMpnYw2kfximE7815cHCtaAxhSnAHpyQs9by,1754162611,2025-08-02T19:23:31,0.000005,gSUqvUJfTLBPk6d8cXPXoduD5qDa1YbS74nNt69d21W,dec,6000,387642149,387636149,So11111111111111111111111111111111111111111,9,1.0
2twvd1kXhZ6TDVhS9e5AsRXKSxZAo8Jj22QhMeXS84uPdfWEdMzqLL1tW4JKJCRjM3wBkF5CSq4MWmEVgG2GJTki,1754162611,2025-08-02T19:23:31,0.000005003,A8YPi5Wz21uB4tkVPk7T2yDFEhqDxDXaQhQaS8iPY7BL,inc,2389019506966,2012991448669,4402010955635,9GkLsAtgWcVta5SVUh4fNzP5CVS9dw3THThktvThGzri,6,1.0
2twvd1kXhZ6TDVhS9e5AsRXKSxZAo8Jj22QhMeXS84uPdfWEdMzqLL1tW4JKJCRjM3wBkF5CSq4MWmEVgG2GJTki,1754162611,2025-08-02T19:23:31,0.000005003,gSUqvUJfTLBPk6d8cXPXoduD5qDa1YbS74nNt69d21W,dec,353981395,741623544,387642149,So11111111111111111111111111111111111111111,9,1.0
463ardPriuMSk1kJU7KLLL6CX1kRWiLpF5CFAuFyC9xxR2Ao6TNGXVupD5YVaeHNR6hABy5sfef6etu1nbffkTaL,1754162601,2025-08-02T19:23:21,0.000005,gSUqvUJfTLBPk6d8cXPXoduD5qDa1YbS74nNt69d21W,dec,6000,741629544,741623544,So11111111111111111111111111111111111111111,9,1.0
5tLcyp6HYsFDcdGMJk36CaxwNdjBmrprvG8CJQiTKcLpw2GerR6tYdkTTuH4nSkBktKYbH1vgPsqy4FqXh1nb9bF,1754162601,2025-08-02T19:23:21,0.000005003,A8YPi5Wz21uB4tkVPk7T2yDFEhqDxDXaQhQaS8iPY7BL,inc,895540725341,1117450723328,2012991448669,9GkLsAtgWcVta5SVUh4fNzP5CVS9dw3THThktvThGzri,6,1.0
5tLcyp6HYsFDcdGMJk36CaxwNdjBmrprvG8CJQiTKcLpw2GerR6tYdkTTuH4nSkBktKYbH1vgPsqy4FqXh1nb9bF,1754162601,2025-08-02T19:23:21,0.000005003,gSUqvUJfTLBPk6d8cXPXoduD5qDa1YbS74nNt69d21W,dec,128235443,869864987,741629544,So11111111111111111111111111111111111111111,9,1.0
561FtRjRJ63unrzwJHdCZEtxuuXHHgugajNap2rS9HJuVqC5trAzBJHYvbKp5fAD6ojG2b51vozdbfDA8xe7yxbY,1754162577,2025-08-02T19:22:57,0.000005,gSUqvUJfTLBPk6d8cXPXoduD5qDa1YbS74nNt69d21W,inc,1,869864986,869864987,So11111111111111111111111111111111111111111,9,1.0
MrjRBGP2vCdbHVxVm3cFrMe7d2zn7j2sX1Rd95KoAE8vEe4DGABuXX4uCe1YNEA9G62cnrABy6gJTwEu8ZdgM66,1754162577,2025-08-02T19:22:57,0.000005,gSUqvUJfTLBPk6d8cXPXoduD5qDa1YbS74nNt69d21W,inc,1,869864985,869864986,So11111111111111111111111111111111111111111,9,1.0
2UJnMVDFG1C3zmVeXj3Jbq6P4TQzu5piyHiYFFgdYENMq9ZrcUoTGHFqGcyfFhuPn3EiMMgbW5rwcxXAyZ77FiTD,1754162574,2025-08-02T19:22:54,0.000005,gSUqvUJfTLBPk6d8cXPXoduD5qDa1YbS74nNt69d21W,dec,6000,869870985,869864985,So11111111111111111111111111111111111111111,9,1.0
3wSwPGaYcu5gGqw7Ju1yg3GvmRGUUy2kJ9JyyrMzuMMb3AU2xDUijAZUQaN8v39neQkRV3MkLFQbGxn8mviwLPb1,1754162574,2025-08-02T19:22:54,0.000005003,A8YPi5Wz21uB4tkVPk7T2yDFEhqDxDXaQhQaS8iPY7BL,inc,1117450717525,5803,1117450723328,9GkLsAtgWcVta5SVUh4fNzP5CVS9dw3THThktvThGzri,6,1.0
3wSwPGaYcu5gGqw7Ju1yg3GvmRGUUy2kJ9JyyrMzuMMb3AU2xDUijAZUQaN8v39neQkRV3MkLFQbGxn8mviwLPb1,1754162574,2025-08-02T19:22:54,0.000005003,gSUqvUJfTLBPk6d8cXPXoduD5qDa1YbS74nNt69d21W,dec,158702430,1028573415,869870985,So11111111111111111111111111111111111111111,9,1.0
4FGL2w5ZLM8HQa6hjCciRryvG3mK87i3S8HQRDyfRJW32Yky7wdy1SppPhmydkSpkpcBK4anfYNU5JK6M8JAYCpG,1754162519,2025-08-02T19:21:59,0.000005,gSUqvUJfTLBPk6d8cXPXoduD5qDa1YbS74nNt69d21W,dec,6000,1028579415,1028573415,So11111111111111111111111111111111111111111,9,1.0
5K6pv7Y5dKjWhsoiMYBU5dJnU9EcDXzmXG2UTiYfXYba3vBWreh7DzJdmyN3Rt94xKsA6d1YTud6UU2oWGLVFbPt,1754162519,2025-08-02T19:21:59,0.000005002,A8YPi5Wz21uB4tkVPk7T2yDFEhqDxDXaQhQaS8iPY7BL,dec,6553984320276,6553984326079,5803,9GkLsAtgWcVta5SVUh4fNzP5CVS9dw3THThktvThGzri,6,1.0
5K6pv7Y5dKjWhsoiMYBU5dJnU9EcDXzmXG2UTiYfXYba3vBWreh7DzJdmyN3Rt94xKsA6d1YTud6UU2oWGLVFbPt,1754162519,2025-08-02T19:21:59,0.000005002,gSUqvUJfTLBPk6d8cXPXoduD5qDa1YbS74nNt69d21W,inc,946360659,82218756,1028579415,So11111111111111111111111111111111111111111,9,1.0
52xnHELNM4aFCN9nqBZnyhHa224CddPyDgxoke1xjSLHpZfQxcf8pjGHQp4Bfx96nFiZzWSJvqkqFpgzMDsRDyiz,1754162515,2025-08-02T19:21:55,0.000005,gSUqvUJfTLBPk6d8cXPXoduD5qDa1YbS74nNt69d21W,dec,6000,82224756,82218756,So11111111111111111111111111111111111111111,9,1.0
5TJFutcXAjjzPCWKfYR9TcSbKemMWTB3X4vNtRxcAYYebo6Fh4AjYUYa8FJX4fUyfE8HHVuxULmraXuFBXxpjt39,1754162515,2025-08-02T19:21:55,0.000005003,A8YPi5Wz21uB4tkVPk7T2yDFEhqDxDXaQhQaS8iPY7BL,inc,2354404136064,4199580190015,6553984326079,9GkLsAtgWcVta5SVUh4fNzP5CVS9dw3THThktvThGzri,6,1.0
5TJFutcXAjjzPCWKfYR9TcSbKemMWTB3X4vNtRxcAYYebo6Fh4AjYUYa8FJX4fUyfE8HHVuxULmraXuFBXxpjt39,1754162515,2025-08-02T19:21:55,0.000005003,gSUqvUJfTLBPk6d8cXPXoduD5qDa1YbS74nNt69d21W,dec,347172922,429397678,82224756,So11111111111111111111111111111111111111111,9,1.0
3Qkf43AjTejPx4Vxw1YMbcxGyrLAiFMtcd7z8FfRhX9nDK9zf8P3KF73cLnuRzckoPN5dz4s9yVTJQXSQQ4d58h3,1754162508,2025-08-02T19:21:48,0.000005,gSUqvUJfTLBPk6d8cXPXoduD5qDa1YbS74nNt69d21W,dec,6000,429403678,429397678,So11111111111111111111111111111111111111111,9,1.0
4f4DZYavpEeskVsXPjFEARLMzD4rqNEbyU57TzGFeSF1fu5DJ5HfSpHWYvp7pp5Eajnv1JScN2RPAqz39XKFAzur,1754162508,2025-08-02T19:21:48,0.000005003,A8YPi5Wz21uB4tkVPk7T2yDFEhqDxDXaQhQaS8iPY7BL,inc,1039239758168,3160340431847,4199580190015,9GkLsAtgWcVta5SVUh4fNzP5CVS9dw3THThktvThGzri,6,1.0
4f4DZYavpEeskVsXPjFEARLMzD4rqNEbyU57TzGFeSF1fu5DJ5HfSpHWYvp7pp5Eajnv1JScN2RPAqz39XKFAzur,1754162508,2025-08-02T19:21:48,0.000005003,gSUqvUJfTLBPk6d8cXPXoduD5qDa1YbS74nNt69d21W,dec,151232412,580636090,429403678,So11111111111111111111111111111111111111111,9,1.0
tTvwhfSet8YkcB1fAU4Qc9ZCM5txKT2RgcfcSWopis4i5ybZJXdiDkofBDGD42Cc4GH7FsK8QdyaaUkDdsinUQh,1754162503,2025-08-02T19:21:43,0.000005,gSUqvUJfTLBPk6d8cXPXoduD5qDa1YbS74nNt69d21W,dec,6000,580642090,580636090,So11111111111111111111111111111111111111111,9,1.0
41CV9PbYs5UnKBegJKhw21KHyDUpxprhJe76TdZGMUzZ8NCUGrTZH72BhPKQXngjRV9gSmYZTttLAV2XfMPbo57B,1754162503,2025-08-02T19:21:43,0.000005003,A8YPi5Wz21uB4tkVPk7T2yDFEhqDxDXaQhQaS8iPY7BL,inc,2018824193360,1141516238487,3160340431847,9GkLsAtgWcVta5SVUh4fNzP5CVS9dw3THThktvThGzri,6,1.0
41CV9PbYs5UnKBegJKhw21KHyDUpxprhJe76TdZGMUzZ8NCUGrTZH72BhPKQXngjRV9gSmYZTttLAV2XfMPbo57B,1754162503,2025-08-02T19:21:43,0.000005003,gSUqvUJfTLBPk6d8cXPXoduD5qDa1YbS74nNt69d21W,dec,288074392,868716482,580642090,So11111111111111111111111111111111111111111,9,1.0
55NjC7mL167MTUxChQnypZ48q5jnPoQKXvTNK9Txcp42urh7U3BqEoJYYnEhkB6EUWmPiFYuX9qunpD1QznvwC95,1754162485,2025-08-02T19:21:25,0.000005,gSUqvUJfTLBPk6d8cXPXoduD5qDa1YbS74nNt69d21W,dec,6000,868722482,868716482,So11111111111111111111111111111111111111111,9,1.0
BMRJBWmvTDZSwzDb8viUEW1CU4zHy1KZm1XcEKDbnjwQ1BwXUsSEy5vCTCmYMvtpTWaiuTEQuzPDZZ4bThe5azF,1754162485,2025-08-02T19:21:25,0.000005003,A8YPi5Wz21uB4tkVPk7T2yDFEhqDxDXaQhQaS8iPY7BL,inc,1141516234107,4380,1141516238487,9GkLsAtgWcVta5SVUh4fNzP5CVS9dw3THThktvThGzri,6,1.0
BMRJBWmvTDZSwzDb8viUEW1CU4zHy1KZm1XcEKDbnjwQ1BwXUsSEy5vCTCmYMvtpTWaiuTEQuzPDZZ4bThe5azF,1754162485,2025-08-02T19:21:25,0.000005003,gSUqvUJfTLBPk6d8cXPXoduD5qDa1YbS74nNt69d21W,dec,165190352,1033912834,868722482,So11111111111111111111111111111111111111111,9,1.0
tzTztDSEP6qqokE2eomgJ5UAR4uHHur9UkAT9N5Zq17ypi5i62iEduBjCYeybWzHwTzqawAkpSmMaw4RG6oyuFB,1754162405,2025-08-02T19:20:05,0.000005,gSUqvUJfTLBPk6d8cXPXoduD5qDa1YbS74nNt69d21W,dec,6000,1033918834,1033912834,So11111111111111111111111111111111111111111,9,1.0
3V8nTDSCh7y6f9qtrwUZXABkPkunz1Qft8mGQLjo479AQoHRS7YLaMi1UBxFZy16Ex7TWicKidvQtimfk9G5fBsu,1754162405,2025-08-02T19:20:05,0.000005002,A8YPi5Wz21uB4tkVPk7T2yDFEhqDxDXaQhQaS8iPY7BL,dec,5117043413889,5117043418269,4380,9GkLsAtgWcVta5SVUh4fNzP5CVS9dw3THThktvThGzri,6,1.0
3V8nTDSCh7y6f9qtrwUZXABkPkunz1Qft8mGQLjo479AQoHRS7YLaMi1UBxFZy16Ex7TWicKidvQtimfk9G5fBsu,1754162405,2025-08-02T19:20:05,0.000005002,gSUqvUJfTLBPk6d8cXPXoduD5qDa1YbS74nNt69d21W,inc,781097947,252820887,1033918834,So11111111111111111111111111111111111111111,9,1.0
5xvygK7X3JBczrfiCUyYqBGps9YBEzTvRj69GStDxArzmue69LonbSJTuigtiXMM4EfZz3Dg3m1kKLWJbbA7ocZj,1754162395,2025-08-02T19:19:55,0.000005,gSUqvUJfTLBPk6d8cXPXoduD5qDa1YbS74nNt69d21W,dec,6000,252826887,252820887,So11111111111111111111111111111111111111111,9,1.0
4o9KZMYtHoHtcbMAC2CQxraRr8jyAhE9RM7hfeY6jN3eKosxYB9p135AHq92vJPPzxdb8F2Tee4anWcr6kk5u1sp,1754162395,2025-08-02T19:19:55,0.000005003,A8YPi5Wz21uB4tkVPk7T2yDFEhqDxDXaQhQaS8iPY7BL,inc,2786948799619,2330094618650,5117043418269,9GkLsAtgWcVta5SVUh4fNzP5CVS9dw3THThktvThGzri,6,1.0
4o9KZMYtHoHtcbMAC2CQxraRr8jyAhE9RM7hfeY6jN3eKosxYB9p135AHq92vJPPzxdb8F2Tee4anWcr6kk5u1sp,1754162395,2025-08-02T19:19:55,0.000005003,gSUqvUJfTLBPk6d8cXPXoduD5qDa1YbS74nNt69d21W,dec,435360288,688187175,252826887,So11111111111111111111111111111111111111111,9,1.0
5Z9fbhk4XefWbANTd4RXRRZf3YGHuqCayy4wferJntSiuQRy8ERsHXXDvLvjGoHKFYoNVNsaN5BJ8RMiSQVXHDUa,1754162345,2025-08-02T19:19:05,0.000005,gSUqvUJfTLBPk6d8cXPXoduD5qDa1YbS74nNt69d21W,dec,6000,688193175,688187175,So11111111111111111111111111111111111111111,9,1.0
4nRseEM5JnLyrQgL3WHAUyqEwkYuCuRHJEXHumNcbXFAegBMhkvYoLQVYYAh5dFvED55ZdQCeqEjRTkfTXzNsPtY,1754162345,2025-08-02T19:19:05,0.000005003,A8YPi5Wz21uB4tkVPk7T2yDFEhqDxDXaQhQaS8iPY7BL,inc,2293203278855,36891339795,2330094618650,9GkLsAtgWcVta5SVUh4fNzP5CVS9dw3THThktvThGzri,6,1.0
4nRseEM5JnLyrQgL3WHAUyqEwkYuCuRHJEXHumNcbXFAegBMhkvYoLQVYYAh5dFvED55ZdQCeqEjRTkfTXzNsPtY,1754162345,2025-08-02T19:19:05,0.000005003,gSUqvUJfTLBPk6d8cXPXoduD5qDa1YbS74nNt69d21W,dec,345877792,1034070967,688193175,So11111111111111111111111111111111111111111,9,1.0
4qRLNhkgw2WgD7SWoyYDMJgTm7nyaQ3xtS3E4yG3pZrkBvrc1yTbi5hPqTtDULRTw2KCyQzXGLrcmdZgEMb7Qd2C,1754162338,2025-08-02T19:18:58,0.000005,gSUqvUJfTLBPk6d8cXPXoduD5qDa1YbS74nNt69d21W,dec,6000,1034076967,1034070967,So11111111111111111111111111111111111111111,9,1.0
c9zF6Mgp6WFQCEnSjkdtso1Bc3ktBYBkGNhbNA9tpKGNHbCuPZPDQdLGYLTubAMsSD9EUKpKdZ8bUt8osicVPUg,1754162338,2025-08-02T19:18:58,0.000005002,A8YPi5Wz21uB4tkVPk7T2yDFEhqDxDXaQhQaS8iPY7BL,dec,2437228098715,2474119438510,36891339795,9GkLsAtgWcVta5SVUh4fNzP5CVS9dw3THThktvThGzri,6,1.0
c9zF6Mgp6WFQCEnSjkdtso1Bc3ktBYBkGNhbNA9tpKGNHbCuPZPDQdLGYLTubAMsSD9EUKpKdZ8bUt8osicVPUg,1754162338,2025-08-02T19:18:58,0.000005002,gSUqvUJfTLBPk6d8cXPXoduD5qDa1YbS74nNt69d21W,inc,361250268,672826699,1034076967,So11111111111111111111111111111111111111111,9,1.0
3HU6TYZM3sbBqqmdo2Ws4qDarrn26MQunpCK7igWzvGoY93Pr8W2rd8P6yUzuBi1vYpM1mfiZ6dcaYuH5aV4xjRj,1754162321,2025-08-02T19:18:41,0.000005,gSUqvUJfTLBPk6d8cXPXoduD5qDa1YbS74nNt69d21W,dec,6000,672832699,672826699,So11111111111111111111111111111111111111111,9,1.0
23GQnMy2wyFpBDVmTRx4odLQHxJksUBsie5z4wUBceLyytu88Xyeu9L7j9u1G9RLQBYq1CZZxsAnuNXgiGaqTyKW,1754162321,2025-08-02T19:18:41,0.000005003,A8YPi5Wz21uB4tkVPk7T2yDFEhqDxDXaQhQaS8iPY7BL,inc,2474119438479,31,2474119438510,9GkLsAtgWcVta5SVUh4fNzP5CVS9dw3THThktvThGzri,6,1.0
23GQnMy2wyFpBDVmTRx4odLQHxJksUBsie5z4wUBceLyytu88Xyeu9L7j9u1G9RLQBYq1CZZxsAnuNXgiGaqTyKW,1754162321,2025-08-02T19:18:41,0.000005003,gSUqvUJfTLBPk6d8cXPXoduD5qDa1YbS74nNt69d21W,dec,359321946,1032154645,672832699,So11111111111111111111111111111111111111111,9,1.0
nYx8SsPDyNNEGvo9nquGDVdTPtewpZZoouJxkxyJt6REpDjL8ZM3bqyBdBvvdVNsmPkcfGDwhzvsEzsSvjDNAyL,1754162211,2025-08-02T19:16:51,0.000005,gSUqvUJfTLBPk6d8cXPXoduD5qDa1YbS74nNt69d21W,dec,6000,1032160645,1032154645,So11111111111111111111111111111111111111111,9,1.0
41JpjQ4TwRVvFcAdnNTpzGWXxb5kMkcU9iJQx3qefqgkfdCSiZh2zGU9TseoECHi8wp9bctscK6N3vb1XtbQCoQn,1754162211,2025-08-02T19:16:51,0.000005002,A8YPi5Wz21uB4tkVPk7T2yDFEhqDxDXaQhQaS8iPY7BL,dec,6790084515789,6790084515820,31,9GkLsAtgWcVta5SVUh4fNzP5CVS9dw3THThktvThGzri,6,1.0
41JpjQ4TwRVvFcAdnNTpzGWXxb5kMkcU9iJQx3qefqgkfdCSiZh2zGU9TseoECHi8wp9bctscK6N3vb1XtbQCoQn,1754162211,2025-08-02T19:16:51,0.000005002,gSUqvUJfTLBPk6d8cXPXoduD5qDa1YbS74nNt69d21W,inc,931411035,100749610,1032160645,So11111111111111111111111111111111111111111,9,1.0
5di4K6uHbgfXbkXbp74VDz7bJ4rYmDRBnmd554Bgxnjcjw3iKmGnCtLaZw6WXCjv5PkqhQVfDYdhncA3wJHLCL6B,1754162167,2025-08-02T19:16:07,0.000005,gSUqvUJfTLBPk6d8cXPXoduD5qDa1YbS74nNt69d21W,dec,6000,100755610,100749610,So11111111111111111111111111111111111111111,9,1.0
4pkmWMz6HZnQywbFCGaqKySqDHyWb3FS4Rphvad2XUejhLn51bPko8i5w2jY1YcXqV8CX3b9Chc8q3oD9qtaEjvi,1754162167,2025-08-02T19:16:07,0.000005003,A8YPi5Wz21uB4tkVPk7T2yDFEhqDxDXaQhQaS8iPY7BL,inc,2817519662294,3972564853526,6790084515820,9GkLsAtgWcVta5SVUh4fNzP5CVS9dw3THThktvThGzri,6,1.0
4pkmWMz6HZnQywbFCGaqKySqDHyWb3FS4Rphvad2XUejhLn51bPko8i5w2jY1YcXqV8CX3b9Chc8q3oD9qtaEjvi,1754162167,2025-08-02T19:16:07,0.000005003,gSUqvUJfTLBPk6d8cXPXoduD5qDa1YbS74nNt69d21W,dec,391614450,492370060,100755610,So11111111111111111111111111111111111111111,9,1.0
2kXseNAGd4kLFnB3KzEGACepJbZLExp1GsLc5P8iXNocrtmhZtF6wrtX7nuqYuMSBZoD1gfpkgwWB6psDEDk6U5S,1754162124,2025-08-02T19:15:24,0.000005,gSUqvUJfTLBPk6d8cXPXoduD5qDa1YbS74nNt69d21W,dec,6000,492376060,492370060,So11111111111111111111111111111111111111111,9,1.0
5knT6eDKsdFCNBPYErSHjHUxve9yp76eAjetWK6tVCy2es9icDuGnMpjbLqn9PHa8DdUduCrKV1v5VFG8DQooLws,1754162124,2025-08-02T19:15:24,0.000005003,A8YPi5Wz21uB4tkVPk7T2yDFEhqDxDXaQhQaS8iPY7BL,inc,3972564848305,5221,3972564853526,9GkLsAtgWcVta5SVUh4fNzP5CVS9dw3THThktvThGzri,6,1.0
5knT6eDKsdFCNBPYErSHjHUxve9yp76eAjetWK6tVCy2es9icDuGnMpjbLqn9PHa8DdUduCrKV1v5VFG8DQooLws,1754162124,2025-08-02T19:15:24,0.000005003,gSUqvUJfTLBPk6d8cXPXoduD5qDa1YbS74nNt69d21W,dec,526983875,1019359935,492376060,So11111111111111111111111111111111111111111,9,1.0
3fu6hdGBkQw9VbEAUPDoYXqXBvZcHYsWsyTJmq7a7e34SjJrSvYDjPp5y11XjSe9VKsAwv7uX8saojesWBbXyZjj,1754162105,2025-08-02T19:15:05,0.000005,gSUqvUJfTLBPk6d8cXPXoduD5qDa1YbS74nNt69d21W,dec,6000,1019365935,1019359935,So11111111111111111111111111111111111111111,9,1.0
2VNJNpU5oFCv8nVr6RgTsPFo2KvJEbBfD9D2b4mFBP7kTPQfutEtLGheJESgA9dynNS8PxZt3c8S6KLAEahCfEbS,1754162105,2025-08-02T19:15:05,0.000005002,A8YPi5Wz21uB4tkVPk7T2yDFEhqDxDXaQhQaS8iPY7BL,dec,6558319253281,6558319258502,5221,9GkLsAtgWcVta5SVUh4fNzP5CVS9dw3THThktvThGzri,6,1.0
2VNJNpU5oFCv8nVr6RgTsPFo2KvJEbBfD9D2b4mFBP7kTPQfutEtLGheJESgA9dynNS8PxZt3c8S6KLAEahCfEbS,1754162105,2025-08-02T19:15:05,0.000005002,gSUqvUJfTLBPk6d8cXPXoduD5qDa1YbS74nNt69d21W,inc,878219093,141146842,1019365935,So11111111111111111111111111111111111111111,9,1.0
5mGVdCm2aSHwbFTVqhjLqjeNDqa6RNDjUCuWX437Pj128u3fkhWu6dTbM4aLgLoTmDeGptrf1mDB7LsfVmEfFcic,1754162006,2025-08-02T19:13:26,0.000005,gSUqvUJfTLBPk6d8cXPXoduD5qDa1YbS74nNt69d21W,dec,6000,141152842,141146842,So11111111111111111111111111111111111111111,9,1.0
4tMxtJS6yg4eAXdQM5MiqWa47w9bpLijdaj83PwaKPPQK5tNqFsngSnFTXkh8JJoZANaVTxeQojUAHQNCrYJuKmw,1754162006,2025-08-02T19:13:26,0.000005003,A8YPi5Wz21uB4tkVPk7T2yDFEhqDxDXaQhQaS8iPY7BL,inc,3356310767678,3202008490824,6558319258502,9GkLsAtgWcVta5SVUh4fNzP5CVS9dw3THThktvThGzri,6,1.0
4tMxtJS6yg4eAXdQM5MiqWa47w9bpLijdaj83PwaKPPQK5tNqFsngSnFTXkh8JJoZANaVTxeQojUAHQNCrYJuKmw,1754162006,2025-08-02T19:13:26,0.000005003,gSUqvUJfTLBPk6d8cXPXoduD5qDa1YbS74nNt69d21W,dec,472658801,613811643,141152842,So11111111111111111111111111111111111111111,9,1.0
cZCWL973fB6LPgxpsg1b8fnmGSzsZFjzdEavSvpnhKoUTSqYvr6qKHuF5XL1BcZAwoAyfny8CXE7LhytJkNjZ5a,1754161980,2025-08-02T19:13:00,0.000005,gSUqvUJfTLBPk6d8cXPXoduD5qDa1YbS74nNt69d21W,dec,6000,613817643,613811643,So11111111111111111111111111111111111111111,9,1.0
4cahazeeDaC4u6JoUQUM9LSTtWnn4PK6EEiXLCUUYkvM9AVymUTAVXdsvUwuzvmTRYGahNNNQASThiW3tjbqE2jX,1754161980,2025-08-02T19:13:00,0.000005003,A8YPi5Wz21uB4tkVPk7T2yDFEhqDxDXaQhQaS8iPY7BL,inc,3202008486251,4573,3202008490824,9GkLsAtgWcVta5SVUh4fNzP5CVS9dw3THThktvThGzri,6,1.0
4cahazeeDaC4u6JoUQUM9LSTtWnn4PK6EEiXLCUUYkvM9AVymUTAVXdsvUwuzvmTRYGahNNNQASThiW3tjbqE2jX,1754161980,2025-08-02T19:13:00,0.000005003,gSUqvUJfTLBPk6d8cXPXoduD5qDa1YbS74nNt69d21W,dec,452523546,1066341189,613817643,So11111111111111111111111111111111111111111,9,1.0
2AP71GcYR2YMbFNCnxtBAt3D39GrMCM1ut41q466QPiSBsSQSCAywtQCGXrp6SyLs2ztiSyCKbU1KFvztU6prAyU,1754161962,2025-08-02T19:12:42,0.000005,gSUqvUJfTLBPk6d8cXPXoduD5qDa1YbS74nNt69d21W,dec,6000,1066347189,1066341189,So11111111111111111111111111111111111111111,9,1.0
5si8SS2GANry9HEzVrLfC17oA35Kpz4wWJBzQSMtD8xFroxpvCSa24s4tPJ4HqZRJZrYH6Z85owh4PHhh7mwD6cm,1754161962,2025-08-02T19:12:42,0.000005002,A8YPi5Wz21uB4tkVPk7T2yDFEhqDxDXaQhQaS8iPY7BL,dec,24735554487,24735559060,4573,9GkLsAtgWcVta5SVUh4fNzP5CVS9dw3THThktvThGzri,6,1.0
5si8SS2GANry9HEzVrLfC17oA35Kpz4wWJBzQSMtD8xFroxpvCSa24s4tPJ4HqZRJZrYH6Z85owh4PHhh7mwD6cm,1754161962,2025-08-02T19:12:42,0.000005002,gSUqvUJfTLBPk6d8cXPXoduD5qDa1YbS74nNt69d21W,inc,3535199,1062811990,1066347189,So11111111111111111111111111111111111111111,9,1.0
3BM837NpTPE1b8R9opMLcJkSGZWtEJPiS7y8oD6jooLSRbKjHERV9CVQdG9m7G8kztNUgH87Mvc6XtHxBjdMmQWZ,1754161952,2025-08-02T19:12:32,0.000005,gSUqvUJfTLBPk6d8cXPXoduD5qDa1YbS74nNt69d21W,dec,6000,1062817990,1062811990,So11111111111111111111111111111111111111111,9,1.0
5D8Z7ucMmR1Y69SinZdAJ4LvTiJfM43DoonPjmhK2NQMfLptufNTkpSGQP3nymJFUjZmEtBhA8ZUkk5zz2QvY1D1,1754161952,2025-08-02T19:12:32,0.000005002,A8YPi5Wz21uB4tkVPk7T2yDFEhqDxDXaQhQaS8iPY7BL,dec,2809774208843,2834509767903,24735559060,9GkLsAtgWcVta5SVUh4fNzP5CVS9dw3THThktvThGzri,6,1.0
5D8Z7ucMmR1Y69SinZdAJ4LvTiJfM43DoonPjmhK2NQMfLptufNTkpSGQP3nymJFUjZmEtBhA8ZUkk5zz2QvY1D1,1754161952,2025-08-02T19:12:32,0.000005002,gSUqvUJfTLBPk6d8cXPXoduD5qDa1YbS74nNt69d21W,inc,399673827,663144163,1062817990,So11111111111111111111111111111111111111111,9,1.0
rzFxWXvBKt62dEuqq3hoND1p1vk7Z4FHvq8x1GPrCcTXLSBLhR5LGtuRBvKzWgDA2jArxbHrNrFQmFrYt5Mv3GD,1754161939,2025-08-02T19:12:19,0.000005,gSUqvUJfTLBPk6d8cXPXoduD5qDa1YbS74nNt69d21W,dec,6000,663150163,663144163,So11111111111111111111111111111111111111111,9,1.0
3QDLQJx1Nh6cpAzMYnSd4RBFfy7rVdXBhzgmvuw55vTciYAMaMLcEuap8vSvpeiBLVZDWbAmhvZ5yuL9dQc4baQE,1754161939,2025-08-02T19:12:19,0.000005003,A8YPi5Wz21uB4tkVPk7T2yDFEhqDxDXaQhQaS8iPY7BL,inc,2802090012905,32419754998,2834509767903,9GkLsAtgWcVta5SVUh4fNzP5CVS9dw3THThktvThGzri,6,1.0
3QDLQJx1Nh6cpAzMYnSd4RBFfy7rVdXBhzgmvuw55vTciYAMaMLcEuap8vSvpeiBLVZDWbAmhvZ5yuL9dQc4baQE,1754161939,2025-08-02T19:12:19,0.000005003,gSUqvUJfTLBPk6d8cXPXoduD5qDa1YbS74nNt69d21W,dec,391166653,1054316816,663150163,So11111111111111111111111111111111111111111,9,1.0
3Ricfb4NCdavLH5zJRXpu6PWm7rWygQfSj22aYhiBKTPhFsrEpJzKYfh7m8sKNvnb2M5a7q65Qsg9gvSirDhEfke,1754161909,2025-08-02T19:11:49,0.000005,gSUqvUJfTLBPk6d8cXPXoduD5qDa1YbS74nNt69d21W,dec,6000,1054322816,1054316816,So11111111111111111111111111111111111111111,9,1.0
5Hjjb9zfFsJhSHkRDoL4s6zWUba7BHwvHi3G5n7TmtrQieczWidTqoaUv6dnT4z6EEy4iQZx8z7N7KQjug6inCcR,1754161909,2025-08-02T19:11:49,0.000005002,A8YPi5Wz21uB4tkVPk7T2yDFEhqDxDXaQhQaS8iPY7BL,dec,2181470490114,2213890245112,32419754998,9GkLsAtgWcVta5SVUh4fNzP5CVS9dw3THThktvThGzri,6,1.0
5Hjjb9zfFsJhSHkRDoL4s6zWUba7BHwvHi3G5n7TmtrQieczWidTqoaUv6dnT4z6EEy4iQZx8z7N7KQjug6inCcR,1754161909,2025-08-02T19:11:49,0.000005002,gSUqvUJfTLBPk6d8cXPXoduD5qDa1YbS74nNt69d21W,inc,327509597,726813219,1054322816,So11111111111111111111111111111111111111111,9,1.0
3Frbmr511wpHjZ4wcpWUftCuV5FsdLcAxsNeAR3WcbUqDa1X9pGNAD7jtksAARWeD6SLLPBkM7YSaoN6xUkaNYYu,1754161897,2025-08-02T19:11:37,0.000005,gSUqvUJfTLBPk6d8cXPXoduD5qDa1YbS74nNt69d21W,dec,6000,726819219,726813219,So11111111111111111111111111111111111111111,9,1.0
bwo6MKecq4fQRx8147RZoDbVSVLvhs81tQ11UHyUcGGqgUd7BbNSrz4k3yHQNBVhS9Q5tymdnerWumqLBoyRAN5,1754161897,2025-08-02T19:11:37,0.000005003,A8YPi5Wz21uB4tkVPk7T2yDFEhqDxDXaQhQaS8iPY7BL,inc,2184646787962,29243457150,2213890245112,9GkLsAtgWcVta5SVUh4fNzP5CVS9dw3THThktvThGzri,6,1.0
bwo6MKecq4fQRx8147RZoDbVSVLvhs81tQ11UHyUcGGqgUd7BbNSrz4k3yHQNBVhS9Q5tymdnerWumqLBoyRAN5,1754161897,2025-08-02T19:11:37,0.000005003,gSUqvUJfTLBPk6d8cXPXoduD5qDa1YbS74nNt69d21W,dec,327373451,1054192670,726819219,So11111111111111111111111111111111111111111,9,1.0
21rQ236mpX8DPGr6vYHwByze5Fnue1V6AjtbUSjANf77DqwXhcyHP6qw4L1mdTsnHStmXw2uVJaDs9vttGceruW9,1754161891,2025-08-02T19:11:31,0.000005,gSUqvUJfTLBPk6d8cXPXoduD5qDa1YbS74nNt69d21W,dec,6000,1054198670,1054192670,So11111111111111111111111111111111111111111,9,1.0
4GEnCrqFsQQYd13eGV9EqUkbne6oroEQvnbYVeAFRxLzVoZVEQWETQkbYg4K7V5MxGVioHD7jgm3ZFcXChPGhgqz,1754161891,2025-08-02T19:11:31,0.000005002,A8YPi5Wz21uB4tkVPk7T2yDFEhqDxDXaQhQaS8iPY7BL,dec,3109728479332,3138971936482,29243457150,9GkLsAtgWcVta5SVUh4fNzP5CVS9dw3THThktvThGzri,6,1.0
4GEnCrqFsQQYd13eGV9EqUkbne6oroEQvnbYVeAFRxLzVoZVEQWETQkbYg4K7V5MxGVioHD7jgm3ZFcXChPGhgqz,1754161891,2025-08-02T19:11:31,0.000005002,gSUqvUJfTLBPk6d8cXPXoduD5qDa1YbS74nNt69d21W,inc,457495549,596703121,1054198670,So11111111111111111111111111111111111111111,9,1.0
xJUtJNaGhwXwuf83zG3ouv9fkoJbXLB1nC4JDX12buTMyTXNK7QiBgC7BdqnpPaBuWaQBqSkedfQDv6ngMrPS6i,1754161871,2025-08-02T19:11:11,0.000005,gSUqvUJfTLBPk6d8cXPXoduD5qDa1YbS74nNt69d21W,dec,6000,596709121,596703121,So11111111111111111111111111111111111111111,9,1.0
2aq28FgdMmvf1tQvJdX1GMHobBRLHikfAAUTQeEzNrkVRqiVcThhXqLA4fRyWXtf1MmqcVRSJvAr9zY2QuC42hWY,1754161871,2025-08-02T19:11:11,0.000005003,A8YPi5Wz21uB4tkVPk7T2yDFEhqDxDXaQhQaS8iPY7BL,inc,3138452843448,519093034,3138971936482,9GkLsAtgWcVta5SVUh4fNzP5CVS9dw3THThktvThGzri,6,1.0
2aq28FgdMmvf1tQvJdX1GMHobBRLHikfAAUTQeEzNrkVRqiVcThhXqLA4fRyWXtf1MmqcVRSJvAr9zY2QuC42hWY,1754161871,2025-08-02T19:11:11,0.000005003,gSUqvUJfTLBPk6d8cXPXoduD5qDa1YbS74nNt69d21W,dec,469532643,1066241764,596709121,So11111111111111111111111111111111111111111,9,1.0
2akZDasBGBQfq44HSPwbgJotzbL8NK51p5okeaZu3zQSKYzZGBPHCfU1qRCU43Vt36Ajyq2uiWW4Y4t19FJDbKKx,1754161842,2025-08-02T19:10:42,0.000005,gSUqvUJfTLBPk6d8cXPXoduD5qDa1YbS74nNt69d21W,dec,6000,1066247764,1066241764,So11111111111111111111111111111111111111111,9,1.0
2zZbebKn4ETojXtZHizisuRGcdMkkvxENKXfLdovWAahhZtS91NuTFeT4WQH2e9fVZdmD7zzxViUj82FByM4PujD,1754161842,2025-08-02T19:10:42,0.000005002,A8YPi5Wz21uB4tkVPk7T2yDFEhqDxDXaQhQaS8iPY7BL,dec,65434001087,65953094121,519093034,9GkLsAtgWcVta5SVUh4fNzP5CVS9dw3THThktvThGzri,6,1.0
2zZbebKn4ETojXtZHizisuRGcdMkkvxENKXfLdovWAahhZtS91NuTFeT4WQH2e9fVZdmD7zzxViUj82FByM4PujD,1754161842,2025-08-02T19:10:42,0.000005002,gSUqvUJfTLBPk6d8cXPXoduD5qDa1YbS74nNt69d21W,inc,9667810,1056579954,1066247764,So11111111111111111111111111111111111111111,9,1.0
4SvthhmKQdwV4nx1CHp9aFKLrc61dqTHtBNjHxBhPwWSvfuKyQSDYLHq6uDP6YmiWnPbzwqnwbLJUV3u2jinUKXK,1754161838,2025-08-02T19:10:38,0.000005,gSUqvUJfTLBPk6d8cXPXoduD5qDa1YbS74nNt69d21W,dec,6000,1056585954,1056579954,So11111111111111111111111111111111111111111,9,1.0
FiobZAUew28XZmJSCzFchk52TW71JrCx6hRZtSQfZSTFYtA2ovRTBrWDCPuWfSSXNpDtcXFbgGANo8CTt8c4LGf,1754161838,2025-08-02T19:10:38,0.000005002,A8YPi5Wz21uB4tkVPk7T2yDFEhqDxDXaQhQaS8iPY7BL,dec,6723372642104,6789325736225,65953094121,9GkLsAtgWcVta5SVUh4fNzP5CVS9dw3THThktvThGzri,6,1.0
FiobZAUew28XZmJSCzFchk52TW71JrCx6hRZtSQfZSTFYtA2ovRTBrWDCPuWfSSXNpDtcXFbgGANo8CTt8c4LGf,1754161838,2025-08-02T19:10:38,0.000005002,gSUqvUJfTLBPk6d8cXPXoduD5qDa1YbS74nNt69d21W,inc,990138543,66447411,1056585954,So11111111111111111111111111111111111111111,9,1.0
5JxfNso3oMqVg9i9B6D8rCSGTxRjhZskLyPNBhTNnEjFw5pKduUFqrtQ9489GLVHVE8r37tmij9vs3AkqAdM6Qv9,1754161778,2025-08-02T19:09:38,0.000005,gSUqvUJfTLBPk6d8cXPXoduD5qDa1YbS74nNt69d21W,dec,6000,66453411,66447411,So11111111111111111111111111111111111111111,9,1.0
4PtPTHgym7X42F9MQ9RuqCJfaSr17rrfS5vBCVq2tUSCRx7aNPkmQtJfNgX5jX92cGEfQEDg1TC4ut5JRLzm8BLS,1754161778,2025-08-02T19:09:38,0.000005003,A8YPi5Wz21uB4tkVPk7T2yDFEhqDxDXaQhQaS8iPY7BL,inc,2596210767420,4193114968805,6789325736225,9GkLsAtgWcVta5SVUh4fNzP5CVS9dw3THThktvThGzri,6,1.0
4PtPTHgym7X42F9MQ9RuqCJfaSr17rrfS5vBCVq2tUSCRx7aNPkmQtJfNgX5jX92cGEfQEDg1TC4ut5JRLzm8BLS,1754161778,2025-08-02T19:09:38,0.000005003,gSUqvUJfTLBPk6d8cXPXoduD5qDa1YbS74nNt69d21W,dec,361925561,428378972,66453411,So11111111111111111111111111111111111111111,9,1.0
2ij58LKu6VZiZ95LSBvceAAM7N3zs7115F5Bmahb5BovLFfLfAUgTx1PusXBKb1ZNbW5yLWRfuueFzQDu5iLjmwu,1754161737,2025-08-02T19:08:57,0.000005,gSUqvUJfTLBPk6d8cXPXoduD5qDa1YbS74nNt69d21W,dec,6000,428384972,428378972,So11111111111111111111111111111111111111111,9,1.0
8Tg8DCfTya5qZ73xUMsmCeGsj9wYi1k1hTBnB1sDtZSwjp5L1hjE6dKZ6uvWWqGookhjqsSjrDVvSYPg5ejoKEa,1754161737,2025-08-02T19:08:57,0.000005003,A8YPi5Wz21uB4tkVPk7T2yDFEhqDxDXaQhQaS8iPY7BL,inc,2779965496658,1413149472147,4193114968805,9GkLsAtgWcVta5SVUh4fNzP5CVS9dw3THThktvThGzri,6,1.0
8Tg8DCfTya5qZ73xUMsmCeGsj9wYi1k1hTBnB1sDtZSwjp5L1hjE6dKZ6uvWWqGookhjqsSjrDVvSYPg5ejoKEa,1754161737,2025-08-02T19:08:57,0.000005003,gSUqvUJfTLBPk6d8cXPXoduD5qDa1YbS74nNt69d21W,dec,394956950,823341922,428384972,So11111111111111111111111111111111111111111,9,1.0
5q4cDXuVRXg4h4M7wbik7TyQpUeieyPgzgsYZgyqWf6GGmEjqYix1tT5a8UQHABd9w8R1S53VegJq1wPtv91d3e6,1754161726,2025-08-02T19:08:46,0.000005,gSUqvUJfTLBPk6d8cXPXoduD5qDa1YbS74nNt69d21W,dec,6000,823347922,823341922,So11111111111111111111111111111111111111111,9,1.0
35vfgNxfTBSj7a1XWhP5vHErZdjb3xp2dJeckobNqzbZkBd5PWy3k4TLMQJL3CxvDTXSMNf4fnVBBmtKd1gfyXrr,1754161726,2025-08-02T19:08:46,0.000005003,A8YPi5Wz21uB4tkVPk7T2yDFEhqDxDXaQhQaS8iPY7BL,inc,1398886722449,14262749698,1413149472147,9GkLsAtgWcVta5SVUh4fNzP5CVS9dw3THThktvThGzri,6,1.0
35vfgNxfTBSj7a1XWhP5vHErZdjb3xp2dJeckobNqzbZkBd5PWy3k4TLMQJL3CxvDTXSMNf4fnVBBmtKd1gfyXrr,1754161726,2025-08-02T19:08:46,0.000005003,gSUqvUJfTLBPk6d8cXPXoduD5qDa1YbS74nNt69d21W,dec,200866703,1024214625,823347922,So11111111111111111111111111111111111111111,9,1.0
61YuWMuMXY77e5ZJoPaC4evKGJyTHvU7oZz7hShhMz9Q6sunkBpHmbvBUdK3BBiU7V5w66EBbk9NShAMwsbdzR8d,1754161705,2025-08-02T19:08:25,0.000005,gSUqvUJfTLBPk6d8cXPXoduD5qDa1YbS74nNt69d21W,dec,6000,1024220625,1024214625,So11111111111111111111111111111111111111111,9,1.0
65b8HtrPZHxkYKV9621wXSC1MwAKihKXBnj1KZnjA9daHFuBqEYWShCVhX68m9N7khXxHzPG7cDH8KPDqgHbV5rP,1754161705,2025-08-02T19:08:25,0.000005002,A8YPi5Wz21uB4tkVPk7T2yDFEhqDxDXaQhQaS8iPY7BL,dec,1387677916080,1401940665778,14262749698,9GkLsAtgWcVta5SVUh4fNzP5CVS9dw3THThktvThGzri,6,1.0
65b8HtrPZHxkYKV9621wXSC1MwAKihKXBnj1KZnjA9daHFuBqEYWShCVhX68m9N7khXxHzPG7cDH8KPDqgHbV5rP,1754161705,2025-08-02T19:08:25,0.000005002,gSUqvUJfTLBPk6d8cXPXoduD5qDa1YbS74nNt69d21W,inc,188565607,835655018,1024220625,So11111111111111111111111111111111111111111,9,1.0
TDaeAG5jpCLL7mMrvfKiy8VgzdVDzFGZjZwbpvu2spdBqiX1Z6cMLHAQgpGSJMcgSxTi8QCEzvJMKEftFGVijMH,1754161667,2025-08-02T19:07:47,0.000005,gSUqvUJfTLBPk6d8cXPXoduD5qDa1YbS74nNt69d21W,dec,6000,835661018,835655018,So11111111111111111111111111111111111111111,9,1.0
3cXzuWY8AXkYFnfw92PdFZ1jk1nqvUgykYkpnAsyDqaR6G7zQhoGuk62MqFBZ2WgARQLBUKEbmohpbn4YywBScZJ,1754161667,2025-08-02T19:07:47,0.000005003,A8YPi5Wz21uB4tkVPk7T2yDFEhqDxDXaQhQaS8iPY7BL,inc,1401927076180,13589598,1401940665778,9GkLsAtgWcVta5SVUh4fNzP5CVS9dw3THThktvThGzri,6,1.0
3cXzuWY8AXkYFnfw92PdFZ1jk1nqvUgykYkpnAsyDqaR6G7zQhoGuk62MqFBZ2WgARQLBUKEbmohpbn4YywBScZJ,1754161667,2025-08-02T19:07:47,0.000005003,gSUqvUJfTLBPk6d8cXPXoduD5qDa1YbS74nNt69d21W,dec,193786427,1029447445,835661018,So11111111111111111111111111111111111111111,9,1.0
4uV4u79U2ttFfUFo18fk43VhtZMjcgMaT8v3N7Dj6WAkLjaMD7wrgfJCC9Y1VJoQLWRKGCrpiyNV1gSqaTGtLBTz,1754161644,2025-08-02T19:07:24,0.000005,gSUqvUJfTLBPk6d8cXPXoduD5qDa1YbS74nNt69d21W,dec,6000,1029453445,1029447445,So11111111111111111111111111111111111111111,9,1.0
3KB3B9Fki4ikBaJWK3TrkzQki1XRH67hVMJsMBW4eTboTtAW3rUFYxQMRvgFXwo9TfjEz9RLkzr39zg7ncw9BfW8,1754161644,2025-08-02T19:07:24,0.000005002,A8YPi5Wz21uB4tkVPk7T2yDFEhqDxDXaQhQaS8iPY7BL,dec,6169915507,6183505105,13589598,9GkLsAtgWcVta5SVUh4fNzP5CVS9dw3THThktvThGzri,6,1.0
3KB3B9Fki4ikBaJWK3TrkzQki1XRH67hVMJsMBW4eTboTtAW3rUFYxQMRvgFXwo9TfjEz9RLkzr39zg7ncw9BfW8,1754161644,2025-08-02T19:07:24,0.000005002,gSUqvUJfTLBPk6d8cXPXoduD5qDa1YbS74nNt69d21W,inc,864439,1028589006,1029453445,So11111111111111111111111111111111111111111,9,1.0
3CZSAhi2gS59ZUDKKG8GipHAG6nma7hKdjv5umyZZpMaxtVxk9cDZYXLw7FjFtqQZ4q33gzorJ48c8PnYBkDEafT,1754161535,2025-08-02T19:05:35,0.000005,gSUqvUJfTLBPk6d8cXPXoduD5qDa1YbS74nNt69d21W,dec,6000,1028595006,1028589006,So11111111111111111111111111111111111111111,9,1.0
3rFarR2qyq6nJpAfQVn8NdMm6fjDPUMLpKx3hMfR8Fz7PmAEXUYTYjjUPKtCvhueA1BimtD4T2SXmyMC1rXvKVEC,1754161535,2025-08-02T19:05:35,0.000005002,A8YPi5Wz21uB4tkVPk7T2yDFEhqDxDXaQhQaS8iPY7BL,dec,736580197664,742763702769,6183505105,9GkLsAtgWcVta5SVUh4fNzP5CVS9dw3THThktvThGzri,6,1.0
3rFarR2qyq6nJpAfQVn8NdMm6fjDPUMLpKx3hMfR8Fz7PmAEXUYTYjjUPKtCvhueA1BimtD4T2SXmyMC1rXvKVEC,1754161535,2025-08-02T19:05:35,0.000005002,gSUqvUJfTLBPk6d8cXPXoduD5qDa1YbS74nNt69d21W,inc,104568563,924026443,1028595006,So11111111111111111111111111111111111111111,9,1.0
DDMuwb9UpdjexQN46ZMzAHbNLdYMgWnyE2RMgVuDvE48gM3dfc6jQyxNiSzth82unw7QRD5wZk1Smeq7tUNTfS5,1754161520,2025-08-02T19:05:20,0.000005,gSUqvUJfTLBPk6d8cXPXoduD5qDa1YbS74nNt69d21W,dec,6000,924032443,924026443,So11111111111111111111111111111111111111111,9,1.0
2zqYo8nfpuDF5HMj58XzRu1W1kPsHoVbLeqdP6yMoKkg3wXzzQcRXrtMKZ53wKviyxMBXspX2x6EtrbR8qe2Hr5F,1754161520,2025-08-02T19:05:20,0.000005003,A8YPi5Wz21uB4tkVPk7T2yDFEhqDxDXaQhQaS8iPY7BL,inc,706587684911,36176017858,742763702769,9GkLsAtgWcVta5SVUh4fNzP5CVS9dw3THThktvThGzri,6,1.0
2zqYo8nfpuDF5HMj58XzRu1W1kPsHoVbLeqdP6yMoKkg3wXzzQcRXrtMKZ53wKviyxMBXspX2x6EtrbR8qe2Hr5F,1754161520,2025-08-02T19:05:20,0.000005003,gSUqvUJfTLBPk6d8cXPXoduD5qDa1YbS74nNt69d21W,dec,102536876,1026569319,924032443,So11111111111111111111111111111111111111111,9,1.0
5vBCVRE2gAiQCBdg2Q7Yyv9DFCrAcHswvAzogBAKkxEn3Gg6Jw3fHLTsS2o6jwDVcdiuDkgcQkp1tock4DsZPHRn,1754161473,2025-08-02T19:04:33,0.000005,gSUqvUJfTLBPk6d8cXPXoduD5qDa1YbS74nNt69d21W,dec,6000,1026575319,1026569319,So11111111111111111111111111111111111111111,9,1.0
4PaeDgwJUog2UwkuSuuBAJMwkU5GsZcc1rsmKvLMrwVsAvKdjQ6P5iYZhHAmYbubV7tfsk9ArSbLzKpJmx5GW8wQ,1754161473,2025-08-02T19:04:33,0.000005002,A8YPi5Wz21uB4tkVPk7T2yDFEhqDxDXaQhQaS8iPY7BL,dec,2589191102630,2625367120488,36176017858,9GkLsAtgWcVta5SVUh4fNzP5CVS9dw3THThktvThGzri,6,1.0
4PaeDgwJUog2UwkuSuuBAJMwkU5GsZcc1rsmKvLMrwVsAvKdjQ6P5iYZhHAmYbubV7tfsk9ArSbLzKpJmx5GW8wQ,1754161473,2025-08-02T19:04:33,0.000005002,gSUqvUJfTLBPk6d8cXPXoduD5qDa1YbS74nNt69d21W,inc,358195590,668379729,1026575319,So11111111111111111111111111111111111111111,9,1.0
53nVykB6oF7TwDbhiDmDm49aFUqzUTAiAdKiVGR9mSRo7sqDowXGpNpXr56Lxx4utKMaEqAZqjHi6SFTk1j3g3fk,1754161461,2025-08-02T19:04:21,0.000005,gSUqvUJfTLBPk6d8cXPXoduD5qDa1YbS74nNt69d21W,dec,6000,668385729,668379729,So11111111111111111111111111111111111111111,9,1.0
3S1Mb7CCRW4LJf695KmoUUQmXDecQoWjRpC7yc8QM1zF17ZBQyyeDT75kH2atM3ZqwWnnohVGYUZUbJvaPXKRw8z,1754161461,2025-08-02T19:04:21,0.000005003,A8YPi5Wz21uB4tkVPk7T2yDFEhqDxDXaQhQaS8iPY7BL,inc,2625367120340,148,2625367120488,9GkLsAtgWcVta5SVUh4fNzP5CVS9dw3THThktvThGzri,6,1.0
3S1Mb7CCRW4LJf695KmoUUQmXDecQoWjRpC7yc8QM1zF17ZBQyyeDT75kH2atM3ZqwWnnohVGYUZUbJvaPXKRw8z,1754161461,2025-08-02T19:04:21,0.000005003,gSUqvUJfTLBPk6d8cXPXoduD5qDa1YbS74nNt69d21W,dec,353273014,1021658743,668385729,So11111111111111111111111111111111111111111,9,1.0
4DiE2uXWjzPbTdpfo2SJRdr631f6zdvRvyN73wT6GSHaqNPjFqodd3LcvB246jtHZUhyZweD2aQn9tx3KY8ppwPL,1754161430,2025-08-02T19:03:50,0.000005,gSUqvUJfTLBPk6d8cXPXoduD5qDa1YbS74nNt69d21W,dec,6000,1021664743,1021658743,So11111111111111111111111111111111111111111,9,1.0
4CctgbgkDDzgCVX2HYv6owjVPv8EdbeaUzBTBfsq7J6j1QcrEn1snfDYoECAuHfvMr3irHZ2iGQUuxgSBU584JLv,1754161430,2025-08-02T19:03:50,0.000005002,A8YPi5Wz21uB4tkVPk7T2yDFEhqDxDXaQhQaS8iPY7BL,dec,1104554092480,1104554092628,148,9GkLsAtgWcVta5SVUh4fNzP5CVS9dw3THThktvThGzri,6,1.0
4CctgbgkDDzgCVX2HYv6owjVPv8EdbeaUzBTBfsq7J6j1QcrEn1snfDYoECAuHfvMr3irHZ2iGQUuxgSBU584JLv,1754161430,2025-08-02T19:03:50,0.000005002,gSUqvUJfTLBPk6d8cXPXoduD5qDa1YbS74nNt69d21W,inc,145745353,875919390,1021664743,So11111111111111111111111111111111111111111,9,1.0
559Ec2nnv4nQiusCfbWME7Kgkyi1UwtaHGqkkreMDBTsbBW7ybmSGLrD1Eghiegs5UEyfSfqJ5eEZMRtaCDPbL5B,1754161309,2025-08-02T19:01:49,0.000005,gSUqvUJfTLBPk6d8cXPXoduD5qDa1YbS74nNt69d21W,dec,6000,875925390,875919390,So11111111111111111111111111111111111111111,9,1.0
5YUyPemWu4mKJgdV7C48pb7r3sgC3kLZzZydYJZtFh5n6eGpiRHAzcrWKJsXeN63pdrcAcqc4ionW1VAMD6x15Ni,1754161309,2025-08-02T19:01:49,0.000005004,A8YPi5Wz21uB4tkVPk7T2yDFEhqDxDXaQhQaS8iPY7BL,inc,1104554092628,0,1104554092628,9GkLsAtgWcVta5SVUh4fNzP5CVS9dw3THThktvThGzri,6,1.0
5YUyPemWu4mKJgdV7C48pb7r3sgC3kLZzZydYJZtFh5n6eGpiRHAzcrWKJsXeN63pdrcAcqc4ionW1VAMD6x15Ni,1754161309,2025-08-02T19:01:49,0.000005004,gSUqvUJfTLBPk6d8cXPXoduD5qDa1YbS74nNt69d21W,dec,125574610,1001500000,875925390,So11111111111111111111111111111111111111111,9,1.0
63JXA8uSesRYmBSPnMwvramhXDNeMgJjJbzcm18BJpLHeaKmB9riMjFUe4dS8f5uuD9v2ET6qe2aoV69xzTys569,1754161189,2025-08-02T18:59:49,0.0000314,gSUqvUJfTLBPk6d8cXPXoduD5qDa1YbS74nNt69d21W,inc,1000000000,1500000,1001500000,So11111111111111111111111111111111111111111,9,1.0
QSinX2XLNJmfeJj3KBzaze1dK3BwZ4sFrziBKBxvdWvimDLWd1oPMVD9myYMgcfhDAbayEySvFzUAKXVJaVf9iC,1754161053,2025-08-02T18:57:33,0.0000666,gSUqvUJfTLBPk6d8cXPXoduD5qDa1YbS74nNt69d21W,dec,152066189,153566189,1500000,So11111111111111111111111111111111111111111,9,1.0
4Ky3sHT1i4DhqWEBx3VDjDCezz6dBsZkbj8hTshdAYi6wPTpJkaVqrFtW8tGL4tvVPCgDMXLEdkbFv7VDLduruM6,1754160992,2025-08-02T18:56:32,0.000005,gSUqvUJfTLBPk6d8cXPXoduD5qDa1YbS74nNt69d21W,dec,6000,153572189,153566189,So11111111111111111111111111111111111111111,9,1.0
gP5Tx1TRMXdNPNa1VqrMzVfFqxW9xjfgnPg6TdqZogTR7JqTJa71XVSyDckMrYF2AAUfZotAmpNKzHzp7QEipSc,1754160992,2025-08-02T18:56:32,0.000005003,3tcNK6LsY8Q28Mkzrg2mimaiPjqNS5aAmapSTQhhxveB,inc,2010449561017,3201138778404,5211588339421,3GinPHjJdnkU482Q3MSUYXok4r6oqWMEvoYE7kkaZtqw,6,1.0
gP5Tx1TRMXdNPNa1VqrMzVfFqxW9xjfgnPg6TdqZogTR7JqTJa71XVSyDckMrYF2AAUfZotAmpNKzHzp7QEipSc,1754160992,2025-08-02T18:56:32,0.000005003,gSUqvUJfTLBPk6d8cXPXoduD5qDa1YbS74nNt69d21W,dec,306208781,459780970,153572189,So11111111111111111111111111111111111111111,9,1.0
3GpNuyxDoHjoJPZMGemfABifh3KErxCbkuPER93Fx7c2tCNVQVp7GXXDkijzZzdw333Xt77mwtWqGVpABDHGb2fG,1754160972,2025-08-02T18:56:12,0.000005,gSUqvUJfTLBPk6d8cXPXoduD5qDa1YbS74nNt69d21W,dec,6000,459786970,459780970,So11111111111111111111111111111111111111111,9,1.0
4BLCHjtHNU3iY5dSWbG2bf8sPrEDAmzzs4LjPXhGzXxxhWrwmj4w6hnow17HxumEogFwcEmVB7wCYJaR4UpcKHrB,1754160972,2025-08-02T18:56:12,0.000005003,3tcNK6LsY8Q28Mkzrg2mimaiPjqNS5aAmapSTQhhxveB,inc,3188122002640,13016775764,3201138778404,3GinPHjJdnkU482Q3MSUYXok4r6oqWMEvoYE7kkaZtqw,6,1.0
4BLCHjtHNU3iY5dSWbG2bf8sPrEDAmzzs4LjPXhGzXxxhWrwmj4w6hnow17HxumEogFwcEmVB7wCYJaR4UpcKHrB,1754160972,2025-08-02T18:56:12,0.000005003,gSUqvUJfTLBPk6d8cXPXoduD5qDa1YbS74nNt69d21W,dec,499581008,959367978,459786970,So11111111111111111111111111111111111111111,9,1.0
36HdM2KDs5Ux5gjjMLr7Sp79cfYEZLevWAUvP9Mtpy6efjtvDBwEgyxGLTCNVtVLSK1WriKGjbaQaSHU1QQ8xvo7,1754160950,2025-08-02T18:55:50,0.000005,gSUqvUJfTLBPk6d8cXPXoduD5qDa1YbS74nNt69d21W,dec,6000,959373978,959367978,So11111111111111111111111111111111111111111,9,1.0
3EzQybhzEyMCEZP6i17UkgZpyVUvsBPsX4BUbNTNEe4KAce8KawGxKaU2dJTmmxJ1QKJCjpXnBx16y6kchoTakc5,1754160950,2025-08-02T18:55:50,0.000005002,3tcNK6LsY8Q28Mkzrg2mimaiPjqNS5aAmapSTQhhxveB,dec,2814846664069,2827863439833,13016775764,3GinPHjJdnkU482Q3MSUYXok4r6oqWMEvoYE7kkaZtqw,6,1.0
3EzQybhzEyMCEZP6i17UkgZpyVUvsBPsX4BUbNTNEe4KAce8KawGxKaU2dJTmmxJ1QKJCjpXnBx16y6kchoTakc5,1754160950,2025-08-02T18:55:50,0.000005002,gSUqvUJfTLBPk6d8cXPXoduD5qDa1YbS74nNt69d21W,inc,433433287,525940691,959373978,So11111111111111111111111111111111111111111,9,1.0
JmsodAYYoP8GMq2zGcxYKK3dgS9oevSakiQQrrkPEfNSmQ3De7QQirA4vG9Fr7G933FTg3N2ESFPzovaQ3JX6hB,1754160862,2025-08-02T18:54:22,0.000005,gSUqvUJfTLBPk6d8cXPXoduD5qDa1YbS74nNt69d21W,dec,6000,525946691,525940691,So11111111111111111111111111111111111111111,9,1.0
4ViHNmYfNwJr9oQf5eAGZXtgv2QjwsBFW7KhCe71wqu6QucXXdZyqkcYqriWf8isg2HSdbYdstMZ1TAZxTavZQym,1754160862,2025-08-02T18:54:22,0.000005003,3tcNK6LsY8Q28Mkzrg2mimaiPjqNS5aAmapSTQhhxveB,inc,2795559709576,32303730257,2827863439833,3GinPHjJdnkU482Q3MSUYXok4r6oqWMEvoYE7kkaZtqw,6,1.0
4ViHNmYfNwJr9oQf5eAGZXtgv2QjwsBFW7KhCe71wqu6QucXXdZyqkcYqriWf8isg2HSdbYdstMZ1TAZxTavZQym,1754160862,2025-08-02T18:54:22,0.000005003,gSUqvUJfTLBPk6d8cXPXoduD5qDa1YbS74nNt69d21W,dec,417051060,942997751,525946691,So11111111111111111111111111111111111111111,9,1.0
YSMMs2DHej7YDMcEvtT1YHxkXv32Ld2cBqeAdPecaE41VdnRmaGs3L75GdoQuiqVngMvCYtMd7BHz6HMTu1fZxg,1754160835,2025-08-02T18:53:55,0.000005,gSUqvUJfTLBPk6d8cXPXoduD5qDa1YbS74nNt69d21W,dec,6000,943003751,942997751,So11111111111111111111111111111111111111111,9,1.0
5Y6pbDvj3B9r8hH83j74QiAD6iU5phH4QLidhmEqgQB31VsrJAc3AqZnyXsaHyLrK7EP86EnWdHLzyo5JNQfQHtg,1754160835,2025-08-02T18:53:55,0.000005002,3tcNK6LsY8Q28Mkzrg2mimaiPjqNS5aAmapSTQhhxveB,dec,6071790357178,6104094087435,32303730257,3GinPHjJdnkU482Q3MSUYXok4r6oqWMEvoYE7kkaZtqw,6,1.0
5Y6pbDvj3B9r8hH83j74QiAD6iU5phH4QLidhmEqgQB31VsrJAc3AqZnyXsaHyLrK7EP86EnWdHLzyo5JNQfQHtg,1754160835,2025-08-02T18:53:55,0.000005002,gSUqvUJfTLBPk6d8cXPXoduD5qDa1YbS74nNt69d21W,inc,840529650,102474101,943003751,So11111111111111111111111111111111111111111,9,1.0
3ey4NCZ1QUvaBQBGBDXJ9uecPfde9sHbfuNa68nuWo2Bm6JiREGwnutgESZA4fB9t6AzJUuR76FXN97HUdCubu8t,1754160602,2025-08-02T18:50:02,0.000005,gSUqvUJfTLBPk6d8cXPXoduD5qDa1YbS74nNt69d21W,dec,6000,102480101,102474101,So11111111111111111111111111111111111111111,9,1.0
26dZ2KfwRUtvaouPGE6yv63KmXqNFHULegcPoTVanBn7dNcA3XkHfHCSciWr9vkxpG7CxDhC1Zpoxj41mP2k12mP,1754160602,2025-08-02T18:50:02,0.000005003,3tcNK6LsY8Q28Mkzrg2mimaiPjqNS5aAmapSTQhhxveB,inc,2654654905863,3449439181572,6104094087435,3GinPHjJdnkU482Q3MSUYXok4r6oqWMEvoYE7kkaZtqw,6,1.0
26dZ2KfwRUtvaouPGE6yv63KmXqNFHULegcPoTVanBn7dNcA3XkHfHCSciWr9vkxpG7CxDhC1Zpoxj41mP2k12mP,1754160602,2025-08-02T18:50:02,0.000005003,gSUqvUJfTLBPk6d8cXPXoduD5qDa1YbS74nNt69d21W,dec,363085532,465565633,102480101,So11111111111111111111111111111111111111111,9,1.0
4W8YXptydVXEuWg7dnbcRgdnSpScjmTG1HHQPAAYFwR5LED3xFCYpspnQAX2kwXNXVsp6ehXhB18gfjH692JJUZe,1754160551,2025-08-02T18:49:11,0.000005,gSUqvUJfTLBPk6d8cXPXoduD5qDa1YbS74nNt69d21W,dec,6000,465571633,465565633,So11111111111111111111111111111111111111111,9,1.0
cjBYdN7bjpM3THmWiPVpuMi2YTFRcitoHdBYpPwhxQN5cmfe7kJeYpg8Dc6EcgK7HiAdTV3TNkmKfUCZr1PTAAE,1754160551,2025-08-02T18:49:11,0.000005003,3tcNK6LsY8Q28Mkzrg2mimaiPjqNS5aAmapSTQhhxveB,inc,3431720693871,17718487701,3449439181572,3GinPHjJdnkU482Q3MSUYXok4r6oqWMEvoYE7kkaZtqw,6,1.0
cjBYdN7bjpM3THmWiPVpuMi2YTFRcitoHdBYpPwhxQN5cmfe7kJeYpg8Dc6EcgK7HiAdTV3TNkmKfUCZr1PTAAE,1754160551,2025-08-02T18:49:11,0.000005003,gSUqvUJfTLBPk6d8cXPXoduD5qDa1YbS74nNt69d21W,dec,495236871,960808504,465571633,So11111111111111111111111111111111111111111,9,1.0
5phWkS6RJUmm6VHRoFvNLFnFHjMveFeEZueCj7gNypGsxWVc3P3ncfZKv9YWrekVgZZy1g1KtNhhfi2uJ8ZL63xH,1754160482,2025-08-02T18:48:02,0.000005,gSUqvUJfTLBPk6d8cXPXoduD5qDa1YbS74nNt69d21W,dec,6000,960814504,960808504,So11111111111111111111111111111111111111111,9,1.0
41CcYq9oFpNeVqtAvB8RFim3BbFviXU1zGztB5niq2N8wbvwK4ctvEPwEchZghoBVX4RFnzpeVLvawhMXvkm5vA5,1754160482,2025-08-02T18:48:02,0.000005002,3tcNK6LsY8Q28Mkzrg2mimaiPjqNS5aAmapSTQhhxveB,dec,1361785534947,1379504022648,17718487701,3GinPHjJdnkU482Q3MSUYXok4r6oqWMEvoYE7kkaZtqw,6,1.0
41CcYq9oFpNeVqtAvB8RFim3BbFviXU1zGztB5niq2N8wbvwK4ctvEPwEchZghoBVX4RFnzpeVLvawhMXvkm5vA5,1754160482,2025-08-02T18:48:02,0.000005002,gSUqvUJfTLBPk6d8cXPXoduD5qDa1YbS74nNt69d21W,inc,189200530,771613974,960814504,So11111111111111111111111111111111111111111,9,1.0
wTH54nFTpaC1ejvJHdZYJMhYJ7guRZReS44b2W9PgNi3hStfi1hSJnP4jhBz4sT4Fuz9RLX1qh3cFsdyQoEVV2t,1754160409,2025-08-02T18:46:49,0.000005,gSUqvUJfTLBPk6d8cXPXoduD5qDa1YbS74nNt69d21W,dec,6000,771619974,771613974,So11111111111111111111111111111111111111111,9,1.0
fM1zMB7zymwS94FRpLHPzFizcxMoCHnnFc7o9tBgRVnLdVS6JmzCoevNUCbhhu3wD9zHoee7GqnkYXe5baMjsYD,1754160409,2025-08-02T18:46:49,0.000005003,3tcNK6LsY8Q28Mkzrg2mimaiPjqNS5aAmapSTQhhxveB,inc,1379504017504,5144,1379504022648,3GinPHjJdnkU482Q3MSUYXok4r6oqWMEvoYE7kkaZtqw,6,1.0
fM1zMB7zymwS94FRpLHPzFizcxMoCHnnFc7o9tBgRVnLdVS6JmzCoevNUCbhhu3wD9zHoee7GqnkYXe5baMjsYD,1754160409,2025-08-02T18:46:49,0.000005003,gSUqvUJfTLBPk6d8cXPXoduD5qDa1YbS74nNt69d21W,dec,197178561,968798535,771619974,So11111111111111111111111111111111111111111,9,1.0
2BRvAmZi76t6L6RPa3LJQ7QqcKAWyeZo4KTQ84i1Q2MTN874KmeWRBXoj2kgi73tNQEicKRaoPZaFTzyMgSWeGzH,1754160380,2025-08-02T18:46:20,0.000005,gSUqvUJfTLBPk6d8cXPXoduD5qDa1YbS74nNt69d21W,dec,6000,968804535,968798535,So11111111111111111111111111111111111111111,9,1.0
21vZLA3ZcxKFZF8kpwqsMnYwfyRJCGu8peq5dikRFB4Wn6HXLJaPFKrZsFrbdiC2fJycQe1NCMdHnkDNciP2D36j,1754160380,2025-08-02T18:46:20,0.000005002,3tcNK6LsY8Q28Mkzrg2mimaiPjqNS5aAmapSTQhhxveB,dec,6209601699473,6209601704617,5144,3GinPHjJdnkU482Q3MSUYXok4r6oqWMEvoYE7kkaZtqw,6,1.0
21vZLA3ZcxKFZF8kpwqsMnYwfyRJCGu8peq5dikRFB4Wn6HXLJaPFKrZsFrbdiC2fJycQe1NCMdHnkDNciP2D36j,1754160380,2025-08-02T18:46:20,0.000005002,gSUqvUJfTLBPk6d8cXPXoduD5qDa1YbS74nNt69d21W,inc,883952945,84851590,968804535,So11111111111111111111111111111111111111111,9,1.0
4yahJDNFe1ZuKYvXMYS1cMAoGoBqPRzh2gRfLj6Q2UxfAqoAnayGhZxxCcaLeGj2KAVPg94deuLLsZTJcg6hniwd,1754160266,2025-08-02T18:44:26,0.000005,gSUqvUJfTLBPk6d8cXPXoduD5qDa1YbS74nNt69d21W,dec,6000,84857590,84851590,So11111111111111111111111111111111111111111,9,1.0
xcALA6oZybwwiQQUZUHUnVG5FWR8d5V6hBc7cWBDZvHSyKq3bUv67GSynqC2j716mhmF2E9HcvkKxByTApGify4,1754160266,2025-08-02T18:44:26,0.000005003,3tcNK6LsY8Q28Mkzrg2mimaiPjqNS5aAmapSTQhhxveB,inc,3792762750439,2416838954178,6209601704617,3GinPHjJdnkU482Q3MSUYXok4r6oqWMEvoYE7kkaZtqw,6,1.0
xcALA6oZybwwiQQUZUHUnVG5FWR8d5V6hBc7cWBDZvHSyKq3bUv67GSynqC2j716mhmF2E9HcvkKxByTApGify4,1754160266,2025-08-02T18:44:26,0.000005003,gSUqvUJfTLBPk6d8cXPXoduD5qDa1YbS74nNt69d21W,dec,548278040,633135630,84857590,So11111111111111111111111111111111111111111,9,1.0
3d7MMwXdv6DpmSZV4cT4U8QVtth4kkaqNn5wHfB1zqKRzdUX84ceEWo2DX2bvh9UY63w1pjFXnQEzhf9LrusWWES,1754160226,2025-08-02T18:43:46,0.000005,gSUqvUJfTLBPk6d8cXPXoduD5qDa1YbS74nNt69d21W,dec,6000,633141630,633135630,So11111111111111111111111111111111111111111,9,1.0
fBQ8CeKvNMpMiVCM26arguC1NWgnT21o8HJM53YLNap3HhXPKMt4ttUVuK2GNhfpPn7MPJWDpHwG1M1teC6Tcr1,1754160226,2025-08-02T18:43:46,0.000005003,3tcNK6LsY8Q28Mkzrg2mimaiPjqNS5aAmapSTQhhxveB,inc,2416649544421,189409757,2416838954178,3GinPHjJdnkU482Q3MSUYXok4r6oqWMEvoYE7kkaZtqw,6,1.0
fBQ8CeKvNMpMiVCM26arguC1NWgnT21o8HJM53YLNap3HhXPKMt4ttUVuK2GNhfpPn7MPJWDpHwG1M1teC6Tcr1,1754160226,2025-08-02T18:43:46,0.000005003,gSUqvUJfTLBPk6d8cXPXoduD5qDa1YbS74nNt69d21W,dec,314900741,948042371,633141630,So11111111111111111111111111111111111111111,9,1.0
2ytjK4rEzuduR34Xma9m3SsZRfA5h8YiWBaTWX3tKY8KJEF2uQnDa1fw8xWMgCG5onjupYmHDJpEjPY5QfJpmWGY,1754160174,2025-08-02T18:42:54,0.000005,gSUqvUJfTLBPk6d8cXPXoduD5qDa1YbS74nNt69d21W,dec,6000,948048371,948042371,So11111111111111111111111111111111111111111,9,1.0
2SMnEh92rbwsVztybdWRwZcSWYFepvu2vCQvDL3vXeAuH6w4aeYdVPz5swjLndWNs78YJ7BH5biubdQ6dT9knUJd,1754160174,2025-08-02T18:42:54,0.000005002,3tcNK6LsY8Q28Mkzrg2mimaiPjqNS5aAmapSTQhhxveB,dec,16313603360,16503013117,189409757,3GinPHjJdnkU482Q3MSUYXok4r6oqWMEvoYE7kkaZtqw,6,1.0
2SMnEh92rbwsVztybdWRwZcSWYFepvu2vCQvDL3vXeAuH6w4aeYdVPz5swjLndWNs78YJ7BH5biubdQ6dT9knUJd,1754160174,2025-08-02T18:42:54,0.000005002,gSUqvUJfTLBPk6d8cXPXoduD5qDa1YbS74nNt69d21W,inc,2173703,945874668,948048371,So11111111111111111111111111111111111111111,9,1.0
5WnzQWme25aRYBu6sTuVDgW4fFuzMgyP1ovjbp6ux5FABBymKjFEBv94sFLMT125f8Dr8BPezFDFdmZrTMgcmdj8,1754160150,2025-08-02T18:42:30,0.000005,gSUqvUJfTLBPk6d8cXPXoduD5qDa1YbS74nNt69d21W,dec,6000,945880668,945874668,So11111111111111111111111111111111111111111,9,1.0
2rkViFuD3Ug6LNCZAb2hTncrKyqLdnGNYARFMoWenruz9TW5Ufg89GgADiisjoa7989bCsQ2KgSzXF8NT5Wtbip3,1754160150,2025-08-02T18:42:30,0.000005002,3tcNK6LsY8Q28Mkzrg2mimaiPjqNS5aAmapSTQhhxveB,dec,6156310025747,6172813038864,16503013117,3GinPHjJdnkU482Q3MSUYXok4r6oqWMEvoYE7kkaZtqw,6,1.0
2rkViFuD3Ug6LNCZAb2hTncrKyqLdnGNYARFMoWenruz9TW5Ufg89GgADiisjoa7989bCsQ2KgSzXF8NT5Wtbip3,1754160150,2025-08-02T18:42:30,0.000005002,gSUqvUJfTLBPk6d8cXPXoduD5qDa1YbS74nNt69d21W,inc,830610526,115270142,945880668,So11111111111111111111111111111111111111111,9,1.0
4BEPMK5oFrE2bAi2W7CqD5T7omkwjAwj9M4TSPKmURNLpympzrP3uM2YuGHTGzxct51BJSU67UH6dgppDrHAiyE,1754160135,2025-08-02T18:42:15,0.000005,gSUqvUJfTLBPk6d8cXPXoduD5qDa1YbS74nNt69d21W,dec,6000,115276142,115270142,So11111111111111111111111111111111111111111,9,1.0
4NejoERbdQb1dNVzKR2u6seaWfHV4z8zz2tzTtqt8cWjgVBLqCXLvnbCMRHB5gqgNvKyXEdPSfDP2wz5jaK7BFCY,1754160135,2025-08-02T18:42:15,0.000005003,3tcNK6LsY8Q28Mkzrg2mimaiPjqNS5aAmapSTQhhxveB,inc,1384094209194,4788718829670,6172813038864,3GinPHjJdnkU482Q3MSUYXok4r6oqWMEvoYE7kkaZtqw,6,1.0
4NejoERbdQb1dNVzKR2u6seaWfHV4z8zz2tzTtqt8cWjgVBLqCXLvnbCMRHB5gqgNvKyXEdPSfDP2wz5jaK7BFCY,1754160135,2025-08-02T18:42:15,0.000005003,gSUqvUJfTLBPk6d8cXPXoduD5qDa1YbS74nNt69d21W,dec,188264310,303540452,115276142,So11111111111111111111111111111111111111111,9,1.0
5zLXgC9JbRCFGG7PG96TG24ziUzPag5LGwfkHSbNofsMuPNrGvEG3z1d5ctWsV4R8hqYR3s3vkSmxfBovB4oYtQ9,1754160113,2025-08-02T18:41:53,0.000005,gSUqvUJfTLBPk6d8cXPXoduD5qDa1YbS74nNt69d21W,dec,6000,303546452,303540452,So11111111111111111111111111111111111111111,9,1.0
z2qk45AySmGN8wg55u1Yg7gRQGQz2R3dgd9BJeYiKVYQfJLb71xTErMpA4JK628PAWfV5CkdJhP1NRWF2A2yD3s,1754160113,2025-08-02T18:41:53,0.000005003,3tcNK6LsY8Q28Mkzrg2mimaiPjqNS5aAmapSTQhhxveB,inc,1535663855166,3253054974504,4788718829670,3GinPHjJdnkU482Q3MSUYXok4r6oqWMEvoYE7kkaZtqw,6,1.0
z2qk45AySmGN8wg55u1Yg7gRQGQz2R3dgd9BJeYiKVYQfJLb71xTErMpA4JK628PAWfV5CkdJhP1NRWF2A2yD3s,1754160113,2025-08-02T18:41:53,0.000005003,gSUqvUJfTLBPk6d8cXPXoduD5qDa1YbS74nNt69d21W,dec,214252888,517799340,303546452,So11111111111111111111111111111111111111111,9,1.0
2hG7hP1zaHPHRJnnkaYhbuxe14uuKPtMfGr3cCjCfYVyAqbXPnNktGoNvwgaGtLnJ8pnRvVrCYuuVbgDSbb2MEDD,1754160066,2025-08-02T18:41:06,0.000005,gSUqvUJfTLBPk6d8cXPXoduD5qDa1YbS74nNt69d21W,dec,6000,517805340,517799340,So11111111111111111111111111111111111111111,9,1.0
4deSAG1M1VbMmCE9YYRfMNjf2C2mrQF6Lex8ZGo9K6EGuzXVVoLQUjC5qQnx8BvuiSphy8JGxBnWwGqDpPtSs754,1754160066,2025-08-02T18:41:06,0.000005003,3tcNK6LsY8Q28Mkzrg2mimaiPjqNS5aAmapSTQhhxveB,inc,921688689077,2331366285427,3253054974504,3GinPHjJdnkU482Q3MSUYXok4r6oqWMEvoYE7kkaZtqw,6,1.0
4deSAG1M1VbMmCE9YYRfMNjf2C2mrQF6Lex8ZGo9K6EGuzXVVoLQUjC5qQnx8BvuiSphy8JGxBnWwGqDpPtSs754,1754160066,2025-08-02T18:41:06,0.000005003,gSUqvUJfTLBPk6d8cXPXoduD5qDa1YbS74nNt69d21W,dec,132825675,650631015,517805340,So11111111111111111111111111111111111111111,9,1.0
4ZUGDpXyUXcQvMFQNo3nohmpPj5VHz4B3K7T9Fx1RemhKGEzFUFupfB2jN3R2GXkZDxeysEFQm8QyJA2Yh7ECiLj,1754160059,2025-08-02T18:40:59,0.000005,gSUqvUJfTLBPk6d8cXPXoduD5qDa1YbS74nNt69d21W,dec,6000,650637015,650631015,So11111111111111111111111111111111111111111,9,1.0
2TbPAbJMNoRWWaMN5MXWtS25Rx6cXJYZ9muohfqrCBXnBUQvDpC6jYE4AXs3EfSYkr76GCGQT8viFMA7NQBsnVeL,1754160059,2025-08-02T18:40:59,0.000005003,3tcNK6LsY8Q28Mkzrg2mimaiPjqNS5aAmapSTQhhxveB,inc,2331366281117,4310,2331366285427,3GinPHjJdnkU482Q3MSUYXok4r6oqWMEvoYE7kkaZtqw,6,1.0
2TbPAbJMNoRWWaMN5MXWtS25Rx6cXJYZ9muohfqrCBXnBUQvDpC6jYE4AXs3EfSYkr76GCGQT8viFMA7NQBsnVeL,1754160059,2025-08-02T18:40:59,0.000005003,gSUqvUJfTLBPk6d8cXPXoduD5qDa1YbS74nNt69d21W,dec,334491286,985128301,650637015,So11111111111111111111111111111111111111111,9,1.0
McE75HTJyJqMGCshPtYGt18mDZwpjxXjknkiTsTkC1yc1n2RbG6ct36HpT3EzBnes5dXy6QbrzunG5dPPaQ4KZt,1754159958,2025-08-02T18:39:18,0.000005,gSUqvUJfTLBPk6d8cXPXoduD5qDa1YbS74nNt69d21W,dec,6000,985134301,985128301,So11111111111111111111111111111111111111111,9,1.0
4kidQUY6zTeap8nZR5ZphUD89eBkoYLdhrTcThGKn7MqzCnVVV146TypbXKErPnnLpvmdoufTnZbtPHLbS7nLMBj,1754159958,2025-08-02T18:39:18,0.000005002,3tcNK6LsY8Q28Mkzrg2mimaiPjqNS5aAmapSTQhhxveB,dec,4045649875,4045654185,4310,3GinPHjJdnkU482Q3MSUYXok4r6oqWMEvoYE7kkaZtqw,6,1.0
4kidQUY6zTeap8nZR5ZphUD89eBkoYLdhrTcThGKn7MqzCnVVV146TypbXKErPnnLpvmdoufTnZbtPHLbS7nLMBj,1754159958,2025-08-02T18:39:18,0.000005002,gSUqvUJfTLBPk6d8cXPXoduD5qDa1YbS74nNt69d21W,inc,556414,984577887,985134301,So11111111111111111111111111111111111111111,9,1.0
61H75VZ4Wb8tNPTBNpYrVjsDd4StNGEgCNLWN2pAJFfkB2HFX59onqmjgkVphXohDaPdGkmxrpqGsSE5E92TBfLQ,1754159946,2025-08-02T18:39:06,0.000005,gSUqvUJfTLBPk6d8cXPXoduD5qDa1YbS74nNt69d21W,dec,6000,984583887,984577887,So11111111111111111111111111111111111111111,9,1.0
2mJfxxvto5QcAWgNaLkGhiuXndwpPoGBU99NUQtsFnFQRuAYh3WSCMAmVQSfHTN2rQguPuJyT1qLRRQYkSdysAd8,1754159946,2025-08-02T18:39:06,0.000005002,3tcNK6LsY8Q28Mkzrg2mimaiPjqNS5aAmapSTQhhxveB,dec,776392502217,780438156402,4045654185,3GinPHjJdnkU482Q3MSUYXok4r6oqWMEvoYE7kkaZtqw,6,1.0
2mJfxxvto5QcAWgNaLkGhiuXndwpPoGBU99NUQtsFnFQRuAYh3WSCMAmVQSfHTN2rQguPuJyT1qLRRQYkSdysAd8,1754159946,2025-08-02T18:39:06,0.000005002,gSUqvUJfTLBPk6d8cXPXoduD5qDa1YbS74nNt69d21W,inc,110291253,874292634,984583887,So11111111111111111111111111111111111111111,9,1.0
4EMv9KS2U4RtcazQ8aSgpeVoTFXuYL4q88gX1q3WQrhPKKJdDKqjXKGsazRHtMRvgwW3awQuJWcoLygcacuy5LLo,1754159942,2025-08-02T18:39:02,0.000005,gSUqvUJfTLBPk6d8cXPXoduD5qDa1YbS74nNt69d21W,dec,6000,874298634,874292634,So11111111111111111111111111111111111111111,9,1.0
5r4Hk79ssUWLYmfVSH8xRBy2n4FN5LAZreQFs4QvwUjomhvaiyeT4pGdSV1eFN1M7RzC3BDHfhWf885yfpf1xdq8,1754159942,2025-08-02T18:39:02,0.000005003,3tcNK6LsY8Q28Mkzrg2mimaiPjqNS5aAmapSTQhhxveB,inc,780438155216,1186,780438156402,3GinPHjJdnkU482Q3MSUYXok4r6oqWMEvoYE7kkaZtqw,6,1.0
5r4Hk79ssUWLYmfVSH8xRBy2n4FN5LAZreQFs4QvwUjomhvaiyeT4pGdSV1eFN1M7RzC3BDHfhWf885yfpf1xdq8,1754159942,2025-08-02T18:39:02,0.000005003,gSUqvUJfTLBPk6d8cXPXoduD5qDa1YbS74nNt69d21W,dec,111701767,986000401,874298634,So11111111111111111111111111111111111111111,9,1.0
Y4YXfPvMJGDocPYuH1KWFe7Rg6FLtQW5gavdZk4eAKiHqMszd9jUh9Az7yUSEq1EsPQxYxPqT6SRjPrQ1GMS1Tb,1754159899,2025-08-02T18:38:19,0.000005,gSUqvUJfTLBPk6d8cXPXoduD5qDa1YbS74nNt69d21W,dec,6000,986006401,986000401,So11111111111111111111111111111111111111111,9,1.0
4VuemHbtmmyd7eE637j5fWtRrb76nLJJQV5yCe7ShYcLPhSkF3hGikuSxPf59JAmxU8TbwsZSDD48vK9kfX6ep7v,1754159899,2025-08-02T18:38:19,0.000005002,3tcNK6LsY8Q28Mkzrg2mimaiPjqNS5aAmapSTQhhxveB,dec,64106164,64107350,1186,3GinPHjJdnkU482Q3MSUYXok4r6oqWMEvoYE7kkaZtqw,6,1.0
4VuemHbtmmyd7eE637j5fWtRrb76nLJJQV5yCe7ShYcLPhSkF3hGikuSxPf59JAmxU8TbwsZSDD48vK9kfX6ep7v,1754159899,2025-08-02T18:38:19,0.000005002,gSUqvUJfTLBPk6d8cXPXoduD5qDa1YbS74nNt69d21W,inc,4248,986002153,986006401,So11111111111111111111111111111111111111111,9,1.0
2fu7snVNCDnLQt7C6tNi3zhs8cGay4EuJTtK1XQ87HrPn3AZ95NqSimfa2xVjaivcWYCBoQXMcApKjzhZeyc8P7A,1754159769,2025-08-02T18:36:09,0.000005,gSUqvUJfTLBPk6d8cXPXoduD5qDa1YbS74nNt69d21W,dec,6000,986008153,986002153,So11111111111111111111111111111111111111111,9,1.0
5fi2yLvaTiL5WART3pE2m2qMACwyueZ5XEcDDaUsxHfLpMPiofiiYprsMGs46VzzTyVCdgruQvawdiqzXmGffMxE,1754159769,2025-08-02T18:36:09,0.000005002,3tcNK6LsY8Q28Mkzrg2mimaiPjqNS5aAmapSTQhhxveB,dec,9470715466,9534822816,64107350,3GinPHjJdnkU482Q3MSUYXok4r6oqWMEvoYE7kkaZtqw,6,1.0
5fi2yLvaTiL5WART3pE2m2qMACwyueZ5XEcDDaUsxHfLpMPiofiiYprsMGs46VzzTyVCdgruQvawdiqzXmGffMxE,1754159769,2025-08-02T18:36:09,0.000005002,gSUqvUJfTLBPk6d8cXPXoduD5qDa1YbS74nNt69d21W,inc,1310213,984697940,986008153,So11111111111111111111111111111111111111111,9,1.0
bTAefd7aejawPEWNB8y17m4keHFz7kziyjJzjeW9fDXghkqCNh5eFH6EPjbq2uowQZBHRbG9Mg9yh8vnNvJFuae,1754159745,2025-08-02T18:35:45,0.000005,gSUqvUJfTLBPk6d8cXPXoduD5qDa1YbS74nNt69d21W,dec,6000,984703940,984697940,So11111111111111111111111111111111111111111,9,1.0
HkacjVf99fCFT4iJZJaGxPLsUK2NEj5d3GRE2gr25VQXJ2gfpsAL3BAcHnyHTy42G2CxwuKNWGEYe1rnSgkQiyi,1754159745,2025-08-02T18:35:45,0.000005002,3tcNK6LsY8Q28Mkzrg2mimaiPjqNS5aAmapSTQhhxveB,dec,2188094746516,2197629569332,9534822816,3GinPHjJdnkU482Q3MSUYXok4r6oqWMEvoYE7kkaZtqw,6,1.0
HkacjVf99fCFT4iJZJaGxPLsUK2NEj5d3GRE2gr25VQXJ2gfpsAL3BAcHnyHTy42G2CxwuKNWGEYe1rnSgkQiyi,1754159745,2025-08-02T18:35:45,0.000005002,gSUqvUJfTLBPk6d8cXPXoduD5qDa1YbS74nNt69d21W,inc,288756286,695947654,984703940,So11111111111111111111111111111111111111111,9,1.0
B7JVmNPmvN6mdZSeapGttZiwRGPniAfjZMVkyE1nKJQoqcRx1qhNYPhyVGmXgHcz4sRGF8uivJjwW1mPgV71FBi,1754159702,2025-08-02T18:35:02,0.000005,gSUqvUJfTLBPk6d8cXPXoduD5qDa1YbS74nNt69d21W,dec,6000,695953654,695947654,So11111111111111111111111111111111111111111,9,1.0
23h2pE4k3DGGUCPL54QnD9CtSQQvjuBStHLGB6Xy6jvJYUmaqdzLkUgfRyWx4qV24QVxQPU2TA5urjwGdXVXR5XJ,1754159702,2025-08-02T18:35:02,0.000005003,3tcNK6LsY8Q28Mkzrg2mimaiPjqNS5aAmapSTQhhxveB,inc,2197629541736,27596,2197629569332,3GinPHjJdnkU482Q3MSUYXok4r6oqWMEvoYE7kkaZtqw,6,1.0
23h2pE4k3DGGUCPL54QnD9CtSQQvjuBStHLGB6Xy6jvJYUmaqdzLkUgfRyWx4qV24QVxQPU2TA5urjwGdXVXR5XJ,1754159702,2025-08-02T18:35:02,0.000005003,gSUqvUJfTLBPk6d8cXPXoduD5qDa1YbS74nNt69d21W,dec,299418888,995372542,695953654,So11111111111111111111111111111111111111111,9,1.0
4DPicYNygN2WNfYzLFojyQ3XR8WadPsJvonSW5a9Js2eymhh7athewrJfrBsRCJAshCTtJpraiVpAsf7oKDUikXM,1754159698,2025-08-02T18:34:58,0.000005,gSUqvUJfTLBPk6d8cXPXoduD5qDa1YbS74nNt69d21W,dec,6000,995378542,995372542,So11111111111111111111111111111111111111111,9,1.0
5Ax8sxZ4enXHs3S5JUxtWWA4mBWu7i8qmHcirW6CHh5gLA4d3ipHKeH1DegkwAnHTFqJZJSsK2CLoMA2H5iZbsh2,1754159698,2025-08-02T18:34:58,0.000005002,3tcNK6LsY8Q28Mkzrg2mimaiPjqNS5aAmapSTQhhxveB,dec,1808832,1836428,27596,3GinPHjJdnkU482Q3MSUYXok4r6oqWMEvoYE7kkaZtqw,6,1.0
5Ax8sxZ4enXHs3S5JUxtWWA4mBWu7i8qmHcirW6CHh5gLA4d3ipHKeH1DegkwAnHTFqJZJSsK2CLoMA2H5iZbsh2,1754159698,2025-08-02T18:34:58,0.000005002,gSUqvUJfTLBPk6d8cXPXoduD5qDa1YbS74nNt69d21W,dec,4755,995383297,995378542,So11111111111111111111111111111111111111111,9,1.0
4dMp5m3Bc54wwj8ehogfUgEquTVRe6d71EbzZexmr8kLp4cR8PVSvFSxsnxwruwBgST818CjckzxyZxzEQNdjaPu,1754159665,2025-08-02T18:34:25,0.000005,gSUqvUJfTLBPk6d8cXPXoduD5qDa1YbS74nNt69d21W,dec,6000,995389297,995383297,So11111111111111111111111111111111111111111,9,1.0
5SWqb9Y3YRtvgYUkEJafN42njss1t5AKJcx4UDfkQXYqHe2bUWrdXb7eFSK3Hakht6WNW6hv1s1pNsi2ZX3AQYbN,1754159665,2025-08-02T18:34:25,0.000005002,3tcNK6LsY8Q28Mkzrg2mimaiPjqNS5aAmapSTQhhxveB,dec,91543235,93379663,1836428,3GinPHjJdnkU482Q3MSUYXok4r6oqWMEvoYE7kkaZtqw,6,1.0
5SWqb9Y3YRtvgYUkEJafN42njss1t5AKJcx4UDfkQXYqHe2bUWrdXb7eFSK3Hakht6WNW6hv1s1pNsi2ZX3AQYbN,1754159665,2025-08-02T18:34:25,0.000005002,gSUqvUJfTLBPk6d8cXPXoduD5qDa1YbS74nNt69d21W,inc,7041,995382256,995389297,So11111111111111111111111111111111111111111,9,1.0
3Hh4ryHpRAHt53g9Fxxtam1Ye8M7EkJmf1noowu3YGCnHUdGetkUpo9HCBHDEEk9gsYqfUg6fzAWyBcUUPFCoJuu,1754159654,2025-08-02T18:34:14,0.000005,gSUqvUJfTLBPk6d8cXPXoduD5qDa1YbS74nNt69d21W,dec,6000,995388256,995382256,So11111111111111111111111111111111111111111,9,1.0
2YWxuYm13DgWoqrC6wbA5eGvR2CjK1c3J3EZZZcNMvwguPPoMNhUSpA6DatNE7c6d5cWi8rWFJJFDS5tnWAPGtu3,1754159654,2025-08-02T18:34:14,0.000005002,3tcNK6LsY8Q28Mkzrg2mimaiPjqNS5aAmapSTQhhxveB,dec,16304694191,16398073854,93379663,3GinPHjJdnkU482Q3MSUYXok4r6oqWMEvoYE7kkaZtqw,6,1.0
2YWxuYm13DgWoqrC6wbA5eGvR2CjK1c3J3EZZZcNMvwguPPoMNhUSpA6DatNE7c6d5cWi8rWFJJFDS5tnWAPGtu3,1754159654,2025-08-02T18:34:14,0.000005002,gSUqvUJfTLBPk6d8cXPXoduD5qDa1YbS74nNt69d21W,inc,2100580,993287676,995388256,So11111111111111111111111111111111111111111,9,1.0
2SZV3FD67zWQtw3ZGLPjwM13eJVtdVkdH7LKvryYwCkPitWsZW1sjJFmkutQT5jZ623nbsb5YLKp4TJMPQUDV8nQ,1754159618,2025-08-02T18:33:38,0.000005,gSUqvUJfTLBPk6d8cXPXoduD5qDa1YbS74nNt69d21W,dec,6000,993293676,993287676,So11111111111111111111111111111111111111111,9,1.0
4sT14hpYe8Bx7aWNLVpAdJ5zHJTh6R6eLHDPc2hEnwXbj3TE12Dv7jpnVwdcTpVhyfkHWAHFqMPqSAC4oAbcDs7L,1754159618,2025-08-02T18:33:38,0.000005002,3tcNK6LsY8Q28Mkzrg2mimaiPjqNS5aAmapSTQhhxveB,dec,2217913935870,2234312009724,16398073854,3GinPHjJdnkU482Q3MSUYXok4r6oqWMEvoYE7kkaZtqw,6,1.0
4sT14hpYe8Bx7aWNLVpAdJ5zHJTh6R6eLHDPc2hEnwXbj3TE12Dv7jpnVwdcTpVhyfkHWAHFqMPqSAC4oAbcDs7L,1754159618,2025-08-02T18:33:38,0.000005002,gSUqvUJfTLBPk6d8cXPXoduD5qDa1YbS74nNt69d21W,inc,287007254,706286422,993293676,So11111111111111111111111111111111111111111,9,1.0
4Wsz4gDCTuzeRReiRjpaM6LYmZpXQnHsbNw8H2avs4WS5hU3iGho8opMPH2o6YyQW1Sy9aRkKnQQXF3kuZtYdsMC,1754159596,2025-08-02T18:33:16,0.000005,gSUqvUJfTLBPk6d8cXPXoduD5qDa1YbS74nNt69d21W,dec,6000,706292422,706286422,So11111111111111111111111111111111111111111,9,1.0
2E4DguVtZ6fT3hdSTTvwtHiDjEHnxere2P7vF47Bpg2NN3aW3Gm5Wp4mJxHSiFZ8a4fDCM8oUg5N2iHQ4Q3pwELC,1754159596,2025-08-02T18:33:16,0.000005004,3tcNK6LsY8Q28Mkzrg2mimaiPjqNS5aAmapSTQhhxveB,inc,2234312009724,0,2234312009724,3GinPHjJdnkU482Q3MSUYXok4r6oqWMEvoYE7kkaZtqw,6,1.0
2E4DguVtZ6fT3hdSTTvwtHiDjEHnxere2P7vF47Bpg2NN3aW3Gm5Wp4mJxHSiFZ8a4fDCM8oUg5N2iHQ4Q3pwELC,1754159596,2025-08-02T18:33:16,0.000005004,gSUqvUJfTLBPk6d8cXPXoduD5qDa1YbS74nNt69d21W,dec,295207578,1001500000,706292422,So11111111111111111111111111111111111111111,9,1.0
2VTd3y6KfGSFScgaotbFjH7UBogs3dGzo4jqzS5x6UJm9QdojHg3vkh1spEoKrcHv4zjhEgwtrCLS41bh7aXTiQ6,1754159368,2025-08-02T18:29:28,0.0000314,gSUqvUJfTLBPk6d8cXPXoduD5qDa1YbS74nNt69d21W,inc,1000000000,1500000,1001500000,So11111111111111111111111111111111111111111,9,1.0
3nrwKa73BnViXNV1aVSUpKTaVjg81j6p4XuR1sgXwidgv3j8WkZb2tC38XZLHbBpocmXDHtQmVJ9ejfrepMQ2zjg,1754159234,2025-08-02T18:27:14,0.0000666,gSUqvUJfTLBPk6d8cXPXoduD5qDa1YbS74nNt69d21W,dec,986274364,987774364,1500000,So11111111111111111111111111111111111111111,9,1.0
5m7jQUR6hhzxwDcoVHQ9d9KsagZamFMG45UDW4iBY6wLDRdooVCZicvDVrAM8YZFj1P7qz1yJpqdUR5fMZXvykAY,1754159174,2025-08-02T18:26:14,0.000005,gSUqvUJfTLBPk6d8cXPXoduD5qDa1YbS74nNt69d21W,dec,6000,987780364,987774364,So11111111111111111111111111111111111111111,9,1.0
5DoYDvvNKgioaQ7jFN6k7XcFNnVatk1BBRgZAcYHNLLs7Xix7Ffn9pTfL6Djo2Uteheh9T3kNqJo3UPeNaTv1gFB,1754159174,2025-08-02T18:26:14,0.000005002,DgWPqPeoLAsmh5YzfwMwy8cTzkHy5yQ7EtcZs9WqoWhm,dec,5590065968,5654125661,64059693,Bte1mkvQ2DLXcNY9WCNVKFjBfNxAjvPCzdLiDiu9FQpi,6,1.0
5DoYDvvNKgioaQ7jFN6k7XcFNnVatk1BBRgZAcYHNLLs7Xix7Ffn9pTfL6Djo2Uteheh9T3kNqJo3UPeNaTv1gFB,1754159174,2025-08-02T18:26:14,0.000005002,gSUqvUJfTLBPk6d8cXPXoduD5qDa1YbS74nNt69d21W,inc,774130,987006234,987780364,So11111111111111111111111111111111111111111,9,1.0
2s7K4URUV9F1YQuGWmrqE8CE9jotwDdiwhXaZ4L1dWa5gJR9KsjMbEA914uyC3JZfaonEynNVymtv3b9kicPRx3S,1754159118,2025-08-02T18:25:18,0.000005,gSUqvUJfTLBPk6d8cXPXoduD5qDa1YbS74nNt69d21W,dec,6000,987012234,987006234,So11111111111111111111111111111111111111111,9,1.0
jVRoq761Mwvx3FbnBJVPUBiGb4jJboSTZYWNJb9a74xS4C9KmvSKjvz7NhtV8WFAEx1PSXt931i1kEHoUoDxQ9e,1754159118,2025-08-02T18:25:18,0.000005002,DgWPqPeoLAsmh5YzfwMwy8cTzkHy5yQ7EtcZs9WqoWhm,dec,768349358343,774003484004,5654125661,Bte1mkvQ2DLXcNY9WCNVKFjBfNxAjvPCzdLiDiu9FQpi,6,1.0
jVRoq761Mwvx3FbnBJVPUBiGb4jJboSTZYWNJb9a74xS4C9KmvSKjvz7NhtV8WFAEx1PSXt931i1kEHoUoDxQ9e,1754159118,2025-08-02T18:25:18,0.000005002,gSUqvUJfTLBPk6d8cXPXoduD5qDa1YbS74nNt69d21W,inc,101850742,885161492,987012234,So11111111111111111111111111111111111111111,9,1.0
2BDDfu6PGufqhFHvoSCZ3Z8iaaxjean23LgES9k2akF9p9NeXN7VTCwxgJbv5jVrPAR6fWgCNVkHQ2RYDL4QSmNd,1754158968,2025-08-02T18:22:48,0.000005,gSUqvUJfTLBPk6d8cXPXoduD5qDa1YbS74nNt69d21W,inc,1,885161491,885161492,So11111111111111111111111111111111111111111,9,1.0
2fRjGdAE9YZc4c4PPFYYwdP43oTDGdj83FviTAuHJmhGbj8AEgnH6QnyNp5x12hJZnNd8YrUfK8zzMArYvY6Ga3p,1754158968,2025-08-02T18:22:48,0.000005,gSUqvUJfTLBPk6d8cXPXoduD5qDa1YbS74nNt69d21W,inc,1,885161490,885161491,So11111111111111111111111111111111111111111,9,1.0
64xrzygjhwpbXg6mA9G6q752Hi9qYHgmY3ynqftw6Y9j52ZrSmYroLHc6xjyUSavwWZKvkKAtLjFD6oY4SucjzcN,1754158966,2025-08-02T18:22:46,0.000005,gSUqvUJfTLBPk6d8cXPXoduD5qDa1YbS74nNt69d21W,dec,6000,885167490,885161490,So11111111111111111111111111111111111111111,9,1.0
44E1B2UgRarFNSBQZoAd4SeLKGyPPxuX9xRZzGfjgPPoxt1pBxSPzeL1G2xyH4wYEWXwThoATSHpX4kxm3g6v9VQ,1754158966,2025-08-02T18:22:46,0.000005003,DgWPqPeoLAsmh5YzfwMwy8cTzkHy5yQ7EtcZs9WqoWhm,inc,762771539743,11231944261,774003484004,Bte1mkvQ2DLXcNY9WCNVKFjBfNxAjvPCzdLiDiu9FQpi,6,1.0
44E1B2UgRarFNSBQZoAd4SeLKGyPPxuX9xRZzGfjgPPoxt1pBxSPzeL1G2xyH4wYEWXwThoATSHpX4kxm3g6v9VQ,1754158966,2025-08-02T18:22:46,0.000005003,gSUqvUJfTLBPk6d8cXPXoduD5qDa1YbS74nNt69d21W,dec,112052814,997220304,885167490,So11111111111111111111111111111111111111111,9,1.0
Ri2TSwPnzCHasY3Ly1EEGefPY9x6bzcS2XQrqrdknrqDgm3gDWcPeTcthTS2ByniRsSginWc9Zz5vG5hjdBqPNN,1754158747,2025-08-02T18:19:07,0.000005,gSUqvUJfTLBPk6d8cXPXoduD5qDa1YbS74nNt69d21W,dec,6000,997226304,997220304,So11111111111111111111111111111111111111111,9,1.0
5mGWNSmE5MrzLttQPvvVGzFke7MtEhHWwAx4jCPtbQcJsS7gmRsQpu7VshEpNyaS4uTzc3Wyjoe4sQ1SVjDWXY1m,1754158747,2025-08-02T18:19:07,0.000005002,DgWPqPeoLAsmh5YzfwMwy8cTzkHy5yQ7EtcZs9WqoWhm,dec,1676733936343,1687965880604,11231944261,Bte1mkvQ2DLXcNY9WCNVKFjBfNxAjvPCzdLiDiu9FQpi,6,1.0
5mGWNSmE5MrzLttQPvvVGzFke7MtEhHWwAx4jCPtbQcJsS7gmRsQpu7VshEpNyaS4uTzc3Wyjoe4sQ1SVjDWXY1m,1754158747,2025-08-02T18:19:07,0.000005002,gSUqvUJfTLBPk6d8cXPXoduD5qDa1YbS74nNt69d21W,inc,215005869,782220435,997226304,So11111111111111111111111111111111111111111,9,1.0
4w3kzaFLXzzzUEKV1d7dBM3ADbyfK9nBPzvKEfYNyp79sv393XKsPQD9MubbujQibJPqfq4bNdUN9L9GGwSYBczL,1754158723,2025-08-02T18:18:43,0.000005,gSUqvUJfTLBPk6d8cXPXoduD5qDa1YbS74nNt69d21W,dec,6000,782226435,782220435,So11111111111111111111111111111111111111111,9,1.0
3VYP48WNwicECKSA6QsvU89LceW6RmCahhh5LGEW3hf1rwrix4ChCW59k99oBDGij9928532E4mdKSzf8VDHyuTQ,1754158723,2025-08-02T18:18:43,0.000005004,DgWPqPeoLAsmh5YzfwMwy8cTzkHy5yQ7EtcZs9WqoWhm,inc,1687965880604,0,1687965880604,Bte1mkvQ2DLXcNY9WCNVKFjBfNxAjvPCzdLiDiu9FQpi,6,1.0
3VYP48WNwicECKSA6QsvU89LceW6RmCahhh5LGEW3hf1rwrix4ChCW59k99oBDGij9928532E4mdKSzf8VDHyuTQ,1754158723,2025-08-02T18:18:43,0.000005004,gSUqvUJfTLBPk6d8cXPXoduD5qDa1YbS74nNt69d21W,dec,219273566,1001500001,782226435,So11111111111111111111111111111111111111111,9,1.0
2ZYJzrkFU62Wpwekz3cfUHMwpBMfDNrXGcGA4Xuhjv3WJTyUx2USSzssMh75TNEywQ7YauAWLVWGgzdsDa2V6Z3,1754158501,2025-08-02T18:15:01,0.0000314,gSUqvUJfTLBPk6d8cXPXoduD5qDa1YbS74nNt69d21W,inc,1000000000,1500001,1001500001,So11111111111111111111111111111111111111111,9,1.0
8FXr4gwZ7QTVZWR1B1snarQ4RQPnzp1ENFSRuBiVqduQbma9wLb2MYyAwKqHUohBDefjNj5vefHFKV9BtRjg2e7,1754158400,2025-08-02T18:13:20,0.00001,8XRoMJp4h4BgFbNzAEFy5pyweJzbt7Q3mkdd3BXeehC,dec,6568089034955,6568089034955,0,6e7iXvzmH9WUeCpyK5BKUnrBHhQ3UuSy3jaqastixRnV,6,1.0
2wFnf8AZbb1FBWVdCM9aJEj6Ph8D57Sz3NhtRo5dikpZdqv6LCxs1JrV9MQ6HTEPQouuydj3Gvpk8WGy39dR6Gmj,1754158356,2025-08-02T18:12:36,0.000064647,gSUqvUJfTLBPk6d8cXPXoduD5qDa1YbS74nNt69d21W,dec,30798427,32298428,1500001,So11111111111111111111111111111111111111111,9,1.0
4yQ6kztpcajVtyH3xV5sWku8F4Lmnc9bqpUjEPZ22QN1Cv4sP2edyTD79SsxXnEanPPUwWzQUM7yvipjG7Y4P12,1754158297,2025-08-02T18:11:37,0.000005,gSUqvUJfTLBPk6d8cXPXoduD5qDa1YbS74nNt69d21W,dec,6000,32304428,32298428,So11111111111111111111111111111111111111111,9,1.0
bXWUypBpaA9jv6oWcNyhD2DKs9MqTokGCbu2Jh7YVVN8LZHgVVEEpTP9YZVWFHqJm3vSzDcthEZUQ1d4ycQweaK,1754158297,2025-08-02T18:11:37,0.000005003,8XRoMJp4h4BgFbNzAEFy5pyweJzbt7Q3mkdd3BXeehC,inc,3441524379372,3126564655583,6568089034955,6e7iXvzmH9WUeCpyK5BKUnrBHhQ3UuSy3jaqastixRnV,6,1.0
bXWUypBpaA9jv6oWcNyhD2DKs9MqTokGCbu2Jh7YVVN8LZHgVVEEpTP9YZVWFHqJm3vSzDcthEZUQ1d4ycQweaK,1754158297,2025-08-02T18:11:37,0.000005003,gSUqvUJfTLBPk6d8cXPXoduD5qDa1YbS74nNt69d21W,dec,495196982,527501410,32304428,So11111111111111111111111111111111111111111,9,1.0
3mbhGYLFzYfej6rzPi5pDeeUjk5VJdRDNkLyxJdrhvAbta2T7g2EspQJ9bVWHy7KRJbNkRVn6nGfnJ7kuHr6mwaX,1754158176,2025-08-02T18:09:36,0.000005,gSUqvUJfTLBPk6d8cXPXoduD5qDa1YbS74nNt69d21W,dec,6000,527507410,527501410,So11111111111111111111111111111111111111111,9,1.0
4c8AKpnHW9p8VrQdJu3R7PnqiQrrgPSa5H5LQBoT6dThasjedMhtmZizt21cBGPdKo9VQTuSpDD3zbfNo5uR3MNi,1754158176,2025-08-02T18:09:36,0.000005003,8XRoMJp4h4BgFbNzAEFy5pyweJzbt7Q3mkdd3BXeehC,inc,3126564654056,1527,3126564655583,6e7iXvzmH9WUeCpyK5BKUnrBHhQ3UuSy3jaqastixRnV,6,1.0
4c8AKpnHW9p8VrQdJu3R7PnqiQrrgPSa5H5LQBoT6dThasjedMhtmZizt21cBGPdKo9VQTuSpDD3zbfNo5uR3MNi,1754158176,2025-08-02T18:09:36,0.000005003,gSUqvUJfTLBPk6d8cXPXoduD5qDa1YbS74nNt69d21W,dec,426242907,953750317,527507410,So11111111111111111111111111111111111111111,9,1.0
618V5AvPnTsdHUBcStYHwYPHfTVYqqDEvT534YfvTnu5kunBo231vejV8fWDHUS9fxEyWTuEwbj8CGZ6RmJt6DpP,1754158163,2025-08-02T18:09:23,0.000005,gSUqvUJfTLBPk6d8cXPXoduD5qDa1YbS74nNt69d21W,dec,6000,953756317,953750317,So11111111111111111111111111111111111111111,9,1.0
4zxeK5q92PJ89iXSUbnLxna367GS5wzUgwhmct7cQv4hMFi9sfT6qD8AvYJ39wpZobiJFXJRHfHGY5zptWJ36S6Q,1754158163,2025-08-02T18:09:23,0.000005002,8XRoMJp4h4BgFbNzAEFy5pyweJzbt7Q3mkdd3BXeehC,dec,2777534553461,2777534554988,1527,6e7iXvzmH9WUeCpyK5BKUnrBHhQ3UuSy3jaqastixRnV,6,1.0
4zxeK5q92PJ89iXSUbnLxna367GS5wzUgwhmct7cQv4hMFi9sfT6qD8AvYJ39wpZobiJFXJRHfHGY5zptWJ36S6Q,1754158163,2025-08-02T18:09:23,0.000005002,gSUqvUJfTLBPk6d8cXPXoduD5qDa1YbS74nNt69d21W,inc,377399245,576357072,953756317,So11111111111111111111111111111111111111111,9,1.0
22REF28P7oKDrNNg3Px5dyexGkUMdtdgRemNuYvUTHCrUGJzyq3tGzrribSxaPF1fUDc4BHFRiTPk1DE3rzNKFh8,1754158129,2025-08-02T18:08:49,0.000005,gSUqvUJfTLBPk6d8cXPXoduD5qDa1YbS74nNt69d21W,dec,6000,576363072,576357072,So11111111111111111111111111111111111111111,9,1.0
3w4CzbMjhViUAG4yHYBLExB1z2J5skAQXaH92CtjB9cvrGuRD2UEgsxVsb8xYH6Y78ySaHhvmEeSXVEQ1vza3T1c,1754158129,2025-08-02T18:08:49,0.000005003,8XRoMJp4h4BgFbNzAEFy5pyweJzbt7Q3mkdd3BXeehC,inc,2777534553103,1885,2777534554988,6e7iXvzmH9WUeCpyK5BKUnrBHhQ3UuSy3jaqastixRnV,6,1.0
3w4CzbMjhViUAG4yHYBLExB1z2J5skAQXaH92CtjB9cvrGuRD2UEgsxVsb8xYH6Y78ySaHhvmEeSXVEQ1vza3T1c,1754158129,2025-08-02T18:08:49,0.000005003,gSUqvUJfTLBPk6d8cXPXoduD5qDa1YbS74nNt69d21W,dec,389957391,966320463,576363072,So11111111111111111111111111111111111111111,9,1.0
2zjAtMpPkVEFqQXLyX3RrsiqnEHQzvXRmkarS8p4AmJa8FHK6e6sEivb1gPhn3GYB1Fq4WQgsQav4pJhCpDzybhR,1754157918,2025-08-02T18:05:18,0.000005,gSUqvUJfTLBPk6d8cXPXoduD5qDa1YbS74nNt69d21W,dec,6000,966326463,966320463,So11111111111111111111111111111111111111111,9,1.0
5CKX7t4efGusKZgMVm6hfwEQhPUCzBW2ustvmHt3SuBgFjBML3UKbpv3S4FmBMv55WKdrhGQujHXt188fmqggZmD,1754157918,2025-08-02T18:05:18,0.000005002,8XRoMJp4h4BgFbNzAEFy5pyweJzbt7Q3mkdd3BXeehC,dec,6657819680606,6657819682491,1885,6e7iXvzmH9WUeCpyK5BKUnrBHhQ3UuSy3jaqastixRnV,6,1.0
5CKX7t4efGusKZgMVm6hfwEQhPUCzBW2ustvmHt3SuBgFjBML3UKbpv3S4FmBMv55WKdrhGQujHXt188fmqggZmD,1754157918,2025-08-02T18:05:18,0.000005002,gSUqvUJfTLBPk6d8cXPXoduD5qDa1YbS74nNt69d21W,inc,893495853,72830610,966326463,So11111111111111111111111111111111111111111,9,1.0
4pTn3LcnrPsGVg9zF8j1v73buJ8MkYMCUa6rf4mcSuDX5vPVhL795ed22FwZSj5fifQmXzFMHat9yLrxkUBPCgXn,1754157660,2025-08-02T18:01:00,0.000005,gSUqvUJfTLBPk6d8cXPXoduD5qDa1YbS74nNt69d21W,dec,6000,72836610,72830610,So11111111111111111111111111111111111111111,9,1.0
3xkFmj9rr4fLsyRHf8sSpF6cN3eRFY5RPLMw3xxWyxjVPRhHGgcXNQ3noT6HPLGxKHuJrUVcvDm9GHgbzmzHEL6M,1754157660,2025-08-02T18:01:00,0.000005003,8XRoMJp4h4BgFbNzAEFy5pyweJzbt7Q3mkdd3BXeehC,inc,3529962301647,3127857380844,6657819682491,6e7iXvzmH9WUeCpyK5BKUnrBHhQ3UuSy3jaqastixRnV,6,1.0
3xkFmj9rr4fLsyRHf8sSpF6cN3eRFY5RPLMw3xxWyxjVPRhHGgcXNQ3noT6HPLGxKHuJrUVcvDm9GHgbzmzHEL6M,1754157660,2025-08-02T18:01:00,0.000005003,gSUqvUJfTLBPk6d8cXPXoduD5qDa1YbS74nNt69d21W,dec,512175411,585012021,72836610,So11111111111111111111111111111111111111111,9,1.0
531Yqp3rbgtdqsm9qiJ3VEA5Eknb14YbquUCgM2DwJAfoimSxTzYsEtBmS6G5rJJdx7kGgizmzNXBuRx9JMKhWSf,1754157580,2025-08-02T17:59:40,0.000005,gSUqvUJfTLBPk6d8cXPXoduD5qDa1YbS74nNt69d21W,dec,6000,585018021,585012021,So11111111111111111111111111111111111111111,9,1.0
4Riqhk93nDN9rHdexFA5V8V6VyYK4NtpFnvuKmwhXpGhREKhwAbxjBL5ExFMzzxR44KSr7C8fKZtWFr6sm2eY5tf,1754157580,2025-08-02T17:59:40,0.000005003,8XRoMJp4h4BgFbNzAEFy5pyweJzbt7Q3mkdd3BXeehC,inc,3127857353140,27704,3127857380844,6e7iXvzmH9WUeCpyK5BKUnrBHhQ3UuSy3jaqastixRnV,6,1.0
4Riqhk93nDN9rHdexFA5V8V6VyYK4NtpFnvuKmwhXpGhREKhwAbxjBL5ExFMzzxR44KSr7C8fKZtWFr6sm2eY5tf,1754157580,2025-08-02T17:59:40,0.000005003,gSUqvUJfTLBPk6d8cXPXoduD5qDa1YbS74nNt69d21W,dec,430675513,1015693534,585018021,So11111111111111111111111111111111111111111,9,1.0
4tgefVF1yZCPsSs69bdX1GJLTGVfUSYxrDquxVVMXgcF6MTkASJLKunVLGQ14qfhscospCSXwwfLxKZhe44re6iC,1754157515,2025-08-02T17:58:35,0.000005,gSUqvUJfTLBPk6d8cXPXoduD5qDa1YbS74nNt69d21W,dec,6000,1015699534,1015693534,So11111111111111111111111111111111111111111,9,1.0
2PGyHDaAdyMe1jZ86GCRDQw1M8Xj1j9qRLkgDjVqivir8As6m9TpYKTsUSSjKnVbjLvi487vhJGRjE4TGku1GFEB,1754157515,2025-08-02T17:58:35,0.000005002,8XRoMJp4h4BgFbNzAEFy5pyweJzbt7Q3mkdd3BXeehC,dec,353926834,353954538,27704,6e7iXvzmH9WUeCpyK5BKUnrBHhQ3UuSy3jaqastixRnV,6,1.0
2PGyHDaAdyMe1jZ86GCRDQw1M8Xj1j9qRLkgDjVqivir8As6m9TpYKTsUSSjKnVbjLvi487vhJGRjE4TGku1GFEB,1754157515,2025-08-02T17:58:35,0.000005002,gSUqvUJfTLBPk6d8cXPXoduD5qDa1YbS74nNt69d21W,inc,45298,1015654236,1015699534,So11111111111111111111111111111111111111111,9,1.0
iwMsdEsdEtZJsEtjnU2mLEkazRarhrAsLjnpCoud9FcotxmSnR7Eih1YANT4SHeCF9sA4S52abrbdVFV2z9C2DU,1754157502,2025-08-02T17:58:22,0.000005,gSUqvUJfTLBPk6d8cXPXoduD5qDa1YbS74nNt69d21W,dec,6000,1015660236,1015654236,So11111111111111111111111111111111111111111,9,1.0
5MwWMTH1tYmNuMZuVBv2nC4hYX5N8hrxmkesdtn5woVxyKfWTA5CV36dKER7VJv8kMzr78PR9dNPhGvir7x3HpQt,1754157502,2025-08-02T17:58:22,0.000005002,8XRoMJp4h4BgFbNzAEFy5pyweJzbt7Q3mkdd3BXeehC,dec,33834735823,34188690361,353954538,6e7iXvzmH9WUeCpyK5BKUnrBHhQ3UuSy3jaqastixRnV,6,1.0
5MwWMTH1tYmNuMZuVBv2nC4hYX5N8hrxmkesdtn5woVxyKfWTA5CV36dKER7VJv8kMzr78PR9dNPhGvir7x3HpQt,1754157502,2025-08-02T17:58:22,0.000005002,gSUqvUJfTLBPk6d8cXPXoduD5qDa1YbS74nNt69d21W,inc,4890112,1010770124,1015660236,So11111111111111111111111111111111111111111,9,1.0
37moLV3NUiXt461asebmCVsRovuEdbSDNLyQBeTWhd7DUMUYdHTe3kzt59M2PL1s5fKesrJWRzTKXkfzqAkC89Xv,1754157499,2025-08-02T17:58:19,0.000005,gSUqvUJfTLBPk6d8cXPXoduD5qDa1YbS74nNt69d21W,dec,6000,1010776124,1010770124,So11111111111111111111111111111111111111111,9,1.0
4QMtNs4tsjsYXHqsLCw14BcBnzG9WhFNbYy9c5tCJiT7JgDYtNmJqzvLvsxM6SaUvrmPRcCbnkDG8Ak2qZtXCgTk,1754157499,2025-08-02T17:58:19,0.000005002,8XRoMJp4h4BgFbNzAEFy5pyweJzbt7Q3mkdd3BXeehC,dec,3662837372553,3697026062914,34188690361,6e7iXvzmH9WUeCpyK5BKUnrBHhQ3UuSy3jaqastixRnV,6,1.0
4QMtNs4tsjsYXHqsLCw14BcBnzG9WhFNbYy9c5tCJiT7JgDYtNmJqzvLvsxM6SaUvrmPRcCbnkDG8Ak2qZtXCgTk,1754157499,2025-08-02T17:58:19,0.000005002,gSUqvUJfTLBPk6d8cXPXoduD5qDa1YbS74nNt69d21W,inc,523323306,487452818,1010776124,So11111111111111111111111111111111111111111,9,1.0
2UFsZkKTA3XANCrsbXmfnfekz2pDKEH3nyvJSwE6NDGj9Kiw2qhzFvucF1d7eezKS15SFaXExLqVTScJm7A52oqk,1754157466,2025-08-02T17:57:46,0.000005,gSUqvUJfTLBPk6d8cXPXoduD5qDa1YbS74nNt69d21W,dec,6000,487458818,487452818,So11111111111111111111111111111111111111111,9,1.0
QfTZ6u37gK4k7FvLSQRJQMQNi1r7QgN3E2x1skH737ZewY7YWGo5vMgeWgvqRXzQbeMvCYfZjT98pGovZRpGUVP,1754157466,2025-08-02T17:57:46,0.000005002,8XRoMJp4h4BgFbNzAEFy5pyweJzbt7Q3mkdd3BXeehC,dec,944796520422,4641822583336,3697026062914,6e7iXvzmH9WUeCpyK5BKUnrBHhQ3UuSy3jaqastixRnV,6,1.0
QfTZ6u37gK4k7FvLSQRJQMQNi1r7QgN3E2x1skH737ZewY7YWGo5vMgeWgvqRXzQbeMvCYfZjT98pGovZRpGUVP,1754157466,2025-08-02T17:57:46,0.000005002,gSUqvUJfTLBPk6d8cXPXoduD5qDa1YbS74nNt69d21W,inc,129948881,357509937,487458818,So11111111111111111111111111111111111111111,9,1.0
5vaQZAZTiW5zNTCWdyLnZQr4c6StC3zPxrnELcLX9qn5YnX7rG9ZK1kfd9ths7nXSSaeujzd3AZTJKh1PsXgx3x4,1754157464,2025-08-02T17:57:44,0.000005,gSUqvUJfTLBPk6d8cXPXoduD5qDa1YbS74nNt69d21W,dec,6000,357515937,357509937,So11111111111111111111111111111111111111111,9,1.0
5C63SP7wtB32g31GbpBUYWTkegVdaem3PNM3oVkbZCv9gdsaG6RXadq1rjhrfb2XGKeTFQKuzTmtYfkfCnjfwsPr,1754157464,2025-08-02T17:57:44,0.000005003,8XRoMJp4h4BgFbNzAEFy5pyweJzbt7Q3mkdd3BXeehC,inc,3686123242759,955699340577,4641822583336,6e7iXvzmH9WUeCpyK5BKUnrBHhQ3UuSy3jaqastixRnV,6,1.0
5C63SP7wtB32g31GbpBUYWTkegVdaem3PNM3oVkbZCv9gdsaG6RXadq1rjhrfb2XGKeTFQKuzTmtYfkfCnjfwsPr,1754157464,2025-08-02T17:57:44,0.000005003,gSUqvUJfTLBPk6d8cXPXoduD5qDa1YbS74nNt69d21W,dec,506718521,864234458,357515937,So11111111111111111111111111111111111111111,9,1.0
3QgePvMkhtPgZgb3KHetXpgGHPRE4WxLrgNf3yLdYfG9nvuEJWAGK1nrnru52P6QDXoaZ6mYdVdYD1DQBjAtRgxB,1754157413,2025-08-02T17:56:53,0.000005,gSUqvUJfTLBPk6d8cXPXoduD5qDa1YbS74nNt69d21W,dec,6000,864240458,864234458,So11111111111111111111111111111111111111111,9,1.0
5vfX8JxQx2MkUdWxVQTENDWufdF5vcdNfVotFYn92qScth54Bdpkpdm1fpLNVvtF6G7jHW8J8MW8TpssmtvSuauB,1754157413,2025-08-02T17:56:53,0.000005003,8XRoMJp4h4BgFbNzAEFy5pyweJzbt7Q3mkdd3BXeehC,inc,932951722627,22747617950,955699340577,6e7iXvzmH9WUeCpyK5BKUnrBHhQ3UuSy3jaqastixRnV,6,1.0
5vfX8JxQx2MkUdWxVQTENDWufdF5vcdNfVotFYn92qScth54Bdpkpdm1fpLNVvtF6G7jHW8J8MW8TpssmtvSuauB,1754157413,2025-08-02T17:56:53,0.000005003,gSUqvUJfTLBPk6d8cXPXoduD5qDa1YbS74nNt69d21W,dec,129765632,994006090,864240458,So11111111111111111111111111111111111111111,9,1.0
3A9f41XbYqxGJNDt7xwJck3khJ2z5m9vp9zDkfabBWemJvqekTQd98wPhVydeQDAgUqWFEcdMmLU24xbvsg2KQob,1754157367,2025-08-02T17:56:07,0.000005,gSUqvUJfTLBPk6d8cXPXoduD5qDa1YbS74nNt69d21W,dec,6000,994012090,994006090,So11111111111111111111111111111111111111111,9,1.0
453ezC5jvxhnS3S1QhTmpTnPeYMWdFA23Lg5qVLZUinmbybHDTYMjoHSQodwdq3FhWqEEJ2qdtDf9ZwhfKveLsr6,1754157367,2025-08-02T17:56:07,0.000005002,8XRoMJp4h4BgFbNzAEFy5pyweJzbt7Q3mkdd3BXeehC,dec,3930341281374,3953088899324,22747617950,6e7iXvzmH9WUeCpyK5BKUnrBHhQ3UuSy3jaqastixRnV,6,1.0
453ezC5jvxhnS3S1QhTmpTnPeYMWdFA23Lg5qVLZUinmbybHDTYMjoHSQodwdq3FhWqEEJ2qdtDf9ZwhfKveLsr6,1754157367,2025-08-02T17:56:07,0.000005002,gSUqvUJfTLBPk6d8cXPXoduD5qDa1YbS74nNt69d21W,inc,533736842,460275248,994012090,So11111111111111111111111111111111111111111,9,1.0
3go4nzUGZFAvghPJvyBLnQJ86QEjR6jVjLztGgGw3stVbnzizT2WHnbPwAKBKvsvWadZ39aJVPiagQ3jFa3PKPvz,1754157337,2025-08-02T17:55:37,0.000005,gSUqvUJfTLBPk6d8cXPXoduD5qDa1YbS74nNt69d21W,dec,6000,460281248,460275248,So11111111111111111111111111111111111111111,9,1.0
4KS3wh69YfEyNbphqv2LnVF9pS1whn5ydD6254g9pVNJnRauF99qRQMfhYFcPtn3ja7bmXQCiaYdz4RS3sf3y9kB,1754157337,2025-08-02T17:55:37,0.000005003,8XRoMJp4h4BgFbNzAEFy5pyweJzbt7Q3mkdd3BXeehC,inc,3952840858025,248041299,3953088899324,6e7iXvzmH9WUeCpyK5BKUnrBHhQ3UuSy3jaqastixRnV,6,1.0
4KS3wh69YfEyNbphqv2LnVF9pS1whn5ydD6254g9pVNJnRauF99qRQMfhYFcPtn3ja7bmXQCiaYdz4RS3sf3y9kB,1754157337,2025-08-02T17:55:37,0.000005003,gSUqvUJfTLBPk6d8cXPXoduD5qDa1YbS74nNt69d21W,dec,514698480,974979728,460281248,So11111111111111111111111111111111111111111,9,1.0
2rvX2gbUSnyZkMuU4QtXZ24fuoGsYG7brKysRxvnGJKc64Aa8iLPit4CRC3U2vKtXLHYRDdi4LS3Q23p8KFAHdPh,1754157333,2025-08-02T17:55:33,0.000005,gSUqvUJfTLBPk6d8cXPXoduD5qDa1YbS74nNt69d21W,dec,6000,974985728,974979728,So11111111111111111111111111111111111111111,9,1.0
5bKUP6AbvUd3ifEjMFcJN6PxQBX78BS25ruhWCGGzTyFn8QEJfW6FLGH5qvVFXQt5dzpBFGAbF9HD3S34HBpWWD5,1754157333,2025-08-02T17:55:33,0.000005002,8XRoMJp4h4BgFbNzAEFy5pyweJzbt7Q3mkdd3BXeehC,dec,26257914353,26505955652,248041299,6e7iXvzmH9WUeCpyK5BKUnrBHhQ3UuSy3jaqastixRnV,6,1.0
5bKUP6AbvUd3ifEjMFcJN6PxQBX78BS25ruhWCGGzTyFn8QEJfW6FLGH5qvVFXQt5dzpBFGAbF9HD3S34HBpWWD5,1754157333,2025-08-02T17:55:33,0.000005002,gSUqvUJfTLBPk6d8cXPXoduD5qDa1YbS74nNt69d21W,inc,3394731,971590997,974985728,So11111111111111111111111111111111111111111,9,1.0
5REnFjGTiWn2LPgRpQjEFysVuPJWng2Nyyt4eGJNQhy9GL6pSJffF34gFmg9qqkE5HoSsQngu61tdLS4urf2xZg4,1754157278,2025-08-02T17:54:38,0.000005,gSUqvUJfTLBPk6d8cXPXoduD5qDa1YbS74nNt69d21W,dec,6000,971596997,971590997,So11111111111111111111111111111111111111111,9,1.0
RK9m3cdbTaVDrkSKj5v8xDje3jzyCa4auCgSUr6kXWkHosiX1oa8X5CqgbGuB2pFhEzNLmApJdDyPJMP3sufBHQ,1754157278,2025-08-02T17:54:38,0.000005002,8XRoMJp4h4BgFbNzAEFy5pyweJzbt7Q3mkdd3BXeehC,dec,2591465777720,2617971733372,26505955652,6e7iXvzmH9WUeCpyK5BKUnrBHhQ3UuSy3jaqastixRnV,6,1.0
RK9m3cdbTaVDrkSKj5v8xDje3jzyCa4auCgSUr6kXWkHosiX1oa8X5CqgbGuB2pFhEzNLmApJdDyPJMP3sufBHQ,1754157278,2025-08-02T17:54:38,0.000005002,gSUqvUJfTLBPk6d8cXPXoduD5qDa1YbS74nNt69d21W,inc,339145259,632451738,971596997,So11111111111111111111111111111111111111111,9,1.0
2qRMrZPZreaL2z93uCzdmnAhADZkjbo6rrkgnTXCC6hLjZtP4m6f32PYNrZnj6xxWnEDhameHUfwjpz5tNYWTzzQ,1754157197,2025-08-02T17:53:17,0.000005,gSUqvUJfTLBPk6d8cXPXoduD5qDa1YbS74nNt69d21W,dec,6000,632457738,632451738,So11111111111111111111111111111111111111111,9,1.0
5MkrFJG1NMvLifQQQbGedb181AxD4dvqubP28ovJHsL3xeZTTCrXWv9qNbK4sAYBzWft2qsWucymHDQYFQ4XaVib,1754157197,2025-08-02T17:53:17,0.000005003,8XRoMJp4h4BgFbNzAEFy5pyweJzbt7Q3mkdd3BXeehC,inc,2582836622060,35135111312,2617971733372,6e7iXvzmH9WUeCpyK5BKUnrBHhQ3UuSy3jaqastixRnV,6,1.0
5MkrFJG1NMvLifQQQbGedb181AxD4dvqubP28ovJHsL3xeZTTCrXWv9qNbK4sAYBzWft2qsWucymHDQYFQ4XaVib,1754157197,2025-08-02T17:53:17,0.000005003,gSUqvUJfTLBPk6d8cXPXoduD5qDa1YbS74nNt69d21W,dec,354707142,987164880,632457738,So11111111111111111111111111111111111111111,9,1.0
f3EFPN8DvTfAdmgQ62pqxBWj948tnouq7MRGLww694ArH4BXW2m7LfTZoU2x2mruCdDxsxWNtN7Hf914nySMZ5u,1754157143,2025-08-02T17:52:23,0.000005,gSUqvUJfTLBPk6d8cXPXoduD5qDa1YbS74nNt69d21W,dec,6000,987170880,987164880,So11111111111111111111111111111111111111111,9,1.0
4H2sXyVu1QveQ6KLzN9VG11hP473tJDKCGxPazx9eePbidG29z5H1J6gFNeGLuCGsqcwFJA6EkWrwpSuhhxbv9KC,1754157143,2025-08-02T17:52:23,0.000005002,8XRoMJp4h4BgFbNzAEFy5pyweJzbt7Q3mkdd3BXeehC,dec,3186583504015,3221718615327,35135111312,6e7iXvzmH9WUeCpyK5BKUnrBHhQ3UuSy3jaqastixRnV,6,1.0
4H2sXyVu1QveQ6KLzN9VG11hP473tJDKCGxPazx9eePbidG29z5H1J6gFNeGLuCGsqcwFJA6EkWrwpSuhhxbv9KC,1754157143,2025-08-02T17:52:23,0.000005002,gSUqvUJfTLBPk6d8cXPXoduD5qDa1YbS74nNt69d21W,inc,430670983,556499897,987170880,So11111111111111111111111111111111111111111,9,1.0
4mL7Y5FNvveGxVpDZGXrvefPUpJxZhZbfaC5vJob549km5SJuUzJmvjUpYtkJwuQtsU6iR74DshANiJ2DTwZfHoi,1754157131,2025-08-02T17:52:11,0.000005,gSUqvUJfTLBPk6d8cXPXoduD5qDa1YbS74nNt69d21W,dec,6000,556505897,556499897,So11111111111111111111111111111111111111111,9,1.0
3jyPe1B7UV5KPkxpYke1P8uCDZ2JXk1LXrBQ3F6gH56bsssrYMaHy7QwqTiNPYnExKigd4iGRmBcRGnbKK5TCNMp,1754157131,2025-08-02T17:52:11,0.000005003,8XRoMJp4h4BgFbNzAEFy5pyweJzbt7Q3mkdd3BXeehC,inc,3221715032748,3582579,3221718615327,6e7iXvzmH9WUeCpyK5BKUnrBHhQ3UuSy3jaqastixRnV,6,1.0
3jyPe1B7UV5KPkxpYke1P8uCDZ2JXk1LXrBQ3F6gH56bsssrYMaHy7QwqTiNPYnExKigd4iGRmBcRGnbKK5TCNMp,1754157131,2025-08-02T17:52:11,0.000005003,gSUqvUJfTLBPk6d8cXPXoduD5qDa1YbS74nNt69d21W,dec,445411870,1001917767,556505897,So11111111111111111111111111111111111111111,9,1.0
4U4h9hr1ikCqESRjmfJ2qe8SNf7cftZKquXPFmtiNPTsnNYvgx3zCSEWWt1QyuXfCwXRbtniCcAFr8gh1ZMy8SsT,1754157100,2025-08-02T17:51:40,0.000005,gSUqvUJfTLBPk6d8cXPXoduD5qDa1YbS74nNt69d21W,dec,6000,1001923767,1001917767,So11111111111111111111111111111111111111111,9,1.0
5GYtKTcdjmTQfMR6UgUUu8U3vKXL8YhQLd3XtBZmDkA5N9BhF8zJdUXTRyUEDhXtcmRVca9t33vzcjqcUzwt48J6,1754157100,2025-08-02T17:51:40,0.000005002,8XRoMJp4h4BgFbNzAEFy5pyweJzbt7Q3mkdd3BXeehC,dec,477706140,481288719,3582579,6e7iXvzmH9WUeCpyK5BKUnrBHhQ3UuSy3jaqastixRnV,6,1.0
5GYtKTcdjmTQfMR6UgUUu8U3vKXL8YhQLd3XtBZmDkA5N9BhF8zJdUXTRyUEDhXtcmRVca9t33vzcjqcUzwt48J6,1754157100,2025-08-02T17:51:40,0.000005002,gSUqvUJfTLBPk6d8cXPXoduD5qDa1YbS74nNt69d21W,inc,60067,1001863700,1001923767,So11111111111111111111111111111111111111111,9,1.0
5MSzfZUBzcJA2vnmww6QNUHtbGThpHCxbXLtXNL97GBqTufPduQk1nrjQ2WJxjsczi1Uq6pCSUEq9pStriPHuVLd,1754157072,2025-08-02T17:51:12,0.000005,gSUqvUJfTLBPk6d8cXPXoduD5qDa1YbS74nNt69d21W,dec,6000,1001869700,1001863700,So11111111111111111111111111111111111111111,9,1.0
4TGvLdnZqsSmZzGA642g9NNjAmFtSSgajzqCqjEQCbL6gsDeUQPdTxusQjTwRgS8BBjv9UYwWPoWaQuebR46ZQos,1754157072,2025-08-02T17:51:12,0.000005002,8XRoMJp4h4BgFbNzAEFy5pyweJzbt7Q3mkdd3BXeehC,dec,60829828687,61311117406,481288719,6e7iXvzmH9WUeCpyK5BKUnrBHhQ3UuSy3jaqastixRnV,6,1.0
4TGvLdnZqsSmZzGA642g9NNjAmFtSSgajzqCqjEQCbL6gsDeUQPdTxusQjTwRgS8BBjv9UYwWPoWaQuebR46ZQos,1754157072,2025-08-02T17:51:12,0.000005002,gSUqvUJfTLBPk6d8cXPXoduD5qDa1YbS74nNt69d21W,inc,8053691,993816009,1001869700,So11111111111111111111111111111111111111111,9,1.0
3tU8djCYbs7QXrUhYcHj9KWckYTAzA5gPPYcSQih6Rm2nET1R6kcB6oE7DhgCWTtNKxAQx8BVCsU1rn1LcZg8VnY,1754157029,2025-08-02T17:50:29,0.000005,gSUqvUJfTLBPk6d8cXPXoduD5qDa1YbS74nNt69d21W,dec,6000,993822009,993816009,So11111111111111111111111111111111111111111,9,1.0
2KQ2cQgsmAGEdBb4SMCd8kdpoyTCihB86CMWiWfoQqgznHsBcU4yLd4cJQoVxf87cUjjyBk1cYpdLe6zjzc6gKuu,1754157029,2025-08-02T17:50:29,0.000005002,8XRoMJp4h4BgFbNzAEFy5pyweJzbt7Q3mkdd3BXeehC,dec,4680418252382,4741729369788,61311117406,6e7iXvzmH9WUeCpyK5BKUnrBHhQ3UuSy3jaqastixRnV,6,1.0
2KQ2cQgsmAGEdBb4SMCd8kdpoyTCihB86CMWiWfoQqgznHsBcU4yLd4cJQoVxf87cUjjyBk1cYpdLe6zjzc6gKuu,1754157029,2025-08-02T17:50:29,0.000005002,gSUqvUJfTLBPk6d8cXPXoduD5qDa1YbS74nNt69d21W,inc,648525013,345296996,993822009,So11111111111111111111111111111111111111111,9,1.0
3ZBVjvRqFtFF2sREgKxE1FXdz2UEcoWMdLEBnYTbksNVfwdA6wkwpvsWRV5t5oY2SL7Vu6ChyywPUKXDQniTKofk,1754156958,2025-08-02T17:49:18,0.000005,gSUqvUJfTLBPk6d8cXPXoduD5qDa1YbS74nNt69d21W,dec,6000,345302996,345296996,So11111111111111111111111111111111111111111,9,1.0
2v5HeG5tAgxVVFTpvvZihwoqdyXgkNwmkDut4EtbB5cXbruDogvGPgEi44sZbMaFZV325ATkP5fe3nSEKYmYBTey,1754156958,2025-08-02T17:49:18,0.000005003,8XRoMJp4h4BgFbNzAEFy5pyweJzbt7Q3mkdd3BXeehC,inc,2866049464454,1875679905334,4741729369788,6e7iXvzmH9WUeCpyK5BKUnrBHhQ3UuSy3jaqastixRnV,6,1.0
2v5HeG5tAgxVVFTpvvZihwoqdyXgkNwmkDut4EtbB5cXbruDogvGPgEi44sZbMaFZV325ATkP5fe3nSEKYmYBTey,1754156958,2025-08-02T17:49:18,0.000005003,gSUqvUJfTLBPk6d8cXPXoduD5qDa1YbS74nNt69d21W,dec,407396365,752699361,345302996,So11111111111111111111111111111111111111111,9,1.0
31ocDTPP4E2aASkGvMGG3n3CyNoVU84Rdrzvcek87HBJuMx6wctnDQJeeRF9Mb4i2cbZEXMbbwhUK8kbGaf7QAFT,1754156863,2025-08-02T17:47:43,0.000005,gSUqvUJfTLBPk6d8cXPXoduD5qDa1YbS74nNt69d21W,dec,6000,752705361,752699361,So11111111111111111111111111111111111111111,9,1.0
2JvQrStKpHUuUMtiUAMQ6fBUQ66Lw7yPabKSGMH1xBdugUZrwW3Cf1GQ9s5vkftYfJkRWbRg5xYjcYMCcgg3StrS,1754156863,2025-08-02T17:47:43,0.000005004,8XRoMJp4h4BgFbNzAEFy5pyweJzbt7Q3mkdd3BXeehC,inc,1875679905334,0,1875679905334,6e7iXvzmH9WUeCpyK5BKUnrBHhQ3UuSy3jaqastixRnV,6,1.0
2JvQrStKpHUuUMtiUAMQ6fBUQ66Lw7yPabKSGMH1xBdugUZrwW3Cf1GQ9s5vkftYfJkRWbRg5xYjcYMCcgg3StrS,1754156863,2025-08-02T17:47:43,0.000005004,gSUqvUJfTLBPk6d8cXPXoduD5qDa1YbS74nNt69d21W,dec,248794639,1001500000,752705361,So11111111111111111111111111111111111111111,9,1.0
5vDQ44yC7cJ24RAj4fnR3pZeoTChNLfjyfAj8mjqv95AQjXiEdHakZaQnxgPh2K9gpUUPt4C1sQBmLf1wQBamp7Y,1754156643,2025-08-02T17:44:03,0.0000314,gSUqvUJfTLBPk6d8cXPXoduD5qDa1YbS74nNt69d21W,inc,1000000000,1500000,1001500000,So11111111111111111111111111111111111111111,9,1.0
4AHsj1tUbVLWb5WZk84FjywJnq564f4WAA3UEyjFRqLggYWj39A6ua6cSSfeetgwzeJ6WGD4F736W8WjxpgMq4hi,1754156548,2025-08-02T17:42:28,0.00001,2Hau1gQJLFuz4gQsMKk7cGG5Jzdjy9VgRDvJ8yGUjoxC,dec,7218225661476,7218225661476,0,7ELYi3i6ZrD1yyJRTfrchd4vefNUpxJoGKZb8ahQTmYs,6,1.0
4AHsj1tUbVLWb5WZk84FjywJnq564f4WAA3UEyjFRqLggYWj39A6ua6cSSfeetgwzeJ6WGD4F736W8WjxpgMq4hi,1754156548,2025-08-02T17:42:28,0.00001,9fRYFXRKWyMbNwYifi1cB18zCz7jrUHZm3zf6yWhPpu2,dec,6173824095992,6173824095992,0,BmnSa7rnBjg8hCdonruJHCJWU8ZESFGKAULXVPUkeAyV,6,1.0
2W8CnmULtAGizd137DKZKJ58iAbb6epRgbAGAC56en9f6YWDbVgqDqWJxNg3nW3cyddsbPpKpGqG1b3bTef6Jf8Z,1754156501,2025-08-02T17:41:41,0.0000666,gSUqvUJfTLBPk6d8cXPXoduD5qDa1YbS74nNt69d21W,dec,21224111,22724111,1500000,So11111111111111111111111111111111111111111,9,1.0
5eZqKFCy3mqYfzEK7suBu8FJ4fjtx4xdHLPxRLbcjejwqDTKQueSkQBMpkTUepTcLTEBNXPMD2Qb7tmDZqmRiLzA,1754156414,2025-08-02T17:40:14,0.000005,gSUqvUJfTLBPk6d8cXPXoduD5qDa1YbS74nNt69d21W,dec,6000,22730111,22724111,So11111111111111111111111111111111111111111,9,1.0
4j3mibKknmgHXDxwxzQyqwaQePzFPeRhm55im2KrvRUWSo6z3qZTG1LJjLFYVa9ZsCkUsuAEPQuunGu9H74qBUiA,1754156414,2025-08-02T17:40:14,0.000005003,2Hau1gQJLFuz4gQsMKk7cGG5Jzdjy9VgRDvJ8yGUjoxC,inc,1209907892919,6008317768557,7218225661476,7ELYi3i6ZrD1yyJRTfrchd4vefNUpxJoGKZb8ahQTmYs,6,1.0
4j3mibKknmgHXDxwxzQyqwaQePzFPeRhm55im2KrvRUWSo6z3qZTG1LJjLFYVa9ZsCkUsuAEPQuunGu9H74qBUiA,1754156414,2025-08-02T17:40:14,0.000005003,gSUqvUJfTLBPk6d8cXPXoduD5qDa1YbS74nNt69d21W,dec,221731578,244461689,22730111,So11111111111111111111111111111111111111111,9,1.0
22agszey52ZbutF9KCxgNwq97Hj553o8Yb6xtGE8qLQcFE8rMy3ChZWySnF9eT5kL8cXxvLpRTS7eV3xk179Np2e,1754156300,2025-08-02T17:38:20,0.000005,gSUqvUJfTLBPk6d8cXPXoduD5qDa1YbS74nNt69d21W,dec,6000,244467689,244461689,So11111111111111111111111111111111111111111,9,1.0
dfeuWa9GPnCERqzbJbqyTJDnuUwj6hcpqMn3inqFDVvTX34GLuHp9DWZszugS4AQViwdtLfLvhMA1pChNTMAVE2,1754156300,2025-08-02T17:38:20,0.000005003,2Hau1gQJLFuz4gQsMKk7cGG5Jzdjy9VgRDvJ8yGUjoxC,inc,3321770048976,2686547719581,6008317768557,7ELYi3i6ZrD1yyJRTfrchd4vefNUpxJoGKZb8ahQTmYs,6,1.0
dfeuWa9GPnCERqzbJbqyTJDnuUwj6hcpqMn3inqFDVvTX34GLuHp9DWZszugS4AQViwdtLfLvhMA1pChNTMAVE2,1754156300,2025-08-02T17:38:20,0.000005003,gSUqvUJfTLBPk6d8cXPXoduD5qDa1YbS74nNt69d21W,dec,535392747,779860436,244467689,So11111111111111111111111111111111111111111,9,1.0
5xARF6yUppwW2EQB2XpoRGpkzKmnVbxhVwmdKRHgBBeDwAq4AWnaaMZG67Ti2Vp1hjYCbMXUFS77D5tWtRqDubyj,1754156227,2025-08-02T17:37:07,0.000005,gSUqvUJfTLBPk6d8cXPXoduD5qDa1YbS74nNt69d21W,dec,6000,779866436,779860436,So11111111111111111111111111111111111111111,9,1.0
3oP8PjwTy9KE816VFbvuWBFU35eGFLEgFooajgja7cYcgWAhhRvRFissZYMBod1mCqi5BkmSVPSzmCsmZnFZy6tC,1754156227,2025-08-02T17:37:07,0.000005003,2Hau1gQJLFuz4gQsMKk7cGG5Jzdjy9VgRDvJ8yGUjoxC,inc,2686547717219,2362,2686547719581,7ELYi3i6ZrD1yyJRTfrchd4vefNUpxJoGKZb8ahQTmYs,6,1.0
3oP8PjwTy9KE816VFbvuWBFU35eGFLEgFooajgja7cYcgWAhhRvRFissZYMBod1mCqi5BkmSVPSzmCsmZnFZy6tC,1754156227,2025-08-02T17:37:07,0.000005003,gSUqvUJfTLBPk6d8cXPXoduD5qDa1YbS74nNt69d21W,dec,467140736,1247007172,779866436,So11111111111111111111111111111111111111111,9,1.0
5YysPe5qtBQxL9Q1St2p3w19uKgR9USUpaaZ9ne478qdqbxrunBqUReQv9S4Md2haQRBjs2RCyLDzCZS5v1rTwJx,1754156204,2025-08-02T17:36:44,0.000005,gSUqvUJfTLBPk6d8cXPXoduD5qDa1YbS74nNt69d21W,dec,6000,1247013172,1247007172,So11111111111111111111111111111111111111111,9,1.0
67apESdobkYgoPdC2sjECcjFkeBehzAtLeU6PAhfX6W2JAWDofaQmzAUarPCrGyLJ6sT1HXpe1pZ59s1TTxshrXT,1754156204,2025-08-02T17:36:44,0.000005002,2Hau1gQJLFuz4gQsMKk7cGG5Jzdjy9VgRDvJ8yGUjoxC,dec,2012834354643,2012834357005,2362,7ELYi3i6ZrD1yyJRTfrchd4vefNUpxJoGKZb8ahQTmYs,6,1.0
67apESdobkYgoPdC2sjECcjFkeBehzAtLeU6PAhfX6W2JAWDofaQmzAUarPCrGyLJ6sT1HXpe1pZ59s1TTxshrXT,1754156204,2025-08-02T17:36:44,0.000005002,gSUqvUJfTLBPk6d8cXPXoduD5qDa1YbS74nNt69d21W,inc,334785301,912227871,1247013172,So11111111111111111111111111111111111111111,9,1.0
2uL6oDxZ964mgVKg7ER2fSBub5VdYQNeZ8UyAiwUaDhLmTr8w2d2ZWggmbWoe8wy21pvynCAjiJzFjcFcN96vnUx,1754156154,2025-08-02T17:35:54,0.000005,gSUqvUJfTLBPk6d8cXPXoduD5qDa1YbS74nNt69d21W,dec,6000,912233871,912227871,So11111111111111111111111111111111111111111,9,1.0
3T4SWkMHEQAkBWcFLrA6qXDrVt55Qo1RuzpkBJFg3RE6vxPzwnLciAYeReMMfmWdUZ8ZpddAroyQC9kHTK4cny7w,1754156154,2025-08-02T17:35:54,0.000005003,2Hau1gQJLFuz4gQsMKk7cGG5Jzdjy9VgRDvJ8yGUjoxC,inc,2012834351323,5682,2012834357005,7ELYi3i6ZrD1yyJRTfrchd4vefNUpxJoGKZb8ahQTmYs,6,1.0
3T4SWkMHEQAkBWcFLrA6qXDrVt55Qo1RuzpkBJFg3RE6vxPzwnLciAYeReMMfmWdUZ8ZpddAroyQC9kHTK4cny7w,1754156154,2025-08-02T17:35:54,0.000005003,gSUqvUJfTLBPk6d8cXPXoduD5qDa1YbS74nNt69d21W,dec,336785021,1249018892,912233871,So11111111111111111111111111111111111111111,9,1.0
4npvb5dYLnECrstjMVrzzRe6aC27w9bHL6rAZcEAHFCcWi3ovCsPMzCQ1JV1bfjHsR4zjKkuQTRwFX1FEYC92dAk,1754156001,2025-08-02T17:33:21,0.000005,gSUqvUJfTLBPk6d8cXPXoduD5qDa1YbS74nNt69d21W,dec,6000,1249024892,1249018892,So11111111111111111111111111111111111111111,9,1.0
3rmi6q5Wn7USHuYFbuhsEqEX62gjMV2jTP8qur5tBr29Jsh2JeEcjWUjS6568nRfVuAmhZWgNdovGjwQuEHkjnAp,1754156001,2025-08-02T17:33:21,0.000005002,2Hau1gQJLFuz4gQsMKk7cGG5Jzdjy9VgRDvJ8yGUjoxC,dec,5249246155376,5249246161058,5682,7ELYi3i6ZrD1yyJRTfrchd4vefNUpxJoGKZb8ahQTmYs,6,1.0
3rmi6q5Wn7USHuYFbuhsEqEX62gjMV2jTP8qur5tBr29Jsh2JeEcjWUjS6568nRfVuAmhZWgNdovGjwQuEHkjnAp,1754156001,2025-08-02T17:33:21,0.000005002,gSUqvUJfTLBPk6d8cXPXoduD5qDa1YbS74nNt69d21W,inc,864108846,384916046,1249024892,So11111111111111111111111111111111111111111,9,1.0
325mm6Ak3csRtkc3zs7x8HCCffc2FDdZNC8fnhCYYq94qv73JdnLhSfwNRjuukcDEU1WxkzYnaBgmyifz1po7Qqx,1754155927,2025-08-02T17:32:07,0.000005,gSUqvUJfTLBPk6d8cXPXoduD5qDa1YbS74nNt69d21W,dec,6000,384922046,384916046,So11111111111111111111111111111111111111111,9,1.0
5U3g8bYaiFkvUvCugUQKdbmPNCdH5ytTuj9HRNqWvsioyT6ky5MQbXfCXzmvo74SA4JHf22e5cx2vPjipTXbXXFD,1754155927,2025-08-02T17:32:07,0.000005003,2Hau1gQJLFuz4gQsMKk7cGG5Jzdjy9VgRDvJ8yGUjoxC,inc,2292786478773,2956459682285,5249246161058,7ELYi3i6ZrD1yyJRTfrchd4vefNUpxJoGKZb8ahQTmYs,6,1.0
5U3g8bYaiFkvUvCugUQKdbmPNCdH5ytTuj9HRNqWvsioyT6ky5MQbXfCXzmvo74SA4JHf22e5cx2vPjipTXbXXFD,1754155927,2025-08-02T17:32:07,0.000005003,gSUqvUJfTLBPk6d8cXPXoduD5qDa1YbS74nNt69d21W,dec,363805429,748727475,384922046,So11111111111111111111111111111111111111111,9,1.0
29H2QTtCy2GEazwEZJLzyNpzHmmCFdTYEjMbDgPcdvPLyAY2oVVAtwTtMAwVRS6AFM6CsJVti6SpY5G7r3beDwTW,1754155858,2025-08-02T17:30:58,0.000005,gSUqvUJfTLBPk6d8cXPXoduD5qDa1YbS74nNt69d21W,dec,6000,748733475,748727475,So11111111111111111111111111111111111111111,9,1.0
23VPiUrMyDxx5N8cWk14FchXGWhYGoi7D2gHM3S6ux1gEhniHLGRWuZ8oADwQPMUsBYkDVjXAtsM28mUeoULL3fX,1754155858,2025-08-02T17:30:58,0.000005003,2Hau1gQJLFuz4gQsMKk7cGG5Jzdjy9VgRDvJ8yGUjoxC,inc,2955785691288,673990997,2956459682285,7ELYi3i6ZrD1yyJRTfrchd4vefNUpxJoGKZb8ahQTmYs,6,1.0
23VPiUrMyDxx5N8cWk14FchXGWhYGoi7D2gHM3S6ux1gEhniHLGRWuZ8oADwQPMUsBYkDVjXAtsM28mUeoULL3fX,1754155858,2025-08-02T17:30:58,0.000005003,gSUqvUJfTLBPk6d8cXPXoduD5qDa1YbS74nNt69d21W,dec,453389741,1202123216,748733475,So11111111111111111111111111111111111111111,9,1.0
3XPwDeE1nwQUFzq49FAZCsc7h8dkiyJZgrN8JdaWMR998TTW4mDzavFjDsZTax5nxCqWAvXZebpMJXucn3hMsBes,1754155857,2025-08-02T17:30:57,0.000005,gSUqvUJfTLBPk6d8cXPXoduD5qDa1YbS74nNt69d21W,dec,6000,1202129216,1202123216,So11111111111111111111111111111111111111111,9,1.0
4JeFbMYGivm2HorvzTDznjK1jQwNEZ6b52Bh4pcrKdVsxaBxyeLSimad7GrdiTNV3soMnkBjb9t3nVmAXM9dFS1E,1754155857,2025-08-02T17:30:57,0.000005002,2Hau1gQJLFuz4gQsMKk7cGG5Jzdjy9VgRDvJ8yGUjoxC,dec,59239592742,59913583739,673990997,7ELYi3i6ZrD1yyJRTfrchd4vefNUpxJoGKZb8ahQTmYs,6,1.0
4JeFbMYGivm2HorvzTDznjK1jQwNEZ6b52Bh4pcrKdVsxaBxyeLSimad7GrdiTNV3soMnkBjb9t3nVmAXM9dFS1E,1754155857,2025-08-02T17:30:57,0.000005002,gSUqvUJfTLBPk6d8cXPXoduD5qDa1YbS74nNt69d21W,inc,9001385,1193127831,1202129216,So11111111111111111111111111111111111111111,9,1.0
65F5SUPYbCzcUFmV9bdGXBcQZf8sezam1MEQYmFMCT2PNC25FyxL8aUJB3XGJXnbeUDDoghjrgB5Ajh7zZT3njn9,1754155841,2025-08-02T17:30:41,0.000005,gSUqvUJfTLBPk6d8cXPXoduD5qDa1YbS74nNt69d21W,dec,6000,1193133831,1193127831,So11111111111111111111111111111111111111111,9,1.0
mHjE6bzSMBqeggYZmopK8qEfgJz5YQBYYDwg8N4AaaB4N1Wqa49dGeE93PJqzh4yvvnzmzCM9ozyU2o5UdPwy1J,1754155841,2025-08-02T17:30:41,0.000005002,2Hau1gQJLFuz4gQsMKk7cGG5Jzdjy9VgRDvJ8yGUjoxC,dec,6730736498949,6790650082688,59913583739,7ELYi3i6ZrD1yyJRTfrchd4vefNUpxJoGKZb8ahQTmYs,6,1.0
mHjE6bzSMBqeggYZmopK8qEfgJz5YQBYYDwg8N4AaaB4N1Wqa49dGeE93PJqzh4yvvnzmzCM9ozyU2o5UdPwy1J,1754155841,2025-08-02T17:30:41,0.000005002,gSUqvUJfTLBPk6d8cXPXoduD5qDa1YbS74nNt69d21W,inc,1070522340,122611491,1193133831,So11111111111111111111111111111111111111111,9,1.0
4puQSP4Xn7VSvXAppSHkrY6gZxwDky5Vwwd9piR8afCDy3wn6pQ4KgtoMBnuuNvWAgSU7BZH34dkGFtn4kNSTrKK,1754155788,2025-08-02T17:29:48,0.000005,gSUqvUJfTLBPk6d8cXPXoduD5qDa1YbS74nNt69d21W,dec,6000,122617491,122611491,So11111111111111111111111111111111111111111,9,1.0
3TqrsWDj65E5Gj57oHt8HFenbQy3wWB4JRQAn4fERbYUUZcrqTZQ7jvdw7v4jB5DWaeQGCcHuk6iqrwABvEvkYZ5,1754155788,2025-08-02T17:29:48,0.000005003,2Hau1gQJLFuz4gQsMKk7cGG5Jzdjy9VgRDvJ8yGUjoxC,inc,1317777250409,5472872832279,6790650082688,7ELYi3i6ZrD1yyJRTfrchd4vefNUpxJoGKZb8ahQTmYs,6,1.0
3TqrsWDj65E5Gj57oHt8HFenbQy3wWB4JRQAn4fERbYUUZcrqTZQ7jvdw7v4jB5DWaeQGCcHuk6iqrwABvEvkYZ5,1754155788,2025-08-02T17:29:48,0.000005003,gSUqvUJfTLBPk6d8cXPXoduD5qDa1YbS74nNt69d21W,dec,206614453,329231944,122617491,So11111111111111111111111111111111111111111,9,1.0
24uz7qPw5bFxw1Jk6CuaqBVVQG96eqfrS6Mrwir5rUuzRE3CkrKeExL3Hk5vQNu97LiBVJ6XPep5so3Emk9sW5v8,1754155784,2025-08-02T17:29:44,0.000005,gSUqvUJfTLBPk6d8cXPXoduD5qDa1YbS74nNt69d21W,dec,6000,329237944,329231944,So11111111111111111111111111111111111111111,9,1.0
4kUmrtrYXgN8FUmRUNC9hCShb2MawMKTpooqnH1nfJ5ve4QKo3WPVfEzAKuLGZSTeG2v2BqaRD2evrHfNGbLatgs,1754155784,2025-08-02T17:29:44,0.000005003,2Hau1gQJLFuz4gQsMKk7cGG5Jzdjy9VgRDvJ8yGUjoxC,inc,3337157532376,2135715299903,5472872832279,7ELYi3i6ZrD1yyJRTfrchd4vefNUpxJoGKZb8ahQTmYs,6,1.0
4kUmrtrYXgN8FUmRUNC9hCShb2MawMKTpooqnH1nfJ5ve4QKo3WPVfEzAKuLGZSTeG2v2BqaRD2evrHfNGbLatgs,1754155784,2025-08-02T17:29:44,0.000005003,gSUqvUJfTLBPk6d8cXPXoduD5qDa1YbS74nNt69d21W,dec,516966254,846204198,329237944,So11111111111111111111111111111111111111111,9,1.0
3nBAhQtJeeagERqvrcTyZApN7KA4wKLiH4ebMY17gg65q3mZz3M3qMu6zZKx9KKS3iNeBb6FDW9NDRe6pyz8r2fG,1754155776,2025-08-02T17:29:36,0.000005,gSUqvUJfTLBPk6d8cXPXoduD5qDa1YbS74nNt69d21W,dec,6000,846210198,846204198,So11111111111111111111111111111111111111111,9,1.0
4hrvZFLLvQss1oCeXc1T8B6f6Ru1M2PKD1ZRWszHFSvacrry6soAQvKw7bbMnKNJtwyATgzYwMXqSdGchbXU4nnQ,1754155776,2025-08-02T17:29:36,0.000005003,2Hau1gQJLFuz4gQsMKk7cGG5Jzdjy9VgRDvJ8yGUjoxC,inc,2135715294958,4945,2135715299903,7ELYi3i6ZrD1yyJRTfrchd4vefNUpxJoGKZb8ahQTmYs,6,1.0
4hrvZFLLvQss1oCeXc1T8B6f6Ru1M2PKD1ZRWszHFSvacrry6soAQvKw7bbMnKNJtwyATgzYwMXqSdGchbXU4nnQ,1754155776,2025-08-02T17:29:36,0.000005003,gSUqvUJfTLBPk6d8cXPXoduD5qDa1YbS74nNt69d21W,dec,330824715,1177034913,846210198,So11111111111111111111111111111111111111111,9,1.0
X1nrYsiDCKDV6VyitKRVXTpy8rWUPganTb6GRKYYxRnPChLvtYEnepYsUgbGSB1mTByVbCh2fJTp2n612yUTs5J,1754155557,2025-08-02T17:25:57,0.000005,gSUqvUJfTLBPk6d8cXPXoduD5qDa1YbS74nNt69d21W,dec,6000,1177040913,1177034913,So11111111111111111111111111111111111111111,9,1.0
4pth7utE2EQbVMipL9XXT23NoqmkJZj9PUvwXgx25WusAgsAh47WPhieh6xM9kWYZj1HeAYypQ7VuTEaUHby8eij,1754155557,2025-08-02T17:25:57,0.000005002,2Hau1gQJLFuz4gQsMKk7cGG5Jzdjy9VgRDvJ8yGUjoxC,dec,3780996606996,3780996611941,4945,7ELYi3i6ZrD1yyJRTfrchd4vefNUpxJoGKZb8ahQTmYs,6,1.0
4pth7utE2EQbVMipL9XXT23NoqmkJZj9PUvwXgx25WusAgsAh47WPhieh6xM9kWYZj1HeAYypQ7VuTEaUHby8eij,1754155557,2025-08-02T17:25:57,0.000005002,gSUqvUJfTLBPk6d8cXPXoduD5qDa1YbS74nNt69d21W,inc,543062652,633978261,1177040913,So11111111111111111111111111111111111111111,9,1.0
cKkwtKECVinjVs2evTtjJpT1HNaoGXUVZZUreCVmbvkTtNBU63vMPC1dEF2SWwzGT2Fk6cEpcm7mDr8vyZx9Q8A,1754155525,2025-08-02T17:25:25,0.000005,gSUqvUJfTLBPk6d8cXPXoduD5qDa1YbS74nNt69d21W,dec,6000,633984261,633978261,So11111111111111111111111111111111111111111,9,1.0
3QTmtJBpiYPShypC7v66ZWzVA1WzUiLZtEEGNm2DQtxCtdsqknrVsGNXsHQNyty8kgokWMDMbzxsJccrhiKSFtCY,1754155525,2025-08-02T17:25:25,0.000005003,2Hau1gQJLFuz4gQsMKk7cGG5Jzdjy9VgRDvJ8yGUjoxC,inc,3775682064411,5314547530,3780996611941,7ELYi3i6ZrD1yyJRTfrchd4vefNUpxJoGKZb8ahQTmYs,6,1.0
3QTmtJBpiYPShypC7v66ZWzVA1WzUiLZtEEGNm2DQtxCtdsqknrVsGNXsHQNyty8kgokWMDMbzxsJccrhiKSFtCY,1754155525,2025-08-02T17:25:25,0.000005003,gSUqvUJfTLBPk6d8cXPXoduD5qDa1YbS74nNt69d21W,dec,549454797,1183439058,633984261,So11111111111111111111111111111111111111111,9,1.0
3MoAQ7TYDzHDJGt4LYeSC5YNSB49GxkyAPcESFNDEYPzadKpHAeKfPTprFojbEDs8RWz8rRpcgwYCy8WfmaqTWdQ,1754155469,2025-08-02T17:24:29,0.000005,gSUqvUJfTLBPk6d8cXPXoduD5qDa1YbS74nNt69d21W,dec,6000,1183445058,1183439058,So11111111111111111111111111111111111111111,9,1.0
2fiAHMNM5vYRQrVgKeBve6p48MLhsqfeWR7WCbVeYBHEHse9e7aRAbjgi4tLpt4SAPMT9dakReyeMhjLhfcw7vDo,1754155469,2025-08-02T17:24:29,0.000005002,2Hau1gQJLFuz4gQsMKk7cGG5Jzdjy9VgRDvJ8yGUjoxC,dec,2129085404341,2134399951871,5314547530,7ELYi3i6ZrD1yyJRTfrchd4vefNUpxJoGKZb8ahQTmYs,6,1.0
2fiAHMNM5vYRQrVgKeBve6p48MLhsqfeWR7WCbVeYBHEHse9e7aRAbjgi4tLpt4SAPMT9dakReyeMhjLhfcw7vDo,1754155469,2025-08-02T17:24:29,0.000005002,gSUqvUJfTLBPk6d8cXPXoduD5qDa1YbS74nNt69d21W,inc,320611657,862833401,1183445058,So11111111111111111111111111111111111111111,9,1.0
5uxBG8WcPdjRQCYLwV7aB5jmSPQ1UKe3SGQg4r1CBPy6aSHWZrw2EPMrFgAARJRTjKAmnXGndx4nJqJD19qwsz8x,1754155463,2025-08-02T17:24:23,0.000005,gSUqvUJfTLBPk6d8cXPXoduD5qDa1YbS74nNt69d21W,dec,6000,862839401,862833401,So11111111111111111111111111111111111111111,9,1.0
51VJLq1ESZeEvC2L2YFwfd9ykCjfGcM889azDzFCryBX8RGqqHri3xAwPixKmW3twuwkeHgS9du9ur2fvMxTbSWU,1754155463,2025-08-02T17:24:23,0.000005003,2Hau1gQJLFuz4gQsMKk7cGG5Jzdjy9VgRDvJ8yGUjoxC,inc,2124927410854,9472541017,2134399951871,7ELYi3i6ZrD1yyJRTfrchd4vefNUpxJoGKZb8ahQTmYs,6,1.0
51VJLq1ESZeEvC2L2YFwfd9ykCjfGcM889azDzFCryBX8RGqqHri3xAwPixKmW3twuwkeHgS9du9ur2fvMxTbSWU,1754155463,2025-08-02T17:24:23,0.000005003,gSUqvUJfTLBPk6d8cXPXoduD5qDa1YbS74nNt69d21W,dec,330079127,1192918528,862839401,So11111111111111111111111111111111111111111,9,1.0
4XHeYDtChjFLx2ZdW6b4VwrHBdZ8kG93k1JwCYPNV3eg78jjjhfK7BEPyu2gMoxcfzHdco7QdYXBu6b8XwVB1d2R,1754155391,2025-08-02T17:23:11,0.000005,gSUqvUJfTLBPk6d8cXPXoduD5qDa1YbS74nNt69d21W,dec,6000,1192924528,1192918528,So11111111111111111111111111111111111111111,9,1.0
5aPtEx2VHxLzPExXQnLbGuxF8HtriCDoieAsMw8GkiAt7EYKHLsvdUcpZk2ze3rxi8gmMECuszJrypkM1LyATnFe,1754155391,2025-08-02T17:23:11,0.000005002,2Hau1gQJLFuz4gQsMKk7cGG5Jzdjy9VgRDvJ8yGUjoxC,dec,2163669948018,2173142489035,9472541017,7ELYi3i6ZrD1yyJRTfrchd4vefNUpxJoGKZb8ahQTmYs,6,1.0
5aPtEx2VHxLzPExXQnLbGuxF8HtriCDoieAsMw8GkiAt7EYKHLsvdUcpZk2ze3rxi8gmMECuszJrypkM1LyATnFe,1754155391,2025-08-02T17:23:11,0.000005002,gSUqvUJfTLBPk6d8cXPXoduD5qDa1YbS74nNt69d21W,inc,306287094,886637434,1192924528,So11111111111111111111111111111111111111111,9,1.0
5tqckcELpcpJ7bUZTkDqtHdQb6szBTCheARednUQuECWuErfPzcJSD9DLURHqmK4fR5z1KPLo6Y9LqRckNs2EBsv,1754155341,2025-08-02T17:22:21,0.000005,gSUqvUJfTLBPk6d8cXPXoduD5qDa1YbS74nNt69d21W,dec,6000,886643434,886637434,So11111111111111111111111111111111111111111,9,1.0
2gp8M49M4BuiUrEEbmmBEcWp5EP43jyXWAkqkR6if4QdoPnipJfcm1Etjx8vVDf2v8Z2LP9dTr93DFm7qz3GWPus,1754155341,2025-08-02T17:22:21,0.000005003,2Hau1gQJLFuz4gQsMKk7cGG5Jzdjy9VgRDvJ8yGUjoxC,inc,2135381009165,37761479870,2173142489035,7ELYi3i6ZrD1yyJRTfrchd4vefNUpxJoGKZb8ahQTmYs,6,1.0
2gp8M49M4BuiUrEEbmmBEcWp5EP43jyXWAkqkR6if4QdoPnipJfcm1Etjx8vVDf2v8Z2LP9dTr93DFm7qz3GWPus,1754155341,2025-08-02T17:22:21,0.000005003,gSUqvUJfTLBPk6d8cXPXoduD5qDa1YbS74nNt69d21W,dec,315300228,1201943662,886643434,So11111111111111111111111111111111111111111,9,1.0
3v4fu5arUtTRu2DXzuLf7zkMb6YgB1kiwCHB4zk5ScN66yRcvZk4gNHukfRRwsE2J3qBKnaiv8yZtdqkJUnrxkkv,1754155314,2025-08-02T17:21:54,0.000005,gSUqvUJfTLBPk6d8cXPXoduD5qDa1YbS74nNt69d21W,dec,6000,1201949662,1201943662,So11111111111111111111111111111111111111111,9,1.0
x7HsRdV8nXv4U36P5zpD8BiwwuXX2rSLUb3YoWAZVnzdYa3ZfR7huorvCxHibu2yUnVYkkS14pwsVSByFBFXD1G,1754155314,2025-08-02T17:21:54,0.000005002,2Hau1gQJLFuz4gQsMKk7cGG5Jzdjy9VgRDvJ8yGUjoxC,dec,7045957459674,7083718939544,37761479870,7ELYi3i6ZrD1yyJRTfrchd4vefNUpxJoGKZb8ahQTmYs,6,1.0
x7HsRdV8nXv4U36P5zpD8BiwwuXX2rSLUb3YoWAZVnzdYa3ZfR7huorvCxHibu2yUnVYkkS14pwsVSByFBFXD1G,1754155314,2025-08-02T17:21:54,0.000005002,gSUqvUJfTLBPk6d8cXPXoduD5qDa1YbS74nNt69d21W,inc,1042858276,159091386,1201949662,So11111111111111111111111111111111111111111,9,1.0
MJwHQW55ZDE1uKqUL3sg7TVf5MrjeRPZ8PD7mi8exscCD7SuUqUop879y8Lzx1Ab124zJBf4jNqAKJjJep21sbU,1754155048,2025-08-02T17:17:28,0.000005,gSUqvUJfTLBPk6d8cXPXoduD5qDa1YbS74nNt69d21W,dec,6000,159097386,159091386,So11111111111111111111111111111111111111111,9,1.0
3D1ukwtPZfDJAAtqZQ6MKGQSQbUkWG8WiNbdz7VXaRJ2HZNVwgX5UuabP7iZRGj43PDrE5iFe9X9AoKZWRiUS5Mz,1754155048,2025-08-02T17:17:28,0.000005003,2Hau1gQJLFuz4gQsMKk7cGG5Jzdjy9VgRDvJ8yGUjoxC,inc,4470333909603,2613385029941,7083718939544,7ELYi3i6ZrD1yyJRTfrchd4vefNUpxJoGKZb8ahQTmYs,6,1.0
3D1ukwtPZfDJAAtqZQ6MKGQSQbUkWG8WiNbdz7VXaRJ2HZNVwgX5UuabP7iZRGj43PDrE5iFe9X9AoKZWRiUS5Mz,1754155048,2025-08-02T17:17:28,0.000005003,gSUqvUJfTLBPk6d8cXPXoduD5qDa1YbS74nNt69d21W,dec,540354584,699451970,159097386,So11111111111111111111111111111111111111111,9,1.0
921rdLpiNCZXbLtYLoT1hZxub3s1Nz9JTmnYjjCeYSa8qz2UHvuE3jDySsBaNQGofRGvjXfSu3RHYrCCjHqcUyQ,1754155029,2025-08-02T17:17:09,0.000005,gSUqvUJfTLBPk6d8cXPXoduD5qDa1YbS74nNt69d21W,dec,6000,699457970,699451970,So11111111111111111111111111111111111111111,9,1.0
5KKRqRmac5PPtRbnbhV47qbXfEdw7Qh1BAXU7ckTh2WdaCAeXxwrtHKEYm6EPYRkPHfYy7caop8avkuZ1cUqL1Bt,1754155029,2025-08-02T17:17:09,0.000005003,2Hau1gQJLFuz4gQsMKk7cGG5Jzdjy9VgRDvJ8yGUjoxC,inc,949483760264,1663901269677,2613385029941,7ELYi3i6ZrD1yyJRTfrchd4vefNUpxJoGKZb8ahQTmYs,6,1.0
5KKRqRmac5PPtRbnbhV47qbXfEdw7Qh1BAXU7ckTh2WdaCAeXxwrtHKEYm6EPYRkPHfYy7caop8avkuZ1cUqL1Bt,1754155029,2025-08-02T17:17:09,0.000005003,gSUqvUJfTLBPk6d8cXPXoduD5qDa1YbS74nNt69d21W,dec,110394163,809852133,699457970,So11111111111111111111111111111111111111111,9,1.0
MnY4fWvyjF7ocsifsR7xSnbQz6Jn9UeMxfJSpoFBKyNbDPo5vo7RrLUk5QhJeEsQoUBSHrNAN8CsE71iD7Dqhkf,1754155009,2025-08-02T17:16:49,0.000005,gSUqvUJfTLBPk6d8cXPXoduD5qDa1YbS74nNt69d21W,dec,6000,809858133,809852133,So11111111111111111111111111111111111111111,9,1.0
37VRQHMGtA5DT555JtpD9Woz5o95FURtFMaxEfSzQrC8w5Jrm9atWLLZFB1G8i9Y7tqVMrxA9rXbLLRNPk3Kd5SM,1754155009,2025-08-02T17:16:49,0.000005003,2Hau1gQJLFuz4gQsMKk7cGG5Jzdjy9VgRDvJ8yGUjoxC,inc,1663901267553,2124,1663901269677,7ELYi3i6ZrD1yyJRTfrchd4vefNUpxJoGKZb8ahQTmYs,6,1.0
37VRQHMGtA5DT555JtpD9Woz5o95FURtFMaxEfSzQrC8w5Jrm9atWLLZFB1G8i9Y7tqVMrxA9rXbLLRNPk3Kd5SM,1754155009,2025-08-02T17:16:49,0.000005003,gSUqvUJfTLBPk6d8cXPXoduD5qDa1YbS74nNt69d21W,dec,182718569,992576702,809858133,So11111111111111111111111111111111111111111,9,1.0
2bY3Mh4Qxgtjpc9EP5AAap4nUUHbezmro2EQjQpCaEwmCCiy2W18zhg3o5GyfLio3HSNyNiCKjD9dF8P4NYLWRfr,1754154973,2025-08-02T17:16:13,0.000005,gSUqvUJfTLBPk6d8cXPXoduD5qDa1YbS74nNt69d21W,dec,6000,992582702,992576702,So11111111111111111111111111111111111111111,9,1.0
NVAtS5WGXAW7vTPi6DsuZdpMSZkL3e2RP2AiG5k3E3HAHcJLBGkob8fe2sKLxrU5xfQRdmbyESWcYgoFjcXXXSv,1754154973,2025-08-02T17:16:13,0.000005002,2Hau1gQJLFuz4gQsMKk7cGG5Jzdjy9VgRDvJ8yGUjoxC,dec,4976693810522,4976693812646,2124,7ELYi3i6ZrD1yyJRTfrchd4vefNUpxJoGKZb8ahQTmYs,6,1.0
NVAtS5WGXAW7vTPi6DsuZdpMSZkL3e2RP2AiG5k3E3HAHcJLBGkob8fe2sKLxrU5xfQRdmbyESWcYgoFjcXXXSv,1754154973,2025-08-02T17:16:13,0.000005002,gSUqvUJfTLBPk6d8cXPXoduD5qDa1YbS74nNt69d21W,inc,499730063,492852639,992582702,So11111111111111111111111111111111111111111,9,1.0
Zcm2iGT23UVgzWBVNgz8srAUsduvXDDDfDLos1DZWqPmVK39WcwrrzUnhuVjo1hFqA8nXwtWZPuBHfKVVpZUxWX,1754154970,2025-08-02T17:16:10,0.000005,gSUqvUJfTLBPk6d8cXPXoduD5qDa1YbS74nNt69d21W,dec,6000,492858639,492852639,So11111111111111111111111111111111111111111,9,1.0
4bZ1rSoWbUr3o6gzLwuTURH9Shc6LNPQZdfA7XjAgnHrBf2FAiWxFCGA8AuGPLJfmDsVtUt2HggxQnZr1iKw2vCB,1754154970,2025-08-02T17:16:10,0.000005004,2Hau1gQJLFuz4gQsMKk7cGG5Jzdjy9VgRDvJ8yGUjoxC,inc,4976693812646,0,4976693812646,7ELYi3i6ZrD1yyJRTfrchd4vefNUpxJoGKZb8ahQTmYs,6,1.0
4bZ1rSoWbUr3o6gzLwuTURH9Shc6LNPQZdfA7XjAgnHrBf2FAiWxFCGA8AuGPLJfmDsVtUt2HggxQnZr1iKw2vCB,1754154970,2025-08-02T17:16:10,0.000005004,gSUqvUJfTLBPk6d8cXPXoduD5qDa1YbS74nNt69d21W,dec,508641362,1001500001,492858639,So11111111111111111111111111111111111111111,9,1.0
3CHYniFdmbCjN8Q5UqKqCnr2Zy3yrwcTqZypt1DfSyEeuXS9SCg1DStJtqGpVHamuKHsDSwvtJ9sm4Jrn5EwHzaC,1754154873,2025-08-02T17:14:33,0.0000314,gSUqvUJfTLBPk6d8cXPXoduD5qDa1YbS74nNt69d21W,inc,1000000000,1500001,1001500001,So11111111111111111111111111111111111111111,9,1.0
24RkQ2k13YwrRDhg3brL82AjmEywL2ZzS1PhJ8jJuVateQYctU2yZ6byGohJnam1feRV7kJ8Kg8FyDGYGwnPR4wY,1754154741,2025-08-02T17:12:21,0.0000666,gSUqvUJfTLBPk6d8cXPXoduD5qDa1YbS74nNt69d21W,dec,130937491,132437492,1500001,So11111111111111111111111111111111111111111,9,1.0
4WQgyQbvZP3jMUKqB1C8rs3WWfm9cJCuACmvSztCyATbeNu9Dk1sJKMcUqvodbb2fGLf1SRTQ8aExJ8f9azPf8Df,1754154708,2025-08-02T17:11:48,0.000005,gSUqvUJfTLBPk6d8cXPXoduD5qDa1YbS74nNt69d21W,dec,6000,132443492,132437492,So11111111111111111111111111111111111111111,9,1.0
4b3LqG72u2xXW5swAJtsFCmjLcHFCQqX5VTFmher7eP5bHtv2nrJxqFBbziR5dSf9JCgaDHsQtcHjroHSrbe3jx3,1754154708,2025-08-02T17:11:48,0.000005003,9fRYFXRKWyMbNwYifi1cB18zCz7jrUHZm3zf6yWhPpu2,inc,2947065283186,3226758812806,6173824095992,BmnSa7rnBjg8hCdonruJHCJWU8ZESFGKAULXVPUkeAyV,6,1.0
4b3LqG72u2xXW5swAJtsFCmjLcHFCQqX5VTFmher7eP5bHtv2nrJxqFBbziR5dSf9JCgaDHsQtcHjroHSrbe3jx3,1754154708,2025-08-02T17:11:48,0.000005003,gSUqvUJfTLBPk6d8cXPXoduD5qDa1YbS74nNt69d21W,dec,412022203,544465695,132443492,So11111111111111111111111111111111111111111,9,1.0
2bPudDtCUmWkw5nKzk8kBHXA9XZAqwYZRPbC5vHYjBpQd8FfhaS7hBCjZ2JbFoWTyt3WBsL7ESX2NybBKfhHr1gE,1754154708,2025-08-02T17:11:48,0.000005,gSUqvUJfTLBPk6d8cXPXoduD5qDa1YbS74nNt69d21W,dec,6000,544471695,544465695,So11111111111111111111111111111111111111111,9,1.0
nobrwtH2B6wwJj5criy7jegbiNsCd7kFcutrrRQEJBBm3gzcV4HGtKB38rP2XY9LyS7KQTMitZzu1JE9H8XJrhj,1754154708,2025-08-02T17:11:48,0.000005003,9fRYFXRKWyMbNwYifi1cB18zCz7jrUHZm3zf6yWhPpu2,inc,3226758812668,138,3226758812806,BmnSa7rnBjg8hCdonruJHCJWU8ZESFGKAULXVPUkeAyV,6,1.0
nobrwtH2B6wwJj5criy7jegbiNsCd7kFcutrrRQEJBBm3gzcV4HGtKB38rP2XY9LyS7KQTMitZzu1JE9H8XJrhj,1754154708,2025-08-02T17:11:48,0.000005003,gSUqvUJfTLBPk6d8cXPXoduD5qDa1YbS74nNt69d21W,dec,455192154,999663849,544471695,So11111111111111111111111111111111111111111,9,1.0
4qmSbGcYgpXbzctvFcXAtqePpa6Cead8FFHmT9tgWF5LbZRsQ1puNtFVExbeNVs6oxKAb2UqwbwEYsecLy67AmGA,1754154662,2025-08-02T17:11:02,0.000005,gSUqvUJfTLBPk6d8cXPXoduD5qDa1YbS74nNt69d21W,dec,6000,999669849,999663849,So11111111111111111111111111111111111111111,9,1.0
4GGBtJbeFQqypmPXbT3UWfSRf2WrsyfWpa7ACBkmo3XfqRSUYw7zjzpA5xKHT8tA9MYYvbut9JAWFp6NfgqVJizq,1754154662,2025-08-02T17:11:02,0.000005002,9fRYFXRKWyMbNwYifi1cB18zCz7jrUHZm3zf6yWhPpu2,dec,9742853,9742991,138,BmnSa7rnBjg8hCdonruJHCJWU8ZESFGKAULXVPUkeAyV,6,1.0
4GGBtJbeFQqypmPXbT3UWfSRf2WrsyfWpa7ACBkmo3XfqRSUYw7zjzpA5xKHT8tA9MYYvbut9JAWFp6NfgqVJizq,1754154662,2025-08-02T17:11:02,0.000005002,gSUqvUJfTLBPk6d8cXPXoduD5qDa1YbS74nNt69d21W,dec,3676,999673525,999669849,So11111111111111111111111111111111111111111,9,1.0
4NJTH96gjEmuTvnbaf4bAMUuuo6R4QKEjb36NJVGVu7LWTh79oCxixeLdjpQ4cFX3j25cFUgdV7eZ5bExdktid5K,1754154622,2025-08-02T17:10:22,0.000005,gSUqvUJfTLBPk6d8cXPXoduD5qDa1YbS74nNt69d21W,dec,6000,999679525,999673525,So11111111111111111111111111111111111111111,9,1.0
3eGhfKCVrU9E82t4jUPCVsXBd8M62vFdtmDd8RsWkkwSSGrK4GxPzP1cydUxQjiXDmhwuZLfCaC5RmfZMyJPQB5Z,1754154622,2025-08-02T17:10:22,0.000005002,9fRYFXRKWyMbNwYifi1cB18zCz7jrUHZm3zf6yWhPpu2,dec,870714351,880457342,9742991,BmnSa7rnBjg8hCdonruJHCJWU8ZESFGKAULXVPUkeAyV,6,1.0
3eGhfKCVrU9E82t4jUPCVsXBd8M62vFdtmDd8RsWkkwSSGrK4GxPzP1cydUxQjiXDmhwuZLfCaC5RmfZMyJPQB5Z,1754154622,2025-08-02T17:10:22,0.000005002,gSUqvUJfTLBPk6d8cXPXoduD5qDa1YbS74nNt69d21W,inc,107788,999571737,999679525,So11111111111111111111111111111111111111111,9,1.0
heZsX2XgvcejDSNUgPGAAtbTxKo1R2APDhRuAxjkWFDvZWGasSwbkwaA2idW2FSNUv4qjHgHJY6mjvyj7nH7rjA,1754154573,2025-08-02T17:09:33,0.000005,gSUqvUJfTLBPk6d8cXPXoduD5qDa1YbS74nNt69d21W,dec,6000,999577737,999571737,So11111111111111111111111111111111111111111,9,1.0
42ijgsbZfa1wxnW7youF8tRujSCSiTC3pxBDF1Gn2F7vExbgUw2PziCzNVbF7nZ2fR2fUfWDJ1qBnrFUcqnXZNGn,1754154573,2025-08-02T17:09:33,0.000005002,9fRYFXRKWyMbNwYifi1cB18zCz7jrUHZm3zf6yWhPpu2,dec,1082564460154,1083444917496,880457342,BmnSa7rnBjg8hCdonruJHCJWU8ZESFGKAULXVPUkeAyV,6,1.0
42ijgsbZfa1wxnW7youF8tRujSCSiTC3pxBDF1Gn2F7vExbgUw2PziCzNVbF7nZ2fR2fUfWDJ1qBnrFUcqnXZNGn,1754154573,2025-08-02T17:09:33,0.000005002,gSUqvUJfTLBPk6d8cXPXoduD5qDa1YbS74nNt69d21W,inc,131311143,868266594,999577737,So11111111111111111111111111111111111111111,9,1.0
2UpZDUd5yFfd3A4tfmTFr9GVMyqVWe9WH2wnppNddaom8exdCsKX197eRetDNPTn8e1sqGZBB6BJ15rbsPTa42jP,1754154569,2025-08-02T17:09:29,0.000005,gSUqvUJfTLBPk6d8cXPXoduD5qDa1YbS74nNt69d21W,dec,6000,868272594,868266594,So11111111111111111111111111111111111111111,9,1.0
3wD76X5WoKxrYh97VevirbV5sknoiSk2eeEQc6WmpijvrDybGMfEXFMzZYTABpSg4CKr9Hgj1G7Zf6i4ufwGE9Mc,1754154569,2025-08-02T17:09:29,0.000005004,9fRYFXRKWyMbNwYifi1cB18zCz7jrUHZm3zf6yWhPpu2,inc,1083444917496,0,1083444917496,BmnSa7rnBjg8hCdonruJHCJWU8ZESFGKAULXVPUkeAyV,6,1.0
3wD76X5WoKxrYh97VevirbV5sknoiSk2eeEQc6WmpijvrDybGMfEXFMzZYTABpSg4CKr9Hgj1G7Zf6i4ufwGE9Mc,1754154569,2025-08-02T17:09:29,0.000005004,gSUqvUJfTLBPk6d8cXPXoduD5qDa1YbS74nNt69d21W,dec,133227406,1001500000,868272594,So11111111111111111111111111111111111111111,9,1.0
3hNE916NvFiXYeY9UCtikBdK2HrpQ5cBgiotGjwhZnBr6A6x7CN1g8RTPLG6aGT9GnhQbQoZ31abmdiPymow39eM,1754154385,2025-08-02T17:06:25,0.0000314,gSUqvUJfTLBPk6d8cXPXoduD5qDa1YbS74nNt69d21W,inc,1000000000,1500000,1001500000,So11111111111111111111111111111111111111111,9,1.0
3TXXsRcRrafYnurAhp6sp32g1vTghq26WuyaukxVt194hW2FuEnS9gsxY5cgcPZXGUde8B1LWtqZAAkzpJ5cAT3M,1754154246,2025-08-02T17:04:06,0.0000666,gSUqvUJfTLBPk6d8cXPXoduD5qDa1YbS74nNt69d21W,dec,1000000000,1001500000,1500000,So11111111111111111111111111111111111111111,9,1.0
67ZEVgPVejbV5WcvkaCmwuQrUF1p84yNL7kjynuTdoms8FXfwRKEzepAuuUSZzxToTrbUS5V5TnkRM43fGNyN1Qh,1754154049,2025-08-02T17:00:49,0.0000314,gSUqvUJfTLBPk6d8cXPXoduD5qDa1YbS74nNt69d21W,inc,1000000000,1500000,1001500000,So11111111111111111111111111111111111111111,9,1.0
2NbVbxBTVnQRUt8iSBnn3ufCUoDs7QxNQmsFNeMsU6iD28nyrn8nmPSiWyE25s2uCRH2WSj7Q5VYARSyJZyiApTF,1754153959,2025-08-02T16:59:19,0.00001,KEms11uVjPU2WQHqYKzTj8SHt7fMZbwUZGtBkHkhK6y,dec,19771833,19771833,0,9vDro3FZVMbUhHWWhqgGPCGP4dw93XDGYmV4whHunnjR,6,1.0
2NbVbxBTVnQRUt8iSBnn3ufCUoDs7QxNQmsFNeMsU6iD28nyrn8nmPSiWyE25s2uCRH2WSj7Q5VYARSyJZyiApTF,1754153959,2025-08-02T16:59:19,0.00001,59we1XugTFAeU8MgyEBV1TvHCHktp1Th593Jan2DA87p,dec,5110034066521,5110034066521,0,HgZwxFNtTgzpCPFh1GtQBn1gXMH58o5SYMDbPeVjgBV,6,1.0
2q8P5eTP6qBzL4gxpGcrweoVJbYUQMA5Cdgnj7YqJdUzHzXQS2nYf5RDhrxNfrhnBG9JwCgMLUVuPR7vAhmFfwxg,1754153921,2025-08-02T16:58:41,0.00006459,gSUqvUJfTLBPk6d8cXPXoduD5qDa1YbS74nNt69d21W,dec,970009833,971509833,1500000,So11111111111111111111111111111111111111111,9,1.0
5FHq8aH3uDnUKJrt6eYygJfMNg82F6F4mhcgoukHfJUfiww5VHzwPkEP8HvUyMcGqDvtqDLhN8Kkt2FXyqu5YkLQ,1754153839,2025-08-02T16:57:19,0.000005,gSUqvUJfTLBPk6d8cXPXoduD5qDa1YbS74nNt69d21W,dec,6000,971515833,971509833,So11111111111111111111111111111111111111111,9,1.0
RWbtPVCWqi9daYfGBoCT3hU3C9mQ1BW5BGQASb6yTn8wVNg4tfn8xcyCfb9mhXK2NEfaLVXPCPCMQ79io5fGTEt,1754153839,2025-08-02T16:57:19,0.000005002,KEms11uVjPU2WQHqYKzTj8SHt7fMZbwUZGtBkHkhK6y,dec,59055378074,59075149907,19771833,9vDro3FZVMbUhHWWhqgGPCGP4dw93XDGYmV4whHunnjR,6,1.0
RWbtPVCWqi9daYfGBoCT3hU3C9mQ1BW5BGQASb6yTn8wVNg4tfn8xcyCfb9mhXK2NEfaLVXPCPCMQ79io5fGTEt,1754153839,2025-08-02T16:57:19,0.000005002,gSUqvUJfTLBPk6d8cXPXoduD5qDa1YbS74nNt69d21W,inc,8519865,962995968,971515833,So11111111111111111111111111111111111111111,9,1.0
2RSjsZ26TboKMFfyhZ16PhrfAzd8BeKeQ3wtthnuGpvh71vt4Usog3Asyppnc8xwhoFhvbnV66q8rht9hxzxNefe,1754153825,2025-08-02T16:57:05,0.000005,gSUqvUJfTLBPk6d8cXPXoduD5qDa1YbS74nNt69d21W,dec,6000,963001968,962995968,So11111111111111111111111111111111111111111,9,1.0
3YFt3ccVbDxC3nj81MKHsiN1GdE9uKbd4yPesMeXy1BRsErSCvRV7hz5ZDHTAfY6x9L4mnMeLMbxtoSdmvB2Mk6j,1754153825,2025-08-02T16:57:05,0.000005002,KEms11uVjPU2WQHqYKzTj8SHt7fMZbwUZGtBkHkhK6y,dec,2399570514047,2458645663954,59075149907,9vDro3FZVMbUhHWWhqgGPCGP4dw93XDGYmV4whHunnjR,6,1.0
3YFt3ccVbDxC3nj81MKHsiN1GdE9uKbd4yPesMeXy1BRsErSCvRV7hz5ZDHTAfY6x9L4mnMeLMbxtoSdmvB2Mk6j,1754153825,2025-08-02T16:57:05,0.000005002,gSUqvUJfTLBPk6d8cXPXoduD5qDa1YbS74nNt69d21W,inc,329232190,633769778,963001968,So11111111111111111111111111111111111111111,9,1.0
5GwqWcu2PFr8McDMmsyDjrKWdo2YEzpv8u5mhLFgReQcH6zowWZxeGdgz5ciUAKeWrrJU5xhaqUcnYuuz1qCYujm,1754153766,2025-08-02T16:56:06,0.000005,gSUqvUJfTLBPk6d8cXPXoduD5qDa1YbS74nNt69d21W,dec,6000,633775778,633769778,So11111111111111111111111111111111111111111,9,1.0
3TEB2ZXDS2i1tJZfgZE6s9xZ7dgBHFLUY3teaHry9fz4ZPcjgzpfmujeNE9Eq7mh2G5TKkPKfwdfUAAcUEta4jP2,1754153766,2025-08-02T16:56:06,0.000005003,KEms11uVjPU2WQHqYKzTj8SHt7fMZbwUZGtBkHkhK6y,inc,2390296824249,68348839705,2458645663954,9vDro3FZVMbUhHWWhqgGPCGP4dw93XDGYmV4whHunnjR,6,1.0
3TEB2ZXDS2i1tJZfgZE6s9xZ7dgBHFLUY3teaHry9fz4ZPcjgzpfmujeNE9Eq7mh2G5TKkPKfwdfUAAcUEta4jP2,1754153766,2025-08-02T16:56:06,0.000005003,gSUqvUJfTLBPk6d8cXPXoduD5qDa1YbS74nNt69d21W,dec,323421415,957197193,633775778,So11111111111111111111111111111111111111111,9,1.0
5gcZgTo5juH8FxC7kdS3yWwadZ7u5KYTtFre8KB53pts1t3hjU5BvpLiAeQkjUncAfdpRqcWDHEWGL5i2J8ktR9J,1754153754,2025-08-02T16:55:54,0.000005,gSUqvUJfTLBPk6d8cXPXoduD5qDa1YbS74nNt69d21W,dec,6000,957203193,957197193,So11111111111111111111111111111111111111111,9,1.0
4dqFtaSQjEqTkrohtEzp5Rut8jXAVKUzwrGUwe88PCSL5FJ1TgkQsh9N7s3zMweBLF9ay4LnKYoBDTLGAQV5ygDU,1754153754,2025-08-02T16:55:54,0.000005002,KEms11uVjPU2WQHqYKzTj8SHt7fMZbwUZGtBkHkhK6y,dec,5747848159755,5816196999460,68348839705,9vDro3FZVMbUhHWWhqgGPCGP4dw93XDGYmV4whHunnjR,6,1.0
4dqFtaSQjEqTkrohtEzp5Rut8jXAVKUzwrGUwe88PCSL5FJ1TgkQsh9N7s3zMweBLF9ay4LnKYoBDTLGAQV5ygDU,1754153754,2025-08-02T16:55:54,0.000005002,gSUqvUJfTLBPk6d8cXPXoduD5qDa1YbS74nNt69d21W,inc,750612029,206591164,957203193,So11111111111111111111111111111111111111111,9,1.0
2WCBBVP8hBk5jFtoEbGkC554kqYCfHM7rqVpFjhg7BHGz3tzyKDf6K63vBEg19mk1sicVmnmW72CJUthQtfV54dU,1754153544,2025-08-02T16:52:24,0.000005,gSUqvUJfTLBPk6d8cXPXoduD5qDa1YbS74nNt69d21W,dec,6000,206597164,206591164,So11111111111111111111111111111111111111111,9,1.0
wTTQ2ugyhV1A66hpkSg77Xty6V9NDfSBYBm3sVpap2YpUXuHGE9kjsyg7cbsCHLjKmpXdGzHmrfo7tH3qGXU9Bm,1754153544,2025-08-02T16:52:24,0.000005003,KEms11uVjPU2WQHqYKzTj8SHt7fMZbwUZGtBkHkhK6y,inc,3237877121770,2578319877690,5816196999460,9vDro3FZVMbUhHWWhqgGPCGP4dw93XDGYmV4whHunnjR,6,1.0
wTTQ2ugyhV1A66hpkSg77Xty6V9NDfSBYBm3sVpap2YpUXuHGE9kjsyg7cbsCHLjKmpXdGzHmrfo7tH3qGXU9Bm,1754153544,2025-08-02T16:52:24,0.000005003,gSUqvUJfTLBPk6d8cXPXoduD5qDa1YbS74nNt69d21W,dec,455011656,661608820,206597164,So11111111111111111111111111111111111111111,9,1.0
3p6a4iSqHJiSF3WBzdzJt3zo7jZp3Un9dvX4EreJx7wU6amumT3HFES2oM2HunF4rjjj5Np1RDHtkY53mCABp9xX,1754153530,2025-08-02T16:52:10,0.000005,gSUqvUJfTLBPk6d8cXPXoduD5qDa1YbS74nNt69d21W,dec,6000,661614820,661608820,So11111111111111111111111111111111111111111,9,1.0
4qRr72eKk2wW6jV2xsDQXF9edGNW5BbgX84dRxXR9cQpwuFkhbzBqcmLpq4MLrBB3U1HDxkeKJ7mD6Rzh7gx1CYd,1754153530,2025-08-02T16:52:10,0.000005003,KEms11uVjPU2WQHqYKzTj8SHt7fMZbwUZGtBkHkhK6y,inc,2578319874216,3474,2578319877690,9vDro3FZVMbUhHWWhqgGPCGP4dw93XDGYmV4whHunnjR,6,1.0
4qRr72eKk2wW6jV2xsDQXF9edGNW5BbgX84dRxXR9cQpwuFkhbzBqcmLpq4MLrBB3U1HDxkeKJ7mD6Rzh7gx1CYd,1754153530,2025-08-02T16:52:10,0.000005003,gSUqvUJfTLBPk6d8cXPXoduD5qDa1YbS74nNt69d21W,dec,361379198,1022994018,661614820,So11111111111111111111111111111111111111111,9,1.0
2zs1G26cxs3GEgnXYVh3V577KuhGK6U1ajsPgVfZmavWqRDLY8NLWDRwGhvjgppjfnK8ucufuYvr23NCeThiPnWT,1754153466,2025-08-02T16:51:06,0.000005,gSUqvUJfTLBPk6d8cXPXoduD5qDa1YbS74nNt69d21W,dec,6000,1023000018,1022994018,So11111111111111111111111111111111111111111,9,1.0
4LA9r1sodTuPCiH6eFNyqVRBUPkuq87c2b4jMYt6SG6eKfmAaNeN8onMD2rewNDhLE6KEy6qc5NLKDbGcbf7Jhxp,1754153466,2025-08-02T16:51:06,0.000005002,KEms11uVjPU2WQHqYKzTj8SHt7fMZbwUZGtBkHkhK6y,dec,6706557827325,6706557830799,3474,9vDro3FZVMbUhHWWhqgGPCGP4dw93XDGYmV4whHunnjR,6,1.0
4LA9r1sodTuPCiH6eFNyqVRBUPkuq87c2b4jMYt6SG6eKfmAaNeN8onMD2rewNDhLE6KEy6qc5NLKDbGcbf7Jhxp,1754153466,2025-08-02T16:51:06,0.000005002,gSUqvUJfTLBPk6d8cXPXoduD5qDa1YbS74nNt69d21W,inc,982812296,40187722,1023000018,So11111111111111111111111111111111111111111,9,1.0
5QRi7RYdRZzdDzcfJJmizpcavTGToGAZ4mz8J93J52SQFw772HkZ25u5rfkgLug5N6UAcNiCpUdvVRMkY1Rv4JV7,1754153399,2025-08-02T16:49:59,0.000005,gSUqvUJfTLBPk6d8cXPXoduD5qDa1YbS74nNt69d21W,dec,6000,40193722,40187722,So11111111111111111111111111111111111111111,9,1.0
3avrwsUuma5NQPWqqzcgynGpyv7dxXQAZMmAFTw78Nj3ZYBCMRvNVtit5BfQfXsZZUpEPpmms9kDmQ6T2ZKjWqnh,1754153399,2025-08-02T16:49:59,0.000005003,KEms11uVjPU2WQHqYKzTj8SHt7fMZbwUZGtBkHkhK6y,inc,1838340093247,4868217737552,6706557830799,9vDro3FZVMbUhHWWhqgGPCGP4dw93XDGYmV4whHunnjR,6,1.0
3avrwsUuma5NQPWqqzcgynGpyv7dxXQAZMmAFTw78Nj3ZYBCMRvNVtit5BfQfXsZZUpEPpmms9kDmQ6T2ZKjWqnh,1754153399,2025-08-02T16:49:59,0.000005003,gSUqvUJfTLBPk6d8cXPXoduD5qDa1YbS74nNt69d21W,dec,265860970,306054692,40193722,So11111111111111111111111111111111111111111,9,1.0
2ioBPHmJtdsck7f2HJAc7LxFfJQWtuFFSw6vNME9Wi6gzZvk7Wvotem26HXmgJeKdXU1EZoC7xeaAG4kUhCKnSqN,1754153377,2025-08-02T16:49:37,0.000005,gSUqvUJfTLBPk6d8cXPXoduD5qDa1YbS74nNt69d21W,dec,6000,306060692,306054692,So11111111111111111111111111111111111111111,9,1.0
2tBX9UGuHywQErVaFRurJirNN4TBhrxLUNJXrae7RcK8FV947Un9krA1SbeiR8DivhVBhipsM5wCgg1DKkxfskjh,1754153377,2025-08-02T16:49:37,0.000005003,KEms11uVjPU2WQHqYKzTj8SHt7fMZbwUZGtBkHkhK6y,inc,2681601917109,2186615820443,4868217737552,9vDro3FZVMbUhHWWhqgGPCGP4dw93XDGYmV4whHunnjR,6,1.0
2tBX9UGuHywQErVaFRurJirNN4TBhrxLUNJXrae7RcK8FV947Un9krA1SbeiR8DivhVBhipsM5wCgg1DKkxfskjh,1754153377,2025-08-02T16:49:37,0.000005003,gSUqvUJfTLBPk6d8cXPXoduD5qDa1YbS74nNt69d21W,dec,397411594,703472286,306060692,So11111111111111111111111111111111111111111,9,1.0
5w6kMxcPrzp3cwYjBapjxrFZJ9nAVUQ2AH3kJCAXxBVuHjAgS8d6155jvJhSXgnv9pmFosa2THJV9n8YLicCSuZz,1754153374,2025-08-02T16:49:34,0.000005,gSUqvUJfTLBPk6d8cXPXoduD5qDa1YbS74nNt69d21W,dec,6000,703478286,703472286,So11111111111111111111111111111111111111111,9,1.0
65uTMW65paRJA3DLcsDCuYjwPjGXLv7beP3gimWbEv4bEzUmEfPcZCuRtKbhQxWVKnw9i6EosDtJ4em4Xt1FRESd,1754153374,2025-08-02T16:49:34,0.000005003,KEms11uVjPU2WQHqYKzTj8SHt7fMZbwUZGtBkHkhK6y,inc,2186615815376,5067,2186615820443,9vDro3FZVMbUhHWWhqgGPCGP4dw93XDGYmV4whHunnjR,6,1.0
65uTMW65paRJA3DLcsDCuYjwPjGXLv7beP3gimWbEv4bEzUmEfPcZCuRtKbhQxWVKnw9i6EosDtJ4em4Xt1FRESd,1754153374,2025-08-02T16:49:34,0.000005003,gSUqvUJfTLBPk6d8cXPXoduD5qDa1YbS74nNt69d21W,dec,321163916,1024642202,703478286,So11111111111111111111111111111111111111111,9,1.0
5Hc3DB1JcSmoNtmABejHiMdSRrGfukCxwwc5Ndfh1VSJxjWRvxjk6EGU9Pj57AnkXUkbxrHU9Fr3TF8BGP5bSGQu,1754153354,2025-08-02T16:49:14,0.000005,gSUqvUJfTLBPk6d8cXPXoduD5qDa1YbS74nNt69d21W,dec,6000,1024648202,1024642202,So11111111111111111111111111111111111111111,9,1.0
5FEcy3EF7c5saJdjVbQTLZ9wk2Whf8BjJzfSyy89FJMuA3DCd8q7vRse2Zx1XchP6rTLK1iYdFW9ezVdV3Lz8UQ4,1754153354,2025-08-02T16:49:14,0.000005002,KEms11uVjPU2WQHqYKzTj8SHt7fMZbwUZGtBkHkhK6y,dec,17299436597,17299441664,5067,9vDro3FZVMbUhHWWhqgGPCGP4dw93XDGYmV4whHunnjR,6,1.0
5FEcy3EF7c5saJdjVbQTLZ9wk2Whf8BjJzfSyy89FJMuA3DCd8q7vRse2Zx1XchP6rTLK1iYdFW9ezVdV3Lz8UQ4,1754153354,2025-08-02T16:49:14,0.000005002,gSUqvUJfTLBPk6d8cXPXoduD5qDa1YbS74nNt69d21W,inc,2490149,1022158053,1024648202,So11111111111111111111111111111111111111111,9,1.0
5X51Q7QfBdkzzswRX4bqJ52boxScRGYXutgwDnVMGtYy6bhQKSY7X6jf9MYXDscLgVSCuBEtCLLABa4BqkCywUMW,1754153338,2025-08-02T16:48:58,0.000005,gSUqvUJfTLBPk6d8cXPXoduD5qDa1YbS74nNt69d21W,dec,6000,1022164053,1022158053,So11111111111111111111111111111111111111111,9,1.0
3RuV2UDv5YhfkB8fAS7zcwo27ZSnDyqqHUYCH2vdVQ4ybg4oig9Ms6eRGYt9wa7XvYhGwPpdGFxk5s9CMyVLs5qH,1754153338,2025-08-02T16:48:58,0.000005002,KEms11uVjPU2WQHqYKzTj8SHt7fMZbwUZGtBkHkhK6y,dec,3610775736391,3628075178055,17299441664,9vDro3FZVMbUhHWWhqgGPCGP4dw93XDGYmV4whHunnjR,6,1.0
3RuV2UDv5YhfkB8fAS7zcwo27ZSnDyqqHUYCH2vdVQ4ybg4oig9Ms6eRGYt9wa7XvYhGwPpdGFxk5s9CMyVLs5qH,1754153338,2025-08-02T16:48:58,0.000005002,gSUqvUJfTLBPk6d8cXPXoduD5qDa1YbS74nNt69d21W,inc,535559848,486604205,1022164053,So11111111111111111111111111111111111111111,9,1.0
5kQUBZtCKiSFMx41dqkfzntkVroiij9zM3tgsVHGAiPxCTMgMPWxhFo5nWqKwJWzzpMFUm82kmcafwF1K7oiQWGY,1754153205,2025-08-02T16:46:45,0.000005,gSUqvUJfTLBPk6d8cXPXoduD5qDa1YbS74nNt69d21W,dec,6000,486610205,486604205,So11111111111111111111111111111111111111111,9,1.0
4K88B7D36SiUWuzEmUBE2K6YZJeLpGBXAA8BRtQCkgjeYuAjmcRsrF3KHxQ8DkS4QRFwG5ttixH14y93XbLoJmgW,1754153205,2025-08-02T16:46:45,0.000005004,KEms11uVjPU2WQHqYKzTj8SHt7fMZbwUZGtBkHkhK6y,inc,3628075178055,0,3628075178055,9vDro3FZVMbUhHWWhqgGPCGP4dw93XDGYmV4whHunnjR,6,1.0
4K88B7D36SiUWuzEmUBE2K6YZJeLpGBXAA8BRtQCkgjeYuAjmcRsrF3KHxQ8DkS4QRFwG5ttixH14y93XbLoJmgW,1754153205,2025-08-02T16:46:45,0.000005004,gSUqvUJfTLBPk6d8cXPXoduD5qDa1YbS74nNt69d21W,dec,514889795,1001500000,486610205,So11111111111111111111111111111111111111111,9,1.0
52EFX6YoWBwFfKUS48LzatW2rchNEMEtzVykbC7bLNmeYRzATeabtpi6T4JcxPUd8tNJ3ERggDwAjwVNDaZStRkT,1754152981,2025-08-02T16:43:01,0.0000314,gSUqvUJfTLBPk6d8cXPXoduD5qDa1YbS74nNt69d21W,inc,1000000000,1500000,1001500000,So11111111111111111111111111111111111111111,9,1.0
5tpZPQiH41kUEjLrPAo93j2nprP6Fwj9EhyBghPd1es8wNsDv6KU2JdH14CYLKFLV7e1sePsjYeMHDfQxzVb9Ar3,1754152846,2025-08-02T16:40:46,0.0000666,gSUqvUJfTLBPk6d8cXPXoduD5qDa1YbS74nNt69d21W,dec,139212092,140712092,1500000,So11111111111111111111111111111111111111111,9,1.0
2yapPmUke5CjXUwgNzagdtP5xwN1iumtPbhH7dibiu4sAmLa5DP9WtmUDEBvD9tcy67GHRrxUQs6kBVg4FAQwuKZ,1754152585,2025-08-02T16:36:25,0.000005,gSUqvUJfTLBPk6d8cXPXoduD5qDa1YbS74nNt69d21W,dec,6000,140718092,140712092,So11111111111111111111111111111111111111111,9,1.0
CCoND2zdf948WptPgPN8dJofNB8cPeojqF6LEyWAJKgiSKqrmjSHxbXAbrYrLeYz8WcWyfBHG3et141MTSceaFg,1754152585,2025-08-02T16:36:25,0.000005003,59we1XugTFAeU8MgyEBV1TvHCHktp1Th593Jan2DA87p,inc,2271659296670,2838374769851,5110034066521,HgZwxFNtTgzpCPFh1GtQBn1gXMH58o5SYMDbPeVjgBV,6,1.0
CCoND2zdf948WptPgPN8dJofNB8cPeojqF6LEyWAJKgiSKqrmjSHxbXAbrYrLeYz8WcWyfBHG3et141MTSceaFg,1754152585,2025-08-02T16:36:25,0.000005003,gSUqvUJfTLBPk6d8cXPXoduD5qDa1YbS74nNt69d21W,dec,389422352,530140444,140718092,So11111111111111111111111111111111111111111,9,1.0
2FuqGeJxwTT5VknfripT11upro1PBQN3AmDwLBS2EEHPcU1bowjk2yXDEsMNfnZvCrLZzKNxKWStoj4oDoNcVdMy,1754152393,2025-08-02T16:33:13,0.000005,gSUqvUJfTLBPk6d8cXPXoduD5qDa1YbS74nNt69d21W,dec,6000,530146444,530140444,So11111111111111111111111111111111111111111,9,1.0
61MZoaMK84Z1TowzNxLyHHENDFg8amYNu3egPTu2HJ8HHWuqNjh3GJW642z1cST34S3z7gLK4omFUUMiDaP3DmX8,1754152393,2025-08-02T16:33:13,0.000005003,59we1XugTFAeU8MgyEBV1TvHCHktp1Th593Jan2DA87p,inc,2838261021279,113748572,2838374769851,HgZwxFNtTgzpCPFh1GtQBn1gXMH58o5SYMDbPeVjgBV,6,1.0
61MZoaMK84Z1TowzNxLyHHENDFg8amYNu3egPTu2HJ8HHWuqNjh3GJW642z1cST34S3z7gLK4omFUUMiDaP3DmX8,1754152393,2025-08-02T16:33:13,0.000005003,gSUqvUJfTLBPk6d8cXPXoduD5qDa1YbS74nNt69d21W,dec,485996869,1016143313,530146444,So11111111111111111111111111111111111111111,9,1.0
3K4tq1modnB7xXDXJJ3KSDEhFhtmhHrWsmgfym4GWtzWb47Q7hXmjxn8tyF4LKfvfg2gGXt1yzG57FoCvJSBSCCJ,1754152384,2025-08-02T16:33:04,0.000005,gSUqvUJfTLBPk6d8cXPXoduD5qDa1YbS74nNt69d21W,dec,6000,1016149313,1016143313,So11111111111111111111111111111111111111111,9,1.0
5JhWXFNdma651nevgdyR7XjiaBsKbcUPnbeARs6BzqnxTppRXieP14TJS5xPeEdAs5WV3AR9yiAU7vfjiJ5dmQ7C,1754152384,2025-08-02T16:33:04,0.000005002,59we1XugTFAeU8MgyEBV1TvHCHktp1Th593Jan2DA87p,dec,28533229768,28646978340,113748572,HgZwxFNtTgzpCPFh1GtQBn1gXMH58o5SYMDbPeVjgBV,6,1.0
5JhWXFNdma651nevgdyR7XjiaBsKbcUPnbeARs6BzqnxTppRXieP14TJS5xPeEdAs5WV3AR9yiAU7vfjiJ5dmQ7C,1754152384,2025-08-02T16:33:04,0.000005002,gSUqvUJfTLBPk6d8cXPXoduD5qDa1YbS74nNt69d21W,inc,4810751,1011338562,1016149313,So11111111111111111111111111111111111111111,9,1.0
2buu2GzPpDJYUah6M4xKFivJ2TEgWe8Ge294CdquWdjZ9cH61aDaXX9sDERoGJ4xvA6tZRP4sZrF6exMAYzTdMYP,1754152376,2025-08-02T16:32:56,0.000005,gSUqvUJfTLBPk6d8cXPXoduD5qDa1YbS74nNt69d21W,dec,6000,1011344562,1011338562,So11111111111111111111111111111111111111111,9,1.0
3zSxi2Z6QrJt5CWcq9UStsJP9QsukuvgVEGzbJH2snYBuEjRGpydk7kS5rb8rpenqQHViH69eAkLhyqBpkutKWN,1754152376,2025-08-02T16:32:56,0.000005002,59we1XugTFAeU8MgyEBV1TvHCHktp1Th593Jan2DA87p,dec,2268467097620,2297114075960,28646978340,HgZwxFNtTgzpCPFh1GtQBn1gXMH58o5SYMDbPeVjgBV,6,1.0
3zSxi2Z6QrJt5CWcq9UStsJP9QsukuvgVEGzbJH2snYBuEjRGpydk7kS5rb8rpenqQHViH69eAkLhyqBpkutKWN,1754152376,2025-08-02T16:32:56,0.000005002,gSUqvUJfTLBPk6d8cXPXoduD5qDa1YbS74nNt69d21W,inc,371627500,639717062,1011344562,So11111111111111111111111111111111111111111,9,1.0
5z1tF9GetbaWbLatwSEetMeNGBq49uP9euQDve8e9U3MonQuiKhAEY5t2prHNYkt3q4jfbnfj4XsGEf5wZuTbDqE,1754152300,2025-08-02T16:31:40,0.000005,gSUqvUJfTLBPk6d8cXPXoduD5qDa1YbS74nNt69d21W,dec,6000,639723062,639717062,So11111111111111111111111111111111111111111,9,1.0
2farc4c2kw84ruZXFcvRbNXUmx29pesXctw7FioQh9SoXrbfZzuoiMWmJN83H24Hy2Dm7g8216unK5QKvJJ1MTgE,1754152300,2025-08-02T16:31:40,0.000005003,59we1XugTFAeU8MgyEBV1TvHCHktp1Th593Jan2DA87p,inc,2297114071669,4291,2297114075960,HgZwxFNtTgzpCPFh1GtQBn1gXMH58o5SYMDbPeVjgBV,6,1.0
2farc4c2kw84ruZXFcvRbNXUmx29pesXctw7FioQh9SoXrbfZzuoiMWmJN83H24Hy2Dm7g8216unK5QKvJJ1MTgE,1754152300,2025-08-02T16:31:40,0.000005003,gSUqvUJfTLBPk6d8cXPXoduD5qDa1YbS74nNt69d21W,dec,331093845,970816907,639723062,So11111111111111111111111111111111111111111,9,1.0
5bCtrrsqxLcWi7rJAJS8UqWqyBrmX3D1QDh4GWGhoqTTcJqev6GDq3i7WgSJGqUTgiXfz9U5P3gabfkj2wsWHwDc,1754152110,2025-08-02T16:28:30,0.000005,gSUqvUJfTLBPk6d8cXPXoduD5qDa1YbS74nNt69d21W,dec,6000,970822907,970816907,So11111111111111111111111111111111111111111,9,1.0
2JjuFo3QbqBiNizAMiAqzxzUG3kCmf1fYXtwvxYu6EMcuaZbpCszBVMAjLS1Zj4Fvq172fAWTYJTf1HpkoH7Yzfh,1754152110,2025-08-02T16:28:30,0.000005002,59we1XugTFAeU8MgyEBV1TvHCHktp1Th593Jan2DA87p,dec,6929101251,6929105542,4291,HgZwxFNtTgzpCPFh1GtQBn1gXMH58o5SYMDbPeVjgBV,6,1.0
2JjuFo3QbqBiNizAMiAqzxzUG3kCmf1fYXtwvxYu6EMcuaZbpCszBVMAjLS1Zj4Fvq172fAWTYJTf1HpkoH7Yzfh,1754152110,2025-08-02T16:28:30,0.000005002,gSUqvUJfTLBPk6d8cXPXoduD5qDa1YbS74nNt69d21W,inc,957118,969865789,970822907,So11111111111111111111111111111111111111111,9,1.0
2qjW3NDKCnZxv2FMtUMCL3aC1f293xRAYrM2KYW9PoKB7fb65LBVJMi1YUZZG2HMChhrhYsU9cgT3xrQTNkvm4Uo,1754151942,2025-08-02T16:25:42,0.000005,gSUqvUJfTLBPk6d8cXPXoduD5qDa1YbS74nNt69d21W,dec,6000,969871789,969865789,So11111111111111111111111111111111111111111,9,1.0
9ALLKHoiM7ArjakJ49uYiTS5tMRCSvjkLnpmhTudso4WcRapHrqMwfR7TRUgJxnMzDfn8vvarAeq7xNZ2JJXB5W,1754151942,2025-08-02T16:25:42,0.000005002,59we1XugTFAeU8MgyEBV1TvHCHktp1Th593Jan2DA87p,dec,1281707712056,1288636817598,6929105542,HgZwxFNtTgzpCPFh1GtQBn1gXMH58o5SYMDbPeVjgBV,6,1.0
9ALLKHoiM7ArjakJ49uYiTS5tMRCSvjkLnpmhTudso4WcRapHrqMwfR7TRUgJxnMzDfn8vvarAeq7xNZ2JJXB5W,1754151942,2025-08-02T16:25:42,0.000005002,gSUqvUJfTLBPk6d8cXPXoduD5qDa1YbS74nNt69d21W,inc,186567153,783304636,969871789,So11111111111111111111111111111111111111111,9,1.0
2baexoRKb78EnC4DJe865cSDZ4j3sUPdsUnevhb6s2CDQ6ikcs3ZfmVfHHXnqaTu2augLhRxQGfgTMCcBf3igFCe,1754151893,2025-08-02T16:24:53,0.000005,gSUqvUJfTLBPk6d8cXPXoduD5qDa1YbS74nNt69d21W,dec,6000,783310636,783304636,So11111111111111111111111111111111111111111,9,1.0
aYswZaw42sXCBqKLmxMymRqeUo4VqzbmJyZmFvKrBU5BXzSe94u6HNQxqyby6B1JPFhPZskjdNdCmnA7pWLQZyi,1754151893,2025-08-02T16:24:53,0.000005003,59we1XugTFAeU8MgyEBV1TvHCHktp1Th593Jan2DA87p,inc,1288636815107,2491,1288636817598,HgZwxFNtTgzpCPFh1GtQBn1gXMH58o5SYMDbPeVjgBV,6,1.0
aYswZaw42sXCBqKLmxMymRqeUo4VqzbmJyZmFvKrBU5BXzSe94u6HNQxqyby6B1JPFhPZskjdNdCmnA7pWLQZyi,1754151893,2025-08-02T16:24:53,0.000005003,gSUqvUJfTLBPk6d8cXPXoduD5qDa1YbS74nNt69d21W,dec,176429124,959739760,783310636,So11111111111111111111111111111111111111111,9,1.0
3Z71kxAQp1mFEswo8k3fZKF2c11HFNW7cDqVwAFkdt8NC3HXhTGcnn1bziUKG9u275Wseeg6NCmnquHY6EnvSsuZ,1754151864,2025-08-02T16:24:24,0.000005,gSUqvUJfTLBPk6d8cXPXoduD5qDa1YbS74nNt69d21W,dec,6000,959745760,959739760,So11111111111111111111111111111111111111111,9,1.0
58Wcitikp6PHuCvyUaATTW4A8ymmdZtYZKCqKGu9kX13AJmBmd1bKcbEuYH6ZMUaZva8HB1vuWxH8p6hXj7ZCJCg,1754151864,2025-08-02T16:24:24,0.000005002,59we1XugTFAeU8MgyEBV1TvHCHktp1Th593Jan2DA87p,dec,6295414955855,6295414958346,2491,HgZwxFNtTgzpCPFh1GtQBn1gXMH58o5SYMDbPeVjgBV,6,1.0
58Wcitikp6PHuCvyUaATTW4A8ymmdZtYZKCqKGu9kX13AJmBmd1bKcbEuYH6ZMUaZva8HB1vuWxH8p6hXj7ZCJCg,1754151864,2025-08-02T16:24:24,0.000005002,gSUqvUJfTLBPk6d8cXPXoduD5qDa1YbS74nNt69d21W,inc,919746343,39999417,959745760,So11111111111111111111111111111111111111111,9,1.0
gckZ5ZqGZuwJoK7fitKJejwR2aF7tntvgy1Agm668gP8cdUw2MeMQdCYi1ip1j2CbLCG9kFb5De1PsbeJUnrefb,1754151821,2025-08-02T16:23:41,0.000005,gSUqvUJfTLBPk6d8cXPXoduD5qDa1YbS74nNt69d21W,dec,6000,40005417,39999417,So11111111111111111111111111111111111111111,9,1.0
27A8A1y2TiJHcRvg7z5t4WmrVSaNFhxNccXEcUMhTYFWVQJ5ekRZQCPWMbweLaF4ETtnrUc31xmQHf1JnUw8f3Fs,1754151821,2025-08-02T16:23:41,0.000005003,59we1XugTFAeU8MgyEBV1TvHCHktp1Th593Jan2DA87p,inc,1422594563359,4872820394987,6295414958346,HgZwxFNtTgzpCPFh1GtQBn1gXMH58o5SYMDbPeVjgBV,6,1.0
27A8A1y2TiJHcRvg7z5t4WmrVSaNFhxNccXEcUMhTYFWVQJ5ekRZQCPWMbweLaF4ETtnrUc31xmQHf1JnUw8f3Fs,1754151821,2025-08-02T16:23:41,0.000005003,gSUqvUJfTLBPk6d8cXPXoduD5qDa1YbS74nNt69d21W,dec,210328707,250334124,40005417,So11111111111111111111111111111111111111111,9,1.0
3T1p62cMryWf3eLkVd17paHeZbt1YsZCKfPD2V8hL9a4n8xhhtwm2iQRC2ioUCDnFdsLSZ9bLBbXE3jq4WjF1BbC,1754151723,2025-08-02T16:22:03,0.000005,gSUqvUJfTLBPk6d8cXPXoduD5qDa1YbS74nNt69d21W,dec,6000,250340124,250334124,So11111111111111111111111111111111111111111,9,1.0
4FXE5TpQaDQKy5r5a7Uun1vgQjmH7pHP4zukVZC3QXpWvMENm2ubYfoZJiGWj2kqDKUv53wXJNn5WvaQAcvoms9J,1754151723,2025-08-02T16:22:03,0.000005003,59we1XugTFAeU8MgyEBV1TvHCHktp1Th593Jan2DA87p,inc,3422375723610,1450444671377,4872820394987,HgZwxFNtTgzpCPFh1GtQBn1gXMH58o5SYMDbPeVjgBV,6,1.0
4FXE5TpQaDQKy5r5a7Uun1vgQjmH7pHP4zukVZC3QXpWvMENm2ubYfoZJiGWj2kqDKUv53wXJNn5WvaQAcvoms9J,1754151723,2025-08-02T16:22:03,0.000005003,gSUqvUJfTLBPk6d8cXPXoduD5qDa1YbS74nNt69d21W,dec,467814321,718154445,250340124,So11111111111111111111111111111111111111111,9,1.0
iiV66fT6LqK5pmn9fFd2mocXuxxAMPh54TpUz3X73QFzFaymo4BWbyNbrCE2Mxvmoo15DfhZYHeUAD1mBN5NQox,1754151651,2025-08-02T16:20:51,0.000005,gSUqvUJfTLBPk6d8cXPXoduD5qDa1YbS74nNt69d21W,dec,6000,718160445,718154445,So11111111111111111111111111111111111111111,9,1.0
2wSoMdwdcri78wAqfpjodfGHC3YnwY8D1Ue15mXhFip6Af9GGSm8cUTDvRF2XQH2dnrUMdvM6jscsyW9Un1Q5CHA,1754151651,2025-08-02T16:20:51,0.000005003,59we1XugTFAeU8MgyEBV1TvHCHktp1Th593Jan2DA87p,inc,1450444665358,6019,1450444671377,HgZwxFNtTgzpCPFh1GtQBn1gXMH58o5SYMDbPeVjgBV,6,1.0
2wSoMdwdcri78wAqfpjodfGHC3YnwY8D1Ue15mXhFip6Af9GGSm8cUTDvRF2XQH2dnrUMdvM6jscsyW9Un1Q5CHA,1754151651,2025-08-02T16:20:51,0.000005003,gSUqvUJfTLBPk6d8cXPXoduD5qDa1YbS74nNt69d21W,dec,194447089,912607534,718160445,So11111111111111111111111111111111111111111,9,1.0
2Ur8PUtKj7b5o8275wHuzcBJcRDjQT9ST6mA4W4Y3cAnPa9EdNdnmAahoqfZKCeFucMDy8YrFWTxDafQPevfUufk,1754151649,2025-08-02T16:20:49,0.000005,gSUqvUJfTLBPk6d8cXPXoduD5qDa1YbS74nNt69d21W,inc,1,912607533,912607534,So11111111111111111111111111111111111111111,9,1.0
4QHx8dkpycKWEERCy6Ph6vYGWkui1nEiimre7obYxqwADAARD1VGMsCzuJr7vE2i6duZiugRhqJhES4YiiELonih,1754151649,2025-08-02T16:20:49,0.000005,gSUqvUJfTLBPk6d8cXPXoduD5qDa1YbS74nNt69d21W,inc,1,912607532,912607533,So11111111111111111111111111111111111111111,9,1.0
4FC8n7pezCXx8V6zupRy9UyTcesgiB8ee3gVv5cp7HAPyb3MgDntn35SJLSzjA69FURYMdrLEvRpbw8Y41cBQwDY,1754151647,2025-08-02T16:20:47,0.000005,gSUqvUJfTLBPk6d8cXPXoduD5qDa1YbS74nNt69d21W,dec,6000,912613532,912607532,So11111111111111111111111111111111111111111,9,1.0
5yMq2K22tp9sPj5TBCYg3h9zjhZ45zEC5DJpuSd5RHXdnrqiTmLPPiKeaNXrUuj98XTrvZAB4Cj2xyLGKmt2JVVm,1754151647,2025-08-02T16:20:47,0.000005002,59we1XugTFAeU8MgyEBV1TvHCHktp1Th593Jan2DA87p,dec,6373979091599,6373979097618,6019,HgZwxFNtTgzpCPFh1GtQBn1gXMH58o5SYMDbPeVjgBV,6,1.0
5yMq2K22tp9sPj5TBCYg3h9zjhZ45zEC5DJpuSd5RHXdnrqiTmLPPiKeaNXrUuj98XTrvZAB4Cj2xyLGKmt2JVVm,1754151647,2025-08-02T16:20:47,0.000005002,gSUqvUJfTLBPk6d8cXPXoduD5qDa1YbS74nNt69d21W,inc,834705268,77908264,912613532,So11111111111111111111111111111111111111111,9,1.0
3rsTkRDJvBhadXiqbvnJmpBCgSWm3EciBCkFXzzSPNGAj6q2ne3RdgFmQHSqwFrVj3bkUQLC6KrEZzj6XX95PkX2,1754151557,2025-08-02T16:19:17,0.000005,gSUqvUJfTLBPk6d8cXPXoduD5qDa1YbS74nNt69d21W,dec,6000,77914264,77908264,So11111111111111111111111111111111111111111,9,1.0
5Kd5G2QF9USn1cGhwsvztxRgZaP97jJr8rdsndxVhfLULtG2CB6sDUUpC9RUdmxB4LT7o9GWFjd9CaZqbfSkUUrM,1754151557,2025-08-02T16:19:17,0.000005003,59we1XugTFAeU8MgyEBV1TvHCHktp1Th593Jan2DA87p,inc,2782445578896,3591533518722,6373979097618,HgZwxFNtTgzpCPFh1GtQBn1gXMH58o5SYMDbPeVjgBV,6,1.0
5Kd5G2QF9USn1cGhwsvztxRgZaP97jJr8rdsndxVhfLULtG2CB6sDUUpC9RUdmxB4LT7o9GWFjd9CaZqbfSkUUrM,1754151557,2025-08-02T16:19:17,0.000005003,gSUqvUJfTLBPk6d8cXPXoduD5qDa1YbS74nNt69d21W,dec,399656056,477570320,77914264,So11111111111111111111111111111111111111111,9,1.0
5WzZTvsi5b82qcffXz5eVwrTPx75SjmBqXWoJrfyuLCyry46rFyUSyBXaDosNK8JhwNAB1CjUtbZsgcWQFcmqbhC,1754151539,2025-08-02T16:18:59,0.000005,gSUqvUJfTLBPk6d8cXPXoduD5qDa1YbS74nNt69d21W,dec,6000,477576320,477570320,So11111111111111111111111111111111111111111,9,1.0
4p18fvNVTDTRJ4ModfEcRz2VEDwFpqcAbXPQYURH9vF6cw3Y1GWHgE2j4g1sxDBjoFgwDTbv5kPJ6CgfwkAyVLKF,1754151539,2025-08-02T16:18:59,0.000005003,59we1XugTFAeU8MgyEBV1TvHCHktp1Th593Jan2DA87p,inc,1668869058782,1922664459940,3591533518722,HgZwxFNtTgzpCPFh1GtQBn1gXMH58o5SYMDbPeVjgBV,6,1.0
4p18fvNVTDTRJ4ModfEcRz2VEDwFpqcAbXPQYURH9vF6cw3Y1GWHgE2j4g1sxDBjoFgwDTbv5kPJ6CgfwkAyVLKF,1754151539,2025-08-02T16:18:59,0.000005003,gSUqvUJfTLBPk6d8cXPXoduD5qDa1YbS74nNt69d21W,dec,237439651,715015971,477576320,So11111111111111111111111111111111111111111,9,1.0
3mERfx4Ab2UqSWC3iqdf8WcQGw3p4gazwfaabaaa24iUfNxeeB5ohNSgvAfzLbuirJNB56i83m44Lw7Jku7ARt2K,1754151460,2025-08-02T16:17:40,0.000005,gSUqvUJfTLBPk6d8cXPXoduD5qDa1YbS74nNt69d21W,dec,6000,715021971,715015971,So11111111111111111111111111111111111111111,9,1.0
5viLTWRGyP9Kd7AB8AA1bSSEz2EF5837B3NVEDT3mTBpjUhhbd6Pfi8sSBu5VM6toppHh6vs2SoCa9a1xkGacXau,1754151460,2025-08-02T16:17:40,0.000005003,59we1XugTFAeU8MgyEBV1TvHCHktp1Th593Jan2DA87p,inc,1922319556857,344903083,1922664459940,HgZwxFNtTgzpCPFh1GtQBn1gXMH58o5SYMDbPeVjgBV,6,1.0
5viLTWRGyP9Kd7AB8AA1bSSEz2EF5837B3NVEDT3mTBpjUhhbd6Pfi8sSBu5VM6toppHh6vs2SoCa9a1xkGacXau,1754151460,2025-08-02T16:17:40,0.000005003,gSUqvUJfTLBPk6d8cXPXoduD5qDa1YbS74nNt69d21W,dec,262624662,977646633,715021971,So11111111111111111111111111111111111111111,9,1.0
2ZBE5ErBv8eDSG3zgQio4jJQ1QeiaLj7NmcGXn9qWmYBj1e9emTuV9brW7tsRMrmMbrHJYH3YJCanfZTzDEMpviQ,1754151416,2025-08-02T16:16:56,0.000005,gSUqvUJfTLBPk6d8cXPXoduD5qDa1YbS74nNt69d21W,dec,6000,977652633,977646633,So11111111111111111111111111111111111111111,9,1.0
5njLtCDSBDZS89NdRgVyqqSYeS3EpPo72uGrL4NCTbbamGkfWyRMAbxdXeVGYcsQGKR5ptaeMgDvHyHCLk4w5V5Q,1754151416,2025-08-02T16:16:56,0.000005002,59we1XugTFAeU8MgyEBV1TvHCHktp1Th593Jan2DA87p,dec,50819406952,51164310035,344903083,HgZwxFNtTgzpCPFh1GtQBn1gXMH58o5SYMDbPeVjgBV,6,1.0
5njLtCDSBDZS89NdRgVyqqSYeS3EpPo72uGrL4NCTbbamGkfWyRMAbxdXeVGYcsQGKR5ptaeMgDvHyHCLk4w5V5Q,1754151416,2025-08-02T16:16:56,0.000005002,gSUqvUJfTLBPk6d8cXPXoduD5qDa1YbS74nNt69d21W,inc,6530826,971121807,977652633,So11111111111111111111111111111111111111111,9,1.0
2rSLEj3gUyuhhK3dE9ShiDV43JWB1nD1NA8kfA2qMQWrQ2MkmA1BnpPftwvFTMyK5FifHeao1HjQ5UYky1Ff4HQ1,1754151384,2025-08-02T16:16:24,0.000005,gSUqvUJfTLBPk6d8cXPXoduD5qDa1YbS74nNt69d21W,dec,6000,971127807,971121807,So11111111111111111111111111111111111111111,9,1.0
59svP5TyYXrAh2uZdNknBC6JFLX1fpnzhjs8aU3keH8A9QuDj5amThoRTVUeKWXw89enghrsv5kDnPURPPs9ugPh,1754151384,2025-08-02T16:16:24,0.000005002,59we1XugTFAeU8MgyEBV1TvHCHktp1Th593Jan2DA87p,dec,6006254254197,6057418564232,51164310035,HgZwxFNtTgzpCPFh1GtQBn1gXMH58o5SYMDbPeVjgBV,6,1.0
59svP5TyYXrAh2uZdNknBC6JFLX1fpnzhjs8aU3keH8A9QuDj5amThoRTVUeKWXw89enghrsv5kDnPURPPs9ugPh,1754151384,2025-08-02T16:16:24,0.000005002,gSUqvUJfTLBPk6d8cXPXoduD5qDa1YbS74nNt69d21W,inc,789332014,181795793,971127807,So11111111111111111111111111111111111111111,9,1.0
3AfN1UHkXd7QgHs8xJyDwpkZRqwn7BsTUCCTtAFELELVePTjjFjJDMPfZTaPGrwjJP4WNFeooWcZmiDYnnShisMi,1754151328,2025-08-02T16:15:28,0.000005,gSUqvUJfTLBPk6d8cXPXoduD5qDa1YbS74nNt69d21W,dec,6000,181801793,181795793,So11111111111111111111111111111111111111111,9,1.0
2M8WSFgqd3DorTzKCrCKdFZHZuMcNawAVh6eRYNfxGgHVpXyF8aUuz5MS1jM9M7ghF1MLwt5FXsP29S7xSpfZRPi,1754151328,2025-08-02T16:15:28,0.000005004,59we1XugTFAeU8MgyEBV1TvHCHktp1Th593Jan2DA87p,inc,2047676309362,4009742254870,6057418564232,HgZwxFNtTgzpCPFh1GtQBn1gXMH58o5SYMDbPeVjgBV,6,1.0
2M8WSFgqd3DorTzKCrCKdFZHZuMcNawAVh6eRYNfxGgHVpXyF8aUuz5MS1jM9M7ghF1MLwt5FXsP29S7xSpfZRPi,1754151328,2025-08-02T16:15:28,0.000005004,gSUqvUJfTLBPk6d8cXPXoduD5qDa1YbS74nNt69d21W,dec,277801744,459603537,181801793,So11111111111111111111111111111111111111111,9,1.0
w37N6C3tnpJHs3o1MWRMnwBtqry1NMekJ1VqKUdw4yP5AqWpK2ABLq1EQwqsoZy9Co9Nnzt73sqg4aio8i8ZnuY,1754151328,2025-08-02T16:15:28,0.000005,gSUqvUJfTLBPk6d8cXPXoduD5qDa1YbS74nNt69d21W,dec,6000,459609537,459603537,So11111111111111111111111111111111111111111,9,1.0
29hEp7J3rPtyVApdojvBP7bu5xhu1T6Qnvcv7GpJG4j5cugKsJ14ARpAfuhJy5vBYUZbs5i6TnPi32xMxqGp5SPU,1754151328,2025-08-02T16:15:28,0.000005004,59we1XugTFAeU8MgyEBV1TvHCHktp1Th593Jan2DA87p,inc,4009742254870,0,4009742254870,HgZwxFNtTgzpCPFh1GtQBn1gXMH58o5SYMDbPeVjgBV,6,1.0
29hEp7J3rPtyVApdojvBP7bu5xhu1T6Qnvcv7GpJG4j5cugKsJ14ARpAfuhJy5vBYUZbs5i6TnPi32xMxqGp5SPU,1754151328,2025-08-02T16:15:28,0.000005004,gSUqvUJfTLBPk6d8cXPXoduD5qDa1YbS74nNt69d21W,dec,541890464,1001500001,459609537,So11111111111111111111111111111111111111111,9,1.0
3ersWszGh3WyZyzCyTX76ymCKdNx4p9cU9vT1oMqkx55VGfQfu2xUjqRUzpPMrj4c9oeG4qgi3iJvDFkUQrapTmf,1754151123,2025-08-02T16:12:03,0.0000314,gSUqvUJfTLBPk6d8cXPXoduD5qDa1YbS74nNt69d21W,inc,1000000000,1500001,1001500001,So11111111111111111111111111111111111111111,9,1.0
3VdZX8sbpQ2CVXDrDmPfqBGb6JNZgUPqTyQCMneu4CckHw4zbyjKFKHoy4SMKhTuSeoPU7CAPeqP8UeywE2U9t1C,1754150996,2025-08-02T16:09:56,0.0000666,gSUqvUJfTLBPk6d8cXPXoduD5qDa1YbS74nNt69d21W,dec,1000000000,1001500001,1500001,So11111111111111111111111111111111111111111,9,1.0
4UZGD9HY6TABVcX2eEbx3w1C25ZJMfYVD4gc6jt9xLqrxdoNLVv1D5TmzjJdPmEPEt8Ajd7EvF58EbA4vAHz5K3N,1754150838,2025-08-02T16:07:18,0.0000314,gSUqvUJfTLBPk6d8cXPXoduD5qDa1YbS74nNt69d21W,inc,1000000000,1500001,1001500001,So11111111111111111111111111111111111111111,9,1.0
29QphrNUwtXp8TLr1os56hPnFeZ7i2T56cNHnokyW2c2cWmwRmF5AvjKepQrMEMNMvDQKk67HjkzBT2j5RSfGk8K,1754150744,2025-08-02T16:05:44,0.00001,4hLuPvtZeU4ctoFnmny68k7G3ueVwqFgRiDuBP1Vshjr,dec,1692,1692,0,3BzfAiqEYvBpqQEd5AMqRiYRy2TdBCoyCGRsijpdaar5,6,1.0
29QphrNUwtXp8TLr1os56hPnFeZ7i2T56cNHnokyW2c2cWmwRmF5AvjKepQrMEMNMvDQKk67HjkzBT2j5RSfGk8K,1754150744,2025-08-02T16:05:44,0.00001,9fAX6o2PEcN1G6J48grbfwopK5t9ZJM8xiXMXoMHaEMD,dec,2896937133595,2896937133595,0,51r4QZLBQZQfDnmw2SnR7djq4LnAjHZo2dtuxRWTfSzx,6,1.0
5HaEuz7ddy1jENh6KYnz1Yans8TT7vaMw47KSbrrvxF9S8gMR1erAfC4NtQ1nVmbYPYJSJdGAjBt3CyhTo5NuJAm,1754150701,2025-08-02T16:05:01,0.0000666,gSUqvUJfTLBPk6d8cXPXoduD5qDa1YbS74nNt69d21W,dec,1046716884,1048216885,1500001,So11111111111111111111111111111111111111111,9,1.0
2TKPAEw3DVEZiVFYNX8xi6RkU2mTAunUjKk1pYyA5euw9kKQN7gosDrYD5P4AjDhd64hcrfjypkcDpX6pcBDGbH1,1754150633,2025-08-02T16:03:53,0.000005,gSUqvUJfTLBPk6d8cXPXoduD5qDa1YbS74nNt69d21W,dec,6000,1048222885,1048216885,So11111111111111111111111111111111111111111,9,1.0
5mYgYSQj5LWMw61G8rHaVMsg34qgCasnEZS9ZVJ8PPp7dfTwUGg7HPzgoGjdam3XQf4EncLiVrTHYFxCW7YyDXEY,1754150633,2025-08-02T16:03:53,0.000005002,4hLuPvtZeU4ctoFnmny68k7G3ueVwqFgRiDuBP1Vshjr,dec,38819893308,38819895000,1692,3BzfAiqEYvBpqQEd5AMqRiYRy2TdBCoyCGRsijpdaar5,6,1.0
5mYgYSQj5LWMw61G8rHaVMsg34qgCasnEZS9ZVJ8PPp7dfTwUGg7HPzgoGjdam3XQf4EncLiVrTHYFxCW7YyDXEY,1754150633,2025-08-02T16:03:53,0.000005002,gSUqvUJfTLBPk6d8cXPXoduD5qDa1YbS74nNt69d21W,inc,6280235,1041942650,1048222885,So11111111111111111111111111111111111111111,9,1.0
3iDrLZcqFnKQDamiVccCbLNa4nu9yavHSg1TtLsFrZMCV5jUrQJJZQg47vzViMup5HBRjZp7sMyVyB1Z56cvZqSn,1754150630,2025-08-02T16:03:50,0.000005,gSUqvUJfTLBPk6d8cXPXoduD5qDa1YbS74nNt69d21W,dec,6000,1041948650,1041942650,So11111111111111111111111111111111111111111,9,1.0
4kM27gzxLkr73TrVDCpeTphCVjBKNh7BQGNtAbK9NwT6Ztu6UUsVWGASUnHSw2pfxE3fuVUpdayapEQy1MxYuHiL,1754150630,2025-08-02T16:03:50,0.000005002,4hLuPvtZeU4ctoFnmny68k7G3ueVwqFgRiDuBP1Vshjr,dec,4867548522280,4906368417280,38819895000,3BzfAiqEYvBpqQEd5AMqRiYRy2TdBCoyCGRsijpdaar5,6,1.0
4kM27gzxLkr73TrVDCpeTphCVjBKNh7BQGNtAbK9NwT6Ztu6UUsVWGASUnHSw2pfxE3fuVUpdayapEQy1MxYuHiL,1754150630,2025-08-02T16:03:50,0.000005002,gSUqvUJfTLBPk6d8cXPXoduD5qDa1YbS74nNt69d21W,inc,779674466,262274184,1041948650,So11111111111111111111111111111111111111111,9,1.0
2LYpxFYVC6F4Sa3yJor3uos8v9hza9c4Ja5dpWzPxZ8nTj25gV3hnTHXyKiGzz5kuoqqkA1DM72wWF7fBgDmB6Mz,1754150528,2025-08-02T16:02:08,0.000005,gSUqvUJfTLBPk6d8cXPXoduD5qDa1YbS74nNt69d21W,dec,6000,262280184,262274184,So11111111111111111111111111111111111111111,9,1.0
2htijNJ7CVs1B8giduQwXDbqdkhYNy4FX2Fdtx919ancmrzQjZuiseKZunRDZQv1WdLqzuBQGV3ATRgcFLE2i8yC,1754150528,2025-08-02T16:02:08,0.000005003,4hLuPvtZeU4ctoFnmny68k7G3ueVwqFgRiDuBP1Vshjr,inc,2634395590319,2271972826961,4906368417280,3BzfAiqEYvBpqQEd5AMqRiYRy2TdBCoyCGRsijpdaar5,6,1.0
2htijNJ7CVs1B8giduQwXDbqdkhYNy4FX2Fdtx919ancmrzQjZuiseKZunRDZQv1WdLqzuBQGV3ATRgcFLE2i8yC,1754150528,2025-08-02T16:02:08,0.000005003,gSUqvUJfTLBPk6d8cXPXoduD5qDa1YbS74nNt69d21W,dec,434895103,697175287,262280184,So11111111111111111111111111111111111111111,9,1.0
5uHAu18NHuwYR8rtjbkAo29E4NKno4G6JrB3x5YLFL5ht8wotkNeeqc8bdtBSJmk1JqiLjP4HahQF8ikMYSfpCLT,1754150495,2025-08-02T16:01:35,0.000005,gSUqvUJfTLBPk6d8cXPXoduD5qDa1YbS74nNt69d21W,dec,6000,697181287,697175287,So11111111111111111111111111111111111111111,9,1.0
4JPs53C8CZfuBbg24WXsPtWfJruYoR4UTtUjwgw3nEoKZExK45itQVJMu9Cg2cqcnjMixnXwFKKuVfPRZB2cPEeG,1754150495,2025-08-02T16:01:35,0.000005003,4hLuPvtZeU4ctoFnmny68k7G3ueVwqFgRiDuBP1Vshjr,inc,2271972824339,2622,2271972826961,3BzfAiqEYvBpqQEd5AMqRiYRy2TdBCoyCGRsijpdaar5,6,1.0
4JPs53C8CZfuBbg24WXsPtWfJruYoR4UTtUjwgw3nEoKZExK45itQVJMu9Cg2cqcnjMixnXwFKKuVfPRZB2cPEeG,1754150495,2025-08-02T16:01:35,0.000005003,gSUqvUJfTLBPk6d8cXPXoduD5qDa1YbS74nNt69d21W,dec,382439256,1079620543,697181287,So11111111111111111111111111111111111111111,9,1.0
63aP8dQeLoLnd8pKeUXnjYtCs3PKNcn98q2Qzp8c1sNWEJGSZLm5wtX2E43eiQG9FyXcJhFyr6yAjfXMbNZssE5a,1754150453,2025-08-02T16:00:53,0.000005,gSUqvUJfTLBPk6d8cXPXoduD5qDa1YbS74nNt69d21W,dec,6000,1079626543,1079620543,So11111111111111111111111111111111111111111,9,1.0
3N2w5ykLrk77aUrWbY9FMhgMmvAKC6eYo5zGJZ7XvJaFoxDrCq9LC9J5Qom2jWqn4td76Rdx7hNhLgNMg4inRLc6,1754150453,2025-08-02T16:00:53,0.000005002,4hLuPvtZeU4ctoFnmny68k7G3ueVwqFgRiDuBP1Vshjr,dec,1565271392439,1565271395061,2622,3BzfAiqEYvBpqQEd5AMqRiYRy2TdBCoyCGRsijpdaar5,6,1.0
3N2w5ykLrk77aUrWbY9FMhgMmvAKC6eYo5zGJZ7XvJaFoxDrCq9LC9J5Qom2jWqn4td76Rdx7hNhLgNMg4inRLc6,1754150453,2025-08-02T16:00:53,0.000005002,gSUqvUJfTLBPk6d8cXPXoduD5qDa1YbS74nNt69d21W,inc,255976320,823650223,1079626543,So11111111111111111111111111111111111111111,9,1.0
5GKLcUfPPnt6MSGcHUoquGautD1dczdnexuFN45BhsTnirJThsLwPvAcCNxzXiLG7Sde1MjiUYJb39Peb9aheHq1,1754150415,2025-08-02T16:00:15,0.000005,gSUqvUJfTLBPk6d8cXPXoduD5qDa1YbS74nNt69d21W,dec,6000,823656223,823650223,So11111111111111111111111111111111111111111,9,1.0
3qj8n3zsKW2cC8xSfdzMNBsiPhjgnGnz4TH62tRPpxKo1jkZeL9eaPXgL783wJ8Z69P1jguc3qBJN2dYvF7JwbqW,1754150415,2025-08-02T16:00:15,0.000005003,4hLuPvtZeU4ctoFnmny68k7G3ueVwqFgRiDuBP1Vshjr,inc,1562471816696,2799578365,1565271395061,3BzfAiqEYvBpqQEd5AMqRiYRy2TdBCoyCGRsijpdaar5,6,1.0
3qj8n3zsKW2cC8xSfdzMNBsiPhjgnGnz4TH62tRPpxKo1jkZeL9eaPXgL783wJ8Z69P1jguc3qBJN2dYvF7JwbqW,1754150415,2025-08-02T16:00:15,0.000005003,gSUqvUJfTLBPk6d8cXPXoduD5qDa1YbS74nNt69d21W,dec,257686690,1081342913,823656223,So11111111111111111111111111111111111111111,9,1.0
5tm3mkcJYPM3ZHKAuZzUURbC7EoXyChkSp9WYrcvTnN9SaoDT7B4C1k1iyuymuthmgJbW7nzxYnz3dnzCSEGgG9o,1754150172,2025-08-02T15:56:12,0.000005,gSUqvUJfTLBPk6d8cXPXoduD5qDa1YbS74nNt69d21W,dec,6000,1081348913,1081342913,So11111111111111111111111111111111111111111,9,1.0
54VNxeyhcdu6LeYsSjw9KryoEunHWjfPmGQUW6pkChvUorKCXkrmDxbWf2MGPfmuK5sYnyYqKG637bwCpNTXyBzT,1754150172,2025-08-02T15:56:12,0.000005002,4hLuPvtZeU4ctoFnmny68k7G3ueVwqFgRiDuBP1Vshjr,dec,1516931120170,1519730698535,2799578365,3BzfAiqEYvBpqQEd5AMqRiYRy2TdBCoyCGRsijpdaar5,6,1.0
54VNxeyhcdu6LeYsSjw9KryoEunHWjfPmGQUW6pkChvUorKCXkrmDxbWf2MGPfmuK5sYnyYqKG637bwCpNTXyBzT,1754150172,2025-08-02T15:56:12,0.000005002,gSUqvUJfTLBPk6d8cXPXoduD5qDa1YbS74nNt69d21W,inc,259948340,821400573,1081348913,So11111111111111111111111111111111111111111,9,1.0
2XWTrnNjVsLwFZEkXMzj3RVxDd5uaPv86yzJXCiVZLKeyFkArFFNpU9KXeYSKYUz8ctjNft585naTwwMe77YBWpN,1754150063,2025-08-02T15:54:23,0.000005,gSUqvUJfTLBPk6d8cXPXoduD5qDa1YbS74nNt69d21W,dec,6000,821406573,821400573,So11111111111111111111111111111111111111111,9,1.0
23SSBGw5FE5m1nSVA4XEydyHyHqni7R9sez1wx1syCVtmU3xQpCpRtaKu5ZUfbT72FUMdrLFueTWA6XK7MUKTfCU,1754150063,2025-08-02T15:54:23,0.000005003,4hLuPvtZeU4ctoFnmny68k7G3ueVwqFgRiDuBP1Vshjr,inc,1519730694937,3598,1519730698535,3BzfAiqEYvBpqQEd5AMqRiYRy2TdBCoyCGRsijpdaar5,6,1.0
23SSBGw5FE5m1nSVA4XEydyHyHqni7R9sez1wx1syCVtmU3xQpCpRtaKu5ZUfbT72FUMdrLFueTWA6XK7MUKTfCU,1754150063,2025-08-02T15:54:23,0.000005003,gSUqvUJfTLBPk6d8cXPXoduD5qDa1YbS74nNt69d21W,dec,229365014,1050771587,821406573,So11111111111111111111111111111111111111111,9,1.0
5h6UDpmxxH6WZLaH26XBLNWpuGEpBWhQfDC36CidmtCrC74GbH1byr1Hyrv4xLLtcUv2h7SmsHMz26PqkqY8nMJ4,1754150043,2025-08-02T15:54:03,0.000005,gSUqvUJfTLBPk6d8cXPXoduD5qDa1YbS74nNt69d21W,dec,6000,1050777587,1050771587,So11111111111111111111111111111111111111111,9,1.0
5VRZs4BzweXGH2u9f7VcqBviZiBjFcmNr2srBG9agLjCTNGeA62KqiTucXxtWbriwaznmdgjCKQKJ24SrXaCBEL7,1754150043,2025-08-02T15:54:03,0.000005002,4hLuPvtZeU4ctoFnmny68k7G3ueVwqFgRiDuBP1Vshjr,dec,3951883241884,3951883245482,3598,3BzfAiqEYvBpqQEd5AMqRiYRy2TdBCoyCGRsijpdaar5,6,1.0
5VRZs4BzweXGH2u9f7VcqBviZiBjFcmNr2srBG9agLjCTNGeA62KqiTucXxtWbriwaznmdgjCKQKJ24SrXaCBEL7,1754150043,2025-08-02T15:54:03,0.000005002,gSUqvUJfTLBPk6d8cXPXoduD5qDa1YbS74nNt69d21W,inc,583684080,467093507,1050777587,So11111111111111111111111111111111111111111,9,1.0
3xqy1oovkLNvXr2aBY9fWu7ao5Z88LToFfYFCWTQUWNE8ZrS26QArE8TD3hiLoyi8JeUAKhFeRPKqMU2tHGQzVNQ,1754150020,2025-08-02T15:53:40,0.000005,gSUqvUJfTLBPk6d8cXPXoduD5qDa1YbS74nNt69d21W,dec,6000,467099507,467093507,So11111111111111111111111111111111111111111,9,1.0
33tfwBjtCoxa5nTLiiyYHq4UyebGXucqviDRLPEJmwKB7rbXVzpRYDFQg7pgyx4Qq3NJUPQSVr8U5Za4BZ7QpRAT,1754150020,2025-08-02T15:53:40,0.000005003,4hLuPvtZeU4ctoFnmny68k7G3ueVwqFgRiDuBP1Vshjr,inc,2773765510751,1178117734731,3951883245482,3BzfAiqEYvBpqQEd5AMqRiYRy2TdBCoyCGRsijpdaar5,6,1.0
33tfwBjtCoxa5nTLiiyYHq4UyebGXucqviDRLPEJmwKB7rbXVzpRYDFQg7pgyx4Qq3NJUPQSVr8U5Za4BZ7QpRAT,1754150020,2025-08-02T15:53:40,0.000005003,gSUqvUJfTLBPk6d8cXPXoduD5qDa1YbS74nNt69d21W,dec,411514545,878614052,467099507,So11111111111111111111111111111111111111111,9,1.0
5AyNJ64dkdxfbW1JbDxo6a5q4TUAjGXpKbkYeiK7eDWeZFCEVfAKqCPjQ3XJ81GNq3nH41W4Yxq7VGj6KUCeLmXd,1754149992,2025-08-02T15:53:12,0.000005,gSUqvUJfTLBPk6d8cXPXoduD5qDa1YbS74nNt69d21W,dec,6000,878620052,878614052,So11111111111111111111111111111111111111111,9,1.0
4mcfLmGV7GQgTpfEW2mNrgJZPJkQEHLmei54Md25DFkGYwkFKUM2XqiSEveRZp4FydPKekHwJgWMBLFzuuuU3Pij,1754149992,2025-08-02T15:53:12,0.000005003,4hLuPvtZeU4ctoFnmny68k7G3ueVwqFgRiDuBP1Vshjr,inc,1169077952056,9039782675,1178117734731,3BzfAiqEYvBpqQEd5AMqRiYRy2TdBCoyCGRsijpdaar5,6,1.0
4mcfLmGV7GQgTpfEW2mNrgJZPJkQEHLmei54Md25DFkGYwkFKUM2XqiSEveRZp4FydPKekHwJgWMBLFzuuuU3Pij,1754149992,2025-08-02T15:53:12,0.000005003,gSUqvUJfTLBPk6d8cXPXoduD5qDa1YbS74nNt69d21W,dec,168826303,1047446355,878620052,So11111111111111111111111111111111111111111,9,1.0
3acnnxD5yhECairwLXmhzUhZJzNqQxoK2RwsbYAWHnaVQ18X2Zqi8GC9m9tznFZqajT5q4aSyMYxkG1Bp3or8tNt,1754149815,2025-08-02T15:50:15,0.000005,gSUqvUJfTLBPk6d8cXPXoduD5qDa1YbS74nNt69d21W,dec,6000,1047452355,1047446355,So11111111111111111111111111111111111111111,9,1.0
4kKx2g6zRQjMHk2j8Dy4U24R4tkbqpseRGXHFpV4JTuXHKZf8EPBTgHbthGpk33SAsmawoe9dxQNByC1NwBYTtCX,1754149815,2025-08-02T15:50:15,0.000005002,4hLuPvtZeU4ctoFnmny68k7G3ueVwqFgRiDuBP1Vshjr,dec,4419279046174,4428318828849,9039782675,3BzfAiqEYvBpqQEd5AMqRiYRy2TdBCoyCGRsijpdaar5,6,1.0
4kKx2g6zRQjMHk2j8Dy4U24R4tkbqpseRGXHFpV4JTuXHKZf8EPBTgHbthGpk33SAsmawoe9dxQNByC1NwBYTtCX,1754149815,2025-08-02T15:50:15,0.000005002,gSUqvUJfTLBPk6d8cXPXoduD5qDa1YbS74nNt69d21W,inc,647049745,400402610,1047452355,So11111111111111111111111111111111111111111,9,1.0
677eBDdVsvM63j1QaeQCHpiKkRE2ogm2YW3n46WnjUkw9kHL1rWfeU1pGraMRvenPmRGHLh1VwNhjQ29fmFQqath,1754149664,2025-08-02T15:47:44,0.000005,gSUqvUJfTLBPk6d8cXPXoduD5qDa1YbS74nNt69d21W,dec,6000,400408610,400402610,So11111111111111111111111111111111111111111,9,1.0
66SPuPPiYf59q6KZMsPLLJr8mj7m5iDkFEqbZFyk7M3h7NPdXy696rbuzeBX3SVn7veDZvgPDBHnFL4cLxhizAmS,1754149664,2025-08-02T15:47:44,0.000005003,4hLuPvtZeU4ctoFnmny68k7G3ueVwqFgRiDuBP1Vshjr,inc,2093507957155,2334810871694,4428318828849,3BzfAiqEYvBpqQEd5AMqRiYRy2TdBCoyCGRsijpdaar5,6,1.0
66SPuPPiYf59q6KZMsPLLJr8mj7m5iDkFEqbZFyk7M3h7NPdXy696rbuzeBX3SVn7veDZvgPDBHnFL4cLxhizAmS,1754149664,2025-08-02T15:47:44,0.000005003,gSUqvUJfTLBPk6d8cXPXoduD5qDa1YbS74nNt69d21W,dec,304832325,705240935,400408610,So11111111111111111111111111111111111111111,9,1.0
4958GW7UoRMZYpw9tZPRCobRxvTdgPxM4a9P6WjSTkKQMdkhCHYcWL1S8hE6tjc6K7rbyvrZHAeiydJgiS5yTaCN,1754149656,2025-08-02T15:47:36,0.000005,gSUqvUJfTLBPk6d8cXPXoduD5qDa1YbS74nNt69d21W,dec,6000,705246935,705240935,So11111111111111111111111111111111111111111,9,1.0
4B2HQEeZ8nyEBVTpdBZsS1ivgm7JgYEiJJHi24NiE5VsKqz11Mb9eXCR1jcowySt47LGpbSyrKkWYCkWXK5GDjne,1754149656,2025-08-02T15:47:36,0.000005003,4hLuPvtZeU4ctoFnmny68k7G3ueVwqFgRiDuBP1Vshjr,inc,2334810865756,5938,2334810871694,3BzfAiqEYvBpqQEd5AMqRiYRy2TdBCoyCGRsijpdaar5,6,1.0
4B2HQEeZ8nyEBVTpdBZsS1ivgm7JgYEiJJHi24NiE5VsKqz11Mb9eXCR1jcowySt47LGpbSyrKkWYCkWXK5GDjne,1754149656,2025-08-02T15:47:36,0.000005003,gSUqvUJfTLBPk6d8cXPXoduD5qDa1YbS74nNt69d21W,dec,346818359,1052065294,705246935,So11111111111111111111111111111111111111111,9,1.0
3PHpTMJmCZp6XjxkEhLdV3povFrezJJstK4sYHmrj1DSineq6cKKrUQxWoMf67qobXgGENM8WEa4cJuX4TTZZiJe,1754149652,2025-08-02T15:47:32,0.000005,gSUqvUJfTLBPk6d8cXPXoduD5qDa1YbS74nNt69d21W,dec,6000,1052071294,1052065294,So11111111111111111111111111111111111111111,9,1.0
62Y5qQJNMnoasovaty2DrDYyn6WT4Pwatx4qdnWydiSd5RTTdB1YvyNcHR7VZzEyEXLK2hGjJdmHwewnSoL8Q4Ms,1754149652,2025-08-02T15:47:32,0.000005002,4hLuPvtZeU4ctoFnmny68k7G3ueVwqFgRiDuBP1Vshjr,dec,6512921270541,6512921276479,5938,3BzfAiqEYvBpqQEd5AMqRiYRy2TdBCoyCGRsijpdaar5,6,1.0
62Y5qQJNMnoasovaty2DrDYyn6WT4Pwatx4qdnWydiSd5RTTdB1YvyNcHR7VZzEyEXLK2hGjJdmHwewnSoL8Q4Ms,1754149652,2025-08-02T15:47:32,0.000005002,gSUqvUJfTLBPk6d8cXPXoduD5qDa1YbS74nNt69d21W,inc,961481442,90589852,1052071294,So11111111111111111111111111111111111111111,9,1.0
5Q89xcqwUM15htLP5cxT86RXdXztqjNrr8HyT7NwVCgfUnk1DQfFqhtxcVmm4a8R7YMXTktgoGqBGpyay2eBx6Wd,1754149350,2025-08-02T15:42:30,0.000005,gSUqvUJfTLBPk6d8cXPXoduD5qDa1YbS74nNt69d21W,dec,6000,90595852,90589852,So11111111111111111111111111111111111111111,9,1.0
uPWSCYVe9hsZAQ7mhho6N818YUgucbQBRnwMpgi4r6ZbKQL9X29DUFAP2CGbNaLhtK4s5ov83gueeMSY6EvXgHD,1754149350,2025-08-02T15:42:30,0.000005003,4hLuPvtZeU4ctoFnmny68k7G3ueVwqFgRiDuBP1Vshjr,inc,3204134712224,3308786564255,6512921276479,3BzfAiqEYvBpqQEd5AMqRiYRy2TdBCoyCGRsijpdaar5,6,1.0
uPWSCYVe9hsZAQ7mhho6N818YUgucbQBRnwMpgi4r6ZbKQL9X29DUFAP2CGbNaLhtK4s5ov83gueeMSY6EvXgHD,1754149350,2025-08-02T15:42:30,0.000005003,gSUqvUJfTLBPk6d8cXPXoduD5qDa1YbS74nNt69d21W,dec,464826391,555422243,90595852,So11111111111111111111111111111111111111111,9,1.0
34xFa94qrRiWeKYf8JbADMrCrT5VKgupNrxgmaGm3gPKVvtJzb1sbdZ7t7eD6ayWqosEFWD6ZXBBF7vfQHVUS835,1754149335,2025-08-02T15:42:15,0.000005,gSUqvUJfTLBPk6d8cXPXoduD5qDa1YbS74nNt69d21W,dec,6000,555428243,555422243,So11111111111111111111111111111111111111111,9,1.0
546zx3Q2SZ2dxRWPwwt38bR8WVzPoNzu6nDzfiRuZ1VG7BKTEaXWVPTCKWdr48qVSKYnkChLuk8AAsLtozUf3U7C,1754149335,2025-08-02T15:42:15,0.000005003,4hLuPvtZeU4ctoFnmny68k7G3ueVwqFgRiDuBP1Vshjr,inc,3308786561081,3174,3308786564255,3BzfAiqEYvBpqQEd5AMqRiYRy2TdBCoyCGRsijpdaar5,6,1.0
546zx3Q2SZ2dxRWPwwt38bR8WVzPoNzu6nDzfiRuZ1VG7BKTEaXWVPTCKWdr48qVSKYnkChLuk8AAsLtozUf3U7C,1754149335,2025-08-02T15:42:15,0.000005003,gSUqvUJfTLBPk6d8cXPXoduD5qDa1YbS74nNt69d21W,dec,482110926,1037539169,555428243,So11111111111111111111111111111111111111111,9,1.0
3ESvYcm6zjiy3whstj4wxdxWAvqxHSpDUHMVxYwwW9nPPrbcJRMK8ccUZ52b9sd6KtfL3cQkqexbdrwYXvKbpo82,1754149160,2025-08-02T15:39:20,0.000005,gSUqvUJfTLBPk6d8cXPXoduD5qDa1YbS74nNt69d21W,dec,6000,1037545169,1037539169,So11111111111111111111111111111111111111111,9,1.0
3qdZx1DB4XBryFmnWSZdRVXDYV2bFqJJAJwT545ipWN9m2Z2eTWxkPBP1Dnh6p8y2ULpJSz76pq3ahub8DTqCxbR,1754149160,2025-08-02T15:39:20,0.000005002,4hLuPvtZeU4ctoFnmny68k7G3ueVwqFgRiDuBP1Vshjr,dec,247942867,247946041,3174,3BzfAiqEYvBpqQEd5AMqRiYRy2TdBCoyCGRsijpdaar5,6,1.0
3qdZx1DB4XBryFmnWSZdRVXDYV2bFqJJAJwT545ipWN9m2Z2eTWxkPBP1Dnh6p8y2ULpJSz76pq3ahub8DTqCxbR,1754149160,2025-08-02T15:39:20,0.000005002,gSUqvUJfTLBPk6d8cXPXoduD5qDa1YbS74nNt69d21W,inc,29578,1037515591,1037545169,So11111111111111111111111111111111111111111,9,1.0
3uKmToFeT4EFA1cW8jWVoxL41tD5CRyEgMUQvdXe6yeuqSKztdQULXqAHaRkoxCpW3Qf97gkFsQxv2Lc6qC8w3sp,1754149110,2025-08-02T15:38:30,0.000005,gSUqvUJfTLBPk6d8cXPXoduD5qDa1YbS74nNt69d21W,dec,6000,1037521591,1037515591,So11111111111111111111111111111111111111111,9,1.0
83g8xUmmWmpDZbMYBmxmZCDY4Pq85P8t9TKiqnZxUFwdFpZYnLpHGM3r3kSuGhP7ho3HehewWs2oCRsdF4QRH6L,1754149110,2025-08-02T15:38:30,0.000005002,4hLuPvtZeU4ctoFnmny68k7G3ueVwqFgRiDuBP1Vshjr,dec,25520633109,25768579150,247946041,3BzfAiqEYvBpqQEd5AMqRiYRy2TdBCoyCGRsijpdaar5,6,1.0
83g8xUmmWmpDZbMYBmxmZCDY4Pq85P8t9TKiqnZxUFwdFpZYnLpHGM3r3kSuGhP7ho3HehewWs2oCRsdF4QRH6L,1754149110,2025-08-02T15:38:30,0.000005002,gSUqvUJfTLBPk6d8cXPXoduD5qDa1YbS74nNt69d21W,inc,3149741,1034371850,1037521591,So11111111111111111111111111111111111111111,9,1.0
67HVdjmcjsYyA73kZcuncCeSxRqmZzHQvtnYHUaXJxx9XVs3FLRNP3EBBQ44aZcTBwkGVd6h9Dkp6Fm6r1k51kx,1754149093,2025-08-02T15:38:13,0.000005,gSUqvUJfTLBPk6d8cXPXoduD5qDa1YbS74nNt69d21W,dec,6000,1034377850,1034371850,So11111111111111111111111111111111111111111,9,1.0
4VuaqdVprTbJDmKSxzTjgdPEJoFF36tLvkD285yKNbYJjgUNdh2FWmgGCx6uHub48zToK68x81R4QLU2ktgR3Ai7,1754149093,2025-08-02T15:38:13,0.000005002,4hLuPvtZeU4ctoFnmny68k7G3ueVwqFgRiDuBP1Vshjr,dec,1199207041888,1224975621038,25768579150,3BzfAiqEYvBpqQEd5AMqRiYRy2TdBCoyCGRsijpdaar5,6,1.0
4VuaqdVprTbJDmKSxzTjgdPEJoFF36tLvkD285yKNbYJjgUNdh2FWmgGCx6uHub48zToK68x81R4QLU2ktgR3Ai7,1754149093,2025-08-02T15:38:13,0.000005002,gSUqvUJfTLBPk6d8cXPXoduD5qDa1YbS74nNt69d21W,inc,141582940,892794910,1034377850,So11111111111111111111111111111111111111111,9,1.0
4TDjKGkXqo7TTeeE4ScKSESFZX1arifmiLfpB8zkDkhRHHXiuG3az9ZWvXfvn5iV5NVWWGeJYkb2iJC1q1688btD,1754149003,2025-08-02T15:36:43,0.000005,gSUqvUJfTLBPk6d8cXPXoduD5qDa1YbS74nNt69d21W,dec,6000,892800910,892794910,So11111111111111111111111111111111111111111,9,1.0
3p1RtqT8in1YGSTfDDFWtKESyFydFj3qQPCBs5UYxxaHQLCFEWBWibHgdCvPCmm6i63BCfu92SKDDs1gXCP1MLD2,1754149003,2025-08-02T15:36:43,0.000005004,4hLuPvtZeU4ctoFnmny68k7G3ueVwqFgRiDuBP1Vshjr,inc,1224975621038,0,1224975621038,3BzfAiqEYvBpqQEd5AMqRiYRy2TdBCoyCGRsijpdaar5,6,1.0
3p1RtqT8in1YGSTfDDFWtKESyFydFj3qQPCBs5UYxxaHQLCFEWBWibHgdCvPCmm6i63BCfu92SKDDs1gXCP1MLD2,1754149003,2025-08-02T15:36:43,0.000005004,gSUqvUJfTLBPk6d8cXPXoduD5qDa1YbS74nNt69d21W,dec,108699090,1001500000,892800910,So11111111111111111111111111111111111111111,9,1.0
R9zUL5VDy6SExspHboYjEce7v8noCUQ68HjsMZwGStKM26Frv27Fx1i3uaYivBCpzZFgBwgEwx74TruRb5ZqhNe,1754148929,2025-08-02T15:35:29,0.0000314,gSUqvUJfTLBPk6d8cXPXoduD5qDa1YbS74nNt69d21W,inc,1000000000,1500000,1001500000,So11111111111111111111111111111111111111111,9,1.0
5KiDxQutJ5LjGrNMwHKDskpkTZcuwHw8ohq9vWgTgARF9xfsbDtAAQbBDvEE6Y8YcbqeXbxo45u2ykY6LZC8RVxL,1754148794,2025-08-02T15:33:14,0.0000666,gSUqvUJfTLBPk6d8cXPXoduD5qDa1YbS74nNt69d21W,dec,642211969,643711969,1500000,So11111111111111111111111111111111111111111,9,1.0
3derENb8Z1JKMSJNMsXLPrPa2Y18FX7uCdihyrUSzTBMX3MRXki3ed658wtZxm7LREKvJFGXEQJGcVaR3djynRyh,1754148639,2025-08-02T15:30:39,0.000005,gSUqvUJfTLBPk6d8cXPXoduD5qDa1YbS74nNt69d21W,dec,6000,643717969,643711969,So11111111111111111111111111111111111111111,9,1.0
5jxhPNJUbHfFujPiB2VWt7W4Gg2UMzBEXJWpjmFb3sBdDyW5idvQBUk2qCt1Af4yzjpPKL79mSrEtBVtmihZ6Ay9,1754148639,2025-08-02T15:30:39,0.000005003,9fAX6o2PEcN1G6J48grbfwopK5t9ZJM8xiXMXoMHaEMD,inc,2879826294595,17110839000,2896937133595,51r4QZLBQZQfDnmw2SnR7djq4LnAjHZo2dtuxRWTfSzx,6,1.0
5jxhPNJUbHfFujPiB2VWt7W4Gg2UMzBEXJWpjmFb3sBdDyW5idvQBUk2qCt1Af4yzjpPKL79mSrEtBVtmihZ6Ay9,1754148639,2025-08-02T15:30:39,0.000005003,gSUqvUJfTLBPk6d8cXPXoduD5qDa1YbS74nNt69d21W,dec,450162153,1093880122,643717969,So11111111111111111111111111111111111111111,9,1.0
4g3HZZXtW4jDL38YS67wZRe3vigub9GKFtd8GvaTQSrQTUQdHXrpzRL3uyv99vKhEKBm1jUuQpJNhkpuUGjT7CsT,1754148638,2025-08-02T15:30:38,0.000005,gSUqvUJfTLBPk6d8cXPXoduD5qDa1YbS74nNt69d21W,dec,6000,1093886122,1093880122,So11111111111111111111111111111111111111111,9,1.0
2GHE9GboY6JPKhWsfvkJDCe5ccFvpFkd31M4baGFrfwNzg2ZooyQNWiC7ZsPLhFRRvxZhiQRsuLg9a5yPDHbDMhk,1754148638,2025-08-02T15:30:38,0.000005002,9fAX6o2PEcN1G6J48grbfwopK5t9ZJM8xiXMXoMHaEMD,dec,2375757775259,2392868614259,17110839000,51r4QZLBQZQfDnmw2SnR7djq4LnAjHZo2dtuxRWTfSzx,6,1.0
2GHE9GboY6JPKhWsfvkJDCe5ccFvpFkd31M4baGFrfwNzg2ZooyQNWiC7ZsPLhFRRvxZhiQRsuLg9a5yPDHbDMhk,1754148638,2025-08-02T15:30:38,0.000005002,gSUqvUJfTLBPk6d8cXPXoduD5qDa1YbS74nNt69d21W,inc,368044728,725841394,1093886122,So11111111111111111111111111111111111111111,9,1.0
2JGdSSWCw58kqfWsvGiD5WMNyWMFUzSN1Axoa8KRpU4pnuY1ytPVUrxvzmqN1fgSkU6K2TmjSESTjp1MpY474woC,1754148618,2025-08-02T15:30:18,0.000005,gSUqvUJfTLBPk6d8cXPXoduD5qDa1YbS74nNt69d21W,dec,6000,725847394,725841394,So11111111111111111111111111111111111111111,9,1.0
4Hs88AXN6Xh5DKSkXRjX8K9hf5PUreb3mhWmeEcbyQbAzxQthRcAhtFnDGPKK7BuFVYkaZMs16RW73LxXddSAGo3,1754148618,2025-08-02T15:30:18,0.000005003,9fAX6o2PEcN1G6J48grbfwopK5t9ZJM8xiXMXoMHaEMD,inc,2392868608294,5965,2392868614259,51r4QZLBQZQfDnmw2SnR7djq4LnAjHZo2dtuxRWTfSzx,6,1.0
4Hs88AXN6Xh5DKSkXRjX8K9hf5PUreb3mhWmeEcbyQbAzxQthRcAhtFnDGPKK7BuFVYkaZMs16RW73LxXddSAGo3,1754148618,2025-08-02T15:30:18,0.000005003,gSUqvUJfTLBPk6d8cXPXoduD5qDa1YbS74nNt69d21W,dec,380351517,1106198911,725847394,So11111111111111111111111111111111111111111,9,1.0
3YQDXRzq5GffHJrTWgVEfu8FAyJQ9gtCBLzcLqN5JNxaYFKxUeco4owu2qxUvAwNb9F2dbnsBRo9UdgPVicXRuuu,1754148614,2025-08-02T15:30:14,0.000005,gSUqvUJfTLBPk6d8cXPXoduD5qDa1YbS74nNt69d21W,dec,6000,1106204911,1106198911,So11111111111111111111111111111111111111111,9,1.0
5NsRXwNBBEwjbRWe8cFjtqFdJTe7jqJjvKh1JUJ32MqE1HiEr6PCSJKraV28pPCReN39utoL7zoCFJgQWDuaHfhD,1754148614,2025-08-02T15:30:14,0.000005002,9fAX6o2PEcN1G6J48grbfwopK5t9ZJM8xiXMXoMHaEMD,dec,5619531328679,5619531334644,5965,51r4QZLBQZQfDnmw2SnR7djq4LnAjHZo2dtuxRWTfSzx,6,1.0
5NsRXwNBBEwjbRWe8cFjtqFdJTe7jqJjvKh1JUJ32MqE1HiEr6PCSJKraV28pPCReN39utoL7zoCFJgQWDuaHfhD,1754148614,2025-08-02T15:30:14,0.000005002,gSUqvUJfTLBPk6d8cXPXoduD5qDa1YbS74nNt69d21W,inc,862288954,243915957,1106204911,So11111111111111111111111111111111111111111,9,1.0
9t4RFZiW6ezc35jJFoaYc2BouftMvgpBdAA5zPH53XxzpvPZeVnGjkNwhNnW11WpxKaYZtFpdf4de5ezRMbFWfF,1754148559,2025-08-02T15:29:19,0.000005,gSUqvUJfTLBPk6d8cXPXoduD5qDa1YbS74nNt69d21W,dec,6000,243921957,243915957,So11111111111111111111111111111111111111111,9,1.0
hsLYXPzT124PSxfMFPjU63ZRNSEZD7SjLr44RPTnd1DLWctNqv59NTmvzYN6KttgBmCmQG8tYzSfngvGtbDZF93,1754148559,2025-08-02T15:29:19,0.000005003,9fAX6o2PEcN1G6J48grbfwopK5t9ZJM8xiXMXoMHaEMD,inc,3313009585286,2306521749358,5619531334644,51r4QZLBQZQfDnmw2SnR7djq4LnAjHZo2dtuxRWTfSzx,6,1.0
hsLYXPzT124PSxfMFPjU63ZRNSEZD7SjLr44RPTnd1DLWctNqv59NTmvzYN6KttgBmCmQG8tYzSfngvGtbDZF93,1754148559,2025-08-02T15:29:19,0.000005003,gSUqvUJfTLBPk6d8cXPXoduD5qDa1YbS74nNt69d21W,dec,543885917,787807874,243921957,So11111111111111111111111111111111111111111,9,1.0
2HNE5DXahPLREdyKFsDtUAwY963HGWdmcGSxXc5vnw6ksyjMJb1oiHWPUyMMunjjU7zqcLhhpuvexXGHhLgoifQG,1754148541,2025-08-02T15:29:01,0.000005,gSUqvUJfTLBPk6d8cXPXoduD5qDa1YbS74nNt69d21W,dec,6000,787813874,787807874,So11111111111111111111111111111111111111111,9,1.0
2DvMkRzMaTcA4GGNnKA1PGhYe5mHfbsATRNa6Bs6NA9UHeSb3Lks7N9rxSR16EBti1XjuE1Fmto4VNEG9kc6CTMv,1754148541,2025-08-02T15:29:01,0.000005003,9fAX6o2PEcN1G6J48grbfwopK5t9ZJM8xiXMXoMHaEMD,inc,2306521723386,25972,2306521749358,51r4QZLBQZQfDnmw2SnR7djq4LnAjHZo2dtuxRWTfSzx,6,1.0
2DvMkRzMaTcA4GGNnKA1PGhYe5mHfbsATRNa6Bs6NA9UHeSb3Lks7N9rxSR16EBti1XjuE1Fmto4VNEG9kc6CTMv,1754148541,2025-08-02T15:29:01,0.000005003,gSUqvUJfTLBPk6d8cXPXoduD5qDa1YbS74nNt69d21W,dec,367466231,1155280105,787813874,So11111111111111111111111111111111111111111,9,1.0
354xXh77b8bFze2mQP5uwFC7W1nWRJ8Bsc4kEKktofBcZbB5ERquLbhhR1B5BQZno1teuWb1kiBzHnR8KeBVVX6N,1754148469,2025-08-02T15:27:49,0.000005,gSUqvUJfTLBPk6d8cXPXoduD5qDa1YbS74nNt69d21W,dec,6000,1155286105,1155280105,So11111111111111111111111111111111111111111,9,1.0
5jKpWA3QHhwqBRyvQvHKXic25u7stHoceHyH3vTt7wXgciaSFh5kCEqaPPmsMpZMT6ZeRbjQrSirfeTBzGRgwskZ,1754148469,2025-08-02T15:27:49,0.000005002,9fAX6o2PEcN1G6J48grbfwopK5t9ZJM8xiXMXoMHaEMD,dec,9175774,9201746,25972,51r4QZLBQZQfDnmw2SnR7djq4LnAjHZo2dtuxRWTfSzx,6,1.0
5jKpWA3QHhwqBRyvQvHKXic25u7stHoceHyH3vTt7wXgciaSFh5kCEqaPPmsMpZMT6ZeRbjQrSirfeTBzGRgwskZ,1754148469,2025-08-02T15:27:49,0.000005002,gSUqvUJfTLBPk6d8cXPXoduD5qDa1YbS74nNt69d21W,dec,3470,1155289575,1155286105,So11111111111111111111111111111111111111111,9,1.0
4KU9tbnnAEe2SbT94MeBCUpQ6gpgve337DSwhtSuCkkGzRXofsXp1Vkj5gzeyt5uYZxgHvfnNwVFdS7358ccEGTw,1754148399,2025-08-02T15:26:39,0.000005,gSUqvUJfTLBPk6d8cXPXoduD5qDa1YbS74nNt69d21W,dec,6000,1155295575,1155289575,So11111111111111111111111111111111111111111,9,1.0
3FDowTjXsEg2o51gtkYzXyECADmndJg1MJgt5KPPJPVLFX62mJDipsRJdKQ4c1G8wzeGCTsZtNM6qsBWrkTfknvL,1754148399,2025-08-02T15:26:39,0.000005002,9fAX6o2PEcN1G6J48grbfwopK5t9ZJM8xiXMXoMHaEMD,dec,18492713999,18501915745,9201746,51r4QZLBQZQfDnmw2SnR7djq4LnAjHZo2dtuxRWTfSzx,6,1.0
3FDowTjXsEg2o51gtkYzXyECADmndJg1MJgt5KPPJPVLFX62mJDipsRJdKQ4c1G8wzeGCTsZtNM6qsBWrkTfknvL,1754148399,2025-08-02T15:26:39,0.000005002,gSUqvUJfTLBPk6d8cXPXoduD5qDa1YbS74nNt69d21W,inc,3008704,1152286871,1155295575,So11111111111111111111111111111111111111111,9,1.0
2pjWu259YQEJabFauD7uZ1namVS47MBbRJLXnnA73BUeoTQJ1Rj5x3xAe92uMurXrUn4EA7Hvh9wEALyi6FEEVD6,1754148376,2025-08-02T15:26:16,0.000005,gSUqvUJfTLBPk6d8cXPXoduD5qDa1YbS74nNt69d21W,dec,6000,1152292871,1152286871,So11111111111111111111111111111111111111111,9,1.0
5FhQ6Any8oe87fKdb3pcJvr3oYpJE5ACA5obFcAiPpfJgm6223nHTc924pAGn1TJrNBPQcVXfB4HUxkpwSNaEyjs,1754148376,2025-08-02T15:26:16,0.000005002,9fAX6o2PEcN1G6J48grbfwopK5t9ZJM8xiXMXoMHaEMD,dec,2723861768817,2742363684562,18501915745,51r4QZLBQZQfDnmw2SnR7djq4LnAjHZo2dtuxRWTfSzx,6,1.0
5FhQ6Any8oe87fKdb3pcJvr3oYpJE5ACA5obFcAiPpfJgm6223nHTc924pAGn1TJrNBPQcVXfB4HUxkpwSNaEyjs,1754148376,2025-08-02T15:26:16,0.000005002,gSUqvUJfTLBPk6d8cXPXoduD5qDa1YbS74nNt69d21W,inc,456818428,695474443,1152292871,So11111111111111111111111111111111111111111,9,1.0
63sDWr8mWeyZAHNoksJK8LfBkH2xKF1YJjPpWJ6r9eu21U8ppNhorHpS9unBBg2xv9FQjJYmfmTy2zU6yPYbUgwS,1754148317,2025-08-02T15:25:17,0.000005,gSUqvUJfTLBPk6d8cXPXoduD5qDa1YbS74nNt69d21W,dec,6000,695480443,695474443,So11111111111111111111111111111111111111111,9,1.0
4TBbP7KUVKKTv7kBQyUaHhrrSB5cRbguZNSD4LBPCYuqmtPmibLYKN16cMTemA8ZRbgvVvhdHRESgjNFPzMxhG3,1754148317,2025-08-02T15:25:17,0.000005003,9fAX6o2PEcN1G6J48grbfwopK5t9ZJM8xiXMXoMHaEMD,inc,2742267590251,96094311,2742363684562,51r4QZLBQZQfDnmw2SnR7djq4LnAjHZo2dtuxRWTfSzx,6,1.0
4TBbP7KUVKKTv7kBQyUaHhrrSB5cRbguZNSD4LBPCYuqmtPmibLYKN16cMTemA8ZRbgvVvhdHRESgjNFPzMxhG3,1754148317,2025-08-02T15:25:17,0.000005003,gSUqvUJfTLBPk6d8cXPXoduD5qDa1YbS74nNt69d21W,dec,436581945,1132062388,695480443,So11111111111111111111111111111111111111111,9,1.0
3JS7dWCtkE8S73XWAceAk3DGNHXuPZuDQei8FXeQ2UqtR1msK9hj6ey5vtaf9r8GBWSkbB5JRzKPwacynAZcLAHz,1754148297,2025-08-02T15:24:57,0.000005,gSUqvUJfTLBPk6d8cXPXoduD5qDa1YbS74nNt69d21W,dec,6000,1132068388,1132062388,So11111111111111111111111111111111111111111,9,1.0
32y8tC8eP3KozyjtcZrDtciUaQMSwCYj8zh3uAHKz8XG4nuVdkMKTQ96BnDrqgqJ5FnAAfE82PHrJVJjF2MsCQmw,1754148297,2025-08-02T15:24:57,0.000005002,9fAX6o2PEcN1G6J48grbfwopK5t9ZJM8xiXMXoMHaEMD,dec,11326542453,11422636764,96094311,51r4QZLBQZQfDnmw2SnR7djq4LnAjHZo2dtuxRWTfSzx,6,1.0
32y8tC8eP3KozyjtcZrDtciUaQMSwCYj8zh3uAHKz8XG4nuVdkMKTQ96BnDrqgqJ5FnAAfE82PHrJVJjF2MsCQmw,1754148297,2025-08-02T15:24:57,0.000005002,gSUqvUJfTLBPk6d8cXPXoduD5qDa1YbS74nNt69d21W,inc,1782560,1130285828,1132068388,So11111111111111111111111111111111111111111,9,1.0
3sWywgNoCPEd6Zo4wrNJV5pojz5FphmXr2Qgyf3RdcgwCBYnqTv64UB334fb3NGhyM8FMymXBk5PXWnWtteEpH6V,1754148271,2025-08-02T15:24:31,0.000005,gSUqvUJfTLBPk6d8cXPXoduD5qDa1YbS74nNt69d21W,dec,6000,1130291828,1130285828,So11111111111111111111111111111111111111111,9,1.0
5XcojEZcbFxGTr4tk8z46u3CGTtxDXG9dWRp17JrtSmYJ58SWSBsXdNAgQrtk1DtdcCoZpu5mKw45mgsQwbjBKh5,1754148271,2025-08-02T15:24:31,0.000005002,9fAX6o2PEcN1G6J48grbfwopK5t9ZJM8xiXMXoMHaEMD,dec,1363589851506,1375012488270,11422636764,51r4QZLBQZQfDnmw2SnR7djq4LnAjHZo2dtuxRWTfSzx,6,1.0
5XcojEZcbFxGTr4tk8z46u3CGTtxDXG9dWRp17JrtSmYJ58SWSBsXdNAgQrtk1DtdcCoZpu5mKw45mgsQwbjBKh5,1754148271,2025-08-02T15:24:31,0.000005002,gSUqvUJfTLBPk6d8cXPXoduD5qDa1YbS74nNt69d21W,inc,204602409,925689419,1130291828,So11111111111111111111111111111111111111111,9,1.0
4DnWDJgRCmS4QdCU68xzY9QmbwqHMxtZSBRjGS1dtF3fKkPYwdJ1JisaEGR7fAdUqKAv8EyzuET9ycJMiLoiqK7E,1754148248,2025-08-02T15:24:08,0.000005,gSUqvUJfTLBPk6d8cXPXoduD5qDa1YbS74nNt69d21W,dec,6000,925695419,925689419,So11111111111111111111111111111111111111111,9,1.0
39dT1ZYP1Wm2ZHR9h76WpQX6q59Px8YdUkofZd7eUy5Pu2NGjRGjz2LqQPUmwQ6btLdzpKKuu7bitRmgzxBrnhSb,1754148248,2025-08-02T15:24:08,0.000005003,9fAX6o2PEcN1G6J48grbfwopK5t9ZJM8xiXMXoMHaEMD,inc,1367675328348,7337159922,1375012488270,51r4QZLBQZQfDnmw2SnR7djq4LnAjHZo2dtuxRWTfSzx,6,1.0
39dT1ZYP1Wm2ZHR9h76WpQX6q59Px8YdUkofZd7eUy5Pu2NGjRGjz2LqQPUmwQ6btLdzpKKuu7bitRmgzxBrnhSb,1754148248,2025-08-02T15:24:08,0.000005003,gSUqvUJfTLBPk6d8cXPXoduD5qDa1YbS74nNt69d21W,dec,199549032,1125244451,925695419,So11111111111111111111111111111111111111111,9,1.0
4NpmxHtT1MvJnkaQ8psyAquzYnXnoyPhhibpvsrv2LgxfnzKfypouo5R5wRBRisRUe3dExmE6kamVbaxnTUg17kb,1754148243,2025-08-02T15:24:03,0.000005,gSUqvUJfTLBPk6d8cXPXoduD5qDa1YbS74nNt69d21W,dec,6000,1125250451,1125244451,So11111111111111111111111111111111111111111,9,1.0
2swTBXsMrL895B4eXpN9SALAEdP9PDoirdt6gCt8aqsiN3U7a4DRPRCpetdchzCtA2UyWQ9ixzx7B6994he1RW3Y,1754148243,2025-08-02T15:24:03,0.000005002,9fAX6o2PEcN1G6J48grbfwopK5t9ZJM8xiXMXoMHaEMD,dec,1196673791491,1204010951413,7337159922,51r4QZLBQZQfDnmw2SnR7djq4LnAjHZo2dtuxRWTfSzx,6,1.0
2swTBXsMrL895B4eXpN9SALAEdP9PDoirdt6gCt8aqsiN3U7a4DRPRCpetdchzCtA2UyWQ9ixzx7B6994he1RW3Y,1754148243,2025-08-02T15:24:03,0.000005002,gSUqvUJfTLBPk6d8cXPXoduD5qDa1YbS74nNt69d21W,inc,178471994,946778457,1125250451,So11111111111111111111111111111111111111111,9,1.0
2YSixvrwwUcy2q3iUbSpprAYgzt6pWAPtMaNSRGpht9y6W1oYpHJnaMDmE1vLmAf68cnLktVDhMstgv3NtNCNs8P,1754148203,2025-08-02T15:23:23,0.000005,gSUqvUJfTLBPk6d8cXPXoduD5qDa1YbS74nNt69d21W,dec,6000,946784457,946778457,So11111111111111111111111111111111111111111,9,1.0
2cthhB54KpodabQeyJzceF1e9hEyhaKwxjKzEUtved3SEajxw1iNfBynL6J9km5QmAXzzmxchuo68Qb3q19ZYwxi,1754148203,2025-08-02T15:23:23,0.000005003,9fAX6o2PEcN1G6J48grbfwopK5t9ZJM8xiXMXoMHaEMD,inc,1204010816323,135090,1204010951413,51r4QZLBQZQfDnmw2SnR7djq4LnAjHZo2dtuxRWTfSzx,6,1.0
2cthhB54KpodabQeyJzceF1e9hEyhaKwxjKzEUtved3SEajxw1iNfBynL6J9km5QmAXzzmxchuo68Qb3q19ZYwxi,1754148203,2025-08-02T15:23:23,0.000005003,gSUqvUJfTLBPk6d8cXPXoduD5qDa1YbS74nNt69d21W,dec,171267108,1118051565,946784457,So11111111111111111111111111111111111111111,9,1.0
3RzUf8QAg6C58kKpXf1bts75FPSMCUdBJAw7athFZrZGRy79ES7sChSmmxG8DT9Xh97eaUQTrZtur8P9TYfjjVGA,1754148032,2025-08-02T15:20:32,0.000005,gSUqvUJfTLBPk6d8cXPXoduD5qDa1YbS74nNt69d21W,inc,1,1118051564,1118051565,So11111111111111111111111111111111111111111,9,1.0
65EVgef1wrzR9XnVf9BwZGVq5Q5eeHbDfDRzApaA1NTu6WDmmKq998RtfiR4u4vgS3oUmjsBy8Syu7YyPJE49mv3,1754148032,2025-08-02T15:20:32,0.000005,gSUqvUJfTLBPk6d8cXPXoduD5qDa1YbS74nNt69d21W,inc,1,1118051563,1118051564,So11111111111111111111111111111111111111111,9,1.0
62Rug1uXBb2NK79LfovT4tfJesYTZAHZSDVwJtHGEwN9PSjm893xS5f8Az9e4jPFRZuAbF35YhyUMLu6b5M9rNZi,1754148030,2025-08-02T15:20:30,0.000005,gSUqvUJfTLBPk6d8cXPXoduD5qDa1YbS74nNt69d21W,dec,6000,1118057563,1118051563,So11111111111111111111111111111111111111111,9,1.0
5sEBs7JYrd9ktyo8WB1Sp9c5Prq7Td2jvfTWSnNEHprLdst8K3XArEhMSZPvdwgi11QeZNSzwdbiyZ3DSpM2iwhb,1754148030,2025-08-02T15:20:30,0.000005002,9fAX6o2PEcN1G6J48grbfwopK5t9ZJM8xiXMXoMHaEMD,dec,8127549,8262639,135090,51r4QZLBQZQfDnmw2SnR7djq4LnAjHZo2dtuxRWTfSzx,6,1.0
5sEBs7JYrd9ktyo8WB1Sp9c5Prq7Td2jvfTWSnNEHprLdst8K3XArEhMSZPvdwgi11QeZNSzwdbiyZ3DSpM2iwhb,1754148030,2025-08-02T15:20:30,0.000005002,gSUqvUJfTLBPk6d8cXPXoduD5qDa1YbS74nNt69d21W,dec,3838,1118061401,1118057563,So11111111111111111111111111111111111111111,9,1.0
51mzM8sDKLsB2VE2ErMx7YXLcQckHgbLxQ31smg8ehgFLBQxYFTcnBFwDgYZGhdSAWnWaRXavQcPmzLQ993xEbsx,1754147954,2025-08-02T15:19:14,0.000005,gSUqvUJfTLBPk6d8cXPXoduD5qDa1YbS74nNt69d21W,dec,6000,1118067401,1118061401,So11111111111111111111111111111111111111111,9,1.0
giuqs2RiVpN2UG4FEbdq2BhZe2whjQm2HXUYCi2GD8MdoqQc66Qie4XuV7VzbHidBS6URBWWKTNfGPo4YAx6u3p,1754147954,2025-08-02T15:19:14,0.000005002,9fAX6o2PEcN1G6J48grbfwopK5t9ZJM8xiXMXoMHaEMD,dec,1586925460,1595188099,8262639,51r4QZLBQZQfDnmw2SnR7djq4LnAjHZo2dtuxRWTfSzx,6,1.0
giuqs2RiVpN2UG4FEbdq2BhZe2whjQm2HXUYCi2GD8MdoqQc66Qie4XuV7VzbHidBS6URBWWKTNfGPo4YAx6u3p,1754147954,2025-08-02T15:19:14,0.000005002,gSUqvUJfTLBPk6d8cXPXoduD5qDa1YbS74nNt69d21W,inc,223738,1117843663,1118067401,So11111111111111111111111111111111111111111,9,1.0
5K4z7W4foAvkps2pUyW9xiEypX9o67pLDx3tGjdtrgq45sAVFgNp1XDXsBP8GUiEdpSAeCDWKXjtfxEoY1WZxDK8,1754147928,2025-08-02T15:18:48,0.000005,gSUqvUJfTLBPk6d8cXPXoduD5qDa1YbS74nNt69d21W,dec,6000,1117849663,1117843663,So11111111111111111111111111111111111111111,9,1.0
3V9vBLCyox3duZDqiiu15id6xi619LPT7cvwqndd8twfJqCVnNyQytNPwf4iuQrhQ9Fa4PP5kJQp7UWjhkGfQ4xG,1754147928,2025-08-02T15:18:48,0.000005002,9fAX6o2PEcN1G6J48grbfwopK5t9ZJM8xiXMXoMHaEMD,dec,755928483383,757523671482,1595188099,51r4QZLBQZQfDnmw2SnR7djq4LnAjHZo2dtuxRWTfSzx,6,1.0
3V9vBLCyox3duZDqiiu15id6xi619LPT7cvwqndd8twfJqCVnNyQytNPwf4iuQrhQ9Fa4PP5kJQp7UWjhkGfQ4xG,1754147928,2025-08-02T15:18:48,0.000005002,gSUqvUJfTLBPk6d8cXPXoduD5qDa1YbS74nNt69d21W,inc,104066756,1013782907,1117849663,So11111111111111111111111111111111111111111,9,1.0
39ayMkjv8S6sTNdGvwLuqDQ2Hxo5C26xfeukbWamSSH2eLYYRBLnGLLTFXRr9Ac4KVyrka6XVp9HNtdkawGBCN2c,1754147856,2025-08-02T15:17:36,0.000005,gSUqvUJfTLBPk6d8cXPXoduD5qDa1YbS74nNt69d21W,dec,6000,1013788907,1013782907,So11111111111111111111111111111111111111111,9,1.0
3fCeKgXPhbD9KFPvJ9LT24AkYTLyJZp7yvAcoK5BZtaDUGpN9Vk9pAfamLNcCFTRGEVd3WFqtbF3DxgYE1e1Axhq,1754147856,2025-08-02T15:17:36,0.000005003,9fAX6o2PEcN1G6J48grbfwopK5t9ZJM8xiXMXoMHaEMD,inc,757523666913,4569,757523671482,51r4QZLBQZQfDnmw2SnR7djq4LnAjHZo2dtuxRWTfSzx,6,1.0
3fCeKgXPhbD9KFPvJ9LT24AkYTLyJZp7yvAcoK5BZtaDUGpN9Vk9pAfamLNcCFTRGEVd3WFqtbF3DxgYE1e1Axhq,1754147856,2025-08-02T15:17:36,0.000005003,gSUqvUJfTLBPk6d8cXPXoduD5qDa1YbS74nNt69d21W,dec,108773896,1122562803,1013788907,So11111111111111111111111111111111111111111,9,1.0
5mqrgfAF6zmv3xP9F3VhDAoJJFFegBEKqDdPq9yMRcWuGShaB56NpDnu3ddZ7MTiBFv83i48jJERtsS5hoBEWV5U,1754147839,2025-08-02T15:17:19,0.000005,gSUqvUJfTLBPk6d8cXPXoduD5qDa1YbS74nNt69d21W,dec,6000,1122568803,1122562803,So11111111111111111111111111111111111111111,9,1.0
5B651h7Z8TaW4oJFe6KCw88HerEPGSUmJwSnGWdQzisdQGyGCscbL87MMkvNjD9R6Y9YMbXGffRYxzkbmyu8gVcg,1754147839,2025-08-02T15:17:19,0.000005002,9fAX6o2PEcN1G6J48grbfwopK5t9ZJM8xiXMXoMHaEMD,dec,3073077600011,3073077604580,4569,51r4QZLBQZQfDnmw2SnR7djq4LnAjHZo2dtuxRWTfSzx,6,1.0
5B651h7Z8TaW4oJFe6KCw88HerEPGSUmJwSnGWdQzisdQGyGCscbL87MMkvNjD9R6Y9YMbXGffRYxzkbmyu8gVcg,1754147839,2025-08-02T15:17:19,0.000005002,gSUqvUJfTLBPk6d8cXPXoduD5qDa1YbS74nNt69d21W,inc,429846076,692722727,1122568803,So11111111111111111111111111111111111111111,9,1.0
FNdGopMVeEYoiZGSLxL3q4qvr8Ffr21rvhu6LeMFbXp9ECEt4cVTY5GmeTptmxJa2dq3pgDMVZW2SY4S5nGg45E,1754147784,2025-08-02T15:16:24,0.000005,gSUqvUJfTLBPk6d8cXPXoduD5qDa1YbS74nNt69d21W,dec,6000,692728727,692722727,So11111111111111111111111111111111111111111,9,1.0
4Qp1WrBMLXkCqCVNNSoKFYqaRX827edabm6WyAfPkYWMwurHfhfDab8k1kKcW7Lp9XhrCrMw4Jj25F6YqHT8kWCK,1754147784,2025-08-02T15:16:24,0.000005003,9fAX6o2PEcN1G6J48grbfwopK5t9ZJM8xiXMXoMHaEMD,inc,3073077599200,5380,3073077604580,51r4QZLBQZQfDnmw2SnR7djq4LnAjHZo2dtuxRWTfSzx,6,1.0
4Qp1WrBMLXkCqCVNNSoKFYqaRX827edabm6WyAfPkYWMwurHfhfDab8k1kKcW7Lp9XhrCrMw4Jj25F6YqHT8kWCK,1754147784,2025-08-02T15:16:24,0.000005003,gSUqvUJfTLBPk6d8cXPXoduD5qDa1YbS74nNt69d21W,dec,436084994,1128813721,692728727,So11111111111111111111111111111111111111111,9,1.0
4iMLGUkTxHMci9qzjTsAAgYHHBbbrFSyHzwSKV7UNbfogRHGAVmuMZUx3TyreQAQ2J7s2aN1AbWYzSz3w2sVKSVc,1754147772,2025-08-02T15:16:12,0.000005,gSUqvUJfTLBPk6d8cXPXoduD5qDa1YbS74nNt69d21W,dec,6000,1128819721,1128813721,So11111111111111111111111111111111111111111,9,1.0
2UnuVjkva6Vajdd4g1brsN9XCtwaRFNUDE7JsevUX5jsswh9xpecLGNkHNmiwM4J1UkRANJwCNpyETTouPzLRN16,1754147772,2025-08-02T15:16:12,0.000005002,9fAX6o2PEcN1G6J48grbfwopK5t9ZJM8xiXMXoMHaEMD,dec,66934039,66939419,5380,51r4QZLBQZQfDnmw2SnR7djq4LnAjHZo2dtuxRWTfSzx,6,1.0
2UnuVjkva6Vajdd4g1brsN9XCtwaRFNUDE7JsevUX5jsswh9xpecLGNkHNmiwM4J1UkRANJwCNpyETTouPzLRN16,1754147772,2025-08-02T15:16:12,0.000005002,gSUqvUJfTLBPk6d8cXPXoduD5qDa1YbS74nNt69d21W,inc,4654,1128815067,1128819721,So11111111111111111111111111111111111111111,9,1.0
3VtgvjUggum1QrtvGJpbwQyt5AikZMvdbTBNUs21pF54aazJkDLkkmMbbMVq6ktpzRADpYn2JfEXwaQKB6YyzCGK,1754147624,2025-08-02T15:13:44,0.000005,gSUqvUJfTLBPk6d8cXPXoduD5qDa1YbS74nNt69d21W,dec,6000,1128821067,1128815067,So11111111111111111111111111111111111111111,9,1.0
5jvXbhTqVFSd7q1QiafuswMyM3Y3iWbNCKvLWGD8ZPBnzgVedCvLNHgMezk6uzNsvaji42t2rGVWpZeeLBqG4sVy,1754147624,2025-08-02T15:13:44,0.000005002,9fAX6o2PEcN1G6J48grbfwopK5t9ZJM8xiXMXoMHaEMD,dec,40223794995,40290734414,66939419,51r4QZLBQZQfDnmw2SnR7djq4LnAjHZo2dtuxRWTfSzx,6,1.0
5jvXbhTqVFSd7q1QiafuswMyM3Y3iWbNCKvLWGD8ZPBnzgVedCvLNHgMezk6uzNsvaji42t2rGVWpZeeLBqG4sVy,1754147624,2025-08-02T15:13:44,0.000005002,gSUqvUJfTLBPk6d8cXPXoduD5qDa1YbS74nNt69d21W,inc,5842259,1122978808,1128821067,So11111111111111111111111111111111111111111,9,1.0
XPvPTaoYZy4A7gbtfvuDHW6eJLZkbDwkecH9MJpX5o5o8c8qfUssAiMxPGzqsecVKDHVU7VskYGgFMAv1AU6wyb,1754147584,2025-08-02T15:13:04,0.000005,gSUqvUJfTLBPk6d8cXPXoduD5qDa1YbS74nNt69d21W,dec,6000,1122984808,1122978808,So11111111111111111111111111111111111111111,9,1.0
L4V9cCLgpxh4GyK7ixnnzpM5vYfHPGFJRV79eYqsF4H8Aw1PrRLuEdGTe7ovqKBVb2x796R9hBgSRrZPU3c4ios,1754147584,2025-08-02T15:13:04,0.000005002,9fAX6o2PEcN1G6J48grbfwopK5t9ZJM8xiXMXoMHaEMD,dec,6341919290995,6382210025409,40290734414,51r4QZLBQZQfDnmw2SnR7djq4LnAjHZo2dtuxRWTfSzx,6,1.0
L4V9cCLgpxh4GyK7ixnnzpM5vYfHPGFJRV79eYqsF4H8Aw1PrRLuEdGTe7ovqKBVb2x796R9hBgSRrZPU3c4ios,1754147584,2025-08-02T15:13:04,0.000005002,gSUqvUJfTLBPk6d8cXPXoduD5qDa1YbS74nNt69d21W,inc,912394892,210589916,1122984808,So11111111111111111111111111111111111111111,9,1.0
3szrDosjELigA9dYrVVV5vv5EvHgQcx4X2FCkMz25VhNgtZynMEQuzVZRvw9iZ1uWqzfGig56mGp5UZPPfcAXA1Z,1754147373,2025-08-02T15:09:33,0.000005,gSUqvUJfTLBPk6d8cXPXoduD5qDa1YbS74nNt69d21W,dec,6000,210595916,210589916,So11111111111111111111111111111111111111111,9,1.0
5AkxK7U7qXSeHAA6tB6p7JeWRr6NX2sB7zQ96AKQqJHZJ1DbZDguynXdkyhFLTr7kx9q57z1Yoms3miuWTMuTaoe,1754147373,2025-08-02T15:09:33,0.000005003,9fAX6o2PEcN1G6J48grbfwopK5t9ZJM8xiXMXoMHaEMD,inc,1210378966047,5171831059362,6382210025409,51r4QZLBQZQfDnmw2SnR7djq4LnAjHZo2dtuxRWTfSzx,6,1.0
5AkxK7U7qXSeHAA6tB6p7JeWRr6NX2sB7zQ96AKQqJHZJ1DbZDguynXdkyhFLTr7kx9q57z1Yoms3miuWTMuTaoe,1754147373,2025-08-02T15:09:33,0.000005003,gSUqvUJfTLBPk6d8cXPXoduD5qDa1YbS74nNt69d21W,dec,156179357,366775273,210595916,So11111111111111111111111111111111111111111,9,1.0
6CyFgwWpCwAbGz3uBWBRKm44tDGHCts89bR1EgfuUNx8SmkiVx7v9HyC9T9AdnCACHUv1FeJNbEFFTa8L2K92p3,1754147360,2025-08-02T15:09:20,0.000005,gSUqvUJfTLBPk6d8cXPXoduD5qDa1YbS74nNt69d21W,dec,6000,366781273,366775273,So11111111111111111111111111111111111111111,9,1.0
5wsazodh4bvRWrSh39veJvQXsL9K75g6xZok8Vsayoueem9GdkTAZNroURP8BZHv1nM5WH2NJkWm2SkW82dTXeFU,1754147360,2025-08-02T15:09:20,0.000005003,9fAX6o2PEcN1G6J48grbfwopK5t9ZJM8xiXMXoMHaEMD,inc,2813578310008,2358252749354,5171831059362,51r4QZLBQZQfDnmw2SnR7djq4LnAjHZo2dtuxRWTfSzx,6,1.0
5wsazodh4bvRWrSh39veJvQXsL9K75g6xZok8Vsayoueem9GdkTAZNroURP8BZHv1nM5WH2NJkWm2SkW82dTXeFU,1754147360,2025-08-02T15:09:20,0.000005003,gSUqvUJfTLBPk6d8cXPXoduD5qDa1YbS74nNt69d21W,dec,355116654,721897927,366781273,So11111111111111111111111111111111111111111,9,1.0
5nyBa5x1TBPPQYo6S7yASDyrPhNLEZaxYJcvHpC93B8oryh5MafPnBAqkUvprYC2sfkYYMih7qFJz6TcEy8T5yY9,1754147310,2025-08-02T15:08:30,0.000005,gSUqvUJfTLBPk6d8cXPXoduD5qDa1YbS74nNt69d21W,dec,6000,721903927,721897927,So11111111111111111111111111111111111111111,9,1.0
53RBK4bPu1uBxD7AbeuWdV52XL14mMBpzeTerdHq7jwafpALmEQghJnZ8fqjfREWjwvf3yuoDnuWf6idYNmiSbM5,1754147310,2025-08-02T15:08:30,0.000005004,9fAX6o2PEcN1G6J48grbfwopK5t9ZJM8xiXMXoMHaEMD,inc,2358252749354,0,2358252749354,51r4QZLBQZQfDnmw2SnR7djq4LnAjHZo2dtuxRWTfSzx,6,1.0
53RBK4bPu1uBxD7AbeuWdV52XL14mMBpzeTerdHq7jwafpALmEQghJnZ8fqjfREWjwvf3yuoDnuWf6idYNmiSbM5,1754147310,2025-08-02T15:08:30,0.000005004,gSUqvUJfTLBPk6d8cXPXoduD5qDa1YbS74nNt69d21W,dec,279596073,1001500000,721903927,So11111111111111111111111111111111111111111,9,1.0
5Q5gKXUUkYrWfWorKUcXWSrsVto8WuDeQ2ssfeb7Y9WXgnbgTXJXo2L3AKkP7BdyuaqcFmyGW65t1pKkJtvP55ma,1754147172,2025-08-02T15:06:12,0.0000314,gSUqvUJfTLBPk6d8cXPXoduD5qDa1YbS74nNt69d21W,inc,1000000000,1500000,1001500000,So11111111111111111111111111111111111111111,9,1.0
3fCSRZwrtnzs6agRdfPNhsywyRUy4HQUncFZpm55LE9hrPn3zFRBVRAcGnuFjoZBP9mNjCTtU7PcKsf8pZCcgpWo,1754147081,2025-08-02T15:04:41,0.00001,7M4HCEwLVc3ncURZh5eDRj9Mh9TyCBcfqwUHRQKQu2FN,dec,4794,4794,0,4Ny3BHFpF5X1a5zjXNdJKiA2bDuDwipVEyeD8fokhTDm,6,1.0
3fCSRZwrtnzs6agRdfPNhsywyRUy4HQUncFZpm55LE9hrPn3zFRBVRAcGnuFjoZBP9mNjCTtU7PcKsf8pZCcgpWo,1754147081,2025-08-02T15:04:41,0.00001,GdJwD9HptaXmCLHTjikQMKjvtfLxgWr5rKw5i2vRmbya,dec,3099621054269,3099621054269,0,5sxeCTXnaBx3qVa8TadMu685SptG4mfdQMgDqbtQT4vy,6,1.0
5ugHT79UYCabNXwGt4wEbAKCwxdhXuKrzQCbD9UTvUv5W5ZnVtTHjDsGjCj26qhzGgvsgVpb4vKeN6NzgM24yfRw,1754147039,2025-08-02T15:03:59,0.0000666,gSUqvUJfTLBPk6d8cXPXoduD5qDa1YbS74nNt69d21W,dec,1102095887,1103595887,1500000,So11111111111111111111111111111111111111111,9,1.0
PgumgNvzZRUeLbZQB1aYdwrudYm1NKQPMftXhLCn865kxRag4LLz1ZfcWNQ7uakF61pFqTUfGuu71EZNNMwfabe,1754146883,2025-08-02T15:01:23,0.000005,gSUqvUJfTLBPk6d8cXPXoduD5qDa1YbS74nNt69d21W,dec,6000,1103601887,1103595887,So11111111111111111111111111111111111111111,9,1.0
4bmLg1vs99koH6JcGUjjKKjVY527bTsGvApYBsv69kE2KCi6oKxDgDNgkhghgjTXvr9bjm4pvai8MYTG7bFS2pGL,1754146883,2025-08-02T15:01:23,0.000005002,7M4HCEwLVc3ncURZh5eDRj9Mh9TyCBcfqwUHRQKQu2FN,dec,116442,121236,4794,4Ny3BHFpF5X1a5zjXNdJKiA2bDuDwipVEyeD8fokhTDm,6,1.0
4bmLg1vs99koH6JcGUjjKKjVY527bTsGvApYBsv69kE2KCi6oKxDgDNgkhghgjTXvr9bjm4pvai8MYTG7bFS2pGL,1754146883,2025-08-02T15:01:23,0.000005002,gSUqvUJfTLBPk6d8cXPXoduD5qDa1YbS74nNt69d21W,dec,4986,1103606873,1103601887,So11111111111111111111111111111111111111111,9,1.0
4ACL8KWjgWKL9uLcvthPZ4zeM52wtHoXhSdJ3XpZdC9fn76uobFJv9tdTLwTLhzVp4BYh3VP7PT5DcaRq5ZzdgiB,1754146879,2025-08-02T15:01:19,0.000005,gSUqvUJfTLBPk6d8cXPXoduD5qDa1YbS74nNt69d21W,dec,6000,1103612873,1103606873,So11111111111111111111111111111111111111111,9,1.0
3yuWAF4SrHwtxFwyX3hksjYdMgNRgyEHGuJMjLuhp8p8JNwtiBF3CmhuEcXXdZvwPpSD8VZxxr9umLg1M459aaaA,1754146879,2025-08-02T15:01:19,0.000005002,7M4HCEwLVc3ncURZh5eDRj9Mh9TyCBcfqwUHRQKQu2FN,dec,43393212,43514448,121236,4Ny3BHFpF5X1a5zjXNdJKiA2bDuDwipVEyeD8fokhTDm,6,1.0
3yuWAF4SrHwtxFwyX3hksjYdMgNRgyEHGuJMjLuhp8p8JNwtiBF3CmhuEcXXdZvwPpSD8VZxxr9umLg1M459aaaA,1754146879,2025-08-02T15:01:19,0.000005002,gSUqvUJfTLBPk6d8cXPXoduD5qDa1YbS74nNt69d21W,inc,934,1103611939,1103612873,So11111111111111111111111111111111111111111,9,1.0
2p4vWm7jTEsJ88jKzt1T5s7jZrcGVJ2ehr9x3DUhDkyr75ue45tbKrDWY5DgfQy2faJRF2YAQ84aJHg2pjhe2XwR,1754146805,2025-08-02T15:00:05,0.000005,gSUqvUJfTLBPk6d8cXPXoduD5qDa1YbS74nNt69d21W,dec,6000,1103617939,1103611939,So11111111111111111111111111111111111111111,9,1.0
5PspDeWipumz4phmtiz8B4mDLYcKf2tPbE5UZ4Pvk2DU9D8enRh4xtm1TAFYLT1Wo2t4Wun6pt46zVndwoxEKza9,1754146805,2025-08-02T15:00:05,0.000005002,7M4HCEwLVc3ncURZh5eDRj9Mh9TyCBcfqwUHRQKQu2FN,dec,10593807011,10637321459,43514448,4Ny3BHFpF5X1a5zjXNdJKiA2bDuDwipVEyeD8fokhTDm,6,1.0
5PspDeWipumz4phmtiz8B4mDLYcKf2tPbE5UZ4Pvk2DU9D8enRh4xtm1TAFYLT1Wo2t4Wun6pt46zVndwoxEKza9,1754146805,2025-08-02T15:00:05,0.000005002,gSUqvUJfTLBPk6d8cXPXoduD5qDa1YbS74nNt69d21W,inc,1378894,1102239045,1103617939,So11111111111111111111111111111111111111111,9,1.0
a3KZ6QcMq74p6SAy51zTKrBa86JpzEemWtok8nmDsC9ZwyL3uhTwRBF7cjMuEX5XgeqDfmQAt9ceQ7vmn4whajf,1754146795,2025-08-02T14:59:55,0.000005,gSUqvUJfTLBPk6d8cXPXoduD5qDa1YbS74nNt69d21W,dec,6000,1102245045,1102239045,So11111111111111111111111111111111111111111,9,1.0
zyxdux6HnhTMqaXSNUiioVTJr7cPypfq4CYrVKS9AqR62rG8XJXT428WHEJ7WtjhN7NQUeAG64bsTjue8xpQhQ7,1754146795,2025-08-02T14:59:55,0.000005002,7M4HCEwLVc3ncURZh5eDRj9Mh9TyCBcfqwUHRQKQu2FN,dec,4643283276418,4653920597877,10637321459,4Ny3BHFpF5X1a5zjXNdJKiA2bDuDwipVEyeD8fokhTDm,6,1.0
zyxdux6HnhTMqaXSNUiioVTJr7cPypfq4CYrVKS9AqR62rG8XJXT428WHEJ7WtjhN7NQUeAG64bsTjue8xpQhQ7,1754146795,2025-08-02T14:59:55,0.000005002,gSUqvUJfTLBPk6d8cXPXoduD5qDa1YbS74nNt69d21W,inc,606097389,496147656,1102245045,So11111111111111111111111111111111111111111,9,1.0
BF5a2S3AEBfxQMtbZhhtfmVHxhKxcUQNMv8V9B62K8KpW5DVTp2M2JiqXts7W1F6PhoGK8C9P6QT8trz75cvxdn,1754146699,2025-08-02T14:58:19,0.000005,gSUqvUJfTLBPk6d8cXPXoduD5qDa1YbS74nNt69d21W,inc,1,496147655,496147656,So11111111111111111111111111111111111111111,9,1.0
66tcHjxaP736nv3cAMMbzySFQvRPFsPDKNDjEmjavQCWfqSoDyrp71jeFxMGRVBZSBU7QkLCVqM1xR7gzeb7GvDX,1754146694,2025-08-02T14:58:14,0.000005,gSUqvUJfTLBPk6d8cXPXoduD5qDa1YbS74nNt69d21W,dec,6000,496153655,496147655,So11111111111111111111111111111111111111111,9,1.0
5djpv6G6VgMryxKUaN96mwLUzEJc8vQKhF7tserbKjNvbrAjYMMvjULrJsKmjcMTV1if7mTnx7n8rDr8NnLwyEip,1754146694,2025-08-02T14:58:14,0.000005003,7M4HCEwLVc3ncURZh5eDRj9Mh9TyCBcfqwUHRQKQu2FN,inc,1143294676119,3510625921758,4653920597877,4Ny3BHFpF5X1a5zjXNdJKiA2bDuDwipVEyeD8fokhTDm,6,1.0
5djpv6G6VgMryxKUaN96mwLUzEJc8vQKhF7tserbKjNvbrAjYMMvjULrJsKmjcMTV1if7mTnx7n8rDr8NnLwyEip,1754146694,2025-08-02T14:58:14,0.000005003,gSUqvUJfTLBPk6d8cXPXoduD5qDa1YbS74nNt69d21W,dec,131446217,627599872,496153655,So11111111111111111111111111111111111111111,9,1.0
4nvPx6wKGRptQQt74o7gAR1wiscQArjnqGXsbMnFSW3T3MuZeMfYFGqpeFei35gs72wDA9ti4zb9Tq8PVLJhQQQe,1754146693,2025-08-02T14:58:13,0.000005,gSUqvUJfTLBPk6d8cXPXoduD5qDa1YbS74nNt69d21W,inc,1,627599871,627599872,So11111111111111111111111111111111111111111,9,1.0
3C9Pwt3Z2qaeLneync2k3wuvUJPfLkiDY8zT57dM8C4Y9MC7HoiRzjHEzGgk4AE9vxppQ8kE2Y6FLGYgMaMD3DxC,1754146693,2025-08-02T14:58:13,0.000005,gSUqvUJfTLBPk6d8cXPXoduD5qDa1YbS74nNt69d21W,inc,1,627599870,627599871,So11111111111111111111111111111111111111111,9,1.0
2TNaTnkB2opn51kJ8BuqBC4H5628PaXYVGBBEdBCQCLnomEi8DtmRjN3AhYg6M2drmsKsWMkCD6v2yd844h6qeN2,1754146685,2025-08-02T14:58:05,0.000005,gSUqvUJfTLBPk6d8cXPXoduD5qDa1YbS74nNt69d21W,inc,1,627599869,627599870,So11111111111111111111111111111111111111111,9,1.0
5t7jfha2wLsJLxnTuucZK5eha5NR7rDwbvyVp4prsmWDLrcdZjqqnoAZo778EFjKbW2SVJNeHYTcBnzauesQVgUW,1754146685,2025-08-02T14:58:05,0.000005,gSUqvUJfTLBPk6d8cXPXoduD5qDa1YbS74nNt69d21W,inc,1,627599868,627599869,So11111111111111111111111111111111111111111,9,1.0
3G6MjrjksPrFUHjWkSnNcsN8tVq6eC4iqFtLEV4k9fzSM6ih5hxECVWncWVdRZ6Y2aoTAeyTTZqU8q91d8FjQXEh,1754146673,2025-08-02T14:57:53,0.000005,gSUqvUJfTLBPk6d8cXPXoduD5qDa1YbS74nNt69d21W,dec,6000,627605868,627599868,So11111111111111111111111111111111111111111,9,1.0
owMvzwxuE6Vs9pnrEJwRAfG2rdWVfSN6VVbYLvjg7dVv9wXq9jejN593k5dzgV9kTbHX9RgdEHrDYgmE3L2RTb3,1754146673,2025-08-02T14:57:53,0.000005004,7M4HCEwLVc3ncURZh5eDRj9Mh9TyCBcfqwUHRQKQu2FN,inc,3510625921758,0,3510625921758,4Ny3BHFpF5X1a5zjXNdJKiA2bDuDwipVEyeD8fokhTDm,6,1.0
owMvzwxuE6Vs9pnrEJwRAfG2rdWVfSN6VVbYLvjg7dVv9wXq9jejN593k5dzgV9kTbHX9RgdEHrDYgmE3L2RTb3,1754146673,2025-08-02T14:57:53,0.000005004,gSUqvUJfTLBPk6d8cXPXoduD5qDa1YbS74nNt69d21W,dec,373894132,1001500000,627605868,So11111111111111111111111111111111111111111,9,1.0
gRFNjGyV71MMBYNYd8tggxPFFDr3xCNNBYjUzkYAtQv2f5Fx6rSQE94G4YuRVwpBs9VExJ96cnRS33LJ5qjECdq,1754146562,2025-08-02T14:56:02,0.0000314,gSUqvUJfTLBPk6d8cXPXoduD5qDa1YbS74nNt69d21W,inc,1000000000,1500000,1001500000,So11111111111111111111111111111111111111111,9,1.0
hmWZ5CUiU5fynehspxXF3ds8yq7HnZni7NGbT55jbyEojU1KT7tQb4yZvS4ydXBYS5BTnb91aV6ihiYBiCtZ9Rc,1754146432,2025-08-02T14:53:52,0.0000666,gSUqvUJfTLBPk6d8cXPXoduD5qDa1YbS74nNt69d21W,dec,566865765,568365765,1500000,So11111111111111111111111111111111111111111,9,1.0
4QgR1QRmKn7m8a7JAY1yFZKmujmVBnUUhkxsGkHueG3XzzzStiz8ts5DuAUDQaGa6xxhKDXDq5MN769bHukc8Hex,1754146378,2025-08-02T14:52:58,0.000005,gSUqvUJfTLBPk6d8cXPXoduD5qDa1YbS74nNt69d21W,dec,6000,568371765,568365765,So11111111111111111111111111111111111111111,9,1.0
5WvhVUqcmRGf3h8bW3FwNbbXx6pLew7dbR2B7Y7HkrF56Sbyso15Wcn4D57vDT682q6broCBJHsvd2pSFE8D48Yt,1754146378,2025-08-02T14:52:58,0.000005003,GdJwD9HptaXmCLHTjikQMKjvtfLxgWr5rKw5i2vRmbya,inc,1835847946124,1263773108145,3099621054269,5sxeCTXnaBx3qVa8TadMu685SptG4mfdQMgDqbtQT4vy,6,1.0
5WvhVUqcmRGf3h8bW3FwNbbXx6pLew7dbR2B7Y7HkrF56Sbyso15Wcn4D57vDT682q6broCBJHsvd2pSFE8D48Yt,1754146378,2025-08-02T14:52:58,0.000005003,gSUqvUJfTLBPk6d8cXPXoduD5qDa1YbS74nNt69d21W,dec,287465868,855837633,568371765,So11111111111111111111111111111111111111111,9,1.0
syFkWcFHgxXLSZQ8wgBLpBf3u1cZNM9TqbBU849r9YTpTxVAaf8XjDwv8pmPUYCcoWzWHcbYXGvWc37w4FGMAKW,1754146330,2025-08-02T14:52:10,0.000005,gSUqvUJfTLBPk6d8cXPXoduD5qDa1YbS74nNt69d21W,dec,6000,855843633,855837633,So11111111111111111111111111111111111111111,9,1.0
2AVFSjeKHd5RcA2wWyzsLjVfnkhtgCyd369KvKnpY1kFRM7s4rH9LdfUVtr5SzoKfM2hfsum2szHRA6b7dY1Ecb5,1754146330,2025-08-02T14:52:10,0.000005003,GdJwD9HptaXmCLHTjikQMKjvtfLxgWr5rKw5i2vRmbya,inc,1213622407063,50150701082,1263773108145,5sxeCTXnaBx3qVa8TadMu685SptG4mfdQMgDqbtQT4vy,6,1.0
2AVFSjeKHd5RcA2wWyzsLjVfnkhtgCyd369KvKnpY1kFRM7s4rH9LdfUVtr5SzoKfM2hfsum2szHRA6b7dY1Ecb5,1754146330,2025-08-02T14:52:10,0.000005003,gSUqvUJfTLBPk6d8cXPXoduD5qDa1YbS74nNt69d21W,dec,182703569,1038547202,855843633,So11111111111111111111111111111111111111111,9,1.0
3RhKjBtw5rdPi7fYLumXfG22zm7EUxhKgAqqrb5WgxhRCsi8jpTz1CKQ8fkRt1MnynETJuxwxkkP6YD12iX5gnJ3,1754146288,2025-08-02T14:51:28,0.000005,gSUqvUJfTLBPk6d8cXPXoduD5qDa1YbS74nNt69d21W,dec,6000,1038553202,1038547202,So11111111111111111111111111111111111111111,9,1.0
4abZPo6tnmSnNBKoM9V4P3FyhrbER9YrjsZLjeqzD8D9hCa2xZxhMkaifMbSmZdAWLteqzerdk86AnBjousMbqij,1754146288,2025-08-02T14:51:28,0.000005002,GdJwD9HptaXmCLHTjikQMKjvtfLxgWr5rKw5i2vRmbya,dec,6810935252123,6861085953205,50150701082,5sxeCTXnaBx3qVa8TadMu685SptG4mfdQMgDqbtQT4vy,6,1.0
4abZPo6tnmSnNBKoM9V4P3FyhrbER9YrjsZLjeqzD8D9hCa2xZxhMkaifMbSmZdAWLteqzerdk86AnBjousMbqij,1754146288,2025-08-02T14:51:28,0.000005002,gSUqvUJfTLBPk6d8cXPXoduD5qDa1YbS74nNt69d21W,inc,1016782795,21770407,1038553202,So11111111111111111111111111111111111111111,9,1.0
2cH6vxwpDJHrzKoTnjmSe8xec5bWPKCySP24nebvyPA8MCdxKJTTLcQRNjgdUW3ExU8Afvd49Y4zbsH42vTomATZ,1754146258,2025-08-02T14:50:58,0.000005,gSUqvUJfTLBPk6d8cXPXoduD5qDa1YbS74nNt69d21W,dec,6000,21776407,21770407,So11111111111111111111111111111111111111111,9,1.0
5Tbk5RwoDAndWctT1zgwi6sXKexw1bcxSAaKNBgofxQbXBo7234PCGpuZfLNRzQqga1HCgsjddRBZ7CmMLMsrE1t,1754146258,2025-08-02T14:50:58,0.000005003,GdJwD9HptaXmCLHTjikQMKjvtfLxgWr5rKw5i2vRmbya,inc,1624190679580,5236895273625,6861085953205,5sxeCTXnaBx3qVa8TadMu685SptG4mfdQMgDqbtQT4vy,6,1.0
5Tbk5RwoDAndWctT1zgwi6sXKexw1bcxSAaKNBgofxQbXBo7234PCGpuZfLNRzQqga1HCgsjddRBZ7CmMLMsrE1t,1754146258,2025-08-02T14:50:58,0.000005003,gSUqvUJfTLBPk6d8cXPXoduD5qDa1YbS74nNt69d21W,dec,245888328,267664735,21776407,So11111111111111111111111111111111111111111,9,1.0
3SVC4Fw94yKUUq6Z8ZCeon9TnMdGKEXHw13mtQMJfaft8rNYjfFfaN5ytTAcR2xPgkFDwbY5QJEmVnrPVodn8qFs,1754146242,2025-08-02T14:50:42,0.000005,gSUqvUJfTLBPk6d8cXPXoduD5qDa1YbS74nNt69d21W,dec,6000,267670735,267664735,So11111111111111111111111111111111111111111,9,1.0
4ymJHbSS24vVzER1TYw6gj6xECUFaQQ5rUNQYxuNbGWqiopt8jkxSVwKv7aU3bwgPcygzLqgguXnHFiHwgP35HaL,1754146242,2025-08-02T14:50:42,0.000005003,GdJwD9HptaXmCLHTjikQMKjvtfLxgWr5rKw5i2vRmbya,inc,3351436934967,1885458338658,5236895273625,5sxeCTXnaBx3qVa8TadMu685SptG4mfdQMgDqbtQT4vy,6,1.0
4ymJHbSS24vVzER1TYw6gj6xECUFaQQ5rUNQYxuNbGWqiopt8jkxSVwKv7aU3bwgPcygzLqgguXnHFiHwgP35HaL,1754146242,2025-08-02T14:50:42,0.000005003,gSUqvUJfTLBPk6d8cXPXoduD5qDa1YbS74nNt69d21W,dec,506478060,774148795,267670735,So11111111111111111111111111111111111111111,9,1.0
CQLFZG5XrQxi94q5EGSfVw3gfsx8sK1iDLCNKk1DigY1gYv8zGAxFuTXcCZtwdVAvuAKQKcCVvx1a9Jhnp2o9TY,1754146198,2025-08-02T14:49:58,0.000005,gSUqvUJfTLBPk6d8cXPXoduD5qDa1YbS74nNt69d21W,dec,6000,774154795,774148795,So11111111111111111111111111111111111111111,9,1.0
bHviYmiTArhGpJ4jiuAP42JgPAVhX483ozKeqo8SPr9Amfw5VTDrkjaNiWeSJ2cVYLW8rdXuxU2ZuBDro7ToenL,1754146198,2025-08-02T14:49:58,0.000005003,GdJwD9HptaXmCLHTjikQMKjvtfLxgWr5rKw5i2vRmbya,inc,1835203559028,50254779630,1885458338658,5sxeCTXnaBx3qVa8TadMu685SptG4mfdQMgDqbtQT4vy,6,1.0
bHviYmiTArhGpJ4jiuAP42JgPAVhX483ozKeqo8SPr9Amfw5VTDrkjaNiWeSJ2cVYLW8rdXuxU2ZuBDro7ToenL,1754146198,2025-08-02T14:49:58,0.000005003,gSUqvUJfTLBPk6d8cXPXoduD5qDa1YbS74nNt69d21W,dec,268893236,1043048031,774154795,So11111111111111111111111111111111111111111,9,1.0
24UehuiehTE6CFP9YPjRS8vMHGaTj4oFtUnhgcja7KJA2vW1wJqU2EbPuJSateXtFp6uRYNhqtmwcb9N6hjdAk3a,1754146170,2025-08-02T14:49:30,0.000005,gSUqvUJfTLBPk6d8cXPXoduD5qDa1YbS74nNt69d21W,dec,6000,1043054031,1043048031,So11111111111111111111111111111111111111111,9,1.0
4yzjfpCD5fauAp9RAZ1GpeEtD2JnXDx2tLCzM9Mi3gHEs9RCgSePPnYdQpDGTPNdzuuHVNJDeAKBL38SJ7dWUxN4,1754146170,2025-08-02T14:49:30,0.000005002,GdJwD9HptaXmCLHTjikQMKjvtfLxgWr5rKw5i2vRmbya,dec,3611311429558,3661566209188,50254779630,5sxeCTXnaBx3qVa8TadMu685SptG4mfdQMgDqbtQT4vy,6,1.0
4yzjfpCD5fauAp9RAZ1GpeEtD2JnXDx2tLCzM9Mi3gHEs9RCgSePPnYdQpDGTPNdzuuHVNJDeAKBL38SJ7dWUxN4,1754146170,2025-08-02T14:49:30,0.000005002,gSUqvUJfTLBPk6d8cXPXoduD5qDa1YbS74nNt69d21W,inc,540293882,502760149,1043054031,So11111111111111111111111111111111111111111,9,1.0
i8WEx4gcUnD8bTm7Q9BMSi26pfy2v3SnAz9tCyF8dUYcxnXzXHUxWC1RyH7v9arwQLzQcBiSJhTRiST5HpcWEch,1754145954,2025-08-02T14:45:54,0.000005,gSUqvUJfTLBPk6d8cXPXoduD5qDa1YbS74nNt69d21W,dec,6000,502766149,502760149,So11111111111111111111111111111111111111111,9,1.0
5UJyk2xztA3wp1ZKz6w6QiwyCffuCFU9Jy33q4kcVvxTfDryGyY5kF54S9h1qXxk16wcSRQ4L5SkEqYwqNATPKj8,1754145954,2025-08-02T14:45:54,0.000005003,GdJwD9HptaXmCLHTjikQMKjvtfLxgWr5rKw5i2vRmbya,inc,3661078088167,488121021,3661566209188,5sxeCTXnaBx3qVa8TadMu685SptG4mfdQMgDqbtQT4vy,6,1.0
5UJyk2xztA3wp1ZKz6w6QiwyCffuCFU9Jy33q4kcVvxTfDryGyY5kF54S9h1qXxk16wcSRQ4L5SkEqYwqNATPKj8,1754145954,2025-08-02T14:45:54,0.000005003,gSUqvUJfTLBPk6d8cXPXoduD5qDa1YbS74nNt69d21W,dec,541528165,1044294314,502766149,So11111111111111111111111111111111111111111,9,1.0
CMTXTULoNrSaGtQyfhLDxinnrmyqrMuQGYJmAp3eoFfrr6ZND6386BwHvvhE51pohmJAaGy3mhUXiWNxZJPCcXP,1754145789,2025-08-02T14:43:09,0.000005,gSUqvUJfTLBPk6d8cXPXoduD5qDa1YbS74nNt69d21W,dec,6000,1044300314,1044294314,So11111111111111111111111111111111111111111,9,1.0
9vMRjLR23N3K46Y6ZRrXixWQJKYZwbhoAVdVF3W7bQW2xoRPqj3zS72NqHZtVPGCMcwzFcSYhZEeow5PQfCiabK,1754145789,2025-08-02T14:43:09,0.000005002,GdJwD9HptaXmCLHTjikQMKjvtfLxgWr5rKw5i2vRmbya,dec,61835304408,62323425429,488121021,5sxeCTXnaBx3qVa8TadMu685SptG4mfdQMgDqbtQT4vy,6,1.0
9vMRjLR23N3K46Y6ZRrXixWQJKYZwbhoAVdVF3W7bQW2xoRPqj3zS72NqHZtVPGCMcwzFcSYhZEeow5PQfCiabK,1754145789,2025-08-02T14:43:09,0.000005002,gSUqvUJfTLBPk6d8cXPXoduD5qDa1YbS74nNt69d21W,inc,9106565,1035193749,1044300314,So11111111111111111111111111111111111111111,9,1.0
4gve3qtVPtXHBuHaZLdbLNU7LmwYWLmvHB1ovkCJmimQh9NHZpScyWMqU74buVMwaUaiWgiQh6SzcW2WRnyt21oC,1754145769,2025-08-02T14:42:49,0.000005,gSUqvUJfTLBPk6d8cXPXoduD5qDa1YbS74nNt69d21W,dec,6000,1035199749,1035193749,So11111111111111111111111111111111111111111,9,1.0
5nwnCU9kvgRGKV7ncTGE2KUvf8NMDJS9nw45gzheTJDKYDNtGwWFcihZQmpnwyRF21VeaK65hth6rvH9apJfMVju,1754145769,2025-08-02T14:42:49,0.000005002,GdJwD9HptaXmCLHTjikQMKjvtfLxgWr5rKw5i2vRmbya,dec,6863917171618,6926240597047,62323425429,5sxeCTXnaBx3qVa8TadMu685SptG4mfdQMgDqbtQT4vy,6,1.0
5nwnCU9kvgRGKV7ncTGE2KUvf8NMDJS9nw45gzheTJDKYDNtGwWFcihZQmpnwyRF21VeaK65hth6rvH9apJfMVju,1754145769,2025-08-02T14:42:49,0.000005002,gSUqvUJfTLBPk6d8cXPXoduD5qDa1YbS74nNt69d21W,inc,993386020,41813729,1035199749,So11111111111111111111111111111111111111111,9,1.0
qNgC5hmZVPgHg651VZjUgVRtspsVZse22eMxUCjfwyBphmZhWunZiXuTFpjruaAR4rVnVfCELkkjULNNxQUyAtX,1754145333,2025-08-02T14:35:33,0.000005,gSUqvUJfTLBPk6d8cXPXoduD5qDa1YbS74nNt69d21W,dec,6000,41819729,41813729,So11111111111111111111111111111111111111111,9,1.0
3k7qDM6Cqrq8uKFrCTjKxkKsY5sMycfwfPZUJ7bLX16fM7PXBG1Anu5hX8pygdJq46qq4iMhntX6hR7HjFmJoWWc,1754145333,2025-08-02T14:35:33,0.000005003,GdJwD9HptaXmCLHTjikQMKjvtfLxgWr5rKw5i2vRmbya,inc,3032410767396,3893829829651,6926240597047,5sxeCTXnaBx3qVa8TadMu685SptG4mfdQMgDqbtQT4vy,6,1.0
3k7qDM6Cqrq8uKFrCTjKxkKsY5sMycfwfPZUJ7bLX16fM7PXBG1Anu5hX8pygdJq46qq4iMhntX6hR7HjFmJoWWc,1754145333,2025-08-02T14:35:33,0.000005003,gSUqvUJfTLBPk6d8cXPXoduD5qDa1YbS74nNt69d21W,dec,419240878,461060607,41819729,So11111111111111111111111111111111111111111,9,1.0
3zRETYc8dtuQNPiCUepoVkbiPBBUwxNLx4P23aPhD7PS3mWtxEF575dogQhqQSg1iwQBeTMapMBtMSTdH2dZexSK,1754145322,2025-08-02T14:35:22,0.000005,gSUqvUJfTLBPk6d8cXPXoduD5qDa1YbS74nNt69d21W,dec,6000,461066607,461060607,So11111111111111111111111111111111111111111,9,1.0
3V7W2BwXAFQcgVyHm37Kdgrda4KuJaeRH1edzjBKrKKcWDipnseEE5CNiqQCXmtnxrT3qvmXVGLF68ioX3csKBdb,1754145322,2025-08-02T14:35:22,0.000005003,GdJwD9HptaXmCLHTjikQMKjvtfLxgWr5rKw5i2vRmbya,inc,3890733767492,3096062159,3893829829651,5sxeCTXnaBx3qVa8TadMu685SptG4mfdQMgDqbtQT4vy,6,1.0
3V7W2BwXAFQcgVyHm37Kdgrda4KuJaeRH1edzjBKrKKcWDipnseEE5CNiqQCXmtnxrT3qvmXVGLF68ioX3csKBdb,1754145322,2025-08-02T14:35:22,0.000005003,gSUqvUJfTLBPk6d8cXPXoduD5qDa1YbS74nNt69d21W,dec,534700181,995766788,461066607,So11111111111111111111111111111111111111111,9,1.0
5ca9ukYTnN8LgdjUcahyJaEuGJRWgduS9JfCY9k3zZLEi4B8uofL2JoD7UUuSr1BoHyU6MybRBKfXqi5AEpX5evj,1754145316,2025-08-02T14:35:16,0.000005,gSUqvUJfTLBPk6d8cXPXoduD5qDa1YbS74nNt69d21W,dec,6000,995772788,995766788,So11111111111111111111111111111111111111111,9,1.0
SEXRNbshTLqyP8gmARSr6PvCS7i9YDFjykqhEtKaqPq9Xy4W1s5fiTJhUcdzmJ3cD7Wcybuz46E66wZViRccF1p,1754145316,2025-08-02T14:35:16,0.000005002,GdJwD9HptaXmCLHTjikQMKjvtfLxgWr5rKw5i2vRmbya,dec,1139775013902,1142871076061,3096062159,5sxeCTXnaBx3qVa8TadMu685SptG4mfdQMgDqbtQT4vy,6,1.0
SEXRNbshTLqyP8gmARSr6PvCS7i9YDFjykqhEtKaqPq9Xy4W1s5fiTJhUcdzmJ3cD7Wcybuz46E66wZViRccF1p,1754145316,2025-08-02T14:35:16,0.000005002,gSUqvUJfTLBPk6d8cXPXoduD5qDa1YbS74nNt69d21W,inc,153428670,842344118,995772788,So11111111111111111111111111111111111111111,9,1.0
2g7oXd1uttpi8s6TN6qPzCK3wZWnpWV3FGPQpfgWBgj6kh2opbkzjRPVTChgqxGu9ojCtexMBRsv22fe5eQU7RiW,1754145214,2025-08-02T14:33:34,0.000005,gSUqvUJfTLBPk6d8cXPXoduD5qDa1YbS74nNt69d21W,dec,6000,842350118,842344118,So11111111111111111111111111111111111111111,9,1.0
4cg6cGQ8QBBUvauBwgCe4gpSMMmRobA3Edw1tG5gWm4HRRLAqAhv2mm1FC1gZbr4Ya7nWmibSB5W2AnZC5UgpQRs,1754145214,2025-08-02T14:33:34,0.000005003,GdJwD9HptaXmCLHTjikQMKjvtfLxgWr5rKw5i2vRmbya,inc,1142871072628,3433,1142871076061,5sxeCTXnaBx3qVa8TadMu685SptG4mfdQMgDqbtQT4vy,6,1.0
4cg6cGQ8QBBUvauBwgCe4gpSMMmRobA3Edw1tG5gWm4HRRLAqAhv2mm1FC1gZbr4Ya7nWmibSB5W2AnZC5UgpQRs,1754145214,2025-08-02T14:33:34,0.000005003,gSUqvUJfTLBPk6d8cXPXoduD5qDa1YbS74nNt69d21W,dec,158194557,1000544675,842350118,So11111111111111111111111111111111111111111,9,1.0
2zhQd6n8Na27BuyXuB6cogS6WK6A8pLpmhSFyPyjHyjXx1JG4AgjM9iuuaf7PhmePNbaDw8HJVnrBzdz3QrE1ZnX,1754145126,2025-08-02T14:32:06,0.000005,gSUqvUJfTLBPk6d8cXPXoduD5qDa1YbS74nNt69d21W,dec,6000,1000550675,1000544675,So11111111111111111111111111111111111111111,9,1.0
5Rvb7478ZTecchMzkSTfcBLMz8FFwSLXmWAYQ7v6ZRZZq3ftw7aG5kpDKPmQhGvgcxqwQVnS57ufYANFtUh8vyvm,1754145126,2025-08-02T14:32:06,0.000005002,GdJwD9HptaXmCLHTjikQMKjvtfLxgWr5rKw5i2vRmbya,dec,556346980,556350413,3433,5sxeCTXnaBx3qVa8TadMu685SptG4mfdQMgDqbtQT4vy,6,1.0
5Rvb7478ZTecchMzkSTfcBLMz8FFwSLXmWAYQ7v6ZRZZq3ftw7aG5kpDKPmQhGvgcxqwQVnS57ufYANFtUh8vyvm,1754145126,2025-08-02T14:32:06,0.000005002,gSUqvUJfTLBPk6d8cXPXoduD5qDa1YbS74nNt69d21W,inc,68346,1000482329,1000550675,So11111111111111111111111111111111111111111,9,1.0
4YrDF637hvs2R5j5wfhQnHnjuyk6iGSjKnrwEXVVqJA2vsCHziMyJVAkgCdGnoL9RBjuyE9kEBqN8e2Svp1An7V1,1754145070,2025-08-02T14:31:10,0.000005,gSUqvUJfTLBPk6d8cXPXoduD5qDa1YbS74nNt69d21W,dec,6000,1000488329,1000482329,So11111111111111111111111111111111111111111,9,1.0
2Qja4S5nPS8wR4uBDCCq8cPL2oGizDkenBzs8s3Lar28LWXmxVSjGSj1cMXsybvpNwwh5mxgcxFWKHm2rQSPG35y,1754145070,2025-08-02T14:31:10,0.000005002,GdJwD9HptaXmCLHTjikQMKjvtfLxgWr5rKw5i2vRmbya,dec,54088945930,54645296343,556350413,5sxeCTXnaBx3qVa8TadMu685SptG4mfdQMgDqbtQT4vy,6,1.0
2Qja4S5nPS8wR4uBDCCq8cPL2oGizDkenBzs8s3Lar28LWXmxVSjGSj1cMXsybvpNwwh5mxgcxFWKHm2rQSPG35y,1754145070,2025-08-02T14:31:10,0.000005002,gSUqvUJfTLBPk6d8cXPXoduD5qDa1YbS74nNt69d21W,inc,7188124,993300205,1000488329,So11111111111111111111111111111111111111111,9,1.0
2a5RcHwZbFiGNCFrQj2a22ee6jmEhPW9hfeAeDvLzoCJqwLjDoz54a2EhiYDuuoQavWwyVNk488WnnMw52AMuXCL,1754145029,2025-08-02T14:30:29,0.000005,gSUqvUJfTLBPk6d8cXPXoduD5qDa1YbS74nNt69d21W,dec,6000,993306205,993300205,So11111111111111111111111111111111111111111,9,1.0
2PoeuE3TzXwRWeXymey5EUsy13gKewd8N1u7iqHZWoZXCJJkD9Xc8B7jRMwaDgUr93xnbaQUwhYqHs6Wun8d4PMA,1754145029,2025-08-02T14:30:29,0.000005002,GdJwD9HptaXmCLHTjikQMKjvtfLxgWr5rKw5i2vRmbya,dec,6354956597524,6409601893867,54645296343,5sxeCTXnaBx3qVa8TadMu685SptG4mfdQMgDqbtQT4vy,6,1.0
2PoeuE3TzXwRWeXymey5EUsy13gKewd8N1u7iqHZWoZXCJJkD9Xc8B7jRMwaDgUr93xnbaQUwhYqHs6Wun8d4PMA,1754145029,2025-08-02T14:30:29,0.000005002,gSUqvUJfTLBPk6d8cXPXoduD5qDa1YbS74nNt69d21W,inc,792255522,201050683,993306205,So11111111111111111111111111111111111111111,9,1.0
2scAmyfJBFfrUpJzKRjzeQw6iM1P5nnWZz1afMyQFDkva98gnRsw5QbEeeH2GKkTp6c5bkW7kXjxxup54DswCheu,1754145022,2025-08-02T14:30:22,0.000005,gSUqvUJfTLBPk6d8cXPXoduD5qDa1YbS74nNt69d21W,dec,6000,201056683,201050683,So11111111111111111111111111111111111111111,9,1.0
vqmbLujDP5pUJ81VcMHp8g3bp7zdvyYZZrwvg1sVNJLNr3KfLunbTTFxtgFf1SUB8YzxMmeDdxAyFD6XJ4rYKLr,1754145022,2025-08-02T14:30:22,0.000005003,GdJwD9HptaXmCLHTjikQMKjvtfLxgWr5rKw5i2vRmbya,inc,3854981602017,2554620291850,6409601893867,5sxeCTXnaBx3qVa8TadMu685SptG4mfdQMgDqbtQT4vy,6,1.0
vqmbLujDP5pUJ81VcMHp8g3bp7zdvyYZZrwvg1sVNJLNr3KfLunbTTFxtgFf1SUB8YzxMmeDdxAyFD6XJ4rYKLr,1754145022,2025-08-02T14:30:22,0.000005003,gSUqvUJfTLBPk6d8cXPXoduD5qDa1YbS74nNt69d21W,dec,492414802,693471485,201056683,So11111111111111111111111111111111111111111,9,1.0
DVbD59BVhcL52KTfeyEdv2umYp7xehZGiMpXHnT6jYXnWQWa93jjHpgQsLv3AMeageMRn9rrtvuYG4PpdYY68sX,1754144970,2025-08-02T14:29:30,0.000005,gSUqvUJfTLBPk6d8cXPXoduD5qDa1YbS74nNt69d21W,dec,6000,693477485,693471485,So11111111111111111111111111111111111111111,9,1.0
4sY8QdjVERSeWLUoVzAk4tyKtkmJP2qQVS3Y7aR9KSxi3q3rqo1HmB3151HSjdo7MqjGDYj7jjEuDNR8ieAfZ3v4,1754144970,2025-08-02T14:29:30,0.000005003,GdJwD9HptaXmCLHTjikQMKjvtfLxgWr5rKw5i2vRmbya,inc,2554620287544,4306,2554620291850,5sxeCTXnaBx3qVa8TadMu685SptG4mfdQMgDqbtQT4vy,6,1.0
4sY8QdjVERSeWLUoVzAk4tyKtkmJP2qQVS3Y7aR9KSxi3q3rqo1HmB3151HSjdo7MqjGDYj7jjEuDNR8ieAfZ3v4,1754144970,2025-08-02T14:29:30,0.000005003,gSUqvUJfTLBPk6d8cXPXoduD5qDa1YbS74nNt69d21W,dec,337935904,1031413389,693477485,So11111111111111111111111111111111111111111,9,1.0
38DBcqxMhDmzoGUL6CNenLRg2ioaYFkyxXDFFsZvtkXGoBmBoQkf5KsBQJXbm5Bk4J2JetSdbpzK8dtKmJTHUsZ2,1754144909,2025-08-02T14:28:29,0.000005,gSUqvUJfTLBPk6d8cXPXoduD5qDa1YbS74nNt69d21W,dec,6000,1031419389,1031413389,So11111111111111111111111111111111111111111,9,1.0
3BBG6ZcDrhK87Q5u4eUXyE5KTxNpzAGpJt2ciVKkEmUeAeUhaxamz6HNgox7CByT92ab2gMTLjz5MKMHNHw2ywnm,1754144909,2025-08-02T14:28:29,0.000005002,GdJwD9HptaXmCLHTjikQMKjvtfLxgWr5rKw5i2vRmbya,dec,5527607714238,5527607718544,4306,5sxeCTXnaBx3qVa8TadMu685SptG4mfdQMgDqbtQT4vy,6,1.0
3BBG6ZcDrhK87Q5u4eUXyE5KTxNpzAGpJt2ciVKkEmUeAeUhaxamz6HNgox7CByT92ab2gMTLjz5MKMHNHw2ywnm,1754144909,2025-08-02T14:28:29,0.000005002,gSUqvUJfTLBPk6d8cXPXoduD5qDa1YbS74nNt69d21W,inc,668391017,363028372,1031419389,So11111111111111111111111111111111111111111,9,1.0
3GvAFEpCmovfKUsc7uza4syHxEHMEdd6esMvV5naaGQcpebQykny8Xm79eGNBnvvdVY9PS3xgyfx8g6UtD6b28KJ,1754144884,2025-08-02T14:28:04,0.000005,gSUqvUJfTLBPk6d8cXPXoduD5qDa1YbS74nNt69d21W,dec,6000,363034372,363028372,So11111111111111111111111111111111111111111,9,1.0
65abZX5d6vjNkNMzuMXoPtLyLrT9mRAKS26hQ7em4KTK4Cn67qpcft3SeMGtZ1c756u1ct87fv5BXCsj25bpMZpH,1754144884,2025-08-02T14:28:04,0.000005003,GdJwD9HptaXmCLHTjikQMKjvtfLxgWr5rKw5i2vRmbya,inc,2982605218345,2545002500199,5527607718544,5sxeCTXnaBx3qVa8TadMu685SptG4mfdQMgDqbtQT4vy,6,1.0
65abZX5d6vjNkNMzuMXoPtLyLrT9mRAKS26hQ7em4KTK4Cn67qpcft3SeMGtZ1c756u1ct87fv5BXCsj25bpMZpH,1754144884,2025-08-02T14:28:04,0.000005003,gSUqvUJfTLBPk6d8cXPXoduD5qDa1YbS74nNt69d21W,dec,354219006,717253378,363034372,So11111111111111111111111111111111111111111,9,1.0
22SKJcDKjR7zQ2R8i9NcsRs9C3NKeMT1P8YwNrXSYuYqjdpzfUpSNvxNhBK2WADsWcdVCqwxJD71UVtnndqjYMrj,1754144854,2025-08-02T14:27:34,0.000005,gSUqvUJfTLBPk6d8cXPXoduD5qDa1YbS74nNt69d21W,dec,6000,717259378,717253378,So11111111111111111111111111111111111111111,9,1.0
3vpEN1ZpUPFkp5Dtn4TK5v8J8M1u2xMQ3sj89wehjWRtUJkEuv1jj7Axc4nZZZTTgjSnSxynR2CdYMmrncYHP5LZ,1754144854,2025-08-02T14:27:34,0.000005004,GdJwD9HptaXmCLHTjikQMKjvtfLxgWr5rKw5i2vRmbya,inc,2545002500199,0,2545002500199,5sxeCTXnaBx3qVa8TadMu685SptG4mfdQMgDqbtQT4vy,6,1.0
3vpEN1ZpUPFkp5Dtn4TK5v8J8M1u2xMQ3sj89wehjWRtUJkEuv1jj7Axc4nZZZTTgjSnSxynR2CdYMmrncYHP5LZ,1754144854,2025-08-02T14:27:34,0.000005004,gSUqvUJfTLBPk6d8cXPXoduD5qDa1YbS74nNt69d21W,dec,284240622,1001500000,717259378,So11111111111111111111111111111111111111111,9,1.0
2ozeAkupmX9QC8S9PU1HhKcd8kXyoCpQdDm7nomYPb9jSXfWeTSYKCKDP7WFtZSmkc2Pe69KUjh6RYJhLe42ATnQ,1754144733,2025-08-02T14:25:33,0.0000314,gSUqvUJfTLBPk6d8cXPXoduD5qDa1YbS74nNt69d21W,inc,1000000000,1500000,1001500000,So11111111111111111111111111111111111111111,9,1.0
4VRfgQbVDUfW2FGcUcqBTG8FsGrtx9CeX3oKrjTwqb6p2xctK7MqPLtBoVT1W4SdK4FtEN44jkTh7bmELovVNnsq,1754144641,2025-08-02T14:24:01,0.00001,DudVKvYsUJc8yr5Kx4feP68Ax3sMsQuVC1fVfsYXXG3u,dec,765344042626,765344042626,0,2PZYZL5VUjfyymmcZn5rw5gT4JDn4XG5DmimXBEzPdQZ,6,1.0
4VRfgQbVDUfW2FGcUcqBTG8FsGrtx9CeX3oKrjTwqb6p2xctK7MqPLtBoVT1W4SdK4FtEN44jkTh7bmELovVNnsq,1754144641,2025-08-02T14:24:01,0.00001,5fdhdDdK2BU74DNo7LZNtJKty2BNCBW8iPz9EJf32qk6,dec,28306268526,28306268526,0,Bb3uAEfuweP8AJDfH8aDnkRcA843791Y2ks2FyYLnyhA,6,1.0
4wPZzusrAgqfzgBJcNR3hkg44tmUHoDG247B4Z5Xh81iNpRMSRJCjyy4FhuTCNjCbDAzBGZYHh7LBYUb8Vrd6aQ8,1754144601,2025-08-02T14:23:21,0.0000666,gSUqvUJfTLBPk6d8cXPXoduD5qDa1YbS74nNt69d21W,dec,964451133,965951133,1500000,So11111111111111111111111111111111111111111,9,1.0
26K5YP4Yvx24UVwapDm6rBbhfSDtpG9TB6V7VoBenE8Zo5tCVYAspDis5esWhNL8hkxwiVNGFo19ZtoPYFUQR3js,1754144533,2025-08-02T14:22:13,0.000005,gSUqvUJfTLBPk6d8cXPXoduD5qDa1YbS74nNt69d21W,dec,6000,965957133,965951133,So11111111111111111111111111111111111111111,9,1.0
og4Lee6tfQfQTeFabmcMtCRLi24PpQWvFW1kZH1qtXa719YAQ7Xu3ch1Pquu4yVz38KcknUQtsGEV3fC6ubFR5m,1754144533,2025-08-02T14:22:13,0.000005003,DudVKvYsUJc8yr5Kx4feP68Ax3sMsQuVC1fVfsYXXG3u,inc,760587182527,4756860099,765344042626,2PZYZL5VUjfyymmcZn5rw5gT4JDn4XG5DmimXBEzPdQZ,6,1.0
og4Lee6tfQfQTeFabmcMtCRLi24PpQWvFW1kZH1qtXa719YAQ7Xu3ch1Pquu4yVz38KcknUQtsGEV3fC6ubFR5m,1754144533,2025-08-02T14:22:13,0.000005003,gSUqvUJfTLBPk6d8cXPXoduD5qDa1YbS74nNt69d21W,dec,116135577,1082092710,965957133,So11111111111111111111111111111111111111111,9,1.0
BhzZEGXqooBe3sDgN3Wtuc1TzUYCLosVwE9jb8jvJFdWmCGmrkQdksdNRhAmsGPCfjyCY5D4PYhZ5447pmT2adr,1754144500,2025-08-02T14:21:40,0.000005,gSUqvUJfTLBPk6d8cXPXoduD5qDa1YbS74nNt69d21W,dec,6000,1082098710,1082092710,So11111111111111111111111111111111111111111,9,1.0
2eJoFia9zyZRkyxF2uhnJjR9LL8za8Yk21KCsbJ9dgTgEc8bZLtxKbVaNAyZkKxF3QBJfmQLAbTaQZTtweuTKiEW,1754144500,2025-08-02T14:21:40,0.000005002,DudVKvYsUJc8yr5Kx4feP68Ax3sMsQuVC1fVfsYXXG3u,dec,2692167343912,2696924204011,4756860099,2PZYZL5VUjfyymmcZn5rw5gT4JDn4XG5DmimXBEzPdQZ,6,1.0
2eJoFia9zyZRkyxF2uhnJjR9LL8za8Yk21KCsbJ9dgTgEc8bZLtxKbVaNAyZkKxF3QBJfmQLAbTaQZTtweuTKiEW,1754144500,2025-08-02T14:21:40,0.000005002,gSUqvUJfTLBPk6d8cXPXoduD5qDa1YbS74nNt69d21W,inc,410322895,671775815,1082098710,So11111111111111111111111111111111111111111,9,1.0
34ZSohkxQA1D1F9wY2FZzaHgmTjcsfGqEuQ8Azimm4oMMWrj31vh3Pf2DzN2YrHhwXyRbQVWiYewP59Uskr6tzwT,1754144364,2025-08-02T14:19:24,0.000005,gSUqvUJfTLBPk6d8cXPXoduD5qDa1YbS74nNt69d21W,inc,1,671775814,671775815,So11111111111111111111111111111111111111111,9,1.0
2g7H4T4Zm93G3TjzcNygm41Nx2DoahUkDyCxQtvebndGQjnEQ3ZmFh4unggJfM5XhtgS7Tqx8pzjEfSRcnpDqndn,1754144364,2025-08-02T14:19:24,0.000005,gSUqvUJfTLBPk6d8cXPXoduD5qDa1YbS74nNt69d21W,inc,1,671775813,671775814,So11111111111111111111111111111111111111111,9,1.0
4HS2x2VY2dt59uyd5BKidou2CYLLLhakW6b4xfyU8y3nTtFri2CttDzzncP4kfT6ziZ1GWsCSRZmAC5Sixz4bWaX,1754144360,2025-08-02T14:19:20,0.000005,gSUqvUJfTLBPk6d8cXPXoduD5qDa1YbS74nNt69d21W,dec,6000,671781813,671775813,So11111111111111111111111111111111111111111,9,1.0
4pYXJZMz234HLwWqY88Hz6AkFk7qwByhE9RPxhuNTSkpiLWqexuRsUNCPGfu2hufiprJF2azKWcqyDPY45o7qMcc,1754144360,2025-08-02T14:19:20,0.000005004,DudVKvYsUJc8yr5Kx4feP68Ax3sMsQuVC1fVfsYXXG3u,inc,2696924204011,0,2696924204011,2PZYZL5VUjfyymmcZn5rw5gT4JDn4XG5DmimXBEzPdQZ,6,1.0
4pYXJZMz234HLwWqY88Hz6AkFk7qwByhE9RPxhuNTSkpiLWqexuRsUNCPGfu2hufiprJF2azKWcqyDPY45o7qMcc,1754144360,2025-08-02T14:19:20,0.000005004,gSUqvUJfTLBPk6d8cXPXoduD5qDa1YbS74nNt69d21W,dec,329718188,1001500001,671781813,So11111111111111111111111111111111111111111,9,1.0
25u7CqcwhigEJqFb2MCSkF7wdMbpEcSW2YjwfAer23hA5FdGCM8xJSwRJoi5v4eckKD8JRm4Dm8a9DptB7Ww2hKn,1754144200,2025-08-02T14:16:40,0.0000314,gSUqvUJfTLBPk6d8cXPXoduD5qDa1YbS74nNt69d21W,inc,1000000000,1500001,1001500001,So11111111111111111111111111111111111111111,9,1.0
2tSUQ9Nfhxgyvk9kZcYhE28GvhBbTX31tcUkvuuv3yQdnsmEQ6DcVdzgXpTodihpjCZz5eTHFXiCDd51mrPUfwNG,1754144069,2025-08-02T14:14:29,0.0000666,gSUqvUJfTLBPk6d8cXPXoduD5qDa1YbS74nNt69d21W,dec,1019469470,1020969471,1500001,So11111111111111111111111111111111111111111,9,1.0
5k4vtFWLUi6D5sN5NARWuYnW1Sqenuyh9DKM2TUGxdX7ywW31wTuekZ2Z7dMsuYZ73PvS3RpNmxkLNovAA3eAhas,1754143987,2025-08-02T14:13:07,0.000005,gSUqvUJfTLBPk6d8cXPXoduD5qDa1YbS74nNt69d21W,dec,6000,1020975471,1020969471,So11111111111111111111111111111111111111111,9,1.0
nAP7PvtqyffDREGstT8WPTx2xdUtfadSKpxpsrdTFutbASYH6Sat8R4WqpQ1JPXJ6jzKj7CMYRYJ3Si6KViuetT,1754143987,2025-08-02T14:13:07,0.000005002,5fdhdDdK2BU74DNo7LZNtJKty2BNCBW8iPz9EJf32qk6,dec,2228512252513,2256818521039,28306268526,Bb3uAEfuweP8AJDfH8aDnkRcA843791Y2ks2FyYLnyhA,6,1.0
nAP7PvtqyffDREGstT8WPTx2xdUtfadSKpxpsrdTFutbASYH6Sat8R4WqpQ1JPXJ6jzKj7CMYRYJ3Si6KViuetT,1754143987,2025-08-02T14:13:07,0.000005002,gSUqvUJfTLBPk6d8cXPXoduD5qDa1YbS74nNt69d21W,inc,323599981,697375490,1020975471,So11111111111111111111111111111111111111111,9,1.0
37m8sNmHokCQUbyzYwjv241SgUgcDmQczaRcq3vJMsJ5c8eaZKJE1PbWicmcztKBJSeuRgW7S6bRCbXrDCv96Qf9,1754143912,2025-08-02T14:11:52,0.000005,gSUqvUJfTLBPk6d8cXPXoduD5qDa1YbS74nNt69d21W,dec,6000,697381490,697375490,So11111111111111111111111111111111111111111,9,1.0
t16mDJchCWfKzduqtB7xzs17KQvmv8WDq3EBMyMgDRHAdDc7JqSG6RFgAZA8RYb9bNAtMf4UedRJ4emdB9aczTY,1754143912,2025-08-02T14:11:52,0.000005003,5fdhdDdK2BU74DNo7LZNtJKty2BNCBW8iPz9EJf32qk6,inc,2212602515885,44216005154,2256818521039,Bb3uAEfuweP8AJDfH8aDnkRcA843791Y2ks2FyYLnyhA,6,1.0
t16mDJchCWfKzduqtB7xzs17KQvmv8WDq3EBMyMgDRHAdDc7JqSG6RFgAZA8RYb9bNAtMf4UedRJ4emdB9aczTY,1754143912,2025-08-02T14:11:52,0.000005003,gSUqvUJfTLBPk6d8cXPXoduD5qDa1YbS74nNt69d21W,dec,313797367,1011178857,697381490,So11111111111111111111111111111111111111111,9,1.0
5ZDLX9aA9PcJf5Fr5hyHYFTicUhMtP7gFbLkVSYHY9cWFBJAzmxJZTdLeysuVhXrttY8t8kZXbCAQUPK8AnJhXad,1754143753,2025-08-02T14:09:13,0.000005,gSUqvUJfTLBPk6d8cXPXoduD5qDa1YbS74nNt69d21W,dec,6000,1011184857,1011178857,So11111111111111111111111111111111111111111,9,1.0
4bEPCiJXkxrdt8YFJTDR1bGX4z8jrsmTcSRP8eRW8mC9KsL1HzRKBCgJFAcssMmqtbb6s5i5PepLwbm65z23CL3q,1754143753,2025-08-02T14:09:13,0.000005002,5fdhdDdK2BU74DNo7LZNtJKty2BNCBW8iPz9EJf32qk6,dec,2846222319051,2890438324205,44216005154,Bb3uAEfuweP8AJDfH8aDnkRcA843791Y2ks2FyYLnyhA,6,1.0
4bEPCiJXkxrdt8YFJTDR1bGX4z8jrsmTcSRP8eRW8mC9KsL1HzRKBCgJFAcssMmqtbb6s5i5PepLwbm65z23CL3q,1754143753,2025-08-02T14:09:13,0.000005002,gSUqvUJfTLBPk6d8cXPXoduD5qDa1YbS74nNt69d21W,inc,377925581,633259276,1011184857,So11111111111111111111111111111111111111111,9,1.0
4bcNxXyJNUfKsNzEDAjBo5SrojBQ7MMxM1bQmrdiXi22YcKdX6RxgYiBdWq96KrJKjpaLd6KUVcZz25C8U19P5QN,1754143732,2025-08-02T14:08:52,0.000005,gSUqvUJfTLBPk6d8cXPXoduD5qDa1YbS74nNt69d21W,dec,6000,633265276,633259276,So11111111111111111111111111111111111111111,9,1.0
4nufonLkRyiMio26CArbYNZxGRf9rfs9BQr3kzmzaUcSnSUWtjdBX5jXbSfFvqMa115z5p4yBvjvq9NBSbajo4mo,1754143732,2025-08-02T14:08:52,0.000005003,5fdhdDdK2BU74DNo7LZNtJKty2BNCBW8iPz9EJf32qk6,inc,2870834585875,19603738330,2890438324205,Bb3uAEfuweP8AJDfH8aDnkRcA843791Y2ks2FyYLnyhA,6,1.0
4nufonLkRyiMio26CArbYNZxGRf9rfs9BQr3kzmzaUcSnSUWtjdBX5jXbSfFvqMa115z5p4yBvjvq9NBSbajo4mo,1754143732,2025-08-02T14:08:52,0.000005003,gSUqvUJfTLBPk6d8cXPXoduD5qDa1YbS74nNt69d21W,dec,369410972,1002676248,633265276,So11111111111111111111111111111111111111111,9,1.0
DdZejmQdokqNJbNZsMRrQaSxjqbt4Qun521CQk72MBLJfQSigNnSe5npxhStEM5X7VvKpBPptFh3P3B3tcfvCvp,1754143645,2025-08-02T14:07:25,0.000005,gSUqvUJfTLBPk6d8cXPXoduD5qDa1YbS74nNt69d21W,dec,6000,1002682248,1002676248,So11111111111111111111111111111111111111111,9,1.0
47Kg9tZXP6tySAauECxrXyXC5j3rc1CMiatHXxaxcMaKxzw4BwmYmaPuXmrXYwTeWNLWy5Uzebqr7RiqyKw8KAYx,1754143645,2025-08-02T14:07:25,0.000005002,5fdhdDdK2BU74DNo7LZNtJKty2BNCBW8iPz9EJf32qk6,dec,1615082895825,1634686634155,19603738330,Bb3uAEfuweP8AJDfH8aDnkRcA843791Y2ks2FyYLnyhA,6,1.0
47Kg9tZXP6tySAauECxrXyXC5j3rc1CMiatHXxaxcMaKxzw4BwmYmaPuXmrXYwTeWNLWy5Uzebqr7RiqyKw8KAYx,1754143645,2025-08-02T14:07:25,0.000005002,gSUqvUJfTLBPk6d8cXPXoduD5qDa1YbS74nNt69d21W,inc,158942859,843739389,1002682248,So11111111111111111111111111111111111111111,9,1.0
2wDCiNrTkfEtcCditDtbUoiUTG9GGrRcfvGQc9r7XkhaweP1dohS6mpG6bvPE9cNYzxCYrrYqaKFzxXyYjznN2hT,1754143637,2025-08-02T14:07:17,0.000005,gSUqvUJfTLBPk6d8cXPXoduD5qDa1YbS74nNt69d21W,dec,6000,843745389,843739389,So11111111111111111111111111111111111111111,9,1.0
5TRibquGWgBbV7zvx4umPHueZNf8YEgja52Tv57jdxS3zLiahvLyjCQxWZ4Nad1VLwdys4wcaq4mf97qgkV6Ayy6,1754143637,2025-08-02T14:07:17,0.000005004,5fdhdDdK2BU74DNo7LZNtJKty2BNCBW8iPz9EJf32qk6,inc,1634686634155,0,1634686634155,Bb3uAEfuweP8AJDfH8aDnkRcA843791Y2ks2FyYLnyhA,6,1.0
5TRibquGWgBbV7zvx4umPHueZNf8YEgja52Tv57jdxS3zLiahvLyjCQxWZ4Nad1VLwdys4wcaq4mf97qgkV6Ayy6,1754143637,2025-08-02T14:07:17,0.000005004,gSUqvUJfTLBPk6d8cXPXoduD5qDa1YbS74nNt69d21W,dec,157754611,1001500000,843745389,So11111111111111111111111111111111111111111,9,1.0
2WT5WtGeoTVE6ztveCUujyyAz87Yiim9PnmD7g5PrVgHLevekUDWMaeKRa9SNCxd5WZYVVeyp8zpscLLYxQDVEij,1754143559,2025-08-02T14:05:59,0.0000314,gSUqvUJfTLBPk6d8cXPXoduD5qDa1YbS74nNt69d21W,inc,1000000000,1500000,1001500000,So11111111111111111111111111111111111111111,9,1.0
4cd6cYeU4iQdCgUKp1G11JVoxxAVzD2cQDLms6cfykJvDwuNQpXZVgc2G2tTSQYbgBFHcjPfKa5bimNBF9PPKEw8,1754143504,2025-08-02T14:05:04,0.000064139,gSUqvUJfTLBPk6d8cXPXoduD5qDa1YbS74nNt69d21W,dec,1000000000,1001500000,1500000,So11111111111111111111111111111111111111111,9,1.0
5aJ2HqxzQGcDUFCdDsFY2Q1gdWCSWw9kaWtJJ8viMFffypRbP2cnkKw6xHKcQmJ4is6Xc7L6zwGWbZEp96R3HYu6,1754143361,2025-08-02T14:02:41,0.0000314,gSUqvUJfTLBPk6d8cXPXoduD5qDa1YbS74nNt69d21W,inc,1000000000,1500000,1001500000,So11111111111111111111111111111111111111111,9,1.0
5kJzefxuBagCJcfJADvRKqwC8oekR2Y6KwLicgTAcXqNcFn49aCmQGXSEsoiUKed9XRSRrcEsSSLQgHNZcjHhXxT,1754143309,2025-08-02T14:01:49,0.0000666,gSUqvUJfTLBPk6d8cXPXoduD5qDa1YbS74nNt69d21W,dec,1000000000,1001500000,1500000,So11111111111111111111111111111111111111111,9,1.0
398RV1uSZNeDuNMqPRMk37ijcM43iMZugGW55NBuq3GJtPnkPPteXe15aQHL9ok7uJsCCTpFGoLL4uh14EdNUr74,1754143057,2025-08-02T13:57:37,0.000025796,gSUqvUJfTLBPk6d8cXPXoduD5qDa1YbS74nNt69d21W,inc,1000000000,1500000,1001500000,So11111111111111111111111111111111111111111,9,1.0
n92UiSeLSWrruoxN8H3n5a6hY9LaZev4h3HsNwmvn11oNvbY1NigJfFedk1ww2wkb8NU7GY4Zxuspas6hew3799,1754142968,2025-08-02T13:56:08,0.00001,ERUsXJ9CktmyFUQ9C46bcXinMivtxmxDJjXTeYdjmYVj,dec,3801,3801,0,8AwHxxnWBzDtsDXJhvuWR42dCK9vxtvyFEU33WzcpEZh,6,1.0
65psjggWb3eofQmJjUTmQr2dupLgrcVKpV8ZLCWFKF6XL8yzoJf4ombA7bGHo9SiKdPAxYMweUAdKhrLpWLZnx8N,1754142926,2025-08-02T13:55:26,0.000063218,gSUqvUJfTLBPk6d8cXPXoduD5qDa1YbS74nNt69d21W,dec,1098734063,1100234063,1500000,So11111111111111111111111111111111111111111,9,1.0
2eZzBeEzEhukogYdHvP3WFjzHtXygpUTFZGB5T2XRgwpvtKx38gB6BZSBFFinpHEep1q4SsUuS8WQZwwhpxZq1e2,1754142906,2025-08-02T13:55:06,0.000005,gSUqvUJfTLBPk6d8cXPXoduD5qDa1YbS74nNt69d21W,dec,6000,1100240063,1100234063,So11111111111111111111111111111111111111111,9,1.0
z45PDQgGDSPp6yyEVE5MMwGcZrXa3dPBC8WEV8DXE4xhyoXiQAHRCiGhSzBZYqsjHkUzRLGTLGxBxCx9W8wQgNn,1754142906,2025-08-02T13:55:06,0.000005002,ERUsXJ9CktmyFUQ9C46bcXinMivtxmxDJjXTeYdjmYVj,dec,834715510300,834715514101,3801,8AwHxxnWBzDtsDXJhvuWR42dCK9vxtvyFEU33WzcpEZh,6,1.0
z45PDQgGDSPp6yyEVE5MMwGcZrXa3dPBC8WEV8DXE4xhyoXiQAHRCiGhSzBZYqsjHkUzRLGTLGxBxCx9W8wQgNn,1754142906,2025-08-02T13:55:06,0.000005002,gSUqvUJfTLBPk6d8cXPXoduD5qDa1YbS74nNt69d21W,inc,115513228,984726835,1100240063,So11111111111111111111111111111111111111111,9,1.0
48Yh9cwNUDgnA9TdTHhkWEy5zJ2zydhWG8tJFWikQfinpzvfyWjjCKfjrXYVmgQn4sTsGAAyDiUEmfBh1ya8hJL8,1754142894,2025-08-02T13:54:54,0.000005,gSUqvUJfTLBPk6d8cXPXoduD5qDa1YbS74nNt69d21W,dec,6000,984732835,984726835,So11111111111111111111111111111111111111111,9,1.0
3tAmVCwwAte45KiojJjNF43CZ6KE2hXVbqJqCAEziQfAHZSQnAC8jrE7LRwfBKwhsPaUNc3SaQBEwekQFTTtU52S,1754142894,2025-08-02T13:54:54,0.000005003,ERUsXJ9CktmyFUQ9C46bcXinMivtxmxDJjXTeYdjmYVj,inc,826749173411,7966340690,834715514101,8AwHxxnWBzDtsDXJhvuWR42dCK9vxtvyFEU33WzcpEZh,6,1.0
3tAmVCwwAte45KiojJjNF43CZ6KE2hXVbqJqCAEziQfAHZSQnAC8jrE7LRwfBKwhsPaUNc3SaQBEwekQFTTtU52S,1754142894,2025-08-02T13:54:54,0.000005003,gSUqvUJfTLBPk6d8cXPXoduD5qDa1YbS74nNt69d21W,dec,113909814,1098642649,984732835,So11111111111111111111111111111111111111111,9,1.0
7tuRzmJCtQnqUBs8HkueXNRn3UMCmEwWax8Ua7d9R5zqswPGrvu8f6qTJ6GQKK4EgnaSjLQnsNfLfJUtt3srRwX,1754142851,2025-08-02T13:54:11,0.000005,gSUqvUJfTLBPk6d8cXPXoduD5qDa1YbS74nNt69d21W,dec,6000,1098648649,1098642649,So11111111111111111111111111111111111111111,9,1.0
3GVB86KDYjzsGJSfaygG2mmECtrcbZGTgZmvM5BPjC2BmwN2wiwps6SFsCA6s5JHYnczvM6cXKpUcKowQ4ievDNb,1754142851,2025-08-02T13:54:11,0.000005002,ERUsXJ9CktmyFUQ9C46bcXinMivtxmxDJjXTeYdjmYVj,dec,1244860508009,1252826848699,7966340690,8AwHxxnWBzDtsDXJhvuWR42dCK9vxtvyFEU33WzcpEZh,6,1.0
3GVB86KDYjzsGJSfaygG2mmECtrcbZGTgZmvM5BPjC2BmwN2wiwps6SFsCA6s5JHYnczvM6cXKpUcKowQ4ievDNb,1754142851,2025-08-02T13:54:11,0.000005002,gSUqvUJfTLBPk6d8cXPXoduD5qDa1YbS74nNt69d21W,inc,168899835,929748814,1098648649,So11111111111111111111111111111111111111111,9,1.0
5gMZHwUJHX5Hp9aW1UquTVRuMBHXn1yU6zu68jrPaNWaUxKsggk7UzK3zjEbnx2SemSd686mcWvcyQeGqbKKvUqt,1754142838,2025-08-02T13:53:58,0.000005,gSUqvUJfTLBPk6d8cXPXoduD5qDa1YbS74nNt69d21W,dec,6000,929754814,929748814,So11111111111111111111111111111111111111111,9,1.0
a6qApNNvE7UUe2SPoJFypcYiom4PP3i959qvay4TV63YSAvbmSuDcp8mPtiaHDx4q76m4cxJj9JP7nGDdHnCe6q,1754142838,2025-08-02T13:53:58,0.000005003,ERUsXJ9CktmyFUQ9C46bcXinMivtxmxDJjXTeYdjmYVj,inc,1252826843984,4715,1252826848699,8AwHxxnWBzDtsDXJhvuWR42dCK9vxtvyFEU33WzcpEZh,6,1.0
a6qApNNvE7UUe2SPoJFypcYiom4PP3i959qvay4TV63YSAvbmSuDcp8mPtiaHDx4q76m4cxJj9JP7nGDdHnCe6q,1754142838,2025-08-02T13:53:58,0.000005003,gSUqvUJfTLBPk6d8cXPXoduD5qDa1YbS74nNt69d21W,dec,171569822,1101324636,929754814,So11111111111111111111111111111111111111111,9,1.0
3E5sEAejgo2cqC2QV4VdPWi7pW4eZT1Z2pz3iH6rdn4H2HrwfGCKqA871ruWCHP39PPtKrm4pNTrAbY95cv6xyLD,1754142815,2025-08-02T13:53:35,0.000005,gSUqvUJfTLBPk6d8cXPXoduD5qDa1YbS74nNt69d21W,dec,6000,1101330636,1101324636,So11111111111111111111111111111111111111111,9,1.0
5cXpCTmR2Sx6ktGBxcJkVXfaY8k4fhHaJ9Lf291tKVP8wsS31kyzn3dymnvtduAhYQ8woqJEEFaNXnxmH6RuSPCG,1754142815,2025-08-02T13:53:35,0.000005002,ERUsXJ9CktmyFUQ9C46bcXinMivtxmxDJjXTeYdjmYVj,dec,880377,885092,4715,8AwHxxnWBzDtsDXJhvuWR42dCK9vxtvyFEU33WzcpEZh,6,1.0
5cXpCTmR2Sx6ktGBxcJkVXfaY8k4fhHaJ9Lf291tKVP8wsS31kyzn3dymnvtduAhYQ8woqJEEFaNXnxmH6RuSPCG,1754142815,2025-08-02T13:53:35,0.000005002,gSUqvUJfTLBPk6d8cXPXoduD5qDa1YbS74nNt69d21W,dec,4881,1101335517,1101330636,So11111111111111111111111111111111111111111,9,1.0
a5Dwj4Qfr4qRm5crbYfyhj91rT5Weoa1Yf883q1VHosFAT6pRgXTEDYAxUpxiAcyMAp9ECmmmVcBq6muhZixh25,1754142766,2025-08-02T13:52:46,0.000005,gSUqvUJfTLBPk6d8cXPXoduD5qDa1YbS74nNt69d21W,dec,6000,1101341517,1101335517,So11111111111111111111111111111111111111111,9,1.0
36BViFqK1W28aN3DQWUc5rKFBK1aM7R82XbfxvnC4npSDWPBr8VxVqWbFF1PNYCZTZDDrV18ZdenZPYMKCK1iC5s,1754142766,2025-08-02T13:52:46,0.000005002,ERUsXJ9CktmyFUQ9C46bcXinMivtxmxDJjXTeYdjmYVj,dec,57913830,58798922,885092,8AwHxxnWBzDtsDXJhvuWR42dCK9vxtvyFEU33WzcpEZh,6,1.0
36BViFqK1W28aN3DQWUc5rKFBK1aM7R82XbfxvnC4npSDWPBr8VxVqWbFF1PNYCZTZDDrV18ZdenZPYMKCK1iC5s,1754142766,2025-08-02T13:52:46,0.000005002,gSUqvUJfTLBPk6d8cXPXoduD5qDa1YbS74nNt69d21W,inc,3139,1101338378,1101341517,So11111111111111111111111111111111111111111,9,1.0
4GXn26TJgNBKrHTPvY32FCZGdSMBWgWgAEwsWv5ao7riD1xPWnX155kqgc8VKkFpmhKzj2WwUNJ8fEJEQi1LtcAb,1754142754,2025-08-02T13:52:34,0.000005,gSUqvUJfTLBPk6d8cXPXoduD5qDa1YbS74nNt69d21W,dec,6000,1101344378,1101338378,So11111111111111111111111111111111111111111,9,1.0
2EymUY9Zeea2txYyHt3XVHeNtUJFs286zovFsaCKTgtZBvCtp2tDxfoU67EBWWjB65Ur5J8oHU7UJ7YMYNoHbJuC,1754142754,2025-08-02T13:52:34,0.000005002,ERUsXJ9CktmyFUQ9C46bcXinMivtxmxDJjXTeYdjmYVj,dec,10493696395,10552495317,58798922,8AwHxxnWBzDtsDXJhvuWR42dCK9vxtvyFEU33WzcpEZh,6,1.0
2EymUY9Zeea2txYyHt3XVHeNtUJFs286zovFsaCKTgtZBvCtp2tDxfoU67EBWWjB65Ur5J8oHU7UJ7YMYNoHbJuC,1754142754,2025-08-02T13:52:34,0.000005002,gSUqvUJfTLBPk6d8cXPXoduD5qDa1YbS74nNt69d21W,inc,1491944,1099852434,1101344378,So11111111111111111111111111111111111111111,9,1.0
25ULF3Esm8TSMpmfkWZ8YZQA9i47jUUffHuDZY3EknoesUk6Egf5qxQL8WvuRXycB4fSaAC3tviqsL6mbpY2RfWu,1754142736,2025-08-02T13:52:16,0.000005,gSUqvUJfTLBPk6d8cXPXoduD5qDa1YbS74nNt69d21W,dec,6000,1099858434,1099852434,So11111111111111111111111111111111111111111,9,1.0
3JsCLcGceVR9KNW7rnyHmQrzdYe4nrmuBDQ8R44o9bSJ5EjTxt2Wt4STHJ51su357BnYAoUmnfjLCEPyoi52hhdp,1754142736,2025-08-02T13:52:16,0.000005002,ERUsXJ9CktmyFUQ9C46bcXinMivtxmxDJjXTeYdjmYVj,dec,4396971658530,4407524153847,10552495317,8AwHxxnWBzDtsDXJhvuWR42dCK9vxtvyFEU33WzcpEZh,6,1.0
3JsCLcGceVR9KNW7rnyHmQrzdYe4nrmuBDQ8R44o9bSJ5EjTxt2Wt4STHJ51su357BnYAoUmnfjLCEPyoi52hhdp,1754142736,2025-08-02T13:52:16,0.000005002,gSUqvUJfTLBPk6d8cXPXoduD5qDa1YbS74nNt69d21W,inc,621341771,478516663,1099858434,So11111111111111111111111111111111111111111,9,1.0
5kAnhJ5kPYFKHdNc9B4CEb9s9yiSKudt5yBkYmbFri28ekE1NG9y8Er7nyhK951cjRdJumHGAQWQEFNpPeb5vH8k,1754142705,2025-08-02T13:51:45,0.000005,gSUqvUJfTLBPk6d8cXPXoduD5qDa1YbS74nNt69d21W,dec,6000,478522663,478516663,So11111111111111111111111111111111111111111,9,1.0
59aEfeEiLTMP8aU1GYuHN28rMcRKox6HgRE4zMeRp7hAW4UxGY7vHWGCmXJsQHWr2qNf6Z93KuLCyXEa3py5x3mo,1754142705,2025-08-02T13:51:45,0.000005003,ERUsXJ9CktmyFUQ9C46bcXinMivtxmxDJjXTeYdjmYVj,inc,3197439315315,1210084838532,4407524153847,8AwHxxnWBzDtsDXJhvuWR42dCK9vxtvyFEU33WzcpEZh,6,1.0
59aEfeEiLTMP8aU1GYuHN28rMcRKox6HgRE4zMeRp7hAW4UxGY7vHWGCmXJsQHWr2qNf6Z93KuLCyXEa3py5x3mo,1754142705,2025-08-02T13:51:45,0.000005003,gSUqvUJfTLBPk6d8cXPXoduD5qDa1YbS74nNt69d21W,dec,466061203,944583866,478522663,So11111111111111111111111111111111111111111,9,1.0
eKRLF2oFpZ3CMGt21Qheh9WGeKazYKWwfQLUNisvbsHPqTiRZsTfcZxiKw5u5duKyybTrGDvcWqbrpw8dqPP7J2,1754142641,2025-08-02T13:50:41,0.000005,gSUqvUJfTLBPk6d8cXPXoduD5qDa1YbS74nNt69d21W,dec,6000,944589866,944583866,So11111111111111111111111111111111111111111,9,1.0
5Z1o5Ey1H51NrNJQKdN17LEGszPwVqqhoWpHpDRj2Mr4MyT1wAzV1G92NAKB3TeKMP33HdJTMJyp1uXep8ahs61X,1754142641,2025-08-02T13:50:41,0.000005003,ERUsXJ9CktmyFUQ9C46bcXinMivtxmxDJjXTeYdjmYVj,inc,1210006076391,78762141,1210084838532,8AwHxxnWBzDtsDXJhvuWR42dCK9vxtvyFEU33WzcpEZh,6,1.0
5Z1o5Ey1H51NrNJQKdN17LEGszPwVqqhoWpHpDRj2Mr4MyT1wAzV1G92NAKB3TeKMP33HdJTMJyp1uXep8ahs61X,1754142641,2025-08-02T13:50:41,0.000005003,gSUqvUJfTLBPk6d8cXPXoduD5qDa1YbS74nNt69d21W,dec,173759234,1118349100,944589866,So11111111111111111111111111111111111111111,9,1.0
fCkNaSX43p2DWzQp4x1yF3oWHa2f3fJYCcrny3R64RTkpZUxrUcL86cXQFpGdNixoCCDtmUA8UuBZJoiP4G8UwM,1754142640,2025-08-02T13:50:40,0.000005,gSUqvUJfTLBPk6d8cXPXoduD5qDa1YbS74nNt69d21W,dec,6000,1118355100,1118349100,So11111111111111111111111111111111111111111,9,1.0
2es54eSed4DvUXfRGP8eaiGXFvhEvKRnA78PAAQ7DhrBarLw4gh1TkyFTC2WVWfABzC74WZwvrh9eY1hndS2QZSR,1754142640,2025-08-02T13:50:40,0.000005002,ERUsXJ9CktmyFUQ9C46bcXinMivtxmxDJjXTeYdjmYVj,dec,14072110196,14150872337,78762141,8AwHxxnWBzDtsDXJhvuWR42dCK9vxtvyFEU33WzcpEZh,6,1.0
2es54eSed4DvUXfRGP8eaiGXFvhEvKRnA78PAAQ7DhrBarLw4gh1TkyFTC2WVWfABzC74WZwvrh9eY1hndS2QZSR,1754142640,2025-08-02T13:50:40,0.000005002,gSUqvUJfTLBPk6d8cXPXoduD5qDa1YbS74nNt69d21W,inc,2000723,1116354377,1118355100,So11111111111111111111111111111111111111111,9,1.0
2jUuVQhjzXjNzJr5gPkQq1Bd6WijWugC3KRx3er6F37kAfryVQznrfqEsEE8epcV1HVBRSh4sfAtx4xqsGD8T9Yi,1754142618,2025-08-02T13:50:18,0.000005,gSUqvUJfTLBPk6d8cXPXoduD5qDa1YbS74nNt69d21W,dec,6000,1116360377,1116354377,So11111111111111111111111111111111111111111,9,1.0
32aB3WDwFyNTedxzeqyHPWJz3TkdVWuFV7EDGVgVFDydCQXNPZoarJRa5DL56RerJbhPrnBJVm2VPufSRnRr5z1G,1754142618,2025-08-02T13:50:18,0.000005002,ERUsXJ9CktmyFUQ9C46bcXinMivtxmxDJjXTeYdjmYVj,dec,1720082035822,1734232908159,14150872337,8AwHxxnWBzDtsDXJhvuWR42dCK9vxtvyFEU33WzcpEZh,6,1.0
32aB3WDwFyNTedxzeqyHPWJz3TkdVWuFV7EDGVgVFDydCQXNPZoarJRa5DL56RerJbhPrnBJVm2VPufSRnRr5z1G,1754142618,2025-08-02T13:50:18,0.000005002,gSUqvUJfTLBPk6d8cXPXoduD5qDa1YbS74nNt69d21W,inc,252724526,863635851,1116360377,So11111111111111111111111111111111111111111,9,1.0
5f2nqQVKVWUYcxGSbjpRPoFv3HvRwEjrKR1n2k8z8L7KuLHP8BAaG8ftK6eMBh8A6W8HD76mDraV96cARxBGytAW,1754142564,2025-08-02T13:49:24,0.000005,gSUqvUJfTLBPk6d8cXPXoduD5qDa1YbS74nNt69d21W,dec,6000,863641851,863635851,So11111111111111111111111111111111111111111,9,1.0
Hp45eYhtWEChFUgCEJp6SMvtYsnE9BMs28yuDUPQkcY8sJjEuo24XmPW8ZYBge95zddPcFB42DwUAUqYu8aesB1,1754142564,2025-08-02T13:49:24,0.000005003,ERUsXJ9CktmyFUQ9C46bcXinMivtxmxDJjXTeYdjmYVj,inc,1734232902249,5910,1734232908159,8AwHxxnWBzDtsDXJhvuWR42dCK9vxtvyFEU33WzcpEZh,6,1.0
Hp45eYhtWEChFUgCEJp6SMvtYsnE9BMs28yuDUPQkcY8sJjEuo24XmPW8ZYBge95zddPcFB42DwUAUqYu8aesB1,1754142564,2025-08-02T13:49:24,0.000005003,gSUqvUJfTLBPk6d8cXPXoduD5qDa1YbS74nNt69d21W,dec,255925324,1119567175,863641851,So11111111111111111111111111111111111111111,9,1.0
4ipKW9nq3x1u4WBeUA9NRNa6q5RKv2Wru2kudMpi8tmFaDeBDFRN3rGYtKZWi2xttdkBwe3hDj8XsVgHfzZJRHHP,1754142514,2025-08-02T13:48:34,0.000005,gSUqvUJfTLBPk6d8cXPXoduD5qDa1YbS74nNt69d21W,dec,6000,1119573175,1119567175,So11111111111111111111111111111111111111111,9,1.0
5cqrmw7r4iQb51eQKwaAxxXLQqXiJ5kSkCcLmX8m35WewkESnHMkNws998GtYAXv7ex9WrFvyETAbm2CNk2iXge4,1754142514,2025-08-02T13:48:34,0.000005002,ERUsXJ9CktmyFUQ9C46bcXinMivtxmxDJjXTeYdjmYVj,dec,19165139999,19165145909,5910,8AwHxxnWBzDtsDXJhvuWR42dCK9vxtvyFEU33WzcpEZh,6,1.0
5cqrmw7r4iQb51eQKwaAxxXLQqXiJ5kSkCcLmX8m35WewkESnHMkNws998GtYAXv7ex9WrFvyETAbm2CNk2iXge4,1754142514,2025-08-02T13:48:34,0.000005002,gSUqvUJfTLBPk6d8cXPXoduD5qDa1YbS74nNt69d21W,inc,2698855,1116874320,1119573175,So11111111111111111111111111111111111111111,9,1.0
38DsnSBej7QmA5ScV3Nahe6T413DUAdhRiQQ45ezXjpapnt73NQSVdeFB7De8gfXWoUj4wThBFfMdPvQgKpKFemf,1754142498,2025-08-02T13:48:18,0.000005,gSUqvUJfTLBPk6d8cXPXoduD5qDa1YbS74nNt69d21W,dec,6000,1116880320,1116874320,So11111111111111111111111111111111111111111,9,1.0
3X52jT5mU51p6aqb6aZYhjbTC8jXa2mvMsR53uTJjTXytG2YAZQRrj5dMraBDFYfLNRkBgwF7EuMj1zZY42J7fX9,1754142498,2025-08-02T13:48:18,0.000005002,ERUsXJ9CktmyFUQ9C46bcXinMivtxmxDJjXTeYdjmYVj,dec,6989330447129,7008495593038,19165145909,8AwHxxnWBzDtsDXJhvuWR42dCK9vxtvyFEU33WzcpEZh,6,1.0
3X52jT5mU51p6aqb6aZYhjbTC8jXa2mvMsR53uTJjTXytG2YAZQRrj5dMraBDFYfLNRkBgwF7EuMj1zZY42J7fX9,1754142498,2025-08-02T13:48:18,0.000005002,gSUqvUJfTLBPk6d8cXPXoduD5qDa1YbS74nNt69d21W,inc,983380842,133499478,1116880320,So11111111111111111111111111111111111111111,9,1.0
3Vs4SF7fmjHN4F1gDovyBe94VA2xxdiYTdqe6256cDDGoUUfJd4fSRkexe92fEZqiAuwx6EtKAGEasHpoNRYgHC6,1754142493,2025-08-02T13:48:13,0.000005,gSUqvUJfTLBPk6d8cXPXoduD5qDa1YbS74nNt69d21W,dec,6000,133505478,133499478,So11111111111111111111111111111111111111111,9,1.0
2bFC7thwaJNfkb17gTyfdiTd6jZQVCxWkraLpoDMabDir3Soxfadg1QzGSfpDJxYZYHuzB77hfii4G6EQibJWpSi,1754142493,2025-08-02T13:48:13,0.000005003,ERUsXJ9CktmyFUQ9C46bcXinMivtxmxDJjXTeYdjmYVj,inc,1094050019294,5914445573744,7008495593038,8AwHxxnWBzDtsDXJhvuWR42dCK9vxtvyFEU33WzcpEZh,6,1.0
2bFC7thwaJNfkb17gTyfdiTd6jZQVCxWkraLpoDMabDir3Soxfadg1QzGSfpDJxYZYHuzB77hfii4G6EQibJWpSi,1754142493,2025-08-02T13:48:13,0.000005003,gSUqvUJfTLBPk6d8cXPXoduD5qDa1YbS74nNt69d21W,dec,154645967,288151445,133505478,So11111111111111111111111111111111111111111,9,1.0
4GCTs34GhZEqPraj9cecAFkTtqYaQPhk6NA1aQZq1VJ1tZs29Yny86Limerdstw1aA1RNxXbya2NqUf6ycjLBcno,1754142207,2025-08-02T13:43:27,0.000005,gSUqvUJfTLBPk6d8cXPXoduD5qDa1YbS74nNt69d21W,dec,6000,288157445,288151445,So11111111111111111111111111111111111111111,9,1.0
4VmEF1WNFsVuQzyG3aPZNAegTzGesdcYqR1aHPuYigFvpRuqG375MQpRT5nDfgoWT67ef64xEe6GsKbNxYbdzCSb,1754142207,2025-08-02T13:43:27,0.000005003,ERUsXJ9CktmyFUQ9C46bcXinMivtxmxDJjXTeYdjmYVj,inc,2625861490050,3288584083694,5914445573744,8AwHxxnWBzDtsDXJhvuWR42dCK9vxtvyFEU33WzcpEZh,6,1.0
4VmEF1WNFsVuQzyG3aPZNAegTzGesdcYqR1aHPuYigFvpRuqG375MQpRT5nDfgoWT67ef64xEe6GsKbNxYbdzCSb,1754142207,2025-08-02T13:43:27,0.000005003,gSUqvUJfTLBPk6d8cXPXoduD5qDa1YbS74nNt69d21W,dec,339796228,627953673,288157445,So11111111111111111111111111111111111111111,9,1.0
3jRMwiWAXBnQRJh84tXY9twnria7XoKfmkyDVfhJMfF6sM5i6Qb4wcQcN831KMgTjhKNQZZE95KMMzjdfE5iSMcE,1754142200,2025-08-02T13:43:20,0.000005,gSUqvUJfTLBPk6d8cXPXoduD5qDa1YbS74nNt69d21W,dec,6000,627959673,627953673,So11111111111111111111111111111111111111111,9,1.0
5MGu6d2BuemScBVaMLAQt31LrWWDwNc6kk3yJLeHAVAX9Gu8rqVAmcmqtx31sm9Zq7so1dFzk5YwhEbDQfQicN3r,1754142200,2025-08-02T13:43:20,0.000005003,ERUsXJ9CktmyFUQ9C46bcXinMivtxmxDJjXTeYdjmYVj,inc,1242023760638,2046560323056,3288584083694,8AwHxxnWBzDtsDXJhvuWR42dCK9vxtvyFEU33WzcpEZh,6,1.0
5MGu6d2BuemScBVaMLAQt31LrWWDwNc6kk3yJLeHAVAX9Gu8rqVAmcmqtx31sm9Zq7so1dFzk5YwhEbDQfQicN3r,1754142200,2025-08-02T13:43:20,0.000005003,gSUqvUJfTLBPk6d8cXPXoduD5qDa1YbS74nNt69d21W,dec,163334020,791293693,627959673,So11111111111111111111111111111111111111111,9,1.0
5WYAsfhQ4G7Vn53yWxEfJsBqGybK4SSvTDzaZ3FxV1TKJy1HZjCq6sx9FRqtcfSuND963UF7wDRdNXseV4h2sCyg,1754142197,2025-08-02T13:43:17,0.000005,gSUqvUJfTLBPk6d8cXPXoduD5qDa1YbS74nNt69d21W,dec,6000,791299693,791293693,So11111111111111111111111111111111111111111,9,1.0
2i9wtwLDSLext1XKFMoypQSvRDJDm9RwpwF8DwozmJVaZeheyXs8rEvPXTvaLgAn3FodC91sXAcBTcJ5rarN2DoG,1754142197,2025-08-02T13:43:17,0.000005003,ERUsXJ9CktmyFUQ9C46bcXinMivtxmxDJjXTeYdjmYVj,inc,2034042729413,12517593643,2046560323056,8AwHxxnWBzDtsDXJhvuWR42dCK9vxtvyFEU33WzcpEZh,6,1.0
2i9wtwLDSLext1XKFMoypQSvRDJDm9RwpwF8DwozmJVaZeheyXs8rEvPXTvaLgAn3FodC91sXAcBTcJ5rarN2DoG,1754142197,2025-08-02T13:43:17,0.000005003,gSUqvUJfTLBPk6d8cXPXoduD5qDa1YbS74nNt69d21W,dec,265203514,1056503207,791299693,So11111111111111111111111111111111111111111,9,1.0
3sJg6j8y3hc5knnFm24nnZYb57sZVrk5t3KQb2mKKCr8q72To29xaftm8QLzh6py24w1GfEhxsVtg87eHh5pQEvg,1754142186,2025-08-02T13:43:06,0.000005,gSUqvUJfTLBPk6d8cXPXoduD5qDa1YbS74nNt69d21W,dec,6000,1056509207,1056503207,So11111111111111111111111111111111111111111,9,1.0
4FewEVdUiqhTfkVGe8kB7VtL4bN8P3QBmG8JEgn7YJHW432LbskgcQDChH2ZLU92L9W42RNmPc5mFHmCC2cttJ4q,1754142186,2025-08-02T13:43:06,0.000005002,ERUsXJ9CktmyFUQ9C46bcXinMivtxmxDJjXTeYdjmYVj,dec,3975968879832,3988486473475,12517593643,8AwHxxnWBzDtsDXJhvuWR42dCK9vxtvyFEU33WzcpEZh,6,1.0
4FewEVdUiqhTfkVGe8kB7VtL4bN8P3QBmG8JEgn7YJHW432LbskgcQDChH2ZLU92L9W42RNmPc5mFHmCC2cttJ4q,1754142186,2025-08-02T13:43:06,0.000005002,gSUqvUJfTLBPk6d8cXPXoduD5qDa1YbS74nNt69d21W,inc,510312560,546196647,1056509207,So11111111111111111111111111111111111111111,9,1.0
5AyhX83H9SYvnkYMyx7ZXVQ9J8ciQ3QUz8enFgNGtghfQXaQpNjKisWV4D5DimWwgD44vVut1WUxhoDjWi53aiMz,1754142170,2025-08-02T13:42:50,0.000005,gSUqvUJfTLBPk6d8cXPXoduD5qDa1YbS74nNt69d21W,dec,6000,546202647,546196647,So11111111111111111111111111111111111111111,9,1.0
54rtffE8eacBpCQb6VGmwo6pByUSbYR8ewdhGtAiCYKCpMe1kGx82bkenAk7BrSSmpvwoNeBRN1ENZnfVsVzy1SH,1754142170,2025-08-02T13:42:50,0.000005003,ERUsXJ9CktmyFUQ9C46bcXinMivtxmxDJjXTeYdjmYVj,inc,3967695835417,20790638058,3988486473475,8AwHxxnWBzDtsDXJhvuWR42dCK9vxtvyFEU33WzcpEZh,6,1.0
54rtffE8eacBpCQb6VGmwo6pByUSbYR8ewdhGtAiCYKCpMe1kGx82bkenAk7BrSSmpvwoNeBRN1ENZnfVsVzy1SH,1754142170,2025-08-02T13:42:50,0.000005003,gSUqvUJfTLBPk6d8cXPXoduD5qDa1YbS74nNt69d21W,dec,518151293,1064353940,546202647,So11111111111111111111111111111111111111111,9,1.0
5Q1ii3y3AY9NT5kNttu3v2vmWQbmafiio7YkaeexLTGMSkbmVD3CSP8M3oDVeubiT9P9VmPng8AKFAafDg8fNFde,1754142166,2025-08-02T13:42:46,0.000005,gSUqvUJfTLBPk6d8cXPXoduD5qDa1YbS74nNt69d21W,dec,6000,1064359940,1064353940,So11111111111111111111111111111111111111111,9,1.0
9Ykv66YRhQxwN1JJypSRefCGt8Z2oJNvaGBQLAp1yKtXTgCyaaZpNEEb28B86zbspNHErch2W5r1cnvQsyZFEm7,1754142166,2025-08-02T13:42:46,0.000005002,ERUsXJ9CktmyFUQ9C46bcXinMivtxmxDJjXTeYdjmYVj,dec,2485024384421,2505815022479,20790638058,8AwHxxnWBzDtsDXJhvuWR42dCK9vxtvyFEU33WzcpEZh,6,1.0
9Ykv66YRhQxwN1JJypSRefCGt8Z2oJNvaGBQLAp1yKtXTgCyaaZpNEEb28B86zbspNHErch2W5r1cnvQsyZFEm7,1754142166,2025-08-02T13:42:46,0.000005002,gSUqvUJfTLBPk6d8cXPXoduD5qDa1YbS74nNt69d21W,inc,320673176,743686764,1064359940,So11111111111111111111111111111111111111111,9,1.0
3X5qCA9Ptv7aguSVbd24ikZxLEckPNF8c5Rbt8Q2HZH9w2pmXte94xsR7n7SKHkdTWatUaqavVn51krTpvDYHkwC,1754142085,2025-08-02T13:41:25,0.000005,gSUqvUJfTLBPk6d8cXPXoduD5qDa1YbS74nNt69d21W,dec,6000,743692764,743686764,So11111111111111111111111111111111111111111,9,1.0
iCwuUvjrVdZCxBTgjjeGjN5nshmUcLSpHGa3fqw7gsHA2erankB1Mj6ckFkZUtBGRGpaZeUGUcEABSkMTTc2TKr,1754142085,2025-08-02T13:41:25,0.000005003,ERUsXJ9CktmyFUQ9C46bcXinMivtxmxDJjXTeYdjmYVj,inc,2505812893612,2128867,2505815022479,8AwHxxnWBzDtsDXJhvuWR42dCK9vxtvyFEU33WzcpEZh,6,1.0
iCwuUvjrVdZCxBTgjjeGjN5nshmUcLSpHGa3fqw7gsHA2erankB1Mj6ckFkZUtBGRGpaZeUGUcEABSkMTTc2TKr,1754142085,2025-08-02T13:41:25,0.000005003,gSUqvUJfTLBPk6d8cXPXoduD5qDa1YbS74nNt69d21W,dec,362850446,1106543210,743692764,So11111111111111111111111111111111111111111,9,1.0
4bkV7ivnWXNHjJAUjkSkd1NyxDgvwhyzVwQAspkcskmEW6urPoyKKqNjbF6NJrJsM2NNcxpo2KEVzvfaKnui8ocu,1754142081,2025-08-02T13:41:21,0.000005,gSUqvUJfTLBPk6d8cXPXoduD5qDa1YbS74nNt69d21W,dec,6000,1106549210,1106543210,So11111111111111111111111111111111111111111,9,1.0
37NV4V2ZmL3yvfrMFPvGJ3CEc2MKxSmEf6q3NBRQHoGmw8MogqgkYY1YdfDn7f5SB7ofB6FBpSRgQ2PUaYtsLTr7,1754142081,2025-08-02T13:41:21,0.000005002,ERUsXJ9CktmyFUQ9C46bcXinMivtxmxDJjXTeYdjmYVj,dec,480324046,482452913,2128867,8AwHxxnWBzDtsDXJhvuWR42dCK9vxtvyFEU33WzcpEZh,6,1.0
37NV4V2ZmL3yvfrMFPvGJ3CEc2MKxSmEf6q3NBRQHoGmw8MogqgkYY1YdfDn7f5SB7ofB6FBpSRgQ2PUaYtsLTr7,1754142081,2025-08-02T13:41:21,0.000005002,gSUqvUJfTLBPk6d8cXPXoduD5qDa1YbS74nNt69d21W,inc,64281,1106484929,1106549210,So11111111111111111111111111111111111111111,9,1.0
2GqmWBNaqZFugRd3CZhdFwmFQafz1yQsioS1rcJ5D6Dm4GhVW9k8wDensok58GmbPUivga5XUMNjK9yCqtVbYcz2,1754142042,2025-08-02T13:40:42,0.000005,gSUqvUJfTLBPk6d8cXPXoduD5qDa1YbS74nNt69d21W,dec,6000,1106490929,1106484929,So11111111111111111111111111111111111111111,9,1.0
5RbcUnfDyfEDL6ZM57F5mTyX6F7aafnyjHZN8gdbxmjriwcpagc4NeoNkBRj5dZgaD57BUjaFyjnsbyjFosgpBme,1754142042,2025-08-02T13:40:42,0.000005002,ERUsXJ9CktmyFUQ9C46bcXinMivtxmxDJjXTeYdjmYVj,dec,52980953809,53463406722,482452913,8AwHxxnWBzDtsDXJhvuWR42dCK9vxtvyFEU33WzcpEZh,6,1.0
5RbcUnfDyfEDL6ZM57F5mTyX6F7aafnyjHZN8gdbxmjriwcpagc4NeoNkBRj5dZgaD57BUjaFyjnsbyjFosgpBme,1754142042,2025-08-02T13:40:42,0.000005002,gSUqvUJfTLBPk6d8cXPXoduD5qDa1YbS74nNt69d21W,inc,7459365,1099031564,1106490929,So11111111111111111111111111111111111111111,9,1.0
4tLcekpYzBSamoK5yi9qLkHkXQaTsxE9DK9sk4W1FrFkaCzHPCCq7BR7kYq2ehxbGerXHPumVy9oXgwV1skr93YH,1754142022,2025-08-02T13:40:22,0.000005,gSUqvUJfTLBPk6d8cXPXoduD5qDa1YbS74nNt69d21W,dec,6000,1099037564,1099031564,So11111111111111111111111111111111111111111,9,1.0
2BFS1JRStDB8rDgcAL1g9Y2udp2ra28kdZsnTSyuqBUjeBqqgrGgeMVLfiJMTo9qEsu87YuKSQaMZCU5zX5mcpHF,1754142022,2025-08-02T13:40:22,0.000005002,ERUsXJ9CktmyFUQ9C46bcXinMivtxmxDJjXTeYdjmYVj,dec,7811237853271,7864701259993,53463406722,8AwHxxnWBzDtsDXJhvuWR42dCK9vxtvyFEU33WzcpEZh,6,1.0
2BFS1JRStDB8rDgcAL1g9Y2udp2ra28kdZsnTSyuqBUjeBqqgrGgeMVLfiJMTo9qEsu87YuKSQaMZCU5zX5mcpHF,1754142022,2025-08-02T13:40:22,0.000005002,gSUqvUJfTLBPk6d8cXPXoduD5qDa1YbS74nNt69d21W,inc,1082785115,16252449,1099037564,So11111111111111111111111111111111111111111,9,1.0
3E1ubyXxWheLuMFdo3xuC8o2g9b1i6cfusbaSp3dohHQcRnykYid1we8FJqn4SVszJwD4DaNbAosodjWoEY8QpN2,1754142006,2025-08-02T13:40:06,0.000005,gSUqvUJfTLBPk6d8cXPXoduD5qDa1YbS74nNt69d21W,dec,6000,16258449,16252449,So11111111111111111111111111111111111111111,9,1.0
64RBSdEM8E2MhLewVhDyen6tkBKrNJZEgA7XZCKPmWSbjuUXbJoK9fWvS2XHGzoEDSaE8nr4WpCx6gRSC8aR27Mb,1754142006,2025-08-02T13:40:06,0.000005003,ERUsXJ9CktmyFUQ9C46bcXinMivtxmxDJjXTeYdjmYVj,inc,3988689571743,3876011688250,7864701259993,8AwHxxnWBzDtsDXJhvuWR42dCK9vxtvyFEU33WzcpEZh,6,1.0
64RBSdEM8E2MhLewVhDyen6tkBKrNJZEgA7XZCKPmWSbjuUXbJoK9fWvS2XHGzoEDSaE8nr4WpCx6gRSC8aR27Mb,1754142006,2025-08-02T13:40:06,0.000005003,gSUqvUJfTLBPk6d8cXPXoduD5qDa1YbS74nNt69d21W,dec,548585728,564844177,16258449,So11111111111111111111111111111111111111111,9,1.0
2x83JFCpHfmdF2vs4FWodh8L3FWiw7tGK1h51BjT6JjF8uRBpjapuX2bWGPXPK3yqjhFPjyNcEGYTUuoCq7W69PR,1754141961,2025-08-02T13:39:21,0.000005,gSUqvUJfTLBPk6d8cXPXoduD5qDa1YbS74nNt69d21W,dec,6000,564850177,564844177,So11111111111111111111111111111111111111111,9,1.0
qh7KMavHS8CLw91ejZm2VHHvmfhi8g97Z7bMCnRSfRNLXBQkiwxLHj7gHcJGLhtxUuSo7vrnGLsz6SR6N366DFM,1754141961,2025-08-02T13:39:21,0.000005003,ERUsXJ9CktmyFUQ9C46bcXinMivtxmxDJjXTeYdjmYVj,inc,2952607897163,923403791087,3876011688250,8AwHxxnWBzDtsDXJhvuWR42dCK9vxtvyFEU33WzcpEZh,6,1.0
qh7KMavHS8CLw91ejZm2VHHvmfhi8g97Z7bMCnRSfRNLXBQkiwxLHj7gHcJGLhtxUuSo7vrnGLsz6SR6N366DFM,1754141961,2025-08-02T13:39:21,0.000005003,gSUqvUJfTLBPk6d8cXPXoduD5qDa1YbS74nNt69d21W,dec,396117410,960967587,564850177,So11111111111111111111111111111111111111111,9,1.0
4T13XbHBpipr6iSW49SrpspErcx5j3XLWRqFVrgfoyhLh533mSe1cioVSc86GyzpoZyR4Wf4W8SYfFKHLk4thzZv,1754141910,2025-08-02T13:38:30,0.000005,gSUqvUJfTLBPk6d8cXPXoduD5qDa1YbS74nNt69d21W,dec,6000,960973587,960967587,So11111111111111111111111111111111111111111,9,1.0
6kNuu69tnVgM9paQr3nuBtFNWEUbnaigYrGdfi5G4rTX4U62LVnwqAw5JTiNhha3SpYgiJcAievhX7b853VmvdA,1754141910,2025-08-02T13:38:30,0.000005003,ERUsXJ9CktmyFUQ9C46bcXinMivtxmxDJjXTeYdjmYVj,inc,923403790686,401,923403791087,8AwHxxnWBzDtsDXJhvuWR42dCK9vxtvyFEU33WzcpEZh,6,1.0
6kNuu69tnVgM9paQr3nuBtFNWEUbnaigYrGdfi5G4rTX4U62LVnwqAw5JTiNhha3SpYgiJcAievhX7b853VmvdA,1754141910,2025-08-02T13:38:30,0.000005003,gSUqvUJfTLBPk6d8cXPXoduD5qDa1YbS74nNt69d21W,dec,116133883,1077107470,960973587,So11111111111111111111111111111111111111111,9,1.0
3TLPhd7vazcgcLJL1AUsSdK9kcsqeFsaFwt6j4mU2chZpCwmznbD1aiC29ezR291mAZ2s2CrL73gJweV1BfN1xD1,1754141743,2025-08-02T13:35:43,0.000005,gSUqvUJfTLBPk6d8cXPXoduD5qDa1YbS74nNt69d21W,dec,6000,1077113470,1077107470,So11111111111111111111111111111111111111111,9,1.0
32tRYq7QuvJp1WAJYmr7NRLrmCGW3f5cFK3dKeeqgpV12AUqUGQobNP42yTPCje7ZE3XS7GK5KjBpSyBEE1RRtkR,1754141743,2025-08-02T13:35:43,0.000005002,ERUsXJ9CktmyFUQ9C46bcXinMivtxmxDJjXTeYdjmYVj,dec,8477329449,8477329850,401,8AwHxxnWBzDtsDXJhvuWR42dCK9vxtvyFEU33WzcpEZh,6,1.0
32tRYq7QuvJp1WAJYmr7NRLrmCGW3f5cFK3dKeeqgpV12AUqUGQobNP42yTPCje7ZE3XS7GK5KjBpSyBEE1RRtkR,1754141743,2025-08-02T13:35:43,0.000005002,gSUqvUJfTLBPk6d8cXPXoduD5qDa1YbS74nNt69d21W,inc,1099938,1076013532,1077113470,So11111111111111111111111111111111111111111,9,1.0
