Txhash,                        BlockTimeUnix,                        BlockTime,                        Fee(SOL),                        TokenAccount,                        ChangeType,                        ChangeAmount,                        PreBalancer,                        PostBalancer,                        TokenAddress,                        TokenDecimals,                        TokenMultiplier
3pS4hiQ27GzP5Yq8hza4Bt9DRYWCe1fttGhKSsoUiPEMZfKX2jQH54XqHpuodv9tXqxfe7qe7NQXkom3jEw6Tf2V,1754167081,2025-08-02T20:38:01,0.000005,D6JhU5uiVutVUido9N9RPuKs79pvxXsxBv9CTjCR1hhz,dec,6000,1051190854,1051184854,So11111111111111111111111111111111111111111,9,1.0
35tZ3UHU1SsTKGbVKfqw4oA4H3cgipWWFyiRXSdisgZFyH3itWnpxLquy9QbUfZ8FLUU8sLGXH5xSmCqAcmqbJjQ,1754167081,2025-08-02T20:38:01,0.000005002,3KxpyJSdEJjm478pk9nEjSUGtSVeEKaWkz47Py6w91D4,dec,5295122567523,5343338170269,48215602746,7skrvn6Sf8uD1VotVTTnCBrYUefQ1mk9W7aqszmia4Yx,6,1.0
35tZ3UHU1SsTKGbVKfqw4oA4H3cgipWWFyiRXSdisgZFyH3itWnpxLquy9QbUfZ8FLUU8sLGXH5xSmCqAcmqbJjQ,1754167081,2025-08-02T20:38:01,0.000005002,D6JhU5uiVutVUido9N9RPuKs79pvxXsxBv9CTjCR1hhz,inc,676753053,374437801,1051190854,So11111111111111111111111111111111111111111,9,1.0
4saUFCKZM6ersNw1dFUvuR9zR73j5q17a4v1scVWWwUFsdxZTU3VxRrphtehovAvWc228Sss4vjzLbD9uvePdex5,1754166973,2025-08-02T20:36:13,0.000005,D6JhU5uiVutVUido9N9RPuKs79pvxXsxBv9CTjCR1hhz,dec,6000,374443801,374437801,So11111111111111111111111111111111111111111,9,1.0
4oKnRz5TjFppBJQNQWZxhV2zhmZ46JVYKkGSuSEb579ULMjDhJ3yLw3mRhT1jKhGFAb31NdmVptPBJmLWfbe5eS1,1754166973,2025-08-02T20:36:13,0.000005003,3KxpyJSdEJjm478pk9nEjSUGtSVeEKaWkz47Py6w91D4,inc,1395934551747,3947403618522,5343338170269,7skrvn6Sf8uD1VotVTTnCBrYUefQ1mk9W7aqszmia4Yx,6,1.0
4oKnRz5TjFppBJQNQWZxhV2zhmZ46JVYKkGSuSEb579ULMjDhJ3yLw3mRhT1jKhGFAb31NdmVptPBJmLWfbe5eS1,1754166973,2025-08-02T20:36:13,0.000005003,D6JhU5uiVutVUido9N9RPuKs79pvxXsxBv9CTjCR1hhz,dec,167086223,541530024,374443801,So11111111111111111111111111111111111111111,9,1.0
4XPEeF87aZbQYTxs2bv2EwfEMJ8i46y5gawp6ZZyWyHyBhoec8zCZV7efj3MFG5nf341hCC3AARbkgxSoQBUjCAs,1754166950,2025-08-02T20:35:50,0.000005,D6JhU5uiVutVUido9N9RPuKs79pvxXsxBv9CTjCR1hhz,dec,6000,541536024,541530024,So11111111111111111111111111111111111111111,9,1.0
5psc7iUi7ZGrMZX1H1beGiMhZ79iWNeH4f2X5drWxoVBRQrduZq8a97B2oZ8ahNLk8cqzyUxvKHLYejwATX7DGyz,1754166950,2025-08-02T20:35:50,0.000005004,3KxpyJSdEJjm478pk9nEjSUGtSVeEKaWkz47Py6w91D4,inc,3947403618522,0,3947403618522,7skrvn6Sf8uD1VotVTTnCBrYUefQ1mk9W7aqszmia4Yx,6,1.0
5psc7iUi7ZGrMZX1H1beGiMhZ79iWNeH4f2X5drWxoVBRQrduZq8a97B2oZ8ahNLk8cqzyUxvKHLYejwATX7DGyz,1754166950,2025-08-02T20:35:50,0.000005004,D6JhU5uiVutVUido9N9RPuKs79pvxXsxBv9CTjCR1hhz,dec,459963976,1001500000,541536024,So11111111111111111111111111111111111111111,9,1.0
3HL3pu6WVrrTFEA187E9xpcrGWKHR2AwsfH9N9RrpBWX1afLjkxtekNYKcASBtrH8hwgLnbX8MSUwAxmugSyDRXS,1754166782,2025-08-02T20:33:02,0.0000314,D6JhU5uiVutVUido9N9RPuKs79pvxXsxBv9CTjCR1hhz,inc,1000000000,1500000,1001500000,So11111111111111111111111111111111111111111,9,1.0
2bnJq1243iXduTWtiR2RbcRAyrZXXwCruY3MUJ6L7gpc1A5MGhDjNXv2mpCwsrQijVXSE5449meKtgHXGApwcnfY,1754166641,2025-08-02T20:30:41,0.0000666,D6JhU5uiVutVUido9N9RPuKs79pvxXsxBv9CTjCR1hhz,dec,283339779,284839779,1500000,So11111111111111111111111111111111111111111,9,1.0
4fysGKP7duzXeTp3vexcziuSKcCLytWA6JT278iHmZcZmMrexuG4zmJDbBe5qpPFKA1Z7i5GPWZguknsWbmhoNpx,1754166546,2025-08-02T20:29:06,0.000005,D6JhU5uiVutVUido9N9RPuKs79pvxXsxBv9CTjCR1hhz,dec,6000,284845779,284839779,So11111111111111111111111111111111111111111,9,1.0
3UsMRnzjbASJNn9YLegta6C3uXNhZ5ypd8uLKKuN2SbXvZkdAaYiZ1EtBtbpqK4eNWHgVzkD4WuarVEw3R8o4FL9,1754166546,2025-08-02T20:29:06,0.000005003,DkWcYPH38WcaAmWy91KGKEQwf7iumkGg5Xfeye6kwLQB,inc,2915025577293,1357156538180,4272182115473,7w8vCPw7iYQfN7PJNbKYMMyAoa9mWNZAHxiGSEHm7kg4,6,1.0
3UsMRnzjbASJNn9YLegta6C3uXNhZ5ypd8uLKKuN2SbXvZkdAaYiZ1EtBtbpqK4eNWHgVzkD4WuarVEw3R8o4FL9,1754166546,2025-08-02T20:29:06,0.000005003,D6JhU5uiVutVUido9N9RPuKs79pvxXsxBv9CTjCR1hhz,dec,397848630,682694409,284845779,So11111111111111111111111111111111111111111,9,1.0
49aG2bNMNPufGALef8FYtNQhwCHd2eCeASBAZgGa8pdSjarPqbdEAhX9BC15AU7zcpDMF6iATqcUQEEHctUacfgx,1754166541,2025-08-02T20:29:01,0.000005,D6JhU5uiVutVUido9N9RPuKs79pvxXsxBv9CTjCR1hhz,dec,6000,682700409,682694409,So11111111111111111111111111111111111111111,9,1.0
Fsbv2iSGMGqjzDJmggYkb2Gh89PhGvXvjzrMfbQHFSmwZSaKgaMgFdoMAzpnRN2MUA7PEVtDjwwztATUZL2m9xc,1754166541,2025-08-02T20:29:01,0.000005003,DkWcYPH38WcaAmWy91KGKEQwf7iumkGg5Xfeye6kwLQB,inc,1319886555574,37269982606,1357156538180,7w8vCPw7iYQfN7PJNbKYMMyAoa9mWNZAHxiGSEHm7kg4,6,1.0
Fsbv2iSGMGqjzDJmggYkb2Gh89PhGvXvjzrMfbQHFSmwZSaKgaMgFdoMAzpnRN2MUA7PEVtDjwwztATUZL2m9xc,1754166541,2025-08-02T20:29:01,0.000005003,D6JhU5uiVutVUido9N9RPuKs79pvxXsxBv9CTjCR1hhz,dec,176783299,859483708,682700409,So11111111111111111111111111111111111111111,9,1.0
YfNLBMvkVnk26eB3RvssmMUX9LjtLQMZc4jbHWw8TP8cETpaxxF5cGaX27Zu1ojGmCipZpthunCTUPPvkaDLzG1,1754166512,2025-08-02T20:28:32,0.000005,D6JhU5uiVutVUido9N9RPuKs79pvxXsxBv9CTjCR1hhz,dec,6000,859489708,859483708,So11111111111111111111111111111111111111111,9,1.0
2XphyNFQi8eJKobKhJMsy8nDscvKMw32YDmDn5cQ3mRswboBAdRVSnCTN4R5pcpQsQHG6g9PC9WBGK75A55qhZKr,1754166512,2025-08-02T20:28:32,0.000005002,DkWcYPH38WcaAmWy91KGKEQwf7iumkGg5Xfeye6kwLQB,dec,5487091381138,5524361363744,37269982606,7w8vCPw7iYQfN7PJNbKYMMyAoa9mWNZAHxiGSEHm7kg4,6,1.0
2XphyNFQi8eJKobKhJMsy8nDscvKMw32YDmDn5cQ3mRswboBAdRVSnCTN4R5pcpQsQHG6g9PC9WBGK75A55qhZKr,1754166512,2025-08-02T20:28:32,0.000005002,D6JhU5uiVutVUido9N9RPuKs79pvxXsxBv9CTjCR1hhz,inc,758605670,100884038,859489708,So11111111111111111111111111111111111111111,9,1.0
5YngTuVz6pcD8azEXF1oXtgwQDFm1TLU1yPAQPTtSszzTEB83qhViFVfZ8yG5gP4A7njcLzFTYWMuZUor68xPRMf,1754166457,2025-08-02T20:27:37,0.000005,D6JhU5uiVutVUido9N9RPuKs79pvxXsxBv9CTjCR1hhz,dec,6000,100890038,100884038,So11111111111111111111111111111111111111111,9,1.0
3R2B8VNHaVsq3N6cGFheNnt52cyo8kio39XSPb6MoKgzvtmrMUGM428cSpSR2n9BAwNYmLxsm8hQgnktGTf7iFaE,1754166457,2025-08-02T20:27:37,0.000005003,DkWcYPH38WcaAmWy91KGKEQwf7iumkGg5Xfeye6kwLQB,inc,1545279675675,3979081688069,5524361363744,7w8vCPw7iYQfN7PJNbKYMMyAoa9mWNZAHxiGSEHm7kg4,6,1.0
3R2B8VNHaVsq3N6cGFheNnt52cyo8kio39XSPb6MoKgzvtmrMUGM428cSpSR2n9BAwNYmLxsm8hQgnktGTf7iFaE,1754166457,2025-08-02T20:27:37,0.000005003,D6JhU5uiVutVUido9N9RPuKs79pvxXsxBv9CTjCR1hhz,dec,224796543,325686581,100890038,So11111111111111111111111111111111111111111,9,1.0
2U1mvKUzFHBqeXRKcsxshVVgwiMxJDCu7wDbWq6CMTwxb4CWcxTXAPHNpiZpeFDvRWFnMRN3kZJ7FgxMg7zp9JkT,1754166406,2025-08-02T20:26:46,0.000005,D6JhU5uiVutVUido9N9RPuKs79pvxXsxBv9CTjCR1hhz,dec,6000,325692581,325686581,So11111111111111111111111111111111111111111,9,1.0
2nQFSkpX6qvpNsoeYZEBQRr17Xt5jx3cG2ux6anHoHvvLATszd9f16K45zYRkLtRzGw5aywvWHV3TCnhuYVLtRhx,1754166406,2025-08-02T20:26:46,0.000005003,DkWcYPH38WcaAmWy91KGKEQwf7iumkGg5Xfeye6kwLQB,inc,1835355245825,2143726442244,3979081688069,7w8vCPw7iYQfN7PJNbKYMMyAoa9mWNZAHxiGSEHm7kg4,6,1.0
2nQFSkpX6qvpNsoeYZEBQRr17Xt5jx3cG2ux6anHoHvvLATszd9f16K45zYRkLtRzGw5aywvWHV3TCnhuYVLtRhx,1754166406,2025-08-02T20:26:46,0.000005003,D6JhU5uiVutVUido9N9RPuKs79pvxXsxBv9CTjCR1hhz,dec,283163538,608856119,325692581,So11111111111111111111111111111111111111111,9,1.0
2fxxr3KT3vVWEGJFmELQ5oDFM3wLmwtJJiXTaUtZUL744rwcG6M1heF28VTYf5KDJbFcRJuXhGfNRjMqEsu4LoXU,1754166376,2025-08-02T20:26:16,0.000005,D6JhU5uiVutVUido9N9RPuKs79pvxXsxBv9CTjCR1hhz,dec,6000,608862119,608856119,So11111111111111111111111111111111111111111,9,1.0
2X9SuFW7uinUvcXCuoAYcxouovG9k9je8NRjP3Ko22AQSSQWLG1W2HpFvZ7rT6dNZFvtppHZXc3k33fR5TmiUEsL,1754166376,2025-08-02T20:26:16,0.000005003,DkWcYPH38WcaAmWy91KGKEQwf7iumkGg5Xfeye6kwLQB,inc,2143726435627,6617,2143726442244,7w8vCPw7iYQfN7PJNbKYMMyAoa9mWNZAHxiGSEHm7kg4,6,1.0
2X9SuFW7uinUvcXCuoAYcxouovG9k9je8NRjP3Ko22AQSSQWLG1W2HpFvZ7rT6dNZFvtppHZXc3k33fR5TmiUEsL,1754166376,2025-08-02T20:26:16,0.000005003,D6JhU5uiVutVUido9N9RPuKs79pvxXsxBv9CTjCR1hhz,dec,333478378,942340497,608862119,So11111111111111111111111111111111111111111,9,1.0
2eDqwLFdkxkx7eE9wafr9jeiKjRuArhPbfpdaPcM4XYLMnqwJDoFNSgfXpcJBwuR4xGZYPn1RQGKKKLQmcQa3zsi,1754166262,2025-08-02T20:24:22,0.000005,D6JhU5uiVutVUido9N9RPuKs79pvxXsxBv9CTjCR1hhz,dec,6000,942346497,942340497,So11111111111111111111111111111111111111111,9,1.0
3QF3gndBmszXpYw9aGbDvCmTtEAqnVG2NqwfwWok2Z6T5eQuzBcarZoLka7e1caGB5kGwe2HSQRqUxcS46YkgSjP,1754166262,2025-08-02T20:24:22,0.000005002,DkWcYPH38WcaAmWy91KGKEQwf7iumkGg5Xfeye6kwLQB,dec,258267182,258273799,6617,7w8vCPw7iYQfN7PJNbKYMMyAoa9mWNZAHxiGSEHm7kg4,6,1.0
3QF3gndBmszXpYw9aGbDvCmTtEAqnVG2NqwfwWok2Z6T5eQuzBcarZoLka7e1caGB5kGwe2HSQRqUxcS46YkgSjP,1754166262,2025-08-02T20:24:22,0.000005002,D6JhU5uiVutVUido9N9RPuKs79pvxXsxBv9CTjCR1hhz,inc,31327,942315170,942346497,So11111111111111111111111111111111111111111,9,1.0
2cz7wmCyeCRfj1KEE5u4u81RoSFxtmqgQjR7ULLhcSViGFRfTQLpRJyPcGFBJyCUxJ3YSEpCFqCyN6BCzLpFzyff,1754166229,2025-08-02T20:23:49,0.000005,D6JhU5uiVutVUido9N9RPuKs79pvxXsxBv9CTjCR1hhz,dec,6000,942321170,942315170,So11111111111111111111111111111111111111111,9,1.0
2UPxjrzQ6Lgf4FnjzXYK61YHQe3TX7mixCbaeWxoSLg82vAWBPwhXcH6CEqQWFbEMMPpBARyXe2KnLAaPS7sYcr7,1754166229,2025-08-02T20:23:49,0.000005002,DkWcYPH38WcaAmWy91KGKEQwf7iumkGg5Xfeye6kwLQB,dec,17643462015,17901735814,258273799,7w8vCPw7iYQfN7PJNbKYMMyAoa9mWNZAHxiGSEHm7kg4,6,1.0
2UPxjrzQ6Lgf4FnjzXYK61YHQe3TX7mixCbaeWxoSLg82vAWBPwhXcH6CEqQWFbEMMPpBARyXe2KnLAaPS7sYcr7,1754166229,2025-08-02T20:23:49,0.000005002,D6JhU5uiVutVUido9N9RPuKs79pvxXsxBv9CTjCR1hhz,inc,2576112,939745058,942321170,So11111111111111111111111111111111111111111,9,1.0
4BjXxKDD4PvvX5d8RRj6MY1n4KWpLY79zg9hrWTa5jypM4ig6yAyQ9bKmmqqL6EJ5yCtWFwnbidWuTEegQjZxTwB,1754166135,2025-08-02T20:22:15,0.000005,D6JhU5uiVutVUido9N9RPuKs79pvxXsxBv9CTjCR1hhz,dec,6000,939751058,939745058,So11111111111111111111111111111111111111111,9,1.0
2Zpimf3pzVFskQ8M2q4dAFcesaojJUNHzZRaqKvg6ZnQc1cG6NeYTyi9GSUGCoKorvwATyrSwyDmVRpufSSzkReS,1754166135,2025-08-02T20:22:15,0.000005002,DkWcYPH38WcaAmWy91KGKEQwf7iumkGg5Xfeye6kwLQB,dec,3010585158851,3028486894665,17901735814,7w8vCPw7iYQfN7PJNbKYMMyAoa9mWNZAHxiGSEHm7kg4,6,1.0
2Zpimf3pzVFskQ8M2q4dAFcesaojJUNHzZRaqKvg6ZnQc1cG6NeYTyi9GSUGCoKorvwATyrSwyDmVRpufSSzkReS,1754166135,2025-08-02T20:22:15,0.000005002,D6JhU5uiVutVUido9N9RPuKs79pvxXsxBv9CTjCR1hhz,inc,449140684,490610374,939751058,So11111111111111111111111111111111111111111,9,1.0
23pA4ePDFn8RdwfkfKGWgcv9nfdxJQiqMHjZLKHWFADhQmga8TfsgjsvKhT86tVLr68sxJYWNWVFvHUT5vhYDEAP,1754166129,2025-08-02T20:22:09,0.000005,D6JhU5uiVutVUido9N9RPuKs79pvxXsxBv9CTjCR1hhz,dec,6000,490616374,490610374,So11111111111111111111111111111111111111111,9,1.0
2q2vAsUgvwKPdjXnzJF2WEqKvd8pbdHFioByky99vHdkG8b2x4E4DmziFSsN32Etpv93GRWfw7HtpUTjTLbZdzFr,1754166129,2025-08-02T20:22:09,0.000005003,DkWcYPH38WcaAmWy91KGKEQwf7iumkGg5Xfeye6kwLQB,inc,1552215836374,1476271058291,3028486894665,7w8vCPw7iYQfN7PJNbKYMMyAoa9mWNZAHxiGSEHm7kg4,6,1.0
2q2vAsUgvwKPdjXnzJF2WEqKvd8pbdHFioByky99vHdkG8b2x4E4DmziFSsN32Etpv93GRWfw7HtpUTjTLbZdzFr,1754166129,2025-08-02T20:22:09,0.000005003,D6JhU5uiVutVUido9N9RPuKs79pvxXsxBv9CTjCR1hhz,dec,229464931,720081305,490616374,So11111111111111111111111111111111111111111,9,1.0
21qCYMTdKqD7RFVHJaDR5i4zvJb5AoAuVMiWa9UcVaRwK8gtVEJt4g5ikU7kEjVu3PJydAxnRYSekPGKgS6AzoQ7,1754166105,2025-08-02T20:21:45,0.000005,D6JhU5uiVutVUido9N9RPuKs79pvxXsxBv9CTjCR1hhz,inc,1,720081304,720081305,So11111111111111111111111111111111111111111,9,1.0
rR3CDzrJUdfYdttRQjgEX5HugdmvrM27cjBmBjh93y7ZfoYxNuU5eeqs9iAqLPdwJDo1MCh7HLWRqaoJG3YEohB,1754166104,2025-08-02T20:21:44,0.000005,D6JhU5uiVutVUido9N9RPuKs79pvxXsxBv9CTjCR1hhz,inc,1,720081303,720081304,So11111111111111111111111111111111111111111,9,1.0
3w5qoBd7rwwe23dT5uoS3VRzkR1Hp2niAXxQiaisnyATRojfJMdZXKBWgau2DS8xRbC3eJZxgN5v98rVCzNho4PP,1754166101,2025-08-02T20:21:41,0.000005,D6JhU5uiVutVUido9N9RPuKs79pvxXsxBv9CTjCR1hhz,dec,6000,720087303,720081303,So11111111111111111111111111111111111111111,9,1.0
2cAYo3HX5Jt4UG4S5ChF9kYULqiPXomtw2tSwV7tTJFzm3X3m5FCbZuLhiGwGsSkoEguLVAL8p4o3gZ8m2QYvFnD,1754166101,2025-08-02T20:21:41,0.000005003,DkWcYPH38WcaAmWy91KGKEQwf7iumkGg5Xfeye6kwLQB,inc,1476271055827,2464,1476271058291,7w8vCPw7iYQfN7PJNbKYMMyAoa9mWNZAHxiGSEHm7kg4,6,1.0
2cAYo3HX5Jt4UG4S5ChF9kYULqiPXomtw2tSwV7tTJFzm3X3m5FCbZuLhiGwGsSkoEguLVAL8p4o3gZ8m2QYvFnD,1754166101,2025-08-02T20:21:41,0.000005003,D6JhU5uiVutVUido9N9RPuKs79pvxXsxBv9CTjCR1hhz,dec,229552418,949639721,720087303,So11111111111111111111111111111111111111111,9,1.0
VQ6XzZd2ZPKgzPLJvY5ge5qU9F4rqfCxrnpWG15E6ggf1C3977mbnGJnnxPhifyzkuhozmPGWUBgXmTxSJeDHYq,1754165939,2025-08-02T20:18:59,0.000005,D6JhU5uiVutVUido9N9RPuKs79pvxXsxBv9CTjCR1hhz,dec,6000,949645721,949639721,So11111111111111111111111111111111111111111,9,1.0
5LLpzxuev8oCPqcefe8M8yZwDL9EXGwoKpkPewUK7zbP7SwtHPaFWtB8DtqPmtkcSAPnridUZM5Ab4yvj6iT2kBH,1754165939,2025-08-02T20:18:59,0.000005002,DkWcYPH38WcaAmWy91KGKEQwf7iumkGg5Xfeye6kwLQB,dec,216987,219451,2464,7w8vCPw7iYQfN7PJNbKYMMyAoa9mWNZAHxiGSEHm7kg4,6,1.0
5LLpzxuev8oCPqcefe8M8yZwDL9EXGwoKpkPewUK7zbP7SwtHPaFWtB8DtqPmtkcSAPnridUZM5Ab4yvj6iT2kBH,1754165939,2025-08-02T20:18:59,0.000005002,D6JhU5uiVutVUido9N9RPuKs79pvxXsxBv9CTjCR1hhz,dec,4972,949650693,949645721,So11111111111111111111111111111111111111111,9,1.0
adXLZGRor4HK7T5RhLh9s4e7p3tvfKYiaQfAC1AZ3DLTfQijR7TUz7VvCkSEg169H5RPWsRAu3XXCPHWnxDJhuJ,1754165812,2025-08-02T20:16:52,0.000005,D6JhU5uiVutVUido9N9RPuKs79pvxXsxBv9CTjCR1hhz,dec,6000,949656693,949650693,So11111111111111111111111111111111111111111,9,1.0
29kpoHXWuhEgnMcd52HG69ktGouuCGEhAbEF4RtpZgupcpF96WvMNTR7xxU5C1fmdkQ5y4TpbxiVBwmKpPVaRAZu,1754165812,2025-08-02T20:16:52,0.000005002,DkWcYPH38WcaAmWy91KGKEQwf7iumkGg5Xfeye6kwLQB,dec,46013223,46232674,219451,7w8vCPw7iYQfN7PJNbKYMMyAoa9mWNZAHxiGSEHm7kg4,6,1.0
29kpoHXWuhEgnMcd52HG69ktGouuCGEhAbEF4RtpZgupcpF96WvMNTR7xxU5C1fmdkQ5y4TpbxiVBwmKpPVaRAZu,1754165812,2025-08-02T20:16:52,0.000005002,D6JhU5uiVutVUido9N9RPuKs79pvxXsxBv9CTjCR1hhz,inc,758,949655935,949656693,So11111111111111111111111111111111111111111,9,1.0
2e7ajt8oguBz9Ehq9zYqKYWFLvDrmit1Q3eG9TpkLtrHcDLCKUzniaZxWWXGKUVH8MxwXmwFkAVfpvtfZsPbfeaA,1754165804,2025-08-02T20:16:44,0.000005,D6JhU5uiVutVUido9N9RPuKs79pvxXsxBv9CTjCR1hhz,dec,6000,949661935,949655935,So11111111111111111111111111111111111111111,9,1.0
4c6Bcrq7L7YaijS5M1iBbrwEpi9H6Br9YKHedb2FaReS45TcrioUChoMN8u3aPEG3DnVQ1dUKf8DBxuYu4f3XkWa,1754165804,2025-08-02T20:16:44,0.000005002,DkWcYPH38WcaAmWy91KGKEQwf7iumkGg5Xfeye6kwLQB,dec,8696970780,8743203454,46232674,7w8vCPw7iYQfN7PJNbKYMMyAoa9mWNZAHxiGSEHm7kg4,6,1.0
4c6Bcrq7L7YaijS5M1iBbrwEpi9H6Br9YKHedb2FaReS45TcrioUChoMN8u3aPEG3DnVQ1dUKf8DBxuYu4f3XkWa,1754165804,2025-08-02T20:16:44,0.000005002,D6JhU5uiVutVUido9N9RPuKs79pvxXsxBv9CTjCR1hhz,inc,1065006,948596929,949661935,So11111111111111111111111111111111111111111,9,1.0
WwNZ1EfjWL8QKKbGZyC8uPaoJFzVNtTE2A1AYDCzBejQvoDer18QEvATmMPPL9yJXmckgeWyuv7CbWimGqhQ2Th,1754165772,2025-08-02T20:16:12,0.000005,D6JhU5uiVutVUido9N9RPuKs79pvxXsxBv9CTjCR1hhz,dec,6000,948602929,948596929,So11111111111111111111111111111111111111111,9,1.0
2eBZJMCxQCN8pwTqdVhWJvAnAiTHbsE8ZGLhjK8fFWL1kFuQgyQxL7r713UEyePxGEc4cS3rwYBQtNVULwFHXzom,1754165772,2025-08-02T20:16:12,0.000005002,DkWcYPH38WcaAmWy91KGKEQwf7iumkGg5Xfeye6kwLQB,dec,2702208652211,2710951855665,8743203454,7w8vCPw7iYQfN7PJNbKYMMyAoa9mWNZAHxiGSEHm7kg4,6,1.0
2eBZJMCxQCN8pwTqdVhWJvAnAiTHbsE8ZGLhjK8fFWL1kFuQgyQxL7r713UEyePxGEc4cS3rwYBQtNVULwFHXzom,1754165772,2025-08-02T20:16:12,0.000005002,D6JhU5uiVutVUido9N9RPuKs79pvxXsxBv9CTjCR1hhz,inc,332775478,615827451,948602929,So11111111111111111111111111111111111111111,9,1.0
2uG3mU4NnaYM5jqbqHgERXWJxZD3gcLi69KMreRmv7uWMZbSGvf9iD56WNxsgFUrAoDK2bvQ3R8xZ1CLkzCdUzz7,1754165751,2025-08-02T20:15:51,0.000005,D6JhU5uiVutVUido9N9RPuKs79pvxXsxBv9CTjCR1hhz,dec,6000,615833451,615827451,So11111111111111111111111111111111111111111,9,1.0
5cajdefXGjB2p5Tx5Lvv77nn3TJmTvUfywxeHLV3CqSE1DKj8E9FdEW27bQNsJHAjisuLB3YdiUriPuhY5m2hgYz,1754165751,2025-08-02T20:15:51,0.000005003,DkWcYPH38WcaAmWy91KGKEQwf7iumkGg5Xfeye6kwLQB,inc,2676483368931,34468486734,2710951855665,7w8vCPw7iYQfN7PJNbKYMMyAoa9mWNZAHxiGSEHm7kg4,6,1.0
5cajdefXGjB2p5Tx5Lvv77nn3TJmTvUfywxeHLV3CqSE1DKj8E9FdEW27bQNsJHAjisuLB3YdiUriPuhY5m2hgYz,1754165751,2025-08-02T20:15:51,0.000005003,D6JhU5uiVutVUido9N9RPuKs79pvxXsxBv9CTjCR1hhz,dec,343159068,958992519,615833451,So11111111111111111111111111111111111111111,9,1.0
4i2SbKCrdTTRwKyHxztXy1eW7b6Cb2ytT45nJrNwxzPgsPKYZ7hsS1LSPNAseSzZ78v1uLatZqKEnQbdZNq7FKRz,1754165714,2025-08-02T20:15:14,0.000005,D6JhU5uiVutVUido9N9RPuKs79pvxXsxBv9CTjCR1hhz,dec,6000,958998519,958992519,So11111111111111111111111111111111111111111,9,1.0
R7X7HiNBD7pPi7V3HSfr9wLpwEWNXhFxCDc1xahvwprcuzzetwY1SmfGg8NhiGasFqiCtLnDT4HRChUAv39MTtx,1754165714,2025-08-02T20:15:14,0.000005002,DkWcYPH38WcaAmWy91KGKEQwf7iumkGg5Xfeye6kwLQB,dec,6849715958014,6884184444748,34468486734,7w8vCPw7iYQfN7PJNbKYMMyAoa9mWNZAHxiGSEHm7kg4,6,1.0
R7X7HiNBD7pPi7V3HSfr9wLpwEWNXhFxCDc1xahvwprcuzzetwY1SmfGg8NhiGasFqiCtLnDT4HRChUAv39MTtx,1754165714,2025-08-02T20:15:14,0.000005002,D6JhU5uiVutVUido9N9RPuKs79pvxXsxBv9CTjCR1hhz,inc,862533701,96464818,958998519,So11111111111111111111111111111111111111111,9,1.0
4yVr8dvpeaSabN79BxrEn7X95At7Abz2FhTjrRKRrAd9vtBFMuik8KCnLfSBsVwPBWDeXAkDgySGsUpFwB75h6xU,1754165692,2025-08-02T20:14:52,0.000005,D6JhU5uiVutVUido9N9RPuKs79pvxXsxBv9CTjCR1hhz,dec,6000,96470818,96464818,So11111111111111111111111111111111111111111,9,1.0
2WPBeVdweAe9A7Fu6Q24iL9Db829Rm8vupZaMszfZixdmxHHWgDRB2ZxcakjoanSiYDvvSzHpdmDmCdQaZmwS6vB,1754165692,2025-08-02T20:14:52,0.000005003,DkWcYPH38WcaAmWy91KGKEQwf7iumkGg5Xfeye6kwLQB,inc,1208839677544,5675344767204,6884184444748,7w8vCPw7iYQfN7PJNbKYMMyAoa9mWNZAHxiGSEHm7kg4,6,1.0
2WPBeVdweAe9A7Fu6Q24iL9Db829Rm8vupZaMszfZixdmxHHWgDRB2ZxcakjoanSiYDvvSzHpdmDmCdQaZmwS6vB,1754165692,2025-08-02T20:14:52,0.000005003,D6JhU5uiVutVUido9N9RPuKs79pvxXsxBv9CTjCR1hhz,dec,155448933,251919751,96470818,So11111111111111111111111111111111111111111,9,1.0
3mDGTK8dUEREwjKWQ44zefTx23S4aCbWDUQr49wdmgsDQaxvNdpyfwVk5ZaV6bCDBUYKQESCSCK2PUqaMGmArpXa,1754165648,2025-08-02T20:14:08,0.000005,D6JhU5uiVutVUido9N9RPuKs79pvxXsxBv9CTjCR1hhz,dec,6000,251925751,251919751,So11111111111111111111111111111111111111111,9,1.0
39edf5dGvZcdnn2GFtXx26uQ8u6Dzew2njjydExiRPwdBYV9xR2MGdu9aa9N3at3EkDX1tk1pm3Le1qbo1Mxf9Ji,1754165648,2025-08-02T20:14:08,0.000005003,DkWcYPH38WcaAmWy91KGKEQwf7iumkGg5Xfeye6kwLQB,inc,2622917126884,3052427640320,5675344767204,7w8vCPw7iYQfN7PJNbKYMMyAoa9mWNZAHxiGSEHm7kg4,6,1.0
39edf5dGvZcdnn2GFtXx26uQ8u6Dzew2njjydExiRPwdBYV9xR2MGdu9aa9N3at3EkDX1tk1pm3Le1qbo1Mxf9Ji,1754165648,2025-08-02T20:14:08,0.000005003,D6JhU5uiVutVUido9N9RPuKs79pvxXsxBv9CTjCR1hhz,dec,347270470,599196221,251925751,So11111111111111111111111111111111111111111,9,1.0
3N2AY8Nw9n9xzFuEtJN624Bc28bva1scaZYi6Nkd6fciRFgXuGsVnvo5sQEc5qCdoymBgkKWX4WF43LDi3c9jn8t,1754165616,2025-08-02T20:13:36,0.000005,D6JhU5uiVutVUido9N9RPuKs79pvxXsxBv9CTjCR1hhz,dec,6000,599202221,599196221,So11111111111111111111111111111111111111111,9,1.0
5J6kDngsqGqnJre9UqHnisWbLXok9Jn8BjvQhUky1n8jYC27y7FrjwEgSfEavJNwH9wFshFySFCexxc2oFXZMjbB,1754165616,2025-08-02T20:13:36,0.000005003,DkWcYPH38WcaAmWy91KGKEQwf7iumkGg5Xfeye6kwLQB,inc,3032118873724,20308766596,3052427640320,7w8vCPw7iYQfN7PJNbKYMMyAoa9mWNZAHxiGSEHm7kg4,6,1.0
5J6kDngsqGqnJre9UqHnisWbLXok9Jn8BjvQhUky1n8jYC27y7FrjwEgSfEavJNwH9wFshFySFCexxc2oFXZMjbB,1754165616,2025-08-02T20:13:36,0.000005003,D6JhU5uiVutVUido9N9RPuKs79pvxXsxBv9CTjCR1hhz,dec,400306942,999509163,599202221,So11111111111111111111111111111111111111111,9,1.0
3m66JmE7Q2H6rjmRnwyeSAm2ndnL3ZNf1VZ4gdN5Rd7et1Ko3anv2HGdUgwqRLSvXehrKGZqLYEyKGE71y4TooNZ,1754165612,2025-08-02T20:13:32,0.000005,D6JhU5uiVutVUido9N9RPuKs79pvxXsxBv9CTjCR1hhz,dec,6000,999515163,999509163,So11111111111111111111111111111111111111111,9,1.0
5NTzULbGwsn8KKv6FteLMFcKs9ATm54ayGNEcPwWQUYVB1fYk7A6dyedy25GpVHucQFVVKnSpTngBxxyCapkmQAF,1754165612,2025-08-02T20:13:32,0.000005002,DkWcYPH38WcaAmWy91KGKEQwf7iumkGg5Xfeye6kwLQB,dec,4993885440189,5014194206785,20308766596,7w8vCPw7iYQfN7PJNbKYMMyAoa9mWNZAHxiGSEHm7kg4,6,1.0
5NTzULbGwsn8KKv6FteLMFcKs9ATm54ayGNEcPwWQUYVB1fYk7A6dyedy25GpVHucQFVVKnSpTngBxxyCapkmQAF,1754165612,2025-08-02T20:13:32,0.000005002,D6JhU5uiVutVUido9N9RPuKs79pvxXsxBv9CTjCR1hhz,inc,655538389,343976774,999515163,So11111111111111111111111111111111111111111,9,1.0
CG6L9q2w48uv7ou2VbdiGbDCztAUNQWvVG1zPCE3onPm5uajKootizXfXf5qQYBShvmcZqCvpwc7hGv256m5zvA,1754165530,2025-08-02T20:12:10,0.000005,D6JhU5uiVutVUido9N9RPuKs79pvxXsxBv9CTjCR1hhz,dec,6000,343982774,343976774,So11111111111111111111111111111111111111111,9,1.0
3qxJSXb72vvUtvxYw5y8G2dUryyzVgJzfdAxf25bipEt4DKz4hBy85Z6EdFB6cueHQuJ6XryqUv886UBY3UQsawA,1754165530,2025-08-02T20:12:10,0.000005003,DkWcYPH38WcaAmWy91KGKEQwf7iumkGg5Xfeye6kwLQB,inc,3699354230222,1314839976563,5014194206785,7w8vCPw7iYQfN7PJNbKYMMyAoa9mWNZAHxiGSEHm7kg4,6,1.0
3qxJSXb72vvUtvxYw5y8G2dUryyzVgJzfdAxf25bipEt4DKz4hBy85Z6EdFB6cueHQuJ6XryqUv886UBY3UQsawA,1754165530,2025-08-02T20:12:10,0.000005003,D6JhU5uiVutVUido9N9RPuKs79pvxXsxBv9CTjCR1hhz,dec,475134738,819117512,343982774,So11111111111111111111111111111111111111111,9,1.0
WNB9HsoEkf4XLY3MqzbWLvTuRv1x1UXqSSeHX3Ag2d5rwJMSUHYMMvHzJHbYdxuy2DgJRkyUc6MsP5WwuHjVPun,1754165488,2025-08-02T20:11:28,0.000005,D6JhU5uiVutVUido9N9RPuKs79pvxXsxBv9CTjCR1hhz,dec,6000,819123512,819117512,So11111111111111111111111111111111111111111,9,1.0
67XesKYSgU4fKq54tgEd8EgMEbUhqCo7XfR71cYLBECnMRbydse1HNY9pTzKcc4SwmvYsNpTNHqMpSMFjy5uTHus,1754165488,2025-08-02T20:11:28,0.000005003,DkWcYPH38WcaAmWy91KGKEQwf7iumkGg5Xfeye6kwLQB,inc,1314831410643,8565920,1314839976563,7w8vCPw7iYQfN7PJNbKYMMyAoa9mWNZAHxiGSEHm7kg4,6,1.0
67XesKYSgU4fKq54tgEd8EgMEbUhqCo7XfR71cYLBECnMRbydse1HNY9pTzKcc4SwmvYsNpTNHqMpSMFjy5uTHus,1754165488,2025-08-02T20:11:28,0.000005003,D6JhU5uiVutVUido9N9RPuKs79pvxXsxBv9CTjCR1hhz,dec,170893566,990017078,819123512,So11111111111111111111111111111111111111111,9,1.0
2yYU9xwnQe6ducWeiteq3iGCNpLTfFKE1QWUUnKQZ1EXXUVGNSR9qWuQXqHskZPtaJqV7JqLs5XKxtTkeyn2w43F,1754165485,2025-08-02T20:11:25,0.000005,D6JhU5uiVutVUido9N9RPuKs79pvxXsxBv9CTjCR1hhz,dec,6000,990023078,990017078,So11111111111111111111111111111111111111111,9,1.0
E47sgfDFiSe1YythG5kyLhVyMpFsTULDLreDUWJBbZTc7o4Dh3ALSGPZuQDNeedkWgDtRGi898xiSvmovXGcWjD,1754165485,2025-08-02T20:11:25,0.000005002,DkWcYPH38WcaAmWy91KGKEQwf7iumkGg5Xfeye6kwLQB,dec,16425742533,16434308453,8565920,7w8vCPw7iYQfN7PJNbKYMMyAoa9mWNZAHxiGSEHm7kg4,6,1.0
E47sgfDFiSe1YythG5kyLhVyMpFsTULDLreDUWJBbZTc7o4Dh3ALSGPZuQDNeedkWgDtRGi898xiSvmovXGcWjD,1754165485,2025-08-02T20:11:25,0.000005002,D6JhU5uiVutVUido9N9RPuKs79pvxXsxBv9CTjCR1hhz,inc,2116529,987906549,990023078,So11111111111111111111111111111111111111111,9,1.0
3R5N1eARyXxt36uHbpZyQZqmP3BkUHDGGztCNDCJqL6rgS5pWJHrgZMJduT8QB2utSsWm7JnuKueNBdWa4LVtdvd,1754165467,2025-08-02T20:11:07,0.000005,D6JhU5uiVutVUido9N9RPuKs79pvxXsxBv9CTjCR1hhz,dec,6000,987912549,987906549,So11111111111111111111111111111111111111111,9,1.0
3xMRjG6NDtTf2wXHHeqpZKWc6Fh2968WxaUCH37yFYZZakrbfEnxhBvsEUP3Em4J2b36TgX5tJjM72xtcygomkUz,1754165467,2025-08-02T20:11:07,0.000005002,DkWcYPH38WcaAmWy91KGKEQwf7iumkGg5Xfeye6kwLQB,dec,2241005009903,2257439318356,16434308453,7w8vCPw7iYQfN7PJNbKYMMyAoa9mWNZAHxiGSEHm7kg4,6,1.0
3xMRjG6NDtTf2wXHHeqpZKWc6Fh2968WxaUCH37yFYZZakrbfEnxhBvsEUP3Em4J2b36TgX5tJjM72xtcygomkUz,1754165467,2025-08-02T20:11:07,0.000005002,D6JhU5uiVutVUido9N9RPuKs79pvxXsxBv9CTjCR1hhz,inc,288965434,698947115,987912549,So11111111111111111111111111111111111111111,9,1.0
42fW7Bq3V8brXX4atRtk3CMxmXgCpTWHqiyUR77LcJpeLZUZo2gS8uk3jh7XbugwVohSt4AbgqXUFmvBuXAEn6wZ,1754165446,2025-08-02T20:10:46,0.000005,D6JhU5uiVutVUido9N9RPuKs79pvxXsxBv9CTjCR1hhz,dec,6000,698953115,698947115,So11111111111111111111111111111111111111111,9,1.0
2G8wDjLFRrqreiuxYHRagqqTLrj4d1Jn6jJFVD3BJKJjfpGrT6RGdRL3v2ejG8XbjYaogYgqdv18Xw9ew3BWcmWx,1754165446,2025-08-02T20:10:46,0.000005003,DkWcYPH38WcaAmWy91KGKEQwf7iumkGg5Xfeye6kwLQB,inc,2232222159332,25217159024,2257439318356,7w8vCPw7iYQfN7PJNbKYMMyAoa9mWNZAHxiGSEHm7kg4,6,1.0
2G8wDjLFRrqreiuxYHRagqqTLrj4d1Jn6jJFVD3BJKJjfpGrT6RGdRL3v2ejG8XbjYaogYgqdv18Xw9ew3BWcmWx,1754165446,2025-08-02T20:10:46,0.000005003,D6JhU5uiVutVUido9N9RPuKs79pvxXsxBv9CTjCR1hhz,dec,278186397,977139512,698953115,So11111111111111111111111111111111111111111,9,1.0
4kWfbnErucx2sRxR4R2jsAooTwXNfHc3HfNWqg2HrmVBXL97f4iBJ6zhLJJaaqeMtjpgTraGzBjVHNELSJQWtQgM,1754165434,2025-08-02T20:10:34,0.000005,D6JhU5uiVutVUido9N9RPuKs79pvxXsxBv9CTjCR1hhz,dec,6000,977145512,977139512,So11111111111111111111111111111111111111111,9,1.0
41XVjMBLo43vQN4f28EMDM7pZ65E9vFYzHUkrgR7b1iS1Lf9X67o9bhMmq57D3C89tay9145kFMm7WiVt5oBJJmY,1754165434,2025-08-02T20:10:34,0.000005002,DkWcYPH38WcaAmWy91KGKEQwf7iumkGg5Xfeye6kwLQB,dec,2917562132876,2942779291900,25217159024,7w8vCPw7iYQfN7PJNbKYMMyAoa9mWNZAHxiGSEHm7kg4,6,1.0
41XVjMBLo43vQN4f28EMDM7pZ65E9vFYzHUkrgR7b1iS1Lf9X67o9bhMmq57D3C89tay9145kFMm7WiVt5oBJJmY,1754165434,2025-08-02T20:10:34,0.000005002,D6JhU5uiVutVUido9N9RPuKs79pvxXsxBv9CTjCR1hhz,inc,365424057,611721455,977145512,So11111111111111111111111111111111111111111,9,1.0
51oGr3daWFcgKu1Kgm3t7bxCh9khk3ySU5rmEajCQJ3MWuQEb5vpSvkQUiUtR7ZZoP4KSasLGZczjYuNr663aXxz,1754165394,2025-08-02T20:09:54,0.000005,D6JhU5uiVutVUido9N9RPuKs79pvxXsxBv9CTjCR1hhz,dec,6000,611727455,611721455,So11111111111111111111111111111111111111111,9,1.0
3qdNbhgZo3peKhFYsWXqN6Nh44txwN3KYWiUdCtcGdMKSKizsDiPsXscNu5Vn1AbZ481DNqDo3UeJSpHx2Mup53f,1754165394,2025-08-02T20:09:54,0.000005002,DkWcYPH38WcaAmWy91KGKEQwf7iumkGg5Xfeye6kwLQB,dec,3441503335415,6384282627315,2942779291900,7w8vCPw7iYQfN7PJNbKYMMyAoa9mWNZAHxiGSEHm7kg4,6,1.0
3qdNbhgZo3peKhFYsWXqN6Nh44txwN3KYWiUdCtcGdMKSKizsDiPsXscNu5Vn1AbZ481DNqDo3UeJSpHx2Mup53f,1754165394,2025-08-02T20:09:54,0.000005002,D6JhU5uiVutVUido9N9RPuKs79pvxXsxBv9CTjCR1hhz,inc,461472482,150254973,611727455,So11111111111111111111111111111111111111111,9,1.0
21D2QbkQzRKK1f9MAbHtcV3WhqDXxzCsdCngutuWdiUrt2vQQjtutDYM4oUfEtXHUnmLAEL4DbWxBgfcK9uuxGop,1754165394,2025-08-02T20:09:54,0.000005,D6JhU5uiVutVUido9N9RPuKs79pvxXsxBv9CTjCR1hhz,dec,6000,150260973,150254973,So11111111111111111111111111111111111111111,9,1.0
5bR93jA7uUoeZsCAGXphGYMFb5794FyFzKG7vfyFgxMAupqLw7NDdamDirKyd9BWm88fAB6YZUaJ2ZhXpFKJdX4j,1754165394,2025-08-02T20:09:54,0.000005003,DkWcYPH38WcaAmWy91KGKEQwf7iumkGg5Xfeye6kwLQB,inc,2917377174264,3466905453051,6384282627315,7w8vCPw7iYQfN7PJNbKYMMyAoa9mWNZAHxiGSEHm7kg4,6,1.0
5bR93jA7uUoeZsCAGXphGYMFb5794FyFzKG7vfyFgxMAupqLw7NDdamDirKyd9BWm88fAB6YZUaJ2ZhXpFKJdX4j,1754165394,2025-08-02T20:09:54,0.000005003,D6JhU5uiVutVUido9N9RPuKs79pvxXsxBv9CTjCR1hhz,dec,393415679,543676652,150260973,So11111111111111111111111111111111111111111,9,1.0
576aA8MkSuLuPtkUSTydggqyxUUuJKTgVXJn9ERHnSjgH6NUSbhivxTLDBrvEU1JfYZzhFNYgDyjhfA8ymqEZQ9t,1754165372,2025-08-02T20:09:32,0.000005,D6JhU5uiVutVUido9N9RPuKs79pvxXsxBv9CTjCR1hhz,dec,6000,543682652,543676652,So11111111111111111111111111111111111111111,9,1.0
5EwjTvHop1DVa3Az9EMAvEAVicj7vkRZ95Vk9237PJzNPyrJtzktnQkNnXWb1qqKmP1QvbjAHQWZQWtD3g1rfjQk,1754165372,2025-08-02T20:09:32,0.000005004,DkWcYPH38WcaAmWy91KGKEQwf7iumkGg5Xfeye6kwLQB,inc,3466905453051,0,3466905453051,7w8vCPw7iYQfN7PJNbKYMMyAoa9mWNZAHxiGSEHm7kg4,6,1.0
5EwjTvHop1DVa3Az9EMAvEAVicj7vkRZ95Vk9237PJzNPyrJtzktnQkNnXWb1qqKmP1QvbjAHQWZQWtD3g1rfjQk,1754165372,2025-08-02T20:09:32,0.000005004,D6JhU5uiVutVUido9N9RPuKs79pvxXsxBv9CTjCR1hhz,dec,457817349,1001500001,543682652,So11111111111111111111111111111111111111111,9,1.0
4JavVk2wpeGFaUrhTRQB25ngC47KRM5U5ZphVr3B6oT5opySKfZAZnGSzybPW4v5ADezigYHwwf2jAV3jbHkHtKR,1754164947,2025-08-02T20:02:27,0.0000314,D6JhU5uiVutVUido9N9RPuKs79pvxXsxBv9CTjCR1hhz,inc,1000000000,1500001,1001500001,So11111111111111111111111111111111111111111,9,1.0
3wyAGmeAr4roj1dygLtWY53xEAt8SMNJnebPJCuVz8kaotc8sPYUDgUgAFweSMHbM54Rppyre73ZeWUgX79Ug1SN,1754164862,2025-08-02T20:01:02,0.00001,B5apeHZbuumc12auxRrhK32FeteSsRkCL5NKUeoL4MYr,dec,2665356222422,2665356222422,0,3GinPHjJdnkU482Q3MSUYXok4r6oqWMEvoYE7kkaZtqw,6,1.0
3wyAGmeAr4roj1dygLtWY53xEAt8SMNJnebPJCuVz8kaotc8sPYUDgUgAFweSMHbM54Rppyre73ZeWUgX79Ug1SN,1754164862,2025-08-02T20:01:02,0.00001,BF4ospVEEeDnZFZEQsQMhNcoWAXehXWyFtsSJwLuZ6RA,dec,2652288678315,2652288678315,0,9GkLsAtgWcVta5SVUh4fNzP5CVS9dw3THThktvThGzri,6,1.0
3wyAGmeAr4roj1dygLtWY53xEAt8SMNJnebPJCuVz8kaotc8sPYUDgUgAFweSMHbM54Rppyre73ZeWUgX79Ug1SN,1754164862,2025-08-02T20:01:02,0.00001,9NbDud1YMNnf7a9c2yXju8sS18XmeNFyqqGQh5ULadtC,dec,803,803,0,Cf4mb37yP2ZsJ782Lv8CwRqfNi9S5sXPKQLeHFApF62M,6,1.0
3pB7quVn39dj3FKSrPLHGqxZ3Rj5q28EEwN1jZujsAWxBCNewDq9cihagVzqSb7f5D6jFfgRA57aD7suope8yxAs,1754164821,2025-08-02T20:00:21,0.0000666,D6JhU5uiVutVUido9N9RPuKs79pvxXsxBv9CTjCR1hhz,dec,1179554647,1181054648,1500001,So11111111111111111111111111111111111111111,9,1.0
4S1hPX4ZDwNAoStTUjaLxNFLGoMUSRWyDzogfxgXEv5KDUh9r5zez7ApTJTUcJHCirhtmJVfqNvYM6UpifzP7hVe,1754164781,2025-08-02T19:59:41,0.000005,D6JhU5uiVutVUido9N9RPuKs79pvxXsxBv9CTjCR1hhz,dec,6000,1181060648,1181054648,So11111111111111111111111111111111111111111,9,1.0
3KFchxCyH4sGFpKBqfqTG1VPouaRTrvctsW9fTs51RCZBauXUN9i9vBwPEB699cWfV7W5LEYWhx7fRcGZP68Avva,1754164781,2025-08-02T19:59:41,0.000005002,9NbDud1YMNnf7a9c2yXju8sS18XmeNFyqqGQh5ULadtC,dec,171030281,171031084,803,Cf4mb37yP2ZsJ782Lv8CwRqfNi9S5sXPKQLeHFApF62M,6,1.0
3KFchxCyH4sGFpKBqfqTG1VPouaRTrvctsW9fTs51RCZBauXUN9i9vBwPEB699cWfV7W5LEYWhx7fRcGZP68Avva,1754164781,2025-08-02T19:59:41,0.000005002,D6JhU5uiVutVUido9N9RPuKs79pvxXsxBv9CTjCR1hhz,inc,22326,1181038322,1181060648,So11111111111111111111111111111111111111111,9,1.0
MCs4NmYCXvj2TVg2Wxncj4SRyzBnnj71aE5L7RBnQtBt7scg6SzGSDRh1c2TZGt8DKph8X5Ji5gQ7JxkxT1zF8E,1754164771,2025-08-02T19:59:31,0.000005,D6JhU5uiVutVUido9N9RPuKs79pvxXsxBv9CTjCR1hhz,dec,6000,1181044322,1181038322,So11111111111111111111111111111111111111111,9,1.0
3kwGovDh3MWLaviRMLTe7B8jRmZqrqRVVHhnTCeDTudZCUizGbXgDihcjP37nR7YTnwPMLGiGDmmY8kHL35FZ3e4,1754164771,2025-08-02T19:59:31,0.000005002,9NbDud1YMNnf7a9c2yXju8sS18XmeNFyqqGQh5ULadtC,dec,26768341428,26939372512,171031084,Cf4mb37yP2ZsJ782Lv8CwRqfNi9S5sXPKQLeHFApF62M,6,1.0
3kwGovDh3MWLaviRMLTe7B8jRmZqrqRVVHhnTCeDTudZCUizGbXgDihcjP37nR7YTnwPMLGiGDmmY8kHL35FZ3e4,1754164771,2025-08-02T19:59:31,0.000005002,D6JhU5uiVutVUido9N9RPuKs79pvxXsxBv9CTjCR1hhz,inc,4296756,1176747566,1181044322,So11111111111111111111111111111111111111111,9,1.0
48YE2moKG9u96GTkKfPT95iV3mDnKqs5HKm3Nvrg4L9PxiQ4zsX89k7HXTwaqEmWeVZ9h1BuG58sDQbV38DzS1rv,1754164756,2025-08-02T19:59:16,0.000005,D6JhU5uiVutVUido9N9RPuKs79pvxXsxBv9CTjCR1hhz,dec,6000,1176753566,1176747566,So11111111111111111111111111111111111111111,9,1.0
2dQc3ygVaiZdvDxFzGziGAJs7cZMoa5jR2a2NpQ9GVkBozkpNmrThDbKU9iphfvEFYSUYLkAjyaKqz2gx9C9DY51,1754164756,2025-08-02T19:59:16,0.000005002,9NbDud1YMNnf7a9c2yXju8sS18XmeNFyqqGQh5ULadtC,dec,7042985859682,7069925232194,26939372512,Cf4mb37yP2ZsJ782Lv8CwRqfNi9S5sXPKQLeHFApF62M,6,1.0
2dQc3ygVaiZdvDxFzGziGAJs7cZMoa5jR2a2NpQ9GVkBozkpNmrThDbKU9iphfvEFYSUYLkAjyaKqz2gx9C9DY51,1754164756,2025-08-02T19:59:16,0.000005002,D6JhU5uiVutVUido9N9RPuKs79pvxXsxBv9CTjCR1hhz,inc,1135662457,41091109,1176753566,So11111111111111111111111111111111111111111,9,1.0
58TCGTYmMKKSFj3qMXDurZacKzMQxY81WnUEcGibkG5ibAGBdtt4utkku9dpKV9JJ8WV5Kp9RWmkEckTjtjB3pir,1754164624,2025-08-02T19:57:04,0.000005,D6JhU5uiVutVUido9N9RPuKs79pvxXsxBv9CTjCR1hhz,dec,6000,41097109,41091109,So11111111111111111111111111111111111111111,9,1.0
56XFvHK9ofC3PC2X1WHhX4qHgMn2fLAZHwwf9qWmqXxTcpjK8Es16G2cWfA96196rwEwqPwFdJSmXVqJ5xDvMbjA,1754164624,2025-08-02T19:57:04,0.000005003,9NbDud1YMNnf7a9c2yXju8sS18XmeNFyqqGQh5ULadtC,inc,1623748404878,5446176827316,7069925232194,Cf4mb37yP2ZsJ782Lv8CwRqfNi9S5sXPKQLeHFApF62M,6,1.0
56XFvHK9ofC3PC2X1WHhX4qHgMn2fLAZHwwf9qWmqXxTcpjK8Es16G2cWfA96196rwEwqPwFdJSmXVqJ5xDvMbjA,1754164624,2025-08-02T19:57:04,0.000005003,D6JhU5uiVutVUido9N9RPuKs79pvxXsxBv9CTjCR1hhz,dec,232766400,273863509,41097109,So11111111111111111111111111111111111111111,9,1.0
6pd1UH7wzfa6QyYQEHX3MCYB7tHEJBnHBnTFJXs5KNqwkyArko3rqNm8QreXrfWDGrtRrgnWTQAikV3Zmz8XB9A,1754164615,2025-08-02T19:56:55,0.000005,D6JhU5uiVutVUido9N9RPuKs79pvxXsxBv9CTjCR1hhz,dec,6000,273869509,273863509,So11111111111111111111111111111111111111111,9,1.0
5uuXrmNPnkdy44Y83psDQot5HPb5VM4z8NP1QaqXNSKMk7wKsZ3RvvEKUREnMswnZ3eC2Vf16kuaQAWWV4ASndcL,1754164615,2025-08-02T19:56:55,0.000005003,9NbDud1YMNnf7a9c2yXju8sS18XmeNFyqqGQh5ULadtC,inc,3328258172753,2117918654563,5446176827316,Cf4mb37yP2ZsJ782Lv8CwRqfNi9S5sXPKQLeHFApF62M,6,1.0
5uuXrmNPnkdy44Y83psDQot5HPb5VM4z8NP1QaqXNSKMk7wKsZ3RvvEKUREnMswnZ3eC2Vf16kuaQAWWV4ASndcL,1754164615,2025-08-02T19:56:55,0.000005003,D6JhU5uiVutVUido9N9RPuKs79pvxXsxBv9CTjCR1hhz,dec,466039869,739909378,273869509,So11111111111111111111111111111111111111111,9,1.0
42mpWegPVM1oUJjeK7xRPqyLAX2PgZ8aSpqMYGBsJJYZZV29iLcPvqE4ezrs6bmwdmufoV78QN7pNWK4Nxw7S6PJ,1754164440,2025-08-02T19:54:00,0.000005,D6JhU5uiVutVUido9N9RPuKs79pvxXsxBv9CTjCR1hhz,dec,6000,739915378,739909378,So11111111111111111111111111111111111111111,9,1.0
4nRv8JSkAuhSHMtQuektB8xGG5rUV9XA2Ws7oSqVbW1AE6xSPW4KXZ62ttPZXFhqDDzgPNQ48gwERimRmDnzxBiN,1754164440,2025-08-02T19:54:00,0.000005003,9NbDud1YMNnf7a9c2yXju8sS18XmeNFyqqGQh5ULadtC,inc,2117918648626,5937,2117918654563,Cf4mb37yP2ZsJ782Lv8CwRqfNi9S5sXPKQLeHFApF62M,6,1.0
4nRv8JSkAuhSHMtQuektB8xGG5rUV9XA2Ws7oSqVbW1AE6xSPW4KXZ62ttPZXFhqDDzgPNQ48gwERimRmDnzxBiN,1754164440,2025-08-02T19:54:00,0.000005003,D6JhU5uiVutVUido9N9RPuKs79pvxXsxBv9CTjCR1hhz,dec,300491064,1040406442,739915378,So11111111111111111111111111111111111111111,9,1.0
2DVNQZuCUJTfRPe6qyqLib1MYomeiL1urujDsTmRrdiPrVdpES3drZVxU56saM2CexCC7kwoG2TaURsHWY837Cu2,1754164394,2025-08-02T19:53:14,0.000005,D6JhU5uiVutVUido9N9RPuKs79pvxXsxBv9CTjCR1hhz,dec,6000,1040412442,1040406442,So11111111111111111111111111111111111111111,9,1.0
iu4TTinmjpMV9fs8ttDv2iG4kXycrAwxsXRh6vkpzdzoeW4Q4UN8saGLsmpsDgnLBjRV9pLtjWVz8oTNE3Yx9sA,1754164394,2025-08-02T19:53:14,0.000005002,9NbDud1YMNnf7a9c2yXju8sS18XmeNFyqqGQh5ULadtC,dec,19460576689,19460582626,5937,Cf4mb37yP2ZsJ782Lv8CwRqfNi9S5sXPKQLeHFApF62M,6,1.0
iu4TTinmjpMV9fs8ttDv2iG4kXycrAwxsXRh6vkpzdzoeW4Q4UN8saGLsmpsDgnLBjRV9pLtjWVz8oTNE3Yx9sA,1754164394,2025-08-02T19:53:14,0.000005002,D6JhU5uiVutVUido9N9RPuKs79pvxXsxBv9CTjCR1hhz,inc,2915426,1037497016,1040412442,So11111111111111111111111111111111111111111,9,1.0
4AkbhXCdyrYVYog3P6mupCKuNkJH2zh35qWLXWjb9TJBmycE9fzCq8xv6kuqQFcgg4FRgrzvEYzSsq8nj6J9368M,1754164354,2025-08-02T19:52:34,0.000005,D6JhU5uiVutVUido9N9RPuKs79pvxXsxBv9CTjCR1hhz,dec,6000,1037503016,1037497016,So11111111111111111111111111111111111111111,9,1.0
2jD4HfwpKqT2i5yUQyvHa93nSJ5YtZGV4aFXE5umzGjsKmz7uHLLvEUpcVaUxuS99go82URPS6RTXHynxWNRAu9d,1754164354,2025-08-02T19:52:34,0.000005002,9NbDud1YMNnf7a9c2yXju8sS18XmeNFyqqGQh5ULadtC,dec,2975230499743,2994691082369,19460582626,Cf4mb37yP2ZsJ782Lv8CwRqfNi9S5sXPKQLeHFApF62M,6,1.0
2jD4HfwpKqT2i5yUQyvHa93nSJ5YtZGV4aFXE5umzGjsKmz7uHLLvEUpcVaUxuS99go82URPS6RTXHynxWNRAu9d,1754164354,2025-08-02T19:52:34,0.000005002,D6JhU5uiVutVUido9N9RPuKs79pvxXsxBv9CTjCR1hhz,inc,465747364,571755652,1037503016,So11111111111111111111111111111111111111111,9,1.0
4wvPS6P69VXqw7hfH9K3iwiqbdvYeKMJg8jyoNepdkP8gq1AWs5M7jtHXbFAMBBTxb6PGn2hBxRNUDFuf9X4soXA,1754164313,2025-08-02T19:51:53,0.000005,D6JhU5uiVutVUido9N9RPuKs79pvxXsxBv9CTjCR1hhz,dec,6000,571761652,571755652,So11111111111111111111111111111111111111111,9,1.0
4g39yj4U6Z6GsFDckLBf8dkicskyGzZK3sscRMWWbqBPjq2nHrzp9XSKBdrgPGhyGqrHDT7GJDovrWpzbksE8BD2,1754164313,2025-08-02T19:51:53,0.000005002,9NbDud1YMNnf7a9c2yXju8sS18XmeNFyqqGQh5ULadtC,dec,2015171017209,5009862099578,2994691082369,Cf4mb37yP2ZsJ782Lv8CwRqfNi9S5sXPKQLeHFApF62M,6,1.0
4g39yj4U6Z6GsFDckLBf8dkicskyGzZK3sscRMWWbqBPjq2nHrzp9XSKBdrgPGhyGqrHDT7GJDovrWpzbksE8BD2,1754164313,2025-08-02T19:51:53,0.000005002,D6JhU5uiVutVUido9N9RPuKs79pvxXsxBv9CTjCR1hhz,inc,305507269,266254383,571761652,So11111111111111111111111111111111111111111,9,1.0
2A5Ap9Lnh4sopLpQSghPv2TTS9hRBq2KnULiCVtu5Wpvabu4kpobJp2UFUCTSAi8oPJ6dgjw7BHt9VV8SFUxZTY6,1754164312,2025-08-02T19:51:52,0.000005,D6JhU5uiVutVUido9N9RPuKs79pvxXsxBv9CTjCR1hhz,dec,6000,266260383,266254383,So11111111111111111111111111111111111111111,9,1.0
53qYBMw17jv92Uu44CwhPjBWBKFtTo5dXEsrTjegf2TzvtocN8BhkMQiazkUtKPhmt74BpXYa8SnRFAV3zd6eKox,1754164312,2025-08-02T19:51:52,0.000005003,9NbDud1YMNnf7a9c2yXju8sS18XmeNFyqqGQh5ULadtC,inc,3013015451687,1996846647891,5009862099578,Cf4mb37yP2ZsJ782Lv8CwRqfNi9S5sXPKQLeHFApF62M,6,1.0
53qYBMw17jv92Uu44CwhPjBWBKFtTo5dXEsrTjegf2TzvtocN8BhkMQiazkUtKPhmt74BpXYa8SnRFAV3zd6eKox,1754164312,2025-08-02T19:51:52,0.000005003,D6JhU5uiVutVUido9N9RPuKs79pvxXsxBv9CTjCR1hhz,dec,466416864,732677247,266260383,So11111111111111111111111111111111111111111,9,1.0
4ZWWtSNawXr1EcXL7WEDYufZtJtHuEw57KjcZNSmRuHDsUZ8mBfmzYAuHiaa2HSc1c2gFieVYgFQuowm4MMs5bxA,1754164311,2025-08-02T19:51:51,0.000005,D6JhU5uiVutVUido9N9RPuKs79pvxXsxBv9CTjCR1hhz,dec,6000,732683247,732677247,So11111111111111111111111111111111111111111,9,1.0
2Km9s4k2or1cVui1yM5RenZ8RJqbUoFmvtFraVEpbX4KcoDisWmBoXds6mqVNJJwrKJfAUdEsK6CNDoTnNNVaGvY,1754164311,2025-08-02T19:51:51,0.000005003,9NbDud1YMNnf7a9c2yXju8sS18XmeNFyqqGQh5ULadtC,inc,1947193494221,49653153670,1996846647891,Cf4mb37yP2ZsJ782Lv8CwRqfNi9S5sXPKQLeHFApF62M,6,1.0
2Km9s4k2or1cVui1yM5RenZ8RJqbUoFmvtFraVEpbX4KcoDisWmBoXds6mqVNJJwrKJfAUdEsK6CNDoTnNNVaGvY,1754164311,2025-08-02T19:51:51,0.000005003,D6JhU5uiVutVUido9N9RPuKs79pvxXsxBv9CTjCR1hhz,dec,298164214,1030847461,732683247,So11111111111111111111111111111111111111111,9,1.0
KmjWaHYic3MXyiFFNumFvUhdjffTTrCeFymZoKnC9iyc4bBHvNSujmfU6CvtUBb8Ajn7dYNQYYwyhGjCrhkzUgM,1754164297,2025-08-02T19:51:37,0.000005,D6JhU5uiVutVUido9N9RPuKs79pvxXsxBv9CTjCR1hhz,dec,6000,1030853461,1030847461,So11111111111111111111111111111111111111111,9,1.0
4XkRDsPxbxsivFA4vincSefynRzqVYSdhaU8n2mMzNQRGfZkxpWpqcpAugWH4rfK99QeNfVa7wTbacvyAkGokZQK,1754164297,2025-08-02T19:51:37,0.000005002,9NbDud1YMNnf7a9c2yXju8sS18XmeNFyqqGQh5ULadtC,dec,6763879648698,6813532802368,49653153670,Cf4mb37yP2ZsJ782Lv8CwRqfNi9S5sXPKQLeHFApF62M,6,1.0
4XkRDsPxbxsivFA4vincSefynRzqVYSdhaU8n2mMzNQRGfZkxpWpqcpAugWH4rfK99QeNfVa7wTbacvyAkGokZQK,1754164297,2025-08-02T19:51:37,0.000005002,D6JhU5uiVutVUido9N9RPuKs79pvxXsxBv9CTjCR1hhz,inc,1012169439,18684022,1030853461,So11111111111111111111111111111111111111111,9,1.0
41Qoj4aVnBasceqzsiNKRa92cMUvFRPEXSrezjvFu5XDfK4j4YFLMxpZHDtpY4MdEAZUq6BctRN9znFC4KHWdakw,1754164268,2025-08-02T19:51:08,0.000005,D6JhU5uiVutVUido9N9RPuKs79pvxXsxBv9CTjCR1hhz,dec,6000,18690022,18684022,So11111111111111111111111111111111111111111,9,1.0
57Jo9qWMRufHB1bya41NeU3C3GDDMgtvD2wJLpGY8bhHN3HmpF7wykdBEhPRvtcQfXoVvnhprW8HDYr9obveueWn,1754164268,2025-08-02T19:51:08,0.000005003,9NbDud1YMNnf7a9c2yXju8sS18XmeNFyqqGQh5ULadtC,inc,1584962595923,5228570206445,6813532802368,Cf4mb37yP2ZsJ782Lv8CwRqfNi9S5sXPKQLeHFApF62M,6,1.0
57Jo9qWMRufHB1bya41NeU3C3GDDMgtvD2wJLpGY8bhHN3HmpF7wykdBEhPRvtcQfXoVvnhprW8HDYr9obveueWn,1754164268,2025-08-02T19:51:08,0.000005003,D6JhU5uiVutVUido9N9RPuKs79pvxXsxBv9CTjCR1hhz,dec,225868635,244558657,18690022,So11111111111111111111111111111111111111111,9,1.0
4TDc522uxUkntNVCdk8XbuksdUSa353KjViP9DAwPUrPTPkgf3M7SLewTBFYLppqzCjhmjZCRt9UGzUksmrBvggk,1754164214,2025-08-02T19:50:14,0.000005,D6JhU5uiVutVUido9N9RPuKs79pvxXsxBv9CTjCR1hhz,dec,6000,244564657,244558657,So11111111111111111111111111111111111111111,9,1.0
2CE7RVNAuuqARxrk6AYuCHoZ1ZYMW3TTz8Fk4F4iaVjyDLTXMvD35qVNo98aotcWEgNgczCCszvUD28FTiX4KTZb,1754164214,2025-08-02T19:50:14,0.000005003,9NbDud1YMNnf7a9c2yXju8sS18XmeNFyqqGQh5ULadtC,inc,1323111071392,3905459135053,5228570206445,Cf4mb37yP2ZsJ782Lv8CwRqfNi9S5sXPKQLeHFApF62M,6,1.0
2CE7RVNAuuqARxrk6AYuCHoZ1ZYMW3TTz8Fk4F4iaVjyDLTXMvD35qVNo98aotcWEgNgczCCszvUD28FTiX4KTZb,1754164214,2025-08-02T19:50:14,0.000005003,D6JhU5uiVutVUido9N9RPuKs79pvxXsxBv9CTjCR1hhz,dec,189732361,434297018,244564657,So11111111111111111111111111111111111111111,9,1.0
5krXsv9zC6c1Z6bxsdEbm2LsphkQj3kURXofT2ZGtXjjWGLGj8QoXKhusagyJBZ4FTUNqVb3Wz7VJsanJE4aEc2r,1754164173,2025-08-02T19:49:33,0.000005,D6JhU5uiVutVUido9N9RPuKs79pvxXsxBv9CTjCR1hhz,dec,6000,434303018,434297018,So11111111111111111111111111111111111111111,9,1.0
4LCu3tuVrBHKgRpBRdjr5XqSw5NDadzHHTsFqmUtoCSiqZCVp2BQuQXfZXBNW56u6KTzPSaJVnkPtJZAo1MExyrY,1754164173,2025-08-02T19:49:33,0.000005002,9NbDud1YMNnf7a9c2yXju8sS18XmeNFyqqGQh5ULadtC,dec,57447378913,3962906513966,3905459135053,Cf4mb37yP2ZsJ782Lv8CwRqfNi9S5sXPKQLeHFApF62M,6,1.0
4LCu3tuVrBHKgRpBRdjr5XqSw5NDadzHHTsFqmUtoCSiqZCVp2BQuQXfZXBNW56u6KTzPSaJVnkPtJZAo1MExyrY,1754164173,2025-08-02T19:49:33,0.000005002,D6JhU5uiVutVUido9N9RPuKs79pvxXsxBv9CTjCR1hhz,inc,8062290,426240728,434303018,So11111111111111111111111111111111111111111,9,1.0
5MxCsex9R2oSyQUnpDBJD1qmrA9WMAxiRVmkfzdyqcytfYFVr3vVSYEScN7NN7UAj4AVGgvNKc85NntBag3xeJuY,1754164172,2025-08-02T19:49:32,0.000005,D6JhU5uiVutVUido9N9RPuKs79pvxXsxBv9CTjCR1hhz,dec,6000,426246728,426240728,So11111111111111111111111111111111111111111,9,1.0
4GiX27Ark1FBnegTuYYW7zbBFAdW4h4vmpPAh9WrQfS2DA6ddX65qWaH2T4X3n25Dvw2MZLUBtucDBXXuKHeeSkr,1754164172,2025-08-02T19:49:32,0.000005003,9NbDud1YMNnf7a9c2yXju8sS18XmeNFyqqGQh5ULadtC,inc,3905459133201,57447380765,3962906513966,Cf4mb37yP2ZsJ782Lv8CwRqfNi9S5sXPKQLeHFApF62M,6,1.0
4GiX27Ark1FBnegTuYYW7zbBFAdW4h4vmpPAh9WrQfS2DA6ddX65qWaH2T4X3n25Dvw2MZLUBtucDBXXuKHeeSkr,1754164172,2025-08-02T19:49:32,0.000005003,D6JhU5uiVutVUido9N9RPuKs79pvxXsxBv9CTjCR1hhz,dec,548491305,974738033,426246728,So11111111111111111111111111111111111111111,9,1.0
2JBRFCq5m8j1qNtTLjuqJbzF7hvkEYrGnqNzeEhzT2GHz2Gn6KisHfDMULZUFFK8sDSzL9jWwfdBnHqHxYHFDA4F,1754164128,2025-08-02T19:48:48,0.000005,D6JhU5uiVutVUido9N9RPuKs79pvxXsxBv9CTjCR1hhz,dec,6000,974744033,974738033,So11111111111111111111111111111111111111111,9,1.0
3PAoCbD94qZDJ6kwGyRQSAVddo1zinQsgXLmYPc19cEgUaiSXyzxNBATxT69vskyJ1ECeaC85NBjktjUvoMU3xN9,1754164128,2025-08-02T19:48:48,0.000005002,9NbDud1YMNnf7a9c2yXju8sS18XmeNFyqqGQh5ULadtC,dec,3459321006273,3516768387038,57447380765,Cf4mb37yP2ZsJ782Lv8CwRqfNi9S5sXPKQLeHFApF62M,6,1.0
3PAoCbD94qZDJ6kwGyRQSAVddo1zinQsgXLmYPc19cEgUaiSXyzxNBATxT69vskyJ1ECeaC85NBjktjUvoMU3xN9,1754164128,2025-08-02T19:48:48,0.000005002,D6JhU5uiVutVUido9N9RPuKs79pvxXsxBv9CTjCR1hhz,inc,503033932,471710101,974744033,So11111111111111111111111111111111111111111,9,1.0
2Vhy2yWBxN1Ngux67LHNpnEBcYaNYR4qWaCEdXuxH5W52ytog7zRpDdDPWP82PPHz8FsnR66ZNrxPnpy4xbBGcab,1754163980,2025-08-02T19:46:20,0.000005,D6JhU5uiVutVUido9N9RPuKs79pvxXsxBv9CTjCR1hhz,dec,6000,471716101,471710101,So11111111111111111111111111111111111111111,9,1.0
3oQR3McW5N1HhL7GQ6syMXHXeAbViy4sqfnJkF2ifUw12QeqeZUDbSkP6wNehDWyLyNrN7e5D84ftpFcGkF8AnXB,1754163980,2025-08-02T19:46:20,0.000005003,9NbDud1YMNnf7a9c2yXju8sS18XmeNFyqqGQh5ULadtC,inc,3502668517907,14099869131,3516768387038,Cf4mb37yP2ZsJ782Lv8CwRqfNi9S5sXPKQLeHFApF62M,6,1.0
3oQR3McW5N1HhL7GQ6syMXHXeAbViy4sqfnJkF2ifUw12QeqeZUDbSkP6wNehDWyLyNrN7e5D84ftpFcGkF8AnXB,1754163980,2025-08-02T19:46:20,0.000005003,D6JhU5uiVutVUido9N9RPuKs79pvxXsxBv9CTjCR1hhz,dec,528816015,1000532116,471716101,So11111111111111111111111111111111111111111,9,1.0
4pcGrFeoALzaFUqtMLzpz3SYUKp53C73HRr9quTwEBpJvWt3uao64ZsYNqNE8z871asmsrXob61JFLHJZhgz29bT,1754163933,2025-08-02T19:45:33,0.000005,D6JhU5uiVutVUido9N9RPuKs79pvxXsxBv9CTjCR1hhz,dec,6000,1000538116,1000532116,So11111111111111111111111111111111111111111,9,1.0
shruULkCQAUG7MtfJUiLrgSr58zfgng6Z1SHvLhHqvEQ7p1BeCkUBedCXycKpVXdfEJSHatTx9nCHfwyFMaLUUT,1754163933,2025-08-02T19:45:33,0.000005002,9NbDud1YMNnf7a9c2yXju8sS18XmeNFyqqGQh5ULadtC,dec,6387578233985,6401678103116,14099869131,Cf4mb37yP2ZsJ782Lv8CwRqfNi9S5sXPKQLeHFApF62M,6,1.0
shruULkCQAUG7MtfJUiLrgSr58zfgng6Z1SHvLhHqvEQ7p1BeCkUBedCXycKpVXdfEJSHatTx9nCHfwyFMaLUUT,1754163933,2025-08-02T19:45:33,0.000005002,D6JhU5uiVutVUido9N9RPuKs79pvxXsxBv9CTjCR1hhz,inc,988916072,11622044,1000538116,So11111111111111111111111111111111111111111,9,1.0
2PvPGCUeiVGFRkMFvBAB8FrV3Pi3FAmu5xn3H2TEQ4mpEL6JuqPmWRLLeWDWvNp3KQYXuVWu7AAWsvK5PrjWfwhf,1754163869,2025-08-02T19:44:29,0.000005,D6JhU5uiVutVUido9N9RPuKs79pvxXsxBv9CTjCR1hhz,dec,6000,11628044,11622044,So11111111111111111111111111111111111111111,9,1.0
4aue7Pxe1QvpqKHPsnYEsxA7oCNtkWYuJD8XJh2Yq22757wKLuuVvPmoE6YwMbxn27caMD3c9TdF5AVrTuqLeKRW,1754163869,2025-08-02T19:44:29,0.000005003,9NbDud1YMNnf7a9c2yXju8sS18XmeNFyqqGQh5ULadtC,inc,3133409460073,3268268643043,6401678103116,Cf4mb37yP2ZsJ782Lv8CwRqfNi9S5sXPKQLeHFApF62M,6,1.0
4aue7Pxe1QvpqKHPsnYEsxA7oCNtkWYuJD8XJh2Yq22757wKLuuVvPmoE6YwMbxn27caMD3c9TdF5AVrTuqLeKRW,1754163869,2025-08-02T19:44:29,0.000005003,D6JhU5uiVutVUido9N9RPuKs79pvxXsxBv9CTjCR1hhz,dec,480376793,492004837,11628044,So11111111111111111111111111111111111111111,9,1.0
5kPPEdwFmZicBpo7aWZXAjkGQMZ4dr7zcLhGrpw2GySegiwW9UKsRLAUday3G9h5P5unz2HjgrkGL44jbuEbzKUx,1754163820,2025-08-02T19:43:40,0.000005,D6JhU5uiVutVUido9N9RPuKs79pvxXsxBv9CTjCR1hhz,dec,6000,492010837,492004837,So11111111111111111111111111111111111111111,9,1.0
4y55LuzRsKjMgHwQvPr45xoATdBfNXY6RNYH2nW49CH9GwPyMW7X5aCrFD5HdRbNBUX79gCWje3jXE5pv8NVQS91,1754163820,2025-08-02T19:43:40,0.000005003,9NbDud1YMNnf7a9c2yXju8sS18XmeNFyqqGQh5ULadtC,inc,2368446463808,899822179235,3268268643043,Cf4mb37yP2ZsJ782Lv8CwRqfNi9S5sXPKQLeHFApF62M,6,1.0
4y55LuzRsKjMgHwQvPr45xoATdBfNXY6RNYH2nW49CH9GwPyMW7X5aCrFD5HdRbNBUX79gCWje3jXE5pv8NVQS91,1754163820,2025-08-02T19:43:40,0.000005003,D6JhU5uiVutVUido9N9RPuKs79pvxXsxBv9CTjCR1hhz,dec,402998770,895009607,492010837,So11111111111111111111111111111111111111111,9,1.0
3LHFPxg8k1sci8NQfzyijYwLHBVAsHPHUVnvtBjUfz2eexYWQKM4M1rfAqZhSyBJvs9dFremCeqYwN1TYQfwPMnv,1754163733,2025-08-02T19:42:13,0.000005,D6JhU5uiVutVUido9N9RPuKs79pvxXsxBv9CTjCR1hhz,dec,6000,895015607,895009607,So11111111111111111111111111111111111111111,9,1.0
4egEDUExQqKVUPwSzJvSqv8pJJEQkbAET1QacCQVv1QWE9GmMtAkXNjujkW1kARqkqfULP97EkjPFe8nYJfbPSio,1754163733,2025-08-02T19:42:13,0.000005003,9NbDud1YMNnf7a9c2yXju8sS18XmeNFyqqGQh5ULadtC,inc,899822176407,2828,899822179235,Cf4mb37yP2ZsJ782Lv8CwRqfNi9S5sXPKQLeHFApF62M,6,1.0
4egEDUExQqKVUPwSzJvSqv8pJJEQkbAET1QacCQVv1QWE9GmMtAkXNjujkW1kARqkqfULP97EkjPFe8nYJfbPSio,1754163733,2025-08-02T19:42:13,0.000005003,D6JhU5uiVutVUido9N9RPuKs79pvxXsxBv9CTjCR1hhz,dec,131031058,1026046665,895015607,So11111111111111111111111111111111111111111,9,1.0
42WqPpe2YtSQpSLj6FX9o8KPpdHdgWLbb5Umu7qtmXfgt8W2Z6335tZMM5bqULjmnTMc1bRn5TX23JtVA7oNQ54X,1754163688,2025-08-02T19:41:28,0.000005,D6JhU5uiVutVUido9N9RPuKs79pvxXsxBv9CTjCR1hhz,dec,6000,1026052665,1026046665,So11111111111111111111111111111111111111111,9,1.0
2wBDSA6RfQKA8wMJmgobAq2Hnhvh4tykp4s3i6jQwt6BN7ftLjju14BwSwoVacG3FN584iJxbfywo3JiysXunJmW,1754163688,2025-08-02T19:41:28,0.000005002,9NbDud1YMNnf7a9c2yXju8sS18XmeNFyqqGQh5ULadtC,dec,2622683629096,2622683631924,2828,Cf4mb37yP2ZsJ782Lv8CwRqfNi9S5sXPKQLeHFApF62M,6,1.0
2wBDSA6RfQKA8wMJmgobAq2Hnhvh4tykp4s3i6jQwt6BN7ftLjju14BwSwoVacG3FN584iJxbfywo3JiysXunJmW,1754163688,2025-08-02T19:41:28,0.000005002,D6JhU5uiVutVUido9N9RPuKs79pvxXsxBv9CTjCR1hhz,inc,342970805,683081860,1026052665,So11111111111111111111111111111111111111111,9,1.0
4fQVyJuGgb8f73HHqvvVGGEtDExgW59smUWLiM5QGYe34yLKM28MW5C3FeT8du2YMLwioxWG8FzWGaemTyETKh9E,1754163539,2025-08-02T19:38:59,0.000005,D6JhU5uiVutVUido9N9RPuKs79pvxXsxBv9CTjCR1hhz,dec,6000,683087860,683081860,So11111111111111111111111111111111111111111,9,1.0
5hJhMiTTzSLYZD86vdprAsq7ryYFYwPUhBBQNT8kmitdCgd7iF1qNwmBNtVAh22XpdUR5nQHV7fY7rP1PcaDNPsw,1754163539,2025-08-02T19:38:59,0.000005003,9NbDud1YMNnf7a9c2yXju8sS18XmeNFyqqGQh5ULadtC,inc,2622683630990,934,2622683631924,Cf4mb37yP2ZsJ782Lv8CwRqfNi9S5sXPKQLeHFApF62M,6,1.0
5hJhMiTTzSLYZD86vdprAsq7ryYFYwPUhBBQNT8kmitdCgd7iF1qNwmBNtVAh22XpdUR5nQHV7fY7rP1PcaDNPsw,1754163539,2025-08-02T19:38:59,0.000005003,D6JhU5uiVutVUido9N9RPuKs79pvxXsxBv9CTjCR1hhz,dec,360265911,1043353771,683087860,So11111111111111111111111111111111111111111,9,1.0
huRMoysv5TiDegFNRphGMBsA3CjnPk8MQfTukUkhWEW8jPGQQ1bxYxZtRYkShDXneUyzyrCuYZ8xrr5aBLsAsCX,1754163456,2025-08-02T19:37:36,0.000005,D6JhU5uiVutVUido9N9RPuKs79pvxXsxBv9CTjCR1hhz,dec,6000,1043359771,1043353771,So11111111111111111111111111111111111111111,9,1.0
E3CXzUurdFyt328iN1sWCPeByRhZgpt9dpWmYoteHjEg6sQNyrPzbwGeyiEB6HFoGdanckMcJbJgh2bhRJPJaMw,1754163456,2025-08-02T19:37:36,0.000005002,9NbDud1YMNnf7a9c2yXju8sS18XmeNFyqqGQh5ULadtC,dec,168539377,168540311,934,Cf4mb37yP2ZsJ782Lv8CwRqfNi9S5sXPKQLeHFApF62M,6,1.0
E3CXzUurdFyt328iN1sWCPeByRhZgpt9dpWmYoteHjEg6sQNyrPzbwGeyiEB6HFoGdanckMcJbJgh2bhRJPJaMw,1754163456,2025-08-02T19:37:36,0.000005002,D6JhU5uiVutVUido9N9RPuKs79pvxXsxBv9CTjCR1hhz,inc,17247,1043342524,1043359771,So11111111111111111111111111111111111111111,9,1.0
EvAPbfyjG6WbY1B6st7BC3iPqapxdf9y4CtiWh6DAnpX1ooJjmFjiWTCXKTutXmXYdCwKNFGed3xN7pz6qCzDqS,1754163454,2025-08-02T19:37:34,0.000005,D6JhU5uiVutVUido9N9RPuKs79pvxXsxBv9CTjCR1hhz,dec,6000,1043348524,1043342524,So11111111111111111111111111111111111111111,9,1.0
3RpEfN7nkZU5MSnBJ44WhdNPD3C7xZidNFFWa549zbmsMSzHqXLfKyzcB7hZjzTe1yRFqp4eojvqycP3RYueVF5y,1754163454,2025-08-02T19:37:34,0.000005002,9NbDud1YMNnf7a9c2yXju8sS18XmeNFyqqGQh5ULadtC,dec,18407544783,18576085094,168540311,Cf4mb37yP2ZsJ782Lv8CwRqfNi9S5sXPKQLeHFApF62M,6,1.0
3RpEfN7nkZU5MSnBJ44WhdNPD3C7xZidNFFWa549zbmsMSzHqXLfKyzcB7hZjzTe1yRFqp4eojvqycP3RYueVF5y,1754163454,2025-08-02T19:37:34,0.000005002,D6JhU5uiVutVUido9N9RPuKs79pvxXsxBv9CTjCR1hhz,inc,2444161,1040904363,1043348524,So11111111111111111111111111111111111111111,9,1.0
5nQpsMLBJkRXvofL4Q3BXKinRHJmUYTZmucesbmpKNNdaBNnPA7ND1hQCBonG5Y4eSD2ymSfPHzVtXhgPn1dyHsr,1754163435,2025-08-02T19:37:15,0.000005,D6JhU5uiVutVUido9N9RPuKs79pvxXsxBv9CTjCR1hhz,dec,6000,1040910363,1040904363,So11111111111111111111111111111111111111111,9,1.0
3XFMTXf1N8c4WoTJEvyyLfqBFBvAt7AZnHsj4YPmc1M4rY7LnBkLKQNWrmNtr5oUeEeDYyeQV846n3Pv2VSEJViy,1754163435,2025-08-02T19:37:15,0.000005002,9NbDud1YMNnf7a9c2yXju8sS18XmeNFyqqGQh5ULadtC,dec,5382508233671,5401084318765,18576085094,Cf4mb37yP2ZsJ782Lv8CwRqfNi9S5sXPKQLeHFApF62M,6,1.0
3XFMTXf1N8c4WoTJEvyyLfqBFBvAt7AZnHsj4YPmc1M4rY7LnBkLKQNWrmNtr5oUeEeDYyeQV846n3Pv2VSEJViy,1754163435,2025-08-02T19:37:15,0.000005002,D6JhU5uiVutVUido9N9RPuKs79pvxXsxBv9CTjCR1hhz,inc,696460018,344450345,1040910363,So11111111111111111111111111111111111111111,9,1.0
224er7Em9dQtWaNqQmKARvmv6YSAS74evy2FyabyTZT91LzSZqgvLf4odW81zTASqdHrDU96vitxqvawddnz6k3L,1754163341,2025-08-02T19:35:41,0.000005,D6JhU5uiVutVUido9N9RPuKs79pvxXsxBv9CTjCR1hhz,dec,6000,344456345,344450345,So11111111111111111111111111111111111111111,9,1.0
4LDmD7tvLT57eVC3gFoUFKGg4VpPAmtqmQnqy83EV2c5MBUNPXJxqdLwaCQHHBKwPbCKmk6XWUX2rgArRmayDz5Z,1754163341,2025-08-02T19:35:41,0.000005003,9NbDud1YMNnf7a9c2yXju8sS18XmeNFyqqGQh5ULadtC,inc,1181785135667,4219299183098,5401084318765,Cf4mb37yP2ZsJ782Lv8CwRqfNi9S5sXPKQLeHFApF62M,6,1.0
4LDmD7tvLT57eVC3gFoUFKGg4VpPAmtqmQnqy83EV2c5MBUNPXJxqdLwaCQHHBKwPbCKmk6XWUX2rgArRmayDz5Z,1754163341,2025-08-02T19:35:41,0.000005003,D6JhU5uiVutVUido9N9RPuKs79pvxXsxBv9CTjCR1hhz,dec,155244168,499700513,344456345,So11111111111111111111111111111111111111111,9,1.0
2SRMP7Jg1uK1JHL9Sw29fbgGMbgujqLp1VrRC95egmNzgdDbrHM5PLzVM1pRsKemTQM3doducUULCf4jT47Am7UV,1754163327,2025-08-02T19:35:27,0.000005,D6JhU5uiVutVUido9N9RPuKs79pvxXsxBv9CTjCR1hhz,dec,6000,499706513,499700513,So11111111111111111111111111111111111111111,9,1.0
oPuhonpueqRkHU4Vj7WCFsnrwzztAkm41zCy8M1JuA2oBfkRKkrAVzAcPRgnkSP7T3AoSQPxBp8PybFq4ZcJtAw,1754163327,2025-08-02T19:35:27,0.000005003,9NbDud1YMNnf7a9c2yXju8sS18XmeNFyqqGQh5ULadtC,inc,4219299176635,6463,4219299183098,Cf4mb37yP2ZsJ782Lv8CwRqfNi9S5sXPKQLeHFApF62M,6,1.0
oPuhonpueqRkHU4Vj7WCFsnrwzztAkm41zCy8M1JuA2oBfkRKkrAVzAcPRgnkSP7T3AoSQPxBp8PybFq4ZcJtAw,1754163327,2025-08-02T19:35:27,0.000005003,D6JhU5uiVutVUido9N9RPuKs79pvxXsxBv9CTjCR1hhz,dec,533615833,1033322346,499706513,So11111111111111111111111111111111111111111,9,1.0
NMkeHSe5gkcstHeeVGcNeFwRCWFvi1f91KUEH7Eoz6xge1D73wiaiERsZjpJuFZiEmQ3bJYoBRXvKHjJUahsGyJ,1754163302,2025-08-02T19:35:02,0.000005,D6JhU5uiVutVUido9N9RPuKs79pvxXsxBv9CTjCR1hhz,dec,6000,1033328346,1033322346,So11111111111111111111111111111111111111111,9,1.0
w5BnX1rkP1k6dSgoytmWpoq7uPUaF1wqWFpwqEckiP6zcN7Jwbbc2JL9TTVD7R3jqgLtN3LGXznp4fCXhtfzMYJ,1754163302,2025-08-02T19:35:02,0.000005002,9NbDud1YMNnf7a9c2yXju8sS18XmeNFyqqGQh5ULadtC,dec,5995048257269,5995048263732,6463,Cf4mb37yP2ZsJ782Lv8CwRqfNi9S5sXPKQLeHFApF62M,6,1.0
w5BnX1rkP1k6dSgoytmWpoq7uPUaF1wqWFpwqEckiP6zcN7Jwbbc2JL9TTVD7R3jqgLtN3LGXznp4fCXhtfzMYJ,1754163302,2025-08-02T19:35:02,0.000005002,D6JhU5uiVutVUido9N9RPuKs79pvxXsxBv9CTjCR1hhz,inc,738753918,294574428,1033328346,So11111111111111111111111111111111111111111,9,1.0
j7iXReSBwdEVDXdtsbrJjkMj5qu7YwM4zkmW14tjjvAWdu99f7VopFfU9ybTy7CwehnR577zJbkfcdyVbJg2wfU,1754163243,2025-08-02T19:34:03,0.000005,D6JhU5uiVutVUido9N9RPuKs79pvxXsxBv9CTjCR1hhz,dec,6000,294580428,294574428,So11111111111111111111111111111111111111111,9,1.0
52BH6TYLprR9Aa4DqmVSY57rKLaYZLaBM8dviowQXU5wfGcMjhAHDLvTh1DT18Jb1WuUGhB6qngmGy4ArWnZX1sW,1754163243,2025-08-02T19:34:03,0.000005003,9NbDud1YMNnf7a9c2yXju8sS18XmeNFyqqGQh5ULadtC,inc,2019680800571,3975367463161,5995048263732,Cf4mb37yP2ZsJ782Lv8CwRqfNi9S5sXPKQLeHFApF62M,6,1.0
52BH6TYLprR9Aa4DqmVSY57rKLaYZLaBM8dviowQXU5wfGcMjhAHDLvTh1DT18Jb1WuUGhB6qngmGy4ArWnZX1sW,1754163243,2025-08-02T19:34:03,0.000005003,D6JhU5uiVutVUido9N9RPuKs79pvxXsxBv9CTjCR1hhz,dec,255773403,550353831,294580428,So11111111111111111111111111111111111111111,9,1.0
5KicoLU9PQaaKh4kQfuAR5GFnyNXNbJ6hLiova8ixBRZBJA1L1UczNrZY9tErnGXrzdPw32QvazzhjNfQ6qVWE1i,1754163205,2025-08-02T19:33:25,0.000005,D6JhU5uiVutVUido9N9RPuKs79pvxXsxBv9CTjCR1hhz,dec,6000,550359831,550353831,So11111111111111111111111111111111111111111,9,1.0
26odeL1CjRbT6c34UwipQqMmMmo2JcQ4VsFeEyXVydpBPnH652u8Xz9qY8WRYFAfsdDt9i9GVc66kVQXRawtQV6j,1754163205,2025-08-02T19:33:25,0.000005004,9NbDud1YMNnf7a9c2yXju8sS18XmeNFyqqGQh5ULadtC,inc,3975367463161,0,3975367463161,Cf4mb37yP2ZsJ782Lv8CwRqfNi9S5sXPKQLeHFApF62M,6,1.0
26odeL1CjRbT6c34UwipQqMmMmo2JcQ4VsFeEyXVydpBPnH652u8Xz9qY8WRYFAfsdDt9i9GVc66kVQXRawtQV6j,1754163205,2025-08-02T19:33:25,0.000005004,D6JhU5uiVutVUido9N9RPuKs79pvxXsxBv9CTjCR1hhz,dec,451140169,1001500000,550359831,So11111111111111111111111111111111111111111,9,1.0
3AA3GfDZuPScTDP45BPtAcFCRa6KVF8dUDeW3oZyj4cBUr6cjeUwwhM2c22ZByJ2DZ22KcsnTvgZtRxs2RtaPf91,1754163092,2025-08-02T19:31:32,0.0000314,D6JhU5uiVutVUido9N9RPuKs79pvxXsxBv9CTjCR1hhz,inc,1000000000,1500000,1001500000,So11111111111111111111111111111111111111111,9,1.0
caRap1v83gPcXZHDWPDDyabA6mJ7iGS33rR8zjgv6j59EhuQjpqe25PVAqu7E5MFo6nPktvngk9ppHSKeoArkyU,1754162957,2025-08-02T19:29:17,0.000064772,D6JhU5uiVutVUido9N9RPuKs79pvxXsxBv9CTjCR1hhz,dec,818309694,819809694,1500000,So11111111111111111111111111111111111111111,9,1.0
5BmtvCVpWrQoix1wyBbb8yfdK8CJvJXYbQbtYMuggCZsFhkfmtoD1rcfhsVkLnvi6k2wXZBQqsLp1qx5fxpKpHhZ,1754162923,2025-08-02T19:28:43,0.000005,D6JhU5uiVutVUido9N9RPuKs79pvxXsxBv9CTjCR1hhz,dec,6000,819815694,819809694,So11111111111111111111111111111111111111111,9,1.0
3XNdVrpMW6vP98f17CVj6LdyAgv9MoqBsdu4oYz4qdz4QaUGU9QgZPHaVPjT468SCeaFao4vmVbZXphhRpQEWeV8,1754162923,2025-08-02T19:28:43,0.000005003,BF4ospVEEeDnZFZEQsQMhNcoWAXehXWyFtsSJwLuZ6RA,inc,2652288675895,2420,2652288678315,9GkLsAtgWcVta5SVUh4fNzP5CVS9dw3THThktvThGzri,6,1.0
3XNdVrpMW6vP98f17CVj6LdyAgv9MoqBsdu4oYz4qdz4QaUGU9QgZPHaVPjT468SCeaFao4vmVbZXphhRpQEWeV8,1754162923,2025-08-02T19:28:43,0.000005003,D6JhU5uiVutVUido9N9RPuKs79pvxXsxBv9CTjCR1hhz,dec,384953954,1204769648,819815694,So11111111111111111111111111111111111111111,9,1.0
p2hQS4JhDLUGzajivsg4KocLHPrKwGWYBgLvsTDKbg7219QMgw3L5f2BzkFMEox5dqxo6a89ncdqgC1uXzJiR5c,1754162890,2025-08-02T19:28:10,0.000005,D6JhU5uiVutVUido9N9RPuKs79pvxXsxBv9CTjCR1hhz,dec,6000,1204775648,1204769648,So11111111111111111111111111111111111111111,9,1.0
2dnjvb811WDDhCFFLk38STcF82252WJZkVTVcHUgJeVEK9x1rpTpK8GPLDakH8GT2EUxCUZYLidxjZkEJK2HG3Sb,1754162890,2025-08-02T19:28:10,0.000005002,BF4ospVEEeDnZFZEQsQMhNcoWAXehXWyFtsSJwLuZ6RA,dec,2621352,2623772,2420,9GkLsAtgWcVta5SVUh4fNzP5CVS9dw3THThktvThGzri,6,1.0
2dnjvb811WDDhCFFLk38STcF82252WJZkVTVcHUgJeVEK9x1rpTpK8GPLDakH8GT2EUxCUZYLidxjZkEJK2HG3Sb,1754162890,2025-08-02T19:28:10,0.000005002,D6JhU5uiVutVUido9N9RPuKs79pvxXsxBv9CTjCR1hhz,dec,4603,1204780251,1204775648,So11111111111111111111111111111111111111111,9,1.0
9rHtCAvm155RJCPh2iomV6srAV2deaYEpK1LkNAZNZs9CH1VQfxtdsByzRoBecfAEwUfbqmWZSC2yrCKUGRjyE9,1754162889,2025-08-02T19:28:09,0.000005,D6JhU5uiVutVUido9N9RPuKs79pvxXsxBv9CTjCR1hhz,dec,6000,1204786251,1204780251,So11111111111111111111111111111111111111111,9,1.0
ecfuFYEFzvLGPxGgbdiJATJa4iDJ1PdwWLQRB4kYdFVogRkXfFW2FmPjARUSAYAdXWvHRWmT42QGf2zAcEBKdKF,1754162889,2025-08-02T19:28:09,0.000005002,BF4ospVEEeDnZFZEQsQMhNcoWAXehXWyFtsSJwLuZ6RA,dec,61942663238,61945287010,2623772,9GkLsAtgWcVta5SVUh4fNzP5CVS9dw3THThktvThGzri,6,1.0
ecfuFYEFzvLGPxGgbdiJATJa4iDJ1PdwWLQRB4kYdFVogRkXfFW2FmPjARUSAYAdXWvHRWmT42QGf2zAcEBKdKF,1754162889,2025-08-02T19:28:09,0.000005002,D6JhU5uiVutVUido9N9RPuKs79pvxXsxBv9CTjCR1hhz,inc,9296759,1195489492,1204786251,So11111111111111111111111111111111111111111,9,1.0
2ytce2AgkFaqeRXGYcXDoK5n3dRrvm3bYYpBuZvdPpcuaNTPVAY4mzYvsKBDyUXdDMD4xxwx3fRkcBcdiRWhtS7P,1754162861,2025-08-02T19:27:41,0.000005,D6JhU5uiVutVUido9N9RPuKs79pvxXsxBv9CTjCR1hhz,dec,6000,1195495492,1195489492,So11111111111111111111111111111111111111111,9,1.0
5dLEjsbFeDByD7t6vQSzFtScjtgskpFLEEXu3DE64f4A9j1R7XbTEvgBjtTVS9Zvq65U9qovuCjgDGQdtpHyabnn,1754162861,2025-08-02T19:27:41,0.000005002,BF4ospVEEeDnZFZEQsQMhNcoWAXehXWyFtsSJwLuZ6RA,dec,7165877821145,7227823108155,61945287010,9GkLsAtgWcVta5SVUh4fNzP5CVS9dw3THThktvThGzri,6,1.0
5dLEjsbFeDByD7t6vQSzFtScjtgskpFLEEXu3DE64f4A9j1R7XbTEvgBjtTVS9Zvq65U9qovuCjgDGQdtpHyabnn,1754162861,2025-08-02T19:27:41,0.000005002,D6JhU5uiVutVUido9N9RPuKs79pvxXsxBv9CTjCR1hhz,inc,1097352254,98143238,1195495492,So11111111111111111111111111111111111111111,9,1.0
4jx4oBGCGzUvVBqgNbh13CAQtKZd1mVwfRCy1QLePFzhu3tqiFhAyjWXauYnS1W1CTKLWrSiNVC7kheFXn8BPjwo,1754162849,2025-08-02T19:27:29,0.000005,D6JhU5uiVutVUido9N9RPuKs79pvxXsxBv9CTjCR1hhz,dec,6000,98149238,98143238,So11111111111111111111111111111111111111111,9,1.0
QuZHA2HiC1DHHbS641x2Z1kELd38cjXaiAN13jzXBAvJBGTkER7FKr5mnPs4vEphnEgxrMRDnerefVNfqRRiHbf,1754162849,2025-08-02T19:27:29,0.000005003,BF4ospVEEeDnZFZEQsQMhNcoWAXehXWyFtsSJwLuZ6RA,inc,1072061322292,6155761785863,7227823108155,9GkLsAtgWcVta5SVUh4fNzP5CVS9dw3THThktvThGzri,6,1.0
QuZHA2HiC1DHHbS641x2Z1kELd38cjXaiAN13jzXBAvJBGTkER7FKr5mnPs4vEphnEgxrMRDnerefVNfqRRiHbf,1754162849,2025-08-02T19:27:29,0.000005003,D6JhU5uiVutVUido9N9RPuKs79pvxXsxBv9CTjCR1hhz,dec,162483421,260632659,98149238,So11111111111111111111111111111111111111111,9,1.0
mtBzd5memaKDtzjeoo6quraBjvyv12MXPonFmrZpoaBUuRoKFvWnGuRmngyjE27KZmPWKDkhwBtHJ2dn58QgsxX,1754162767,2025-08-02T19:26:07,0.000005,D6JhU5uiVutVUido9N9RPuKs79pvxXsxBv9CTjCR1hhz,dec,6000,260638659,260632659,So11111111111111111111111111111111111111111,9,1.0
61yVub755uZKyk2Am6a6zwqFx2MP1TsbPB6ikdD6xefUgkk3nKGjwdiBxbYMNpE1wS8XDhM8NwEpL3kdEQx24kX7,1754162767,2025-08-02T19:26:07,0.000005003,BF4ospVEEeDnZFZEQsQMhNcoWAXehXWyFtsSJwLuZ6RA,inc,1543272148628,4612489637235,6155761785863,9GkLsAtgWcVta5SVUh4fNzP5CVS9dw3THThktvThGzri,6,1.0
61yVub755uZKyk2Am6a6zwqFx2MP1TsbPB6ikdD6xefUgkk3nKGjwdiBxbYMNpE1wS8XDhM8NwEpL3kdEQx24kX7,1754162767,2025-08-02T19:26:07,0.000005003,D6JhU5uiVutVUido9N9RPuKs79pvxXsxBv9CTjCR1hhz,dec,229868941,490507600,260638659,So11111111111111111111111111111111111111111,9,1.0
2Z9xnTkyCJrod1RZe8trmy6WYeHikBSSqnzagC3aYLduWfQ2ZPsGqtxr8cwhkwVvL76EHi8koRo2mjP7cJtMEMrs,1754162707,2025-08-02T19:25:07,0.000005,D6JhU5uiVutVUido9N9RPuKs79pvxXsxBv9CTjCR1hhz,dec,6000,490513600,490507600,So11111111111111111111111111111111111111111,9,1.0
5QFE8MotFb698b3rkeS22QMYkKav9oQMgZBMuXbFo2nwKdtCQS6L22rVyrzbD5jYJqWxg2axQzGGjxLhogJ918mq,1754162707,2025-08-02T19:25:07,0.000005003,BF4ospVEEeDnZFZEQsQMhNcoWAXehXWyFtsSJwLuZ6RA,inc,2912350889997,1700138747238,4612489637235,9GkLsAtgWcVta5SVUh4fNzP5CVS9dw3THThktvThGzri,6,1.0
5QFE8MotFb698b3rkeS22QMYkKav9oQMgZBMuXbFo2nwKdtCQS6L22rVyrzbD5jYJqWxg2axQzGGjxLhogJ918mq,1754162707,2025-08-02T19:25:07,0.000005003,D6JhU5uiVutVUido9N9RPuKs79pvxXsxBv9CTjCR1hhz,dec,426388802,916902402,490513600,So11111111111111111111111111111111111111111,9,1.0
66F27FWp58LTtmWKS5oZzDbUUe1FGhhEKGwSDN8Hm6fduXJrXiqVXANjC4V23KhuMk7ZWChj6chX1QLvJFdf4GjF,1754162676,2025-08-02T19:24:36,0.000005,D6JhU5uiVutVUido9N9RPuKs79pvxXsxBv9CTjCR1hhz,dec,6000,916908402,916902402,So11111111111111111111111111111111111111111,9,1.0
2mKAUapNqkZCLdwBjPT28NuGTD2wcy3HN1Wf62jKJ2MdiaSUZLwz2pNDHmV2vNDR4TipuHTcQXBzgXSfrE98jVQh,1754162676,2025-08-02T19:24:36,0.000005003,BF4ospVEEeDnZFZEQsQMhNcoWAXehXWyFtsSJwLuZ6RA,inc,1700014920366,123826872,1700138747238,9GkLsAtgWcVta5SVUh4fNzP5CVS9dw3THThktvThGzri,6,1.0
2mKAUapNqkZCLdwBjPT28NuGTD2wcy3HN1Wf62jKJ2MdiaSUZLwz2pNDHmV2vNDR4TipuHTcQXBzgXSfrE98jVQh,1754162676,2025-08-02T19:24:36,0.000005003,D6JhU5uiVutVUido9N9RPuKs79pvxXsxBv9CTjCR1hhz,dec,240390957,1157299359,916908402,So11111111111111111111111111111111111111111,9,1.0
26JoCMj3Mosy2N6bMwzAc1f3kof4mQBEmefwAs5mzHZ8zy668ufmfYMqtmWAhb1qQx87JaWWhXLUJ9nnkkLCyiWf,1754162658,2025-08-02T19:24:18,0.000005,D6JhU5uiVutVUido9N9RPuKs79pvxXsxBv9CTjCR1hhz,dec,6000,1157305359,1157299359,So11111111111111111111111111111111111111111,9,1.0
5S2UpL6j51v7pH33ZZvS3KYFWfD8D2THPGyHCTbD8qLVEZmWqgdoWqAMJj7jS1YxVvC6SvqFPNirM49bqKLDREiJ,1754162658,2025-08-02T19:24:18,0.000005002,BF4ospVEEeDnZFZEQsQMhNcoWAXehXWyFtsSJwLuZ6RA,dec,15797331360,15921158232,123826872,9GkLsAtgWcVta5SVUh4fNzP5CVS9dw3THThktvThGzri,6,1.0
5S2UpL6j51v7pH33ZZvS3KYFWfD8D2THPGyHCTbD8qLVEZmWqgdoWqAMJj7jS1YxVvC6SvqFPNirM49bqKLDREiJ,1754162658,2025-08-02T19:24:18,0.000005002,D6JhU5uiVutVUido9N9RPuKs79pvxXsxBv9CTjCR1hhz,inc,2254162,1155051197,1157305359,So11111111111111111111111111111111111111111,9,1.0
2eoGxcrSbsKwVx5vMZH3SGFkYyVL7uJHa1uikFnzgYpjLUzLoWtgcBonUdXRLynzdYXCyhgxRJBsqNQThDXp2wMP,1754162601,2025-08-02T19:23:21,0.000005,D6JhU5uiVutVUido9N9RPuKs79pvxXsxBv9CTjCR1hhz,dec,6000,1155057197,1155051197,So11111111111111111111111111111111111111111,9,1.0
39ARkeKAF3sBGDYeVRqCtxDL2UmXHfse7Y1PWYgQ7opHt86bEVB7cYSP2zBmdC8N1Y9iuNQaG1JoMmXNTDkAY5hX,1754162601,2025-08-02T19:23:21,0.000005002,BF4ospVEEeDnZFZEQsQMhNcoWAXehXWyFtsSJwLuZ6RA,dec,2070733001916,2086654160148,15921158232,9GkLsAtgWcVta5SVUh4fNzP5CVS9dw3THThktvThGzri,6,1.0
39ARkeKAF3sBGDYeVRqCtxDL2UmXHfse7Y1PWYgQ7opHt86bEVB7cYSP2zBmdC8N1Y9iuNQaG1JoMmXNTDkAY5hX,1754162601,2025-08-02T19:23:21,0.000005002,D6JhU5uiVutVUido9N9RPuKs79pvxXsxBv9CTjCR1hhz,inc,293882910,861174287,1155057197,So11111111111111111111111111111111111111111,9,1.0
5bREKrFzvFtLFkCKocYgquQXWwkCXoRjvzSRsNTRn6GAgwQDin76rds57FjPvjrTtkMef68crnQhPbyZY462QUdF,1754162478,2025-08-02T19:21:18,0.000005,D6JhU5uiVutVUido9N9RPuKs79pvxXsxBv9CTjCR1hhz,dec,6000,861180287,861174287,So11111111111111111111111111111111111111111,9,1.0
4YkkgqswWV5w64H4ec7deLdG57DDmuqitWFM2UPSYs3YsYesvbh6UZpUfWZbRWLKi96f5Z5erVj17NWXTgmsx1ce,1754162478,2025-08-02T19:21:18,0.000005002,BF4ospVEEeDnZFZEQsQMhNcoWAXehXWyFtsSJwLuZ6RA,dec,4930523851870,7017178012018,2086654160148,9GkLsAtgWcVta5SVUh4fNzP5CVS9dw3THThktvThGzri,6,1.0
4YkkgqswWV5w64H4ec7deLdG57DDmuqitWFM2UPSYs3YsYesvbh6UZpUfWZbRWLKi96f5Z5erVj17NWXTgmsx1ce,1754162478,2025-08-02T19:21:18,0.000005002,D6JhU5uiVutVUido9N9RPuKs79pvxXsxBv9CTjCR1hhz,inc,716126469,145053818,861180287,So11111111111111111111111111111111111111111,9,1.0
Xe9Gxi31avkDnM7dBx2qSQazmASmPiD3Kh8kEfQzqbPwbY2MAyAeavgFbaeutepXdeXCyozgogifsEZiwsEkdvf,1754162477,2025-08-02T19:21:17,0.000005,D6JhU5uiVutVUido9N9RPuKs79pvxXsxBv9CTjCR1hhz,dec,6000,145059818,145053818,So11111111111111111111111111111111111111111,9,1.0
2tJVeC34fLiuNxmpeZKgGESKdfbitU18zSTuYvYow43B9NVi272znJNy5qPBGyu8gZbpsVmSQFDQm3BNnBJW2mFR,1754162477,2025-08-02T19:21:17,0.000005003,BF4ospVEEeDnZFZEQsQMhNcoWAXehXWyFtsSJwLuZ6RA,inc,2119986829302,4897191182716,7017178012018,9GkLsAtgWcVta5SVUh4fNzP5CVS9dw3THThktvThGzri,6,1.0
2tJVeC34fLiuNxmpeZKgGESKdfbitU18zSTuYvYow43B9NVi272znJNy5qPBGyu8gZbpsVmSQFDQm3BNnBJW2mFR,1754162477,2025-08-02T19:21:17,0.000005003,D6JhU5uiVutVUido9N9RPuKs79pvxXsxBv9CTjCR1hhz,dec,310591141,455650959,145059818,So11111111111111111111111111111111111111111,9,1.0
3AcGPYi3AT1xDCYRuMnnG4LYDe6aqi8MtyAs9MS98RvVymKZRT134tGnDSafDNFYq5wG28x8apUVYkrBCG3DtYG8,1754162451,2025-08-02T19:20:51,0.000005,D6JhU5uiVutVUido9N9RPuKs79pvxXsxBv9CTjCR1hhz,dec,6000,455656959,455650959,So11111111111111111111111111111111111111111,9,1.0
5W51ZmZg51u8pnhprMfDDkthJSrU8JANKeCYoMk8YLgTtAQH8WQHWcwFkfNJwnxM3j5b2HrTXRVyM1ZsRU9Tn5A3,1754162451,2025-08-02T19:20:51,0.000005003,BF4ospVEEeDnZFZEQsQMhNcoWAXehXWyFtsSJwLuZ6RA,inc,2741734738097,2155456444619,4897191182716,9GkLsAtgWcVta5SVUh4fNzP5CVS9dw3THThktvThGzri,6,1.0
5W51ZmZg51u8pnhprMfDDkthJSrU8JANKeCYoMk8YLgTtAQH8WQHWcwFkfNJwnxM3j5b2HrTXRVyM1ZsRU9Tn5A3,1754162451,2025-08-02T19:20:51,0.000005003,D6JhU5uiVutVUido9N9RPuKs79pvxXsxBv9CTjCR1hhz,dec,408347990,864004949,455656959,So11111111111111111111111111111111111111111,9,1.0
5BQd6qcjS9hyLaHWnoZsxjvsvZwbDdsEuxCfCRVePKyKxveaYyfv4XZ243Mbgosm9zr6ke7fuU7hehhMn5RnNyaF,1754162414,2025-08-02T19:20:14,0.000005,D6JhU5uiVutVUido9N9RPuKs79pvxXsxBv9CTjCR1hhz,dec,6000,864010949,864004949,So11111111111111111111111111111111111111111,9,1.0
2c7BK8ZQQJxvhqJaRQtpy1BhkMoF4Xw3FXcKQ6u2Zif6jPcM9jC48Z1fff5VdYDvaSRNRduChnbUrW13GCqSpS75,1754162414,2025-08-02T19:20:14,0.000005003,BF4ospVEEeDnZFZEQsQMhNcoWAXehXWyFtsSJwLuZ6RA,inc,2155100789966,355654653,2155456444619,9GkLsAtgWcVta5SVUh4fNzP5CVS9dw3THThktvThGzri,6,1.0
2c7BK8ZQQJxvhqJaRQtpy1BhkMoF4Xw3FXcKQ6u2Zif6jPcM9jC48Z1fff5VdYDvaSRNRduChnbUrW13GCqSpS75,1754162414,2025-08-02T19:20:14,0.000005003,D6JhU5uiVutVUido9N9RPuKs79pvxXsxBv9CTjCR1hhz,dec,320084051,1184095000,864010949,So11111111111111111111111111111111111111111,9,1.0
2BNMKk1KoTUhUQK9W7LVZ5ue5VqmbqdjTudHKPfdRGNWH1Ftvhfx6Nw2ErFtRjgZDtgguCEPMrEb4Zrheyx5CMV8,1754162348,2025-08-02T19:19:08,0.000005,D6JhU5uiVutVUido9N9RPuKs79pvxXsxBv9CTjCR1hhz,dec,6000,1184101000,1184095000,So11111111111111111111111111111111111111111,9,1.0
65CPvpV5bMzWkFt4bWW99s3pRECrGog3yWKB8qczuB3xjDmWzTL7iRHfsaXEcYHAGUGtzuXqVWYwgV2KD3f7NYtw,1754162348,2025-08-02T19:19:08,0.000005002,BF4ospVEEeDnZFZEQsQMhNcoWAXehXWyFtsSJwLuZ6RA,dec,55327459782,55683114435,355654653,9GkLsAtgWcVta5SVUh4fNzP5CVS9dw3THThktvThGzri,6,1.0
65CPvpV5bMzWkFt4bWW99s3pRECrGog3yWKB8qczuB3xjDmWzTL7iRHfsaXEcYHAGUGtzuXqVWYwgV2KD3f7NYtw,1754162348,2025-08-02T19:19:08,0.000005002,D6JhU5uiVutVUido9N9RPuKs79pvxXsxBv9CTjCR1hhz,inc,8357968,1175743032,1184101000,So11111111111111111111111111111111111111111,9,1.0
BNTvJqDZXRWjrz6GvVGG3WqmSfCr7ozqs2TWD7RjgE1RZJkUKj3U6z2JE5HQiZaVTAgj1C1v57qbLLvmJwMxhRZ,1754162342,2025-08-02T19:19:02,0.000005,D6JhU5uiVutVUido9N9RPuKs79pvxXsxBv9CTjCR1hhz,inc,1,1175743031,1175743032,So11111111111111111111111111111111111111111,9,1.0
HAbm9ZpHVEEPULNAmNBgvc56FYaHqvKnrm4ZwkcUaCDWNmVJhUEMYbkARrp8tCFasaKHXpXeMh2xdwdV2rHpcbs,1754162342,2025-08-02T19:19:02,0.000005,D6JhU5uiVutVUido9N9RPuKs79pvxXsxBv9CTjCR1hhz,inc,1,1175743030,1175743031,So11111111111111111111111111111111111111111,9,1.0
KxMnGVNavYyDYtTwiFUMBFCekG62D8CzSEzjeuhRmFaqcUiyadNXpXHFQEdZZc1NBdgtdiSYdpu8U32pEf4hUZ8,1754162334,2025-08-02T19:18:54,0.000005,D6JhU5uiVutVUido9N9RPuKs79pvxXsxBv9CTjCR1hhz,dec,6000,1175749030,1175743030,So11111111111111111111111111111111111111111,9,1.0
2gTuc7zbq6GBUv3cGi1S5znBwLEzqzJZV91q3S4soEiZm5mUdVbwkZarhWFbWz4xfLSq6DKzSgmZ5mfG7PWKhnS7,1754162334,2025-08-02T19:18:54,0.000005002,BF4ospVEEeDnZFZEQsQMhNcoWAXehXWyFtsSJwLuZ6RA,dec,4076149417475,4131832531910,55683114435,9GkLsAtgWcVta5SVUh4fNzP5CVS9dw3THThktvThGzri,6,1.0
2gTuc7zbq6GBUv3cGi1S5znBwLEzqzJZV91q3S4soEiZm5mUdVbwkZarhWFbWz4xfLSq6DKzSgmZ5mfG7PWKhnS7,1754162334,2025-08-02T19:18:54,0.000005002,D6JhU5uiVutVUido9N9RPuKs79pvxXsxBv9CTjCR1hhz,inc,590260924,585488106,1175749030,So11111111111111111111111111111111111111111,9,1.0
YU9i9W4UJvHkPHVTnm6HCTtFM1UC1C9YcDkvuPxAwcA7hYkProX7FKtAg1T3BRThUBrv9fMiSWbcFJZoHmBDDdw,1754162301,2025-08-02T19:18:21,0.000005,D6JhU5uiVutVUido9N9RPuKs79pvxXsxBv9CTjCR1hhz,dec,6000,585494106,585488106,So11111111111111111111111111111111111111111,9,1.0
328QyPgwvF8jexJw8FgYxwTGur4qKUQGkvjRHF9kk42rAHWYfujYBYZHLE1hdqWhZxYLf9DSSd9M8Jas64sKFQm7,1754162301,2025-08-02T19:18:21,0.000005003,BF4ospVEEeDnZFZEQsQMhNcoWAXehXWyFtsSJwLuZ6RA,inc,695490581433,3436341950477,4131832531910,9GkLsAtgWcVta5SVUh4fNzP5CVS9dw3THThktvThGzri,6,1.0
328QyPgwvF8jexJw8FgYxwTGur4qKUQGkvjRHF9kk42rAHWYfujYBYZHLE1hdqWhZxYLf9DSSd9M8Jas64sKFQm7,1754162301,2025-08-02T19:18:21,0.000005003,D6JhU5uiVutVUido9N9RPuKs79pvxXsxBv9CTjCR1hhz,dec,100107552,685601658,585494106,So11111111111111111111111111111111111111111,9,1.0
fTq3jzqznSeJ2dZz5fL6rBZTG5UTr2qhKD2mHdZ4ryZJRWRfNteUBeuK2sUwGDU5vVKjqsSWzLij2bPPt73VoMB,1754162264,2025-08-02T19:17:44,0.000005,D6JhU5uiVutVUido9N9RPuKs79pvxXsxBv9CTjCR1hhz,dec,6000,685607658,685601658,So11111111111111111111111111111111111111111,9,1.0
RsRD72FSGN5YjGQHNJWEmXsLw8c1aRgwCWTVRmocbSm13AVHLQFxpb6ZNwXyzC67is4Jn7bbLU22bFenKXUW7Yr,1754162264,2025-08-02T19:17:44,0.000005003,BF4ospVEEeDnZFZEQsQMhNcoWAXehXWyFtsSJwLuZ6RA,inc,3436341947974,2503,3436341950477,9GkLsAtgWcVta5SVUh4fNzP5CVS9dw3THThktvThGzri,6,1.0
RsRD72FSGN5YjGQHNJWEmXsLw8c1aRgwCWTVRmocbSm13AVHLQFxpb6ZNwXyzC67is4Jn7bbLU22bFenKXUW7Yr,1754162264,2025-08-02T19:17:44,0.000005003,D6JhU5uiVutVUido9N9RPuKs79pvxXsxBv9CTjCR1hhz,dec,520153363,1205761021,685607658,So11111111111111111111111111111111111111111,9,1.0
5ySSxpJdAoNC5117kxZBKiD3qr7Ey5btoA6xJoUYJ8pQjQDHKH1Jb6kkxsyLG1yC4AiSBb1Hq1ZTtZuCAocQFT4p,1754162195,2025-08-02T19:16:35,0.000005,D6JhU5uiVutVUido9N9RPuKs79pvxXsxBv9CTjCR1hhz,dec,6000,1205767021,1205761021,So11111111111111111111111111111111111111111,9,1.0
3ZrE1R9hec1ymFYnrutYdpxDQBh6jtEYbvfM8isZXRmkSyLyZupGwHiKzycpUU9FYogvX2AarCXNvEaPZZSKGcP1,1754162195,2025-08-02T19:16:35,0.000005002,BF4ospVEEeDnZFZEQsQMhNcoWAXehXWyFtsSJwLuZ6RA,dec,421634833,421637336,2503,9GkLsAtgWcVta5SVUh4fNzP5CVS9dw3THThktvThGzri,6,1.0
3ZrE1R9hec1ymFYnrutYdpxDQBh6jtEYbvfM8isZXRmkSyLyZupGwHiKzycpUU9FYogvX2AarCXNvEaPZZSKGcP1,1754162195,2025-08-02T19:16:35,0.000005002,D6JhU5uiVutVUido9N9RPuKs79pvxXsxBv9CTjCR1hhz,inc,53540,1205713481,1205767021,So11111111111111111111111111111111111111111,9,1.0
aA8nsjqPhiVfJdzufusZpRFMx1pDY1zpdZWkGLtAuHCu9fVMRXehzXZYQc9cThDBCNJ6qErVFi7vtFj3RCZokNh,1754162158,2025-08-02T19:15:58,0.000005,D6JhU5uiVutVUido9N9RPuKs79pvxXsxBv9CTjCR1hhz,dec,6000,1205719481,1205713481,So11111111111111111111111111111111111111111,9,1.0
4qyhXWGQvbqRLoBbZtQHaQq5B5dxjyrLwsfmWqawnRtgsP3ah2VEao6HJNE28GKVHX5go5RWRpfnLj6xZtwiVpNx,1754162158,2025-08-02T19:15:58,0.000005002,BF4ospVEEeDnZFZEQsQMhNcoWAXehXWyFtsSJwLuZ6RA,dec,28899703018,29321340354,421637336,9GkLsAtgWcVta5SVUh4fNzP5CVS9dw3THThktvThGzri,6,1.0
4qyhXWGQvbqRLoBbZtQHaQq5B5dxjyrLwsfmWqawnRtgsP3ah2VEao6HJNE28GKVHX5go5RWRpfnLj6xZtwiVpNx,1754162158,2025-08-02T19:15:58,0.000005002,D6JhU5uiVutVUido9N9RPuKs79pvxXsxBv9CTjCR1hhz,inc,3832821,1201886660,1205719481,So11111111111111111111111111111111111111111,9,1.0
QJjjywP98WBUCcWuAPgvHEG8qDUrv4rK2pQGFHPAeuD3DtcVb6Bcjf4CEoQ65Tck9qtwwogZSGa9GdV5eurompt,1754162115,2025-08-02T19:15:15,0.000005,D6JhU5uiVutVUido9N9RPuKs79pvxXsxBv9CTjCR1hhz,dec,6000,1201892660,1201886660,So11111111111111111111111111111111111111111,9,1.0
2GatADAn4uBUYNqAYciF71papzk16GoRQCYkb1tsUpspxHSNx1crM9o9KTci1NnMYBMk5kXDL7q2BHc6sWkr7xKN,1754162115,2025-08-02T19:15:15,0.000005002,BF4ospVEEeDnZFZEQsQMhNcoWAXehXWyFtsSJwLuZ6RA,dec,3417009362318,3446330702672,29321340354,9GkLsAtgWcVta5SVUh4fNzP5CVS9dw3THThktvThGzri,6,1.0
2GatADAn4uBUYNqAYciF71papzk16GoRQCYkb1tsUpspxHSNx1crM9o9KTci1NnMYBMk5kXDL7q2BHc6sWkr7xKN,1754162115,2025-08-02T19:15:15,0.000005002,D6JhU5uiVutVUido9N9RPuKs79pvxXsxBv9CTjCR1hhz,inc,459384930,742507730,1201892660,So11111111111111111111111111111111111111111,9,1.0
5pSNHY8nawGs8tvMYCeYL4s67tYSrkCq1Wq5McgjkQA9yy3GDPvWdxczLZTXa6LMXTXQTA2evg67QEhovWgD8j1b,1754161890,2025-08-02T19:11:30,0.000005,D6JhU5uiVutVUido9N9RPuKs79pvxXsxBv9CTjCR1hhz,dec,6000,742513730,742507730,So11111111111111111111111111111111111111111,9,1.0
2WYEDjbthHF16MgWQJfSWMs6pgNg5nAU31wG9X9iU3pKNLDYW1G6pwwm8ZD39Ztsc2UsgygYx6Cx7QEuVqpNJfiK,1754161890,2025-08-02T19:11:30,0.000005003,BF4ospVEEeDnZFZEQsQMhNcoWAXehXWyFtsSJwLuZ6RA,inc,3446304062445,26640227,3446330702672,9GkLsAtgWcVta5SVUh4fNzP5CVS9dw3THThktvThGzri,6,1.0
2WYEDjbthHF16MgWQJfSWMs6pgNg5nAU31wG9X9iU3pKNLDYW1G6pwwm8ZD39Ztsc2UsgygYx6Cx7QEuVqpNJfiK,1754161890,2025-08-02T19:11:30,0.000005003,D6JhU5uiVutVUido9N9RPuKs79pvxXsxBv9CTjCR1hhz,dec,504607996,1247121726,742513730,So11111111111111111111111111111111111111111,9,1.0
5jdSoRs9ZikvaMUHmaBMEYL4RDCkojU6T9JBzmkpq9zSvFseMYqEug54ZEgZMcaNGDwquXDwAA9MJioez844Fka1,1754161799,2025-08-02T19:09:59,0.000005,D6JhU5uiVutVUido9N9RPuKs79pvxXsxBv9CTjCR1hhz,dec,6000,1247127726,1247121726,So11111111111111111111111111111111111111111,9,1.0
KGNJMaD2WQEtRQk8gpBRsLn3FwWtqfBqY6i34SMSzs21Dm5EcxKhrXAPq7cRtcK6Y9TnLXoVG1RwzsYAZYWbeg3,1754161799,2025-08-02T19:09:59,0.000005002,BF4ospVEEeDnZFZEQsQMhNcoWAXehXWyFtsSJwLuZ6RA,dec,4411054252,4437694479,26640227,9GkLsAtgWcVta5SVUh4fNzP5CVS9dw3THThktvThGzri,6,1.0
KGNJMaD2WQEtRQk8gpBRsLn3FwWtqfBqY6i34SMSzs21Dm5EcxKhrXAPq7cRtcK6Y9TnLXoVG1RwzsYAZYWbeg3,1754161799,2025-08-02T19:09:59,0.000005002,D6JhU5uiVutVUido9N9RPuKs79pvxXsxBv9CTjCR1hhz,inc,632765,1246494961,1247127726,So11111111111111111111111111111111111111111,9,1.0
4wa3YjQGkT2yp6xnVFE6ML1szXQ4pXJhSF5z5J2YWMetHkBPc3fhycCFk2oULEcdWscpGnzpHGhGkj4zkAWEqQ3g,1754161764,2025-08-02T19:09:24,0.000005,D6JhU5uiVutVUido9N9RPuKs79pvxXsxBv9CTjCR1hhz,dec,6000,1246500961,1246494961,So11111111111111111111111111111111111111111,9,1.0
5iAQxCcrHoNheSWiScbmv1ueo4ftSfgrSE8L2qWBRkNuUnypNzSxL3kq6cUeg4hf9zVNYT6BHnXY8ZxKp3PRjgn,1754161764,2025-08-02T19:09:24,0.000005002,BF4ospVEEeDnZFZEQsQMhNcoWAXehXWyFtsSJwLuZ6RA,dec,1412957385079,1417395079558,4437694479,9GkLsAtgWcVta5SVUh4fNzP5CVS9dw3THThktvThGzri,6,1.0
5iAQxCcrHoNheSWiScbmv1ueo4ftSfgrSE8L2qWBRkNuUnypNzSxL3kq6cUeg4hf9zVNYT6BHnXY8ZxKp3PRjgn,1754161764,2025-08-02T19:09:24,0.000005002,D6JhU5uiVutVUido9N9RPuKs79pvxXsxBv9CTjCR1hhz,inc,193915613,1052585348,1246500961,So11111111111111111111111111111111111111111,9,1.0
szZcefpPN5sj6Gpc2bAcgGD9vUCYKZoiqVkEkx94wpAXkBJzoo6fHdqkqpVkMHAGbbqXhDdTqizxLKG3hDJSo5t,1754161685,2025-08-02T19:08:05,0.000005,D6JhU5uiVutVUido9N9RPuKs79pvxXsxBv9CTjCR1hhz,dec,6000,1052591348,1052585348,So11111111111111111111111111111111111111111,9,1.0
4c2KJf2ma1U8jJdN5Jbg8pUsiyxYbiDoefQDWPbFcdniQtV7635pj2cvSE2vz4gQK5xEqmZ52TTVzVAWtPpKdfev,1754161685,2025-08-02T19:08:05,0.000005003,BF4ospVEEeDnZFZEQsQMhNcoWAXehXWyFtsSJwLuZ6RA,inc,1417394988206,91352,1417395079558,9GkLsAtgWcVta5SVUh4fNzP5CVS9dw3THThktvThGzri,6,1.0
4c2KJf2ma1U8jJdN5Jbg8pUsiyxYbiDoefQDWPbFcdniQtV7635pj2cvSE2vz4gQK5xEqmZ52TTVzVAWtPpKdfev,1754161685,2025-08-02T19:08:05,0.000005003,D6JhU5uiVutVUido9N9RPuKs79pvxXsxBv9CTjCR1hhz,dec,193978696,1246570044,1052591348,So11111111111111111111111111111111111111111,9,1.0
2XydQLp6qCdHPkgvUEukHavKgdGRGSayGnAe4Wbtn13dFbKf1vrNNxFMx7XXuxNsXVtZnHSji1TaM38VrkgxnbKL,1754161654,2025-08-02T19:07:34,0.000005,D6JhU5uiVutVUido9N9RPuKs79pvxXsxBv9CTjCR1hhz,dec,6000,1246576044,1246570044,So11111111111111111111111111111111111111111,9,1.0
21y3d6QVxh2tE83ck8VW95LCwsq9Vy3gePQ66yYkL7aw9y37Wp3AU2GjBNzuvoyjnxGKUyAAJA2AwhZzqoHwQVRt,1754161654,2025-08-02T19:07:34,0.000005002,BF4ospVEEeDnZFZEQsQMhNcoWAXehXWyFtsSJwLuZ6RA,dec,20702726,20794078,91352,9GkLsAtgWcVta5SVUh4fNzP5CVS9dw3THThktvThGzri,6,1.0
21y3d6QVxh2tE83ck8VW95LCwsq9Vy3gePQ66yYkL7aw9y37Wp3AU2GjBNzuvoyjnxGKUyAAJA2AwhZzqoHwQVRt,1754161654,2025-08-02T19:07:34,0.000005002,D6JhU5uiVutVUido9N9RPuKs79pvxXsxBv9CTjCR1hhz,dec,2021,1246578065,1246576044,So11111111111111111111111111111111111111111,9,1.0
4vgQqii1iKrTyCqYV2VcEdZYtfBPGEJDSnuUa7guq4RBxbcmX3xeGaQcRg9vfEUkpsmV2ejYEugRtCsMTgZLRB56,1754161599,2025-08-02T19:06:39,0.000005,D6JhU5uiVutVUido9N9RPuKs79pvxXsxBv9CTjCR1hhz,dec,6000,1246584065,1246578065,So11111111111111111111111111111111111111111,9,1.0
52KP7z9CN9eW93RweSJKTEKGxnmVkGzad9BS2rjxZqqABQznNRGUuYJsT433q9TYyB2YrcjxGGJWFXzUHtVJp5bT,1754161599,2025-08-02T19:06:39,0.000005002,BF4ospVEEeDnZFZEQsQMhNcoWAXehXWyFtsSJwLuZ6RA,dec,10764235954,10785030032,20794078,9GkLsAtgWcVta5SVUh4fNzP5CVS9dw3THThktvThGzri,6,1.0
52KP7z9CN9eW93RweSJKTEKGxnmVkGzad9BS2rjxZqqABQznNRGUuYJsT433q9TYyB2YrcjxGGJWFXzUHtVJp5bT,1754161599,2025-08-02T19:06:39,0.000005002,D6JhU5uiVutVUido9N9RPuKs79pvxXsxBv9CTjCR1hhz,inc,1565439,1245018626,1246584065,So11111111111111111111111111111111111111111,9,1.0
2fA9cJnMrRQSkkRSHgvzjrW3hyAeF3LoaWbEEHkFaRDyJvhjShinbLTQUbknkpwP8wzkdZ4A1wzpLbqn9yVSjhfn,1754161422,2025-08-02T19:03:42,0.000005,D6JhU5uiVutVUido9N9RPuKs79pvxXsxBv9CTjCR1hhz,dec,6000,1245024626,1245018626,So11111111111111111111111111111111111111111,9,1.0
2Dyv6PVUvbR1BFcHvbq16LkLTbWGaP6LU6KWKd432Uo6qauNYZnscHqsUKFRFS8uZTdfiAUYwniGtTPPQ9gdUsRr,1754161422,2025-08-02T19:03:42,0.000005002,BF4ospVEEeDnZFZEQsQMhNcoWAXehXWyFtsSJwLuZ6RA,dec,2026367201956,2037152231988,10785030032,9GkLsAtgWcVta5SVUh4fNzP5CVS9dw3THThktvThGzri,6,1.0
2Dyv6PVUvbR1BFcHvbq16LkLTbWGaP6LU6KWKd432Uo6qauNYZnscHqsUKFRFS8uZTdfiAUYwniGtTPPQ9gdUsRr,1754161422,2025-08-02T19:03:42,0.000005002,D6JhU5uiVutVUido9N9RPuKs79pvxXsxBv9CTjCR1hhz,inc,265342614,979682012,1245024626,So11111111111111111111111111111111111111111,9,1.0
39mXr7PRFz2ekGjcAughBwNJEZEzJVLsfqJZHFGeAaSaFpufzSadzsD7HKNYxBh2wXEkxf5Q2hBMB83rhqtV7Q6X,1754161415,2025-08-02T19:03:35,0.000005,D6JhU5uiVutVUido9N9RPuKs79pvxXsxBv9CTjCR1hhz,dec,6000,979688012,979682012,So11111111111111111111111111111111111111111,9,1.0
2puoDdSULj3c1U18TAg5h6VWtYJexzvZhXJC4HDHs8NXeZmFEJoYD1R5TC6VSjSBfhBZqYRBQLCGjex2uFfG5aaN,1754161415,2025-08-02T19:03:35,0.000005003,BF4ospVEEeDnZFZEQsQMhNcoWAXehXWyFtsSJwLuZ6RA,inc,2037152230266,1722,2037152231988,9GkLsAtgWcVta5SVUh4fNzP5CVS9dw3THThktvThGzri,6,1.0
2puoDdSULj3c1U18TAg5h6VWtYJexzvZhXJC4HDHs8NXeZmFEJoYD1R5TC6VSjSBfhBZqYRBQLCGjex2uFfG5aaN,1754161415,2025-08-02T19:03:35,0.000005003,D6JhU5uiVutVUido9N9RPuKs79pvxXsxBv9CTjCR1hhz,dec,264615037,1244303049,979688012,So11111111111111111111111111111111111111111,9,1.0
3PXhmM845b5jWWmSJEThiVfn4FawKDdqE8qL4hjdLxF3PDy9Pi1nuRoFxXpmmZScZERVa9zguXaA7wBeoTxJWG7X,1754161410,2025-08-02T19:03:30,0.000005,D6JhU5uiVutVUido9N9RPuKs79pvxXsxBv9CTjCR1hhz,dec,6000,1244309049,1244303049,So11111111111111111111111111111111111111111,9,1.0
2CxaRaV7RUth7yo25NdAZ2ntAPdThLzo8JkxFojLjNEPQiXxJiRZvW4TLxtSYhBtr9EaodqRjhNRL3aUZJvtvhjH,1754161410,2025-08-02T19:03:30,0.000005002,BF4ospVEEeDnZFZEQsQMhNcoWAXehXWyFtsSJwLuZ6RA,dec,9171910782409,9171910784131,1722,9GkLsAtgWcVta5SVUh4fNzP5CVS9dw3THThktvThGzri,6,1.0
2CxaRaV7RUth7yo25NdAZ2ntAPdThLzo8JkxFojLjNEPQiXxJiRZvW4TLxtSYhBtr9EaodqRjhNRL3aUZJvtvhjH,1754161410,2025-08-02T19:03:30,0.000005002,D6JhU5uiVutVUido9N9RPuKs79pvxXsxBv9CTjCR1hhz,inc,1179052352,65256697,1244309049,So11111111111111111111111111111111111111111,9,1.0
4jPHVHgnJYbhb7FHhAhju6FmfWB5hoDTaXHxjbDvh9ynGBhRuom3LxJX7L6rYeAEJfuPbc7jsWgFqWvAQYsKgaCr,1754161296,2025-08-02T19:01:36,0.000005,D6JhU5uiVutVUido9N9RPuKs79pvxXsxBv9CTjCR1hhz,dec,6000,65262697,65256697,So11111111111111111111111111111111111111111,9,1.0
4VM6TZZojVtV2SknhRmbcuNyAPcPeJ1WMP8eNemwZeqrP4P6k83yf2BWhC5QizYx22RzEFamDKeLdLGjFQhCAF1y,1754161296,2025-08-02T19:01:36,0.000005003,BF4ospVEEeDnZFZEQsQMhNcoWAXehXWyFtsSJwLuZ6RA,inc,3824594347252,5347316436879,9171910784131,9GkLsAtgWcVta5SVUh4fNzP5CVS9dw3THThktvThGzri,6,1.0
4VM6TZZojVtV2SknhRmbcuNyAPcPeJ1WMP8eNemwZeqrP4P6k83yf2BWhC5QizYx22RzEFamDKeLdLGjFQhCAF1y,1754161296,2025-08-02T19:01:36,0.000005003,D6JhU5uiVutVUido9N9RPuKs79pvxXsxBv9CTjCR1hhz,dec,414684920,479947617,65262697,So11111111111111111111111111111111111111111,9,1.0
3oyMYiTFiavaVRWN4fuhqCatjd74DW22thZaEwCyxcKRJzqkH5QtGafnJHg8BcQGCywZCod8KzUquRJQs2YNHtBg,1754161274,2025-08-02T19:01:14,0.000005,D6JhU5uiVutVUido9N9RPuKs79pvxXsxBv9CTjCR1hhz,dec,6000,479953617,479947617,So11111111111111111111111111111111111111111,9,1.0
45mEjHtMLMgx4M4SKgEwLSrnBuSELwJu6ggf5s7zYjr8syrCtMb2HqyUZKuzBWrXA7R8aZgMBgUwv6aGTLky1Lw2,1754161274,2025-08-02T19:01:14,0.000005004,BF4ospVEEeDnZFZEQsQMhNcoWAXehXWyFtsSJwLuZ6RA,inc,5347316436879,0,5347316436879,9GkLsAtgWcVta5SVUh4fNzP5CVS9dw3THThktvThGzri,6,1.0
45mEjHtMLMgx4M4SKgEwLSrnBuSELwJu6ggf5s7zYjr8syrCtMb2HqyUZKuzBWrXA7R8aZgMBgUwv6aGTLky1Lw2,1754161274,2025-08-02T19:01:14,0.000005004,D6JhU5uiVutVUido9N9RPuKs79pvxXsxBv9CTjCR1hhz,dec,521546383,1001500000,479953617,So11111111111111111111111111111111111111111,9,1.0
4qTWLwaAXx89Uzgwjp9YcHFakx3kqT2ErZdsCiuN1y3K1dh8dWe9XgYMpUpES13gYwG6djahvuwsBognVF1di6UJ,1754161195,2025-08-02T18:59:55,0.0000314,D6JhU5uiVutVUido9N9RPuKs79pvxXsxBv9CTjCR1hhz,inc,1000000000,1500000,1001500000,So11111111111111111111111111111111111111111,9,1.0
22ax3ijd6QntsXg3qdCdeAGeRs1dHaKUX5qvx4Bum4GJXCuBWzZEBvwPkQ6WevBf8A5Pt3czRBRoaA5evUghmKoG,1754161058,2025-08-02T18:57:38,0.0000666,D6JhU5uiVutVUido9N9RPuKs79pvxXsxBv9CTjCR1hhz,dec,709231934,710731934,1500000,So11111111111111111111111111111111111111111,9,1.0
2r1HiH9cx7FwU5RyuUofMJgXi4U9VEsvrzbod1yi5t94RNtQnxoJnJkUaeWb1FA61GB8SzWANM8eSwzJ7D22YYAQ,1754161012,2025-08-02T18:56:52,0.000005,D6JhU5uiVutVUido9N9RPuKs79pvxXsxBv9CTjCR1hhz,dec,6000,710737934,710731934,So11111111111111111111111111111111111111111,9,1.0
64PkCh6UAqCai3KfQQy7ZoLwrDXTfMFcMGj2b4gxgzoR52EC5Z3cazV7xGDvioa4YhgoVRai7CryFb83gxEQUZxH,1754161012,2025-08-02T18:56:52,0.000005003,B5apeHZbuumc12auxRrhK32FeteSsRkCL5NKUeoL4MYr,inc,2603869971015,61486251407,2665356222422,3GinPHjJdnkU482Q3MSUYXok4r6oqWMEvoYE7kkaZtqw,6,1.0
64PkCh6UAqCai3KfQQy7ZoLwrDXTfMFcMGj2b4gxgzoR52EC5Z3cazV7xGDvioa4YhgoVRai7CryFb83gxEQUZxH,1754161012,2025-08-02T18:56:52,0.000005003,D6JhU5uiVutVUido9N9RPuKs79pvxXsxBv9CTjCR1hhz,dec,400018595,1110756529,710737934,So11111111111111111111111111111111111111111,9,1.0
2VmtNHAB79ERLNaRa62DYXairkE4AJx9MucEZ5z2D9BiBgiJ2TiZjE3c3b9yadqBriWp8dQDxKoT9cj9VK89xW5D,1754160972,2025-08-02T18:56:12,0.000005,D6JhU5uiVutVUido9N9RPuKs79pvxXsxBv9CTjCR1hhz,dec,6000,1110762529,1110756529,So11111111111111111111111111111111111111111,9,1.0
aHeC1JDpLA2d49PhNzXuykr5sjtrUKJEVsVBbYbTquEsHMM7vukVvVz4b1jXhbSGzfKmqc2rGHyqQyBwRkuuChe,1754160972,2025-08-02T18:56:12,0.000005002,B5apeHZbuumc12auxRrhK32FeteSsRkCL5NKUeoL4MYr,dec,4999295615478,5060781866885,61486251407,3GinPHjJdnkU482Q3MSUYXok4r6oqWMEvoYE7kkaZtqw,6,1.0
aHeC1JDpLA2d49PhNzXuykr5sjtrUKJEVsVBbYbTquEsHMM7vukVvVz4b1jXhbSGzfKmqc2rGHyqQyBwRkuuChe,1754160972,2025-08-02T18:56:12,0.000005002,D6JhU5uiVutVUido9N9RPuKs79pvxXsxBv9CTjCR1hhz,inc,777597144,333165385,1110762529,So11111111111111111111111111111111111111111,9,1.0
3p1LkVHE2nKeNaSFGCYe8V2djV4pB1Hz4YNCK6YPMesGik9kBXQcUuHQCBKcF5VPyRbBMgERGRatG3KzN4Utxzzj,1754160802,2025-08-02T18:53:22,0.000005,D6JhU5uiVutVUido9N9RPuKs79pvxXsxBv9CTjCR1hhz,dec,6000,333171385,333165385,So11111111111111111111111111111111111111111,9,1.0
29VebbpmidUSn24o19GfuBMzgiGuHtn8TMUjTmE3hMg25UDdigHKYjRRNBAbHnxfBqWK2fX4jKoAuvKLvSifbQ4H,1754160802,2025-08-02T18:53:22,0.000005003,B5apeHZbuumc12auxRrhK32FeteSsRkCL5NKUeoL4MYr,inc,979498919182,4081282947703,5060781866885,3GinPHjJdnkU482Q3MSUYXok4r6oqWMEvoYE7kkaZtqw,6,1.0
29VebbpmidUSn24o19GfuBMzgiGuHtn8TMUjTmE3hMg25UDdigHKYjRRNBAbHnxfBqWK2fX4jKoAuvKLvSifbQ4H,1754160802,2025-08-02T18:53:22,0.000005003,D6JhU5uiVutVUido9N9RPuKs79pvxXsxBv9CTjCR1hhz,dec,133673416,466844801,333171385,So11111111111111111111111111111111111111111,9,1.0
2nu36hnGNg7aQdZUqHWYdNpwk6nVMbYR8mqLJBQzQGZmBQEHbPoGrdGrhpY5k2gR916L9NxRduDAiDwaZnsG6JLU,1754160792,2025-08-02T18:53:12,0.000005,D6JhU5uiVutVUido9N9RPuKs79pvxXsxBv9CTjCR1hhz,dec,6000,466850801,466844801,So11111111111111111111111111111111111111111,9,1.0
5E68efWRxuyMNTakbwjP4J3e1zWQRhHWTkgY6LMfYGNZk2DqsqMnG2rLgrHCnTGypa5LEkDeQUkdYee2ATvXwg1S,1754160792,2025-08-02T18:53:12,0.000005003,B5apeHZbuumc12auxRrhK32FeteSsRkCL5NKUeoL4MYr,inc,2561149952838,1520132994865,4081282947703,3GinPHjJdnkU482Q3MSUYXok4r6oqWMEvoYE7kkaZtqw,6,1.0
5E68efWRxuyMNTakbwjP4J3e1zWQRhHWTkgY6LMfYGNZk2DqsqMnG2rLgrHCnTGypa5LEkDeQUkdYee2ATvXwg1S,1754160792,2025-08-02T18:53:12,0.000005003,D6JhU5uiVutVUido9N9RPuKs79pvxXsxBv9CTjCR1hhz,dec,353101711,819952512,466850801,So11111111111111111111111111111111111111111,9,1.0
5hE6Do7STP7s1nDQBHMvu1uWm8RuNYzNJFNUQ26hTF98qw5MdVkYZe4YUiR3P815afXjWrWni73P2Gqt3G963eGA,1754160775,2025-08-02T18:52:55,0.000005,D6JhU5uiVutVUido9N9RPuKs79pvxXsxBv9CTjCR1hhz,dec,6000,819958512,819952512,So11111111111111111111111111111111111111111,9,1.0
4FB3EEUD1SCeUm2b8FsiwQ6rgXRRKPaGAA6wQGU9goKq8caT9eSoRQ4SoGJLTxvGEe5aK4PcozkrF65UifqgHZGk,1754160775,2025-08-02T18:52:55,0.000005003,B5apeHZbuumc12auxRrhK32FeteSsRkCL5NKUeoL4MYr,inc,1459281012104,60851982761,1520132994865,3GinPHjJdnkU482Q3MSUYXok4r6oqWMEvoYE7kkaZtqw,6,1.0
4FB3EEUD1SCeUm2b8FsiwQ6rgXRRKPaGAA6wQGU9goKq8caT9eSoRQ4SoGJLTxvGEe5aK4PcozkrF65UifqgHZGk,1754160775,2025-08-02T18:52:55,0.000005003,D6JhU5uiVutVUido9N9RPuKs79pvxXsxBv9CTjCR1hhz,dec,207114647,1027073159,819958512,So11111111111111111111111111111111111111111,9,1.0
5yXfN9k2H37wrQzs1mQrSB3SiexPPMVWPYQjVzomsduoNkEwVMKD4upjUZyQX5Jt5hDtYxmE1j3osWGmTuEskjUD,1754160722,2025-08-02T18:52:02,0.000005,D6JhU5uiVutVUido9N9RPuKs79pvxXsxBv9CTjCR1hhz,dec,6000,1027079159,1027073159,So11111111111111111111111111111111111111111,9,1.0
3QFTFjRA58EyEHvxAzrp3xgNz8k5B6sMt2ne9T5g7QBJcnCKcVz8V789WobsYNboKSj6pH5p9gH5pghy5mod2AjK,1754160722,2025-08-02T18:52:02,0.000005002,B5apeHZbuumc12auxRrhK32FeteSsRkCL5NKUeoL4MYr,dec,6127752292782,6188604275543,60851982761,3GinPHjJdnkU482Q3MSUYXok4r6oqWMEvoYE7kkaZtqw,6,1.0
3QFTFjRA58EyEHvxAzrp3xgNz8k5B6sMt2ne9T5g7QBJcnCKcVz8V789WobsYNboKSj6pH5p9gH5pghy5mod2AjK,1754160722,2025-08-02T18:52:02,0.000005002,D6JhU5uiVutVUido9N9RPuKs79pvxXsxBv9CTjCR1hhz,inc,855285121,171794038,1027079159,So11111111111111111111111111111111111111111,9,1.0
4ZtMmf1XUrY49Aq39pwLf6hNrd3FkbHJNVdFY6XU1CBANoRh7BARApfRdEup2XBFJEdm6qqT4EiDwCkg3B1URFEh,1754160706,2025-08-02T18:51:46,0.000005,D6JhU5uiVutVUido9N9RPuKs79pvxXsxBv9CTjCR1hhz,dec,6000,171800038,171794038,So11111111111111111111111111111111111111111,9,1.0
63Xiz1ktKcbQrCjz5huqgC1DBoKbtRauSTvaAJKPXSbghJXtND68pVYRNUYG4ot4BE4jNvNuGmNkv7DnL5FgEYc2,1754160706,2025-08-02T18:51:46,0.000005003,B5apeHZbuumc12auxRrhK32FeteSsRkCL5NKUeoL4MYr,inc,1757452336438,4431151939105,6188604275543,3GinPHjJdnkU482Q3MSUYXok4r6oqWMEvoYE7kkaZtqw,6,1.0
63Xiz1ktKcbQrCjz5huqgC1DBoKbtRauSTvaAJKPXSbghJXtND68pVYRNUYG4ot4BE4jNvNuGmNkv7DnL5FgEYc2,1754160706,2025-08-02T18:51:46,0.000005003,D6JhU5uiVutVUido9N9RPuKs79pvxXsxBv9CTjCR1hhz,dec,246662261,418462299,171800038,So11111111111111111111111111111111111111111,9,1.0
4QU9rjCpjh6ygyFY43iyGNPbXabRKnR1sxWzfYaPgL5gNxxaZhzaWkbdmwWEdLcCz7zFbnX7TrD1eSzp6UJMb2Br,1754160660,2025-08-02T18:51:00,0.000005,D6JhU5uiVutVUido9N9RPuKs79pvxXsxBv9CTjCR1hhz,dec,6000,418468299,418462299,So11111111111111111111111111111111111111111,9,1.0
fZF75ECnBn95gNnb4CEyVk8nAq1yaLmkdiLBH2Sktk8n1wnA2Z1bSwVJqnaBfq4KPBtTouYTG2t4rYPtLGvDwCW,1754160660,2025-08-02T18:51:00,0.000005003,B5apeHZbuumc12auxRrhK32FeteSsRkCL5NKUeoL4MYr,inc,2612649110829,1818502828276,4431151939105,3GinPHjJdnkU482Q3MSUYXok4r6oqWMEvoYE7kkaZtqw,6,1.0
fZF75ECnBn95gNnb4CEyVk8nAq1yaLmkdiLBH2Sktk8n1wnA2Z1bSwVJqnaBfq4KPBtTouYTG2t4rYPtLGvDwCW,1754160660,2025-08-02T18:51:00,0.000005003,D6JhU5uiVutVUido9N9RPuKs79pvxXsxBv9CTjCR1hhz,dec,370097384,788565683,418468299,So11111111111111111111111111111111111111111,9,1.0
643CJcrzvzvDgaCUyLesMuQjWgUdUWkw59W9WDuieaaV9fj17fpVVucD9rNVxD4q5CZL9iZuXCefaQZGbmA5fgtk,1754160582,2025-08-02T18:49:42,0.000005,D6JhU5uiVutVUido9N9RPuKs79pvxXsxBv9CTjCR1hhz,dec,6000,788571683,788565683,So11111111111111111111111111111111111111111,9,1.0
4qKKurxkyQMCDPfU3HCpwQ92hLNPVp8UyzLbACzSZ2EKM1uYKcVNYp1fez31ZkXvbQann5ZjvMSsBRi2dZTbgQUp,1754160582,2025-08-02T18:49:42,0.000005003,B5apeHZbuumc12auxRrhK32FeteSsRkCL5NKUeoL4MYr,inc,1807212970413,11289857863,1818502828276,3GinPHjJdnkU482Q3MSUYXok4r6oqWMEvoYE7kkaZtqw,6,1.0
4qKKurxkyQMCDPfU3HCpwQ92hLNPVp8UyzLbACzSZ2EKM1uYKcVNYp1fez31ZkXvbQann5ZjvMSsBRi2dZTbgQUp,1754160582,2025-08-02T18:49:42,0.000005003,D6JhU5uiVutVUido9N9RPuKs79pvxXsxBv9CTjCR1hhz,dec,250897402,1039469085,788571683,So11111111111111111111111111111111111111111,9,1.0
5pSGTSsKbHxDbhpcfJsoe486CoCbYUtGcK619s8xZvdoyN8XbnKWsfSKm6JTPJBNsnBJNZd328X7oAwtf917eb1H,1754160474,2025-08-02T18:47:54,0.000005,D6JhU5uiVutVUido9N9RPuKs79pvxXsxBv9CTjCR1hhz,dec,6000,1039475085,1039469085,So11111111111111111111111111111111111111111,9,1.0
W5qG6HFkoumCpkaWVMSHuTEXTKAq6CkVH2abedpZcdQTKoYWkaNUaGpmwS89rup4Pice5qf9KcNbDcgfFsmzmeB,1754160474,2025-08-02T18:47:54,0.000005002,B5apeHZbuumc12auxRrhK32FeteSsRkCL5NKUeoL4MYr,dec,2912617103572,2923906961435,11289857863,3GinPHjJdnkU482Q3MSUYXok4r6oqWMEvoYE7kkaZtqw,6,1.0
W5qG6HFkoumCpkaWVMSHuTEXTKAq6CkVH2abedpZcdQTKoYWkaNUaGpmwS89rup4Pice5qf9KcNbDcgfFsmzmeB,1754160474,2025-08-02T18:47:54,0.000005002,D6JhU5uiVutVUido9N9RPuKs79pvxXsxBv9CTjCR1hhz,inc,398227641,641247444,1039475085,So11111111111111111111111111111111111111111,9,1.0
5kQsmUapuypordbPnNoEeJhR4q8msyDSS9gCdTvMZKta24iGbhcVYtoiwMfPVGCV1cZoquc3W3R33uJaKwim2Nca,1754160457,2025-08-02T18:47:37,0.000005,D6JhU5uiVutVUido9N9RPuKs79pvxXsxBv9CTjCR1hhz,dec,6000,641253444,641247444,So11111111111111111111111111111111111111111,9,1.0
2WyBxsgMUbpLXfj46ydG7vb4totZVkawRXyhfnSWgCCFArVt4PChvCvVndULA7rpHq3qWJpyawahtCdm3CgXAbNM,1754160457,2025-08-02T18:47:37,0.000005003,B5apeHZbuumc12auxRrhK32FeteSsRkCL5NKUeoL4MYr,inc,2923906960899,536,2923906961435,3GinPHjJdnkU482Q3MSUYXok4r6oqWMEvoYE7kkaZtqw,6,1.0
2WyBxsgMUbpLXfj46ydG7vb4totZVkawRXyhfnSWgCCFArVt4PChvCvVndULA7rpHq3qWJpyawahtCdm3CgXAbNM,1754160457,2025-08-02T18:47:37,0.000005003,D6JhU5uiVutVUido9N9RPuKs79pvxXsxBv9CTjCR1hhz,dec,405653713,1046907157,641253444,So11111111111111111111111111111111111111111,9,1.0
3Hbyz8Z4Rv777RCUaeSgD8VV3VEcvBwcoyFTqzmywBMjws2MZb59E2KGuxQEEMZLRHHU3keQqZZ558dA9oxjVqG5,1754160452,2025-08-02T18:47:32,0.000005,D6JhU5uiVutVUido9N9RPuKs79pvxXsxBv9CTjCR1hhz,dec,6000,1046913157,1046907157,So11111111111111111111111111111111111111111,9,1.0
613S6ksPye8281wySS3g5zrZJqZKHoYKo238W95dgSo7ujfizw6QFvy3xAzB5ZRQLD4U5Vw6ZjpRxmNPd2deDsv8,1754160452,2025-08-02T18:47:32,0.000005002,B5apeHZbuumc12auxRrhK32FeteSsRkCL5NKUeoL4MYr,dec,3821619083606,3821619084142,536,3GinPHjJdnkU482Q3MSUYXok4r6oqWMEvoYE7kkaZtqw,6,1.0
613S6ksPye8281wySS3g5zrZJqZKHoYKo238W95dgSo7ujfizw6QFvy3xAzB5ZRQLD4U5Vw6ZjpRxmNPd2deDsv8,1754160452,2025-08-02T18:47:32,0.000005002,D6JhU5uiVutVUido9N9RPuKs79pvxXsxBv9CTjCR1hhz,inc,526820608,520092549,1046913157,So11111111111111111111111111111111111111111,9,1.0
P68j5RhSaYaHCG9pFKqoyEaf9UR1t2K5TfUmrUq2LLmnLtdWQcgSRnkBVHg6qGhsDD79pvSd6mQeMGDaUWMbBWS,1754160425,2025-08-02T18:47:05,0.000005,D6JhU5uiVutVUido9N9RPuKs79pvxXsxBv9CTjCR1hhz,dec,6000,520098549,520092549,So11111111111111111111111111111111111111111,9,1.0
5Xw9SKj8BBkJxQBpNYWgff7fb7po12ZtvCeAYEavQu9bXVaUkXNR45z4cp11qXCE6e9A2VavkcygfMr4vWxTSAvL,1754160425,2025-08-02T18:47:05,0.000005003,B5apeHZbuumc12auxRrhK32FeteSsRkCL5NKUeoL4MYr,inc,3821619080350,3792,3821619084142,3GinPHjJdnkU482Q3MSUYXok4r6oqWMEvoYE7kkaZtqw,6,1.0
5Xw9SKj8BBkJxQBpNYWgff7fb7po12ZtvCeAYEavQu9bXVaUkXNR45z4cp11qXCE6e9A2VavkcygfMr4vWxTSAvL,1754160425,2025-08-02T18:47:05,0.000005003,D6JhU5uiVutVUido9N9RPuKs79pvxXsxBv9CTjCR1hhz,dec,539109018,1059207567,520098549,So11111111111111111111111111111111111111111,9,1.0
LLGyd5mCgeC3XjGYHeRJoGh84sfjGuvTke8zSVRnsbrTc6hzrYv2pG9w5Xqc29ZCM1C6s2jKr4eh7S1wBruBBjo,1754160332,2025-08-02T18:45:32,0.000005,D6JhU5uiVutVUido9N9RPuKs79pvxXsxBv9CTjCR1hhz,dec,6000,1059213567,1059207567,So11111111111111111111111111111111111111111,9,1.0
4tJFxTvHJ2iw8FXd5ujGQ9gdUgkH4fDqmhUJ2LvcGCfa6aufNmLrafSRucGKZd5bVPiDvGy7RzrBSY3fcdgeotsd,1754160332,2025-08-02T18:45:32,0.000005002,B5apeHZbuumc12auxRrhK32FeteSsRkCL5NKUeoL4MYr,dec,3264806874190,3264806877982,3792,3GinPHjJdnkU482Q3MSUYXok4r6oqWMEvoYE7kkaZtqw,6,1.0
4tJFxTvHJ2iw8FXd5ujGQ9gdUgkH4fDqmhUJ2LvcGCfa6aufNmLrafSRucGKZd5bVPiDvGy7RzrBSY3fcdgeotsd,1754160332,2025-08-02T18:45:32,0.000005002,D6JhU5uiVutVUido9N9RPuKs79pvxXsxBv9CTjCR1hhz,inc,455282180,603931387,1059213567,So11111111111111111111111111111111111111111,9,1.0
3r7isuYe2bCuHWGQZDaBJRdHAqsBSc9uv7orEmJ3cjE76omgDeEx8ztMGGSNUMo4FmF63cbJE8FhFVgzZWa12TV8,1754160322,2025-08-02T18:45:22,0.000005,D6JhU5uiVutVUido9N9RPuKs79pvxXsxBv9CTjCR1hhz,dec,6000,603937387,603931387,So11111111111111111111111111111111111111111,9,1.0
5GE1p37WGq7a6ggVsMXYuBZJVWSxSubBPXjrk6n9ULuvZTmyE21AAUEm4AwWkAL261TyATsBroaTwUE8SVqhky2t,1754160322,2025-08-02T18:45:22,0.000005003,B5apeHZbuumc12auxRrhK32FeteSsRkCL5NKUeoL4MYr,inc,3226546289973,38260588009,3264806877982,3GinPHjJdnkU482Q3MSUYXok4r6oqWMEvoYE7kkaZtqw,6,1.0
5GE1p37WGq7a6ggVsMXYuBZJVWSxSubBPXjrk6n9ULuvZTmyE21AAUEm4AwWkAL261TyATsBroaTwUE8SVqhky2t,1754160322,2025-08-02T18:45:22,0.000005003,D6JhU5uiVutVUido9N9RPuKs79pvxXsxBv9CTjCR1hhz,dec,451319893,1055257280,603937387,So11111111111111111111111111111111111111111,9,1.0
5MnZSBYqbspujTdPxqCfJpECKFCf2bgWGjC8rDqiJHdCsnGZDVFgKBvnXJeWQZJD6WK1TxPnxxGKqiRwofrvMv18,1754160281,2025-08-02T18:44:41,0.000005,D6JhU5uiVutVUido9N9RPuKs79pvxXsxBv9CTjCR1hhz,dec,6000,1055263280,1055257280,So11111111111111111111111111111111111111111,9,1.0
3bkCGskry3xfBbUKmpZWBJFLrMWxDWncePahZwuyBNppffJqd5QFxVJvEyiwiRzUy7wUEsYeK44ZaxwGWrRdkB4w,1754160281,2025-08-02T18:44:41,0.000005002,B5apeHZbuumc12auxRrhK32FeteSsRkCL5NKUeoL4MYr,dec,6179594121104,6217854709113,38260588009,3GinPHjJdnkU482Q3MSUYXok4r6oqWMEvoYE7kkaZtqw,6,1.0
3bkCGskry3xfBbUKmpZWBJFLrMWxDWncePahZwuyBNppffJqd5QFxVJvEyiwiRzUy7wUEsYeK44ZaxwGWrRdkB4w,1754160281,2025-08-02T18:44:41,0.000005002,D6JhU5uiVutVUido9N9RPuKs79pvxXsxBv9CTjCR1hhz,inc,866061420,189201860,1055263280,So11111111111111111111111111111111111111111,9,1.0
2qWAH73VUNY7oMrxyHaDo63GWh5m1edW5pCJCqfnRAbbmyH2VNUBSwBkjdDmAkgzMvDZ9d6fYkKaRuGGHyGK4ebk,1754160191,2025-08-02T18:43:11,0.000005,D6JhU5uiVutVUido9N9RPuKs79pvxXsxBv9CTjCR1hhz,dec,6000,189207860,189201860,So11111111111111111111111111111111111111111,9,1.0
5aFCBFZVnRuKAk9M5Fyp6HJEFMLfp5R1PSmmTfWKJjGi1ZzacVwrSMhHeJPYPE2iY51oUzP79osefcF1jdJB19WP,1754160191,2025-08-02T18:43:11,0.000005003,B5apeHZbuumc12auxRrhK32FeteSsRkCL5NKUeoL4MYr,inc,3865869399787,2351985309326,6217854709113,3GinPHjJdnkU482Q3MSUYXok4r6oqWMEvoYE7kkaZtqw,6,1.0
5aFCBFZVnRuKAk9M5Fyp6HJEFMLfp5R1PSmmTfWKJjGi1ZzacVwrSMhHeJPYPE2iY51oUzP79osefcF1jdJB19WP,1754160191,2025-08-02T18:43:11,0.000005003,D6JhU5uiVutVUido9N9RPuKs79pvxXsxBv9CTjCR1hhz,dec,529759927,718967787,189207860,So11111111111111111111111111111111111111111,9,1.0
2MeJ2gtE8SwDTrNtFcmWywogR7T1AjbtopmX63RZrWJCEVcfbCQxu3VtSNeqv5H7r4JrgHPpZEgYtbuf4G86A1jd,1754160107,2025-08-02T18:41:47,0.000005,D6JhU5uiVutVUido9N9RPuKs79pvxXsxBv9CTjCR1hhz,dec,6000,718973787,718967787,So11111111111111111111111111111111111111111,9,1.0
2GNbdTCkkMhPgsEoWHmKSeThe54Bb8MxkAwWwvqs1pyFiGhKTeZjyAJzqWMnND6KtDkvmvGLe9mdeUeNvuyw3Fpx,1754160107,2025-08-02T18:41:47,0.000005003,B5apeHZbuumc12auxRrhK32FeteSsRkCL5NKUeoL4MYr,inc,2351985303587,5739,2351985309326,3GinPHjJdnkU482Q3MSUYXok4r6oqWMEvoYE7kkaZtqw,6,1.0
2GNbdTCkkMhPgsEoWHmKSeThe54Bb8MxkAwWwvqs1pyFiGhKTeZjyAJzqWMnND6KtDkvmvGLe9mdeUeNvuyw3Fpx,1754160107,2025-08-02T18:41:47,0.000005003,D6JhU5uiVutVUido9N9RPuKs79pvxXsxBv9CTjCR1hhz,dec,323445024,1042418811,718973787,So11111111111111111111111111111111111111111,9,1.0
3zCSZyYsdXapaXhejXuQGtDpVXVQqykrrRbGtZdFx9RWmu1JPxzWsgjSoPaNHtTQfGRBaC4PhKQakfKQaUmKjcRv,1754160053,2025-08-02T18:40:53,0.000005,D6JhU5uiVutVUido9N9RPuKs79pvxXsxBv9CTjCR1hhz,dec,6000,1042424811,1042418811,So11111111111111111111111111111111111111111,9,1.0
4AyscpyGGbp3aDFgZDKF1MSctkqNwRGjTaBpnQx8eVbQUMBKrbDFvT7VLntsUcJ7PvCgU14G6s4SfNYAtSLLymnR,1754160053,2025-08-02T18:40:53,0.000005002,B5apeHZbuumc12auxRrhK32FeteSsRkCL5NKUeoL4MYr,dec,258551,264290,5739,3GinPHjJdnkU482Q3MSUYXok4r6oqWMEvoYE7kkaZtqw,6,1.0
4AyscpyGGbp3aDFgZDKF1MSctkqNwRGjTaBpnQx8eVbQUMBKrbDFvT7VLntsUcJ7PvCgU14G6s4SfNYAtSLLymnR,1754160053,2025-08-02T18:40:53,0.000005002,D6JhU5uiVutVUido9N9RPuKs79pvxXsxBv9CTjCR1hhz,dec,4966,1042429777,1042424811,So11111111111111111111111111111111111111111,9,1.0
WxyJJYtMhx6zjoy5FXzGz7Zsi8zfhjv1FS9LMNEGboJTqiXXUN9nFqWycxNa8ZVF8GC1moHPTGaAkr8MnS9rQWx,1754159973,2025-08-02T18:39:33,0.000005,D6JhU5uiVutVUido9N9RPuKs79pvxXsxBv9CTjCR1hhz,dec,6000,1042435777,1042429777,So11111111111111111111111111111111111111111,9,1.0
3rKtJU8EskE7nBkpa2PsZRMh2hFMguKGBpZNMJKthKZgEph8WgR1yhVVv8pEjeR7JGcivuSi3n49XhAW26TxrkT1,1754159973,2025-08-02T18:39:33,0.000005002,B5apeHZbuumc12auxRrhK32FeteSsRkCL5NKUeoL4MYr,dec,80372202,80636492,264290,3GinPHjJdnkU482Q3MSUYXok4r6oqWMEvoYE7kkaZtqw,6,1.0
3rKtJU8EskE7nBkpa2PsZRMh2hFMguKGBpZNMJKthKZgEph8WgR1yhVVv8pEjeR7JGcivuSi3n49XhAW26TxrkT1,1754159973,2025-08-02T18:39:33,0.000005002,D6JhU5uiVutVUido9N9RPuKs79pvxXsxBv9CTjCR1hhz,inc,6289,1042429488,1042435777,So11111111111111111111111111111111111111111,9,1.0
2TDimVoacC14m7EuLo5tX7zEf5Cto4KDmrDSc2AUgQqMHhoTF4vRiEmMEHHmMtj2oTqvE2k1wCYm1iXT7xta3wBs,1754159919,2025-08-02T18:38:39,0.000005,D6JhU5uiVutVUido9N9RPuKs79pvxXsxBv9CTjCR1hhz,dec,6000,1042435488,1042429488,So11111111111111111111111111111111111111111,9,1.0
NukVkJSF4hjL3Q7zamXk5Fyy9wjorf9g4uy9mBTxcnqzqC4mXBvmQLKGN5CpeDcahrQXtNbrp6eS8yAXYdLznsE,1754159919,2025-08-02T18:38:39,0.000005002,B5apeHZbuumc12auxRrhK32FeteSsRkCL5NKUeoL4MYr,dec,13139739646,13220376138,80636492,3GinPHjJdnkU482Q3MSUYXok4r6oqWMEvoYE7kkaZtqw,6,1.0
NukVkJSF4hjL3Q7zamXk5Fyy9wjorf9g4uy9mBTxcnqzqC4mXBvmQLKGN5CpeDcahrQXtNbrp6eS8yAXYdLznsE,1754159919,2025-08-02T18:38:39,0.000005002,D6JhU5uiVutVUido9N9RPuKs79pvxXsxBv9CTjCR1hhz,inc,1922357,1040513131,1042435488,So11111111111111111111111111111111111111111,9,1.0
565z1pbGk4oaDvHizVUpQudMv9Hnu88RsqxKUv61BvduNrGj7nywoQB73CX6ryJwjYY5R8s5xL9oaJyvGJi4JRVK,1754159879,2025-08-02T18:37:59,0.000005,D6JhU5uiVutVUido9N9RPuKs79pvxXsxBv9CTjCR1hhz,dec,6000,1040519131,1040513131,So11111111111111111111111111111111111111111,9,1.0
4CUnwejnZpFosWTwtSzPTZs5m96qeM4vTLKBDjBrB52tMfCd2PWpVgwts2PWNaeb9mJAEcP63yDFAeqaLu6bjn2o,1754159879,2025-08-02T18:37:59,0.000005002,B5apeHZbuumc12auxRrhK32FeteSsRkCL5NKUeoL4MYr,dec,3787795006698,3801015382836,13220376138,3GinPHjJdnkU482Q3MSUYXok4r6oqWMEvoYE7kkaZtqw,6,1.0
4CUnwejnZpFosWTwtSzPTZs5m96qeM4vTLKBDjBrB52tMfCd2PWpVgwts2PWNaeb9mJAEcP63yDFAeqaLu6bjn2o,1754159879,2025-08-02T18:37:59,0.000005002,D6JhU5uiVutVUido9N9RPuKs79pvxXsxBv9CTjCR1hhz,inc,549589268,490929863,1040519131,So11111111111111111111111111111111111111111,9,1.0
4qadvL8nPhN8otQV1eSFKkvLjKEz4Kn7EKn9MEhvVmZetJ2jJ8Qhec5J6BsLpu3hqMbzXyX4PHNb4QnXcYYsFchT,1754159856,2025-08-02T18:37:36,0.000005,D6JhU5uiVutVUido9N9RPuKs79pvxXsxBv9CTjCR1hhz,dec,6000,490935863,490929863,So11111111111111111111111111111111111111111,9,1.0
59Bja7u8tNbADNgztbEKrjSHSX6stGUpStVW2wnnjfSMQmquzjpiRDkuJaoc9qxQorbTrWtKmZuMbQEfNKajbdFu,1754159856,2025-08-02T18:37:36,0.000005003,B5apeHZbuumc12auxRrhK32FeteSsRkCL5NKUeoL4MYr,inc,3800656856646,358526190,3801015382836,3GinPHjJdnkU482Q3MSUYXok4r6oqWMEvoYE7kkaZtqw,6,1.0
59Bja7u8tNbADNgztbEKrjSHSX6stGUpStVW2wnnjfSMQmquzjpiRDkuJaoc9qxQorbTrWtKmZuMbQEfNKajbdFu,1754159856,2025-08-02T18:37:36,0.000005003,D6JhU5uiVutVUido9N9RPuKs79pvxXsxBv9CTjCR1hhz,dec,544111136,1035046999,490935863,So11111111111111111111111111111111111111111,9,1.0
s95izHEheWDhqbD5iR5ALijc3YDw1aZFwL2sSW7Zxjh9inkZS3HbNi59KkqbnViCafWZsnDrpKneExL5gGKM7ft,1754159837,2025-08-02T18:37:17,0.000005,D6JhU5uiVutVUido9N9RPuKs79pvxXsxBv9CTjCR1hhz,dec,6000,1035052999,1035046999,So11111111111111111111111111111111111111111,9,1.0
BaqpJhRaLYBpz1s2rjDZuVVgUezwwYmnF84eQCjGpHd9yTe52qud2fd7GHj5w2pi3NWiPixgcob3QP3xC6pYcku,1754159837,2025-08-02T18:37:17,0.000005002,B5apeHZbuumc12auxRrhK32FeteSsRkCL5NKUeoL4MYr,dec,23783373534,24141899724,358526190,3GinPHjJdnkU482Q3MSUYXok4r6oqWMEvoYE7kkaZtqw,6,1.0
BaqpJhRaLYBpz1s2rjDZuVVgUezwwYmnF84eQCjGpHd9yTe52qud2fd7GHj5w2pi3NWiPixgcob3QP3xC6pYcku,1754159837,2025-08-02T18:37:17,0.000005002,D6JhU5uiVutVUido9N9RPuKs79pvxXsxBv9CTjCR1hhz,inc,3206920,1031846079,1035052999,So11111111111111111111111111111111111111111,9,1.0
tCbLnBPk7QEqHqroRgEHvjotYko8oK4L5kpk5ZGwx6oLvqx7ANrYoqYwfwZgL8DsHmZd8Sj4CdkWZeWgeqD61N4,1754159795,2025-08-02T18:36:35,0.000005,D6JhU5uiVutVUido9N9RPuKs79pvxXsxBv9CTjCR1hhz,dec,6000,1031852079,1031846079,So11111111111111111111111111111111111111111,9,1.0
2sAfyf9pv9G4wgGhqbGPacp8Q14dwyGUFfPdV5AV7Znkyhd9jnqccTkRcjFbS3JG7whTRoYrqHvhLX18PXVnXtne,1754159795,2025-08-02T18:36:35,0.000005002,B5apeHZbuumc12auxRrhK32FeteSsRkCL5NKUeoL4MYr,dec,2751380872191,2775522771915,24141899724,3GinPHjJdnkU482Q3MSUYXok4r6oqWMEvoYE7kkaZtqw,6,1.0
2sAfyf9pv9G4wgGhqbGPacp8Q14dwyGUFfPdV5AV7Znkyhd9jnqccTkRcjFbS3JG7whTRoYrqHvhLX18PXVnXtne,1754159795,2025-08-02T18:36:35,0.000005002,D6JhU5uiVutVUido9N9RPuKs79pvxXsxBv9CTjCR1hhz,inc,366240328,665611751,1031852079,So11111111111111111111111111111111111111111,9,1.0
4ZZzn41NpfwEC5x4KQ5XS5Jis3xsBJkwyej88Qsv48ABTqs4yTttMzvYCPwJxCE5SxCEPd3PWYCMVYowfT4iJ1Le,1754159723,2025-08-02T18:35:23,0.000005,D6JhU5uiVutVUido9N9RPuKs79pvxXsxBv9CTjCR1hhz,dec,6000,665617751,665611751,So11111111111111111111111111111111111111111,9,1.0
67MaWE7tTPjnKFsDMiWW9WYuMr3CJjndpUksYLUvjNp4B83CiGLdZjg4iV7yvvgRSK1YBBDJTvuzLKJeqhyE8qG1,1754159723,2025-08-02T18:35:23,0.000005003,B5apeHZbuumc12auxRrhK32FeteSsRkCL5NKUeoL4MYr,inc,1560310731652,1215212040263,2775522771915,3GinPHjJdnkU482Q3MSUYXok4r6oqWMEvoYE7kkaZtqw,6,1.0
67MaWE7tTPjnKFsDMiWW9WYuMr3CJjndpUksYLUvjNp4B83CiGLdZjg4iV7yvvgRSK1YBBDJTvuzLKJeqhyE8qG1,1754159723,2025-08-02T18:35:23,0.000005003,D6JhU5uiVutVUido9N9RPuKs79pvxXsxBv9CTjCR1hhz,dec,208635902,874253653,665617751,So11111111111111111111111111111111111111111,9,1.0
5B3uJN9i81wZ4MRHVzJubkiumnDfDXDXYfi3XTsG2AnAjW9SzqRJ8ripD6DSifJFW8SqjZoikKh6Hpgt9jVCPUct,1754159708,2025-08-02T18:35:08,0.000005,D6JhU5uiVutVUido9N9RPuKs79pvxXsxBv9CTjCR1hhz,dec,6000,874259653,874253653,So11111111111111111111111111111111111111111,9,1.0
sjtqrsePYLeDafZ6viN2hH4csduuURHoKUTAcj2Ms3iwY4PHsg1XSbR8hDVAVs3vfrc9yyBxCgeY3cokYL2eGJR,1754159708,2025-08-02T18:35:08,0.000005003,B5apeHZbuumc12auxRrhK32FeteSsRkCL5NKUeoL4MYr,inc,1185159735994,30052304269,1215212040263,3GinPHjJdnkU482Q3MSUYXok4r6oqWMEvoYE7kkaZtqw,6,1.0
sjtqrsePYLeDafZ6viN2hH4csduuURHoKUTAcj2Ms3iwY4PHsg1XSbR8hDVAVs3vfrc9yyBxCgeY3cokYL2eGJR,1754159708,2025-08-02T18:35:08,0.000005003,D6JhU5uiVutVUido9N9RPuKs79pvxXsxBv9CTjCR1hhz,dec,158486498,1032746151,874259653,So11111111111111111111111111111111111111111,9,1.0
4QFxswCyXYLxSTmW3iqnztuqXFNfkx4nRNzgMYSrxL8vnVwtJzmJ37xjhZxpSBJgMs8FuJevpcmmeqjEz1AYuwZ3,1754159655,2025-08-02T18:34:15,0.000005,D6JhU5uiVutVUido9N9RPuKs79pvxXsxBv9CTjCR1hhz,dec,6000,1032752151,1032746151,So11111111111111111111111111111111111111111,9,1.0
VLhjuQ4fPGwvLxYk6n1KMdShBDSD276AZq83v6gAQpcXEKpyNvUpHtZfBLu7DrN2jPtbQw1ie9XK2RzSSMPy7uB,1754159655,2025-08-02T18:34:15,0.000005002,B5apeHZbuumc12auxRrhK32FeteSsRkCL5NKUeoL4MYr,dec,4436673690460,4466725994729,30052304269,3GinPHjJdnkU482Q3MSUYXok4r6oqWMEvoYE7kkaZtqw,6,1.0
VLhjuQ4fPGwvLxYk6n1KMdShBDSD276AZq83v6gAQpcXEKpyNvUpHtZfBLu7DrN2jPtbQw1ie9XK2RzSSMPy7uB,1754159655,2025-08-02T18:34:15,0.000005002,D6JhU5uiVutVUido9N9RPuKs79pvxXsxBv9CTjCR1hhz,inc,579287605,453464546,1032752151,So11111111111111111111111111111111111111111,9,1.0
2Vyxwvp2XNQU6VW88uRXCmktvyTDqVnEgFx95oym75dxTSgc2qx78BsYY6NhneQyvEvtPFpbtvUYMTTjxJFTw4PD,1754159606,2025-08-02T18:33:26,0.000005,D6JhU5uiVutVUido9N9RPuKs79pvxXsxBv9CTjCR1hhz,dec,6000,453470546,453464546,So11111111111111111111111111111111111111111,9,1.0
t9aduJexc4rYXSbXoCwnUwpaiocUb3nsWTnevcKDHNTX5ndNDfGdBixqDW8xKD5X9uaCZSbDhbK9Zi37vsJGY8f,1754159606,2025-08-02T18:33:26,0.000005003,B5apeHZbuumc12auxRrhK32FeteSsRkCL5NKUeoL4MYr,inc,3494852456424,971873538305,4466725994729,3GinPHjJdnkU482Q3MSUYXok4r6oqWMEvoYE7kkaZtqw,6,1.0
t9aduJexc4rYXSbXoCwnUwpaiocUb3nsWTnevcKDHNTX5ndNDfGdBixqDW8xKD5X9uaCZSbDhbK9Zi37vsJGY8f,1754159606,2025-08-02T18:33:26,0.000005003,D6JhU5uiVutVUido9N9RPuKs79pvxXsxBv9CTjCR1hhz,dec,444401478,897872024,453470546,So11111111111111111111111111111111111111111,9,1.0
3Vw6ShESW4KEpXd4ctwWm9R2mvoyhKvhCy9K8n4AovPpy6Rs2Am6oeK172JwBxvpasDnggNtfC9YrsJv1DhYdZXr,1754159556,2025-08-02T18:32:36,0.000005,D6JhU5uiVutVUido9N9RPuKs79pvxXsxBv9CTjCR1hhz,dec,6000,897878024,897872024,So11111111111111111111111111111111111111111,9,1.0
2HGCX3djgNm3EPM7ij5ixTEkcu6caJ5VwfewNeTFLLCTqf9rnDXN4am8qfmZd9kN15wNiktCD465ctfxaKZFzsAv,1754159556,2025-08-02T18:32:36,0.000005003,B5apeHZbuumc12auxRrhK32FeteSsRkCL5NKUeoL4MYr,inc,971873532689,5616,971873538305,3GinPHjJdnkU482Q3MSUYXok4r6oqWMEvoYE7kkaZtqw,6,1.0
2HGCX3djgNm3EPM7ij5ixTEkcu6caJ5VwfewNeTFLLCTqf9rnDXN4am8qfmZd9kN15wNiktCD465ctfxaKZFzsAv,1754159556,2025-08-02T18:32:36,0.000005003,D6JhU5uiVutVUido9N9RPuKs79pvxXsxBv9CTjCR1hhz,dec,119648446,1017526470,897878024,So11111111111111111111111111111111111111111,9,1.0
22iwyQSSszfHfgX29XdRDwf9tQEWeXpDeZGYjXzSecJ7w12iSoMiSxe1fyFKMzfGABdJGy4uwnhQa17GjGCPqL4s,1754159523,2025-08-02T18:32:03,0.000005,D6JhU5uiVutVUido9N9RPuKs79pvxXsxBv9CTjCR1hhz,dec,6000,1017532470,1017526470,So11111111111111111111111111111111111111111,9,1.0
3CE1s7AmjX7y2KP3v7ua16m7hh41cVF3EDE77J3Gfi33tYcwQ5SeXnF9YXw94v5DwNHH4BqMs28TRp4YxKj9Ayv4,1754159523,2025-08-02T18:32:03,0.000005002,B5apeHZbuumc12auxRrhK32FeteSsRkCL5NKUeoL4MYr,dec,1637081273610,1637081279226,5616,3GinPHjJdnkU482Q3MSUYXok4r6oqWMEvoYE7kkaZtqw,6,1.0
3CE1s7AmjX7y2KP3v7ua16m7hh41cVF3EDE77J3Gfi33tYcwQ5SeXnF9YXw94v5DwNHH4BqMs28TRp4YxKj9Ayv4,1754159523,2025-08-02T18:32:03,0.000005002,D6JhU5uiVutVUido9N9RPuKs79pvxXsxBv9CTjCR1hhz,inc,186529540,831002930,1017532470,So11111111111111111111111111111111111111111,9,1.0
2TVBpPmwrzkFR52bpn8S4952zhP79iroPkAW6nkyktzTDZCEfxPjG3aiaX31p6McjGTvJ9NxEWff961LXN7HB6yS,1754159479,2025-08-02T18:31:19,0.000005,D6JhU5uiVutVUido9N9RPuKs79pvxXsxBv9CTjCR1hhz,dec,6000,831008930,831002930,So11111111111111111111111111111111111111111,9,1.0
49A71WxWxR1BUqRQfo9e6DyXUTbEHDDxk3esjfeEL9QXtaUtfZJAVczyYXzNfBTgqQFd7QnnjBv6fM2BXTe6t8mh,1754159479,2025-08-02T18:31:19,0.000005004,B5apeHZbuumc12auxRrhK32FeteSsRkCL5NKUeoL4MYr,inc,1637081279226,0,1637081279226,3GinPHjJdnkU482Q3MSUYXok4r6oqWMEvoYE7kkaZtqw,6,1.0
49A71WxWxR1BUqRQfo9e6DyXUTbEHDDxk3esjfeEL9QXtaUtfZJAVczyYXzNfBTgqQFd7QnnjBv6fM2BXTe6t8mh,1754159479,2025-08-02T18:31:19,0.000005004,D6JhU5uiVutVUido9N9RPuKs79pvxXsxBv9CTjCR1hhz,dec,170491070,1001500000,831008930,So11111111111111111111111111111111111111111,9,1.0
33joEtkHiPcSSswPEczJjm8TBwhgoDGBnZNFFgrhQTfBsvp54vABCrR1nn2rNjh5xQV4rSk3JrMcyvVY8Y9sXaBD,1754159372,2025-08-02T18:29:32,0.0000314,D6JhU5uiVutVUido9N9RPuKs79pvxXsxBv9CTjCR1hhz,inc,1000000000,1500000,1001500000,So11111111111111111111111111111111111111111,9,1.0
3EsSijN3pVih6d8GEiStfVj1KN3Z3kjLt9HXchNnp3pD3qQ7fqW9RtmnVCkn7eadofsgiAeUUpKiRrjqsVzvnEAq,1754159287,2025-08-02T18:28:07,0.00001,GAcv9WVN24hMmCjM1VmFJd3Jy5MMzg7uDTof3JMzdSJT,dec,20250123183,20250123183,0,Bte1mkvQ2DLXcNY9WCNVKFjBfNxAjvPCzdLiDiu9FQpi,6,1.0
UWT1V9pvtNzd9uSPzTVsKnfaWZRFfK531sd4YSnhty4J4MvQRBV7SCcPT2QS1uVDbYMD1RjVHiy1rVqLtzai9M2,1754159239,2025-08-02T18:27:19,0.0000666,D6JhU5uiVutVUido9N9RPuKs79pvxXsxBv9CTjCR1hhz,dec,1078531106,1080031106,1500000,So11111111111111111111111111111111111111111,9,1.0
5FZcgRX6a6rNihoHjR5MfpTLWpbweCPT7681UTVXeep52UsErFmiNmMfjg3zVuzyTkoDKDJEcVBUeacJp85h4GAm,1754159182,2025-08-02T18:26:22,0.000005,D6JhU5uiVutVUido9N9RPuKs79pvxXsxBv9CTjCR1hhz,dec,6000,1080037106,1080031106,So11111111111111111111111111111111111111111,9,1.0
3BDFvs3ht4G6a1xjxoupqrwYfGbt1BQvuT4ikxZyRTh6ch72KV7HSDPHnis6ouiqrwjzAgK5EUhFeZPq1Zktq4v6,1754159182,2025-08-02T18:26:22,0.000005002,GAcv9WVN24hMmCjM1VmFJd3Jy5MMzg7uDTof3JMzdSJT,dec,2661302406997,2681552530180,20250123183,Bte1mkvQ2DLXcNY9WCNVKFjBfNxAjvPCzdLiDiu9FQpi,6,1.0
3BDFvs3ht4G6a1xjxoupqrwYfGbt1BQvuT4ikxZyRTh6ch72KV7HSDPHnis6ouiqrwjzAgK5EUhFeZPq1Zktq4v6,1754159182,2025-08-02T18:26:22,0.000005002,D6JhU5uiVutVUido9N9RPuKs79pvxXsxBv9CTjCR1hhz,inc,376225830,703811276,1080037106,So11111111111111111111111111111111111111111,9,1.0
QFq6nv9dqK8KPhzHRbsq9wCVFn6hJ2aSFTVoBFkbc38W2APyN5Dm6776XPPtdkGnkfyPvV4LUqubbXn7fjSZGCe,1754159135,2025-08-02T18:25:35,0.000005,D6JhU5uiVutVUido9N9RPuKs79pvxXsxBv9CTjCR1hhz,dec,6000,703817276,703811276,So11111111111111111111111111111111111111111,9,1.0
4KNv6SPskwK38efa2Ce6uq2zFSWPGaqh3EfqzCVHkVWTMHNLhn9nStVQwatpzchEnubmP8YHiSSE1HizYfM31siP,1754159135,2025-08-02T18:25:35,0.000005003,GAcv9WVN24hMmCjM1VmFJd3Jy5MMzg7uDTof3JMzdSJT,inc,2681552298168,232012,2681552530180,Bte1mkvQ2DLXcNY9WCNVKFjBfNxAjvPCzdLiDiu9FQpi,6,1.0
4KNv6SPskwK38efa2Ce6uq2zFSWPGaqh3EfqzCVHkVWTMHNLhn9nStVQwatpzchEnubmP8YHiSSE1HizYfM31siP,1754159135,2025-08-02T18:25:35,0.000005003,D6JhU5uiVutVUido9N9RPuKs79pvxXsxBv9CTjCR1hhz,dec,357718448,1061535724,703817276,So11111111111111111111111111111111111111111,9,1.0
5FaEt1VcjJpunJrG18fkAqjfci45mV9dRXmQJxChmnQaG4JofvXRaf64eDhxcQdUpr6VBxzAvQDdzvFSWQt1YHbZ,1754159128,2025-08-02T18:25:28,0.000005,D6JhU5uiVutVUido9N9RPuKs79pvxXsxBv9CTjCR1hhz,dec,6000,1061541724,1061535724,So11111111111111111111111111111111111111111,9,1.0
53NQaXxFjLuqJswdKzmhGFAvL5eCaV1QpbVF4nUxbSMTxK6oQNcZDAkwZTiVT3Vcac9Zhjz4YX8hfG6PvETUeD9M,1754159128,2025-08-02T18:25:28,0.000005002,GAcv9WVN24hMmCjM1VmFJd3Jy5MMzg7uDTof3JMzdSJT,dec,22584182,22816194,232012,Bte1mkvQ2DLXcNY9WCNVKFjBfNxAjvPCzdLiDiu9FQpi,6,1.0
53NQaXxFjLuqJswdKzmhGFAvL5eCaV1QpbVF4nUxbSMTxK6oQNcZDAkwZTiVT3Vcac9Zhjz4YX8hfG6PvETUeD9M,1754159128,2025-08-02T18:25:28,0.000005002,D6JhU5uiVutVUido9N9RPuKs79pvxXsxBv9CTjCR1hhz,dec,2004,1061543728,1061541724,So11111111111111111111111111111111111111111,9,1.0
5b79Pdk1LTAqK3Tt5vqaBa5jd7BTDNRzgpsmSN9dma2gc3ATjAw6U9k7921n7NW4QR5wRhe112KkcffREWhWL5JJ,1754159042,2025-08-02T18:24:02,0.000005,D6JhU5uiVutVUido9N9RPuKs79pvxXsxBv9CTjCR1hhz,dec,6000,1061549728,1061543728,So11111111111111111111111111111111111111111,9,1.0
597BAtDunneTVndL1BbJpJZ15BGjVNZDCB8oELBDZRsbuWkurVtZy2moakdcQvvPQs78XGdJ5sPQ5tLi3r1MZA24,1754159042,2025-08-02T18:24:02,0.000005002,GAcv9WVN24hMmCjM1VmFJd3Jy5MMzg7uDTof3JMzdSJT,dec,2844492615,2867308809,22816194,Bte1mkvQ2DLXcNY9WCNVKFjBfNxAjvPCzdLiDiu9FQpi,6,1.0
597BAtDunneTVndL1BbJpJZ15BGjVNZDCB8oELBDZRsbuWkurVtZy2moakdcQvvPQs78XGdJ5sPQ5tLi3r1MZA24,1754159042,2025-08-02T18:24:02,0.000005002,D6JhU5uiVutVUido9N9RPuKs79pvxXsxBv9CTjCR1hhz,inc,398694,1061151034,1061549728,So11111111111111111111111111111111111111111,9,1.0
5kWMZEpQnbRPodskyyHqYjHC75sS5oMsS7jkCceTXTuGTfFSkM4JFJVzue5QaoMYa3u5JLyFRuNyBs2PzuVi4DZP,1754159039,2025-08-02T18:23:59,0.000005,D6JhU5uiVutVUido9N9RPuKs79pvxXsxBv9CTjCR1hhz,dec,6000,1061157034,1061151034,So11111111111111111111111111111111111111111,9,1.0
5WquWpVe3o7ge6Ddn9AdPNEtCvJd6z6Bbd48M9LGkTaZDqEkwPixR2JtFVKMujoifk1e6E8KYxyrMerskbV9Tfez,1754159039,2025-08-02T18:23:59,0.000005002,GAcv9WVN24hMmCjM1VmFJd3Jy5MMzg7uDTof3JMzdSJT,dec,803550601903,806417910712,2867308809,Bte1mkvQ2DLXcNY9WCNVKFjBfNxAjvPCzdLiDiu9FQpi,6,1.0
5WquWpVe3o7ge6Ddn9AdPNEtCvJd6z6Bbd48M9LGkTaZDqEkwPixR2JtFVKMujoifk1e6E8KYxyrMerskbV9Tfez,1754159039,2025-08-02T18:23:59,0.000005002,D6JhU5uiVutVUido9N9RPuKs79pvxXsxBv9CTjCR1hhz,inc,112504690,948652344,1061157034,So11111111111111111111111111111111111111111,9,1.0
cCr2psSop2qCAkNUim4kP5uFa5R18qZbq8Kwf2GJWzDbKdJxLXSbs72MfoKDiSiwNz9zJYrDsjBgTa9xTicsLpJ,1754158960,2025-08-02T18:22:40,0.000005,D6JhU5uiVutVUido9N9RPuKs79pvxXsxBv9CTjCR1hhz,dec,6000,948658344,948652344,So11111111111111111111111111111111111111111,9,1.0
3iuKnBDv1EyHP28Xx1kLiuVYgwoEc23DuihfFzxb3bincEpVna92aQa1EFwK86hcxBYF6M4YPE8otW6ni73CBgPG,1754158960,2025-08-02T18:22:40,0.000005003,GAcv9WVN24hMmCjM1VmFJd3Jy5MMzg7uDTof3JMzdSJT,inc,806417909937,775,806417910712,Bte1mkvQ2DLXcNY9WCNVKFjBfNxAjvPCzdLiDiu9FQpi,6,1.0
3iuKnBDv1EyHP28Xx1kLiuVYgwoEc23DuihfFzxb3bincEpVna92aQa1EFwK86hcxBYF6M4YPE8otW6ni73CBgPG,1754158960,2025-08-02T18:22:40,0.000005003,D6JhU5uiVutVUido9N9RPuKs79pvxXsxBv9CTjCR1hhz,dec,119831773,1068490117,948658344,So11111111111111111111111111111111111111111,9,1.0
3oho1rQ6usxT4QnEQfFtU8RKJbjXp1Vh8eiYYz6vqvHw5tvNomEQJYmM5z63d1QsocDGKQHczANErdGGSCt8AGNq,1754158929,2025-08-02T18:22:09,0.000005,D6JhU5uiVutVUido9N9RPuKs79pvxXsxBv9CTjCR1hhz,dec,6000,1068496117,1068490117,So11111111111111111111111111111111111111111,9,1.0
3eYP1t7GCDW7oWbRA1TVPAxDb13jTcdaRHKK2aWh1WQAbGvn93C6ogZpZbF4nH8NUhXBhsGqMcfCCaJkJYvgaoRk,1754158929,2025-08-02T18:22:09,0.000005002,GAcv9WVN24hMmCjM1VmFJd3Jy5MMzg7uDTof3JMzdSJT,dec,4638521284498,4638521285273,775,Bte1mkvQ2DLXcNY9WCNVKFjBfNxAjvPCzdLiDiu9FQpi,6,1.0
3eYP1t7GCDW7oWbRA1TVPAxDb13jTcdaRHKK2aWh1WQAbGvn93C6ogZpZbF4nH8NUhXBhsGqMcfCCaJkJYvgaoRk,1754158929,2025-08-02T18:22:09,0.000005002,D6JhU5uiVutVUido9N9RPuKs79pvxXsxBv9CTjCR1hhz,inc,680491484,388004633,1068496117,So11111111111111111111111111111111111111111,9,1.0
4pMsJcFkCptQdJubkXiC2dEnPnzouppV5gXWCGEMNiqji9dUrFg29DF1FtnGKo3NQvNoEXgT8fUcuKmcvgZV4YYn,1754158836,2025-08-02T18:20:36,0.000005,D6JhU5uiVutVUido9N9RPuKs79pvxXsxBv9CTjCR1hhz,dec,6000,388010633,388004633,So11111111111111111111111111111111111111111,9,1.0
iYNwLzbdz6hcKcDFEhiXDuYdzMeD8oLUbBkBTzDepJmSbbsUjGfDeJtZXk3zLxg59NvPnSmYcWv48kkuePyhD3Y,1754158836,2025-08-02T18:20:36,0.000005003,GAcv9WVN24hMmCjM1VmFJd3Jy5MMzg7uDTof3JMzdSJT,inc,1218472403295,3420048881978,4638521285273,Bte1mkvQ2DLXcNY9WCNVKFjBfNxAjvPCzdLiDiu9FQpi,6,1.0
iYNwLzbdz6hcKcDFEhiXDuYdzMeD8oLUbBkBTzDepJmSbbsUjGfDeJtZXk3zLxg59NvPnSmYcWv48kkuePyhD3Y,1754158836,2025-08-02T18:20:36,0.000005003,D6JhU5uiVutVUido9N9RPuKs79pvxXsxBv9CTjCR1hhz,dec,167825676,555836309,388010633,So11111111111111111111111111111111111111111,9,1.0
4qvDxESuxzm1nAFp3a4i3aoysemJg2T1eeoDgb9chJF5xbw7cYGbpvDdWys5hmSWgMpjEnzH5R3QSh4skJZtLbFp,1754158822,2025-08-02T18:20:22,0.000005,D6JhU5uiVutVUido9N9RPuKs79pvxXsxBv9CTjCR1hhz,dec,6000,555842309,555836309,So11111111111111111111111111111111111111111,9,1.0
aeYBf9vQuCcuzb6G64e8HKTAp3vUDGKvBDf2W15XvJbrS5UCVVY2r65DBXFKyKba7EFE6XjaQTempNXZ1imf65X,1754158822,2025-08-02T18:20:22,0.000005003,GAcv9WVN24hMmCjM1VmFJd3Jy5MMzg7uDTof3JMzdSJT,inc,3420048875012,6966,3420048881978,Bte1mkvQ2DLXcNY9WCNVKFjBfNxAjvPCzdLiDiu9FQpi,6,1.0
aeYBf9vQuCcuzb6G64e8HKTAp3vUDGKvBDf2W15XvJbrS5UCVVY2r65DBXFKyKba7EFE6XjaQTempNXZ1imf65X,1754158822,2025-08-02T18:20:22,0.000005003,D6JhU5uiVutVUido9N9RPuKs79pvxXsxBv9CTjCR1hhz,dec,476253613,1032095922,555842309,So11111111111111111111111111111111111111111,9,1.0
4pDqxUUmZvSRcvBcC4CSZ9kS4H7ieSm5LupgFHq31UvbAb87C3pUh4wHyyUCNBhLnkFrPbHE3zYQoZ8g7ewu13ec,1754158800,2025-08-02T18:20:00,0.000005,D6JhU5uiVutVUido9N9RPuKs79pvxXsxBv9CTjCR1hhz,dec,6000,1032101922,1032095922,So11111111111111111111111111111111111111111,9,1.0
5nhDjoCGXJFrQJho5GX6EjcC4gemsQ5Pyx6Zrq4HkGPf8jZJ8TUJ1eSB6cc68DBWTEU63mCH7KK4nVAoeEBqXNZg,1754158800,2025-08-02T18:20:00,0.000005002,GAcv9WVN24hMmCjM1VmFJd3Jy5MMzg7uDTof3JMzdSJT,dec,2502137,2509103,6966,Bte1mkvQ2DLXcNY9WCNVKFjBfNxAjvPCzdLiDiu9FQpi,6,1.0
5nhDjoCGXJFrQJho5GX6EjcC4gemsQ5Pyx6Zrq4HkGPf8jZJ8TUJ1eSB6cc68DBWTEU63mCH7KK4nVAoeEBqXNZg,1754158800,2025-08-02T18:20:00,0.000005002,D6JhU5uiVutVUido9N9RPuKs79pvxXsxBv9CTjCR1hhz,dec,4670,1032106592,1032101922,So11111111111111111111111111111111111111111,9,1.0
dyNZPMeAtkKFSfafmGAhmhSJczxRf8FuutHwJcmwzqfvzHKWM1FKV8tXvo4dvCcyEiWfmma3bPPuK7Z6Saj4yp4,1754158774,2025-08-02T18:19:34,0.000005,D6JhU5uiVutVUido9N9RPuKs79pvxXsxBv9CTjCR1hhz,dec,6000,1032112592,1032106592,So11111111111111111111111111111111111111111,9,1.0
5XyNwW4wx1YbHZen1a8uBerHmcrqFFRk5gKSMXJU88HDMwz67Dmd7q9LELsTCfX6sumcedA7W9TvTWjqhrXqtkzV,1754158774,2025-08-02T18:19:34,0.000005002,GAcv9WVN24hMmCjM1VmFJd3Jy5MMzg7uDTof3JMzdSJT,dec,297333796,299842899,2509103,Bte1mkvQ2DLXcNY9WCNVKFjBfNxAjvPCzdLiDiu9FQpi,6,1.0
5XyNwW4wx1YbHZen1a8uBerHmcrqFFRk5gKSMXJU88HDMwz67Dmd7q9LELsTCfX6sumcedA7W9TvTWjqhrXqtkzV,1754158774,2025-08-02T18:19:34,0.000005002,D6JhU5uiVutVUido9N9RPuKs79pvxXsxBv9CTjCR1hhz,inc,35495,1032077097,1032112592,So11111111111111111111111111111111111111111,9,1.0
YjRh1Ad8pFfGkswDfWUygAt9kFQbJNCzQFvy6qdH3xHQ6515SLPoKChuGsutnva2be6ifh2rQF8Fs9XC4tSVntJ,1754158755,2025-08-02T18:19:15,0.000005,D6JhU5uiVutVUido9N9RPuKs79pvxXsxBv9CTjCR1hhz,dec,6000,1032083097,1032077097,So11111111111111111111111111111111111111111,9,1.0
3A4cD2JhfqxstjduAVazNbJvQrwefTBVrLsP7M7zu4djAv45BS1a2QpzbiZhbq96KdsUP7BHzYC2KCYUwbz56tjr,1754158755,2025-08-02T18:19:15,0.000005002,GAcv9WVN24hMmCjM1VmFJd3Jy5MMzg7uDTof3JMzdSJT,dec,14700150621,14999993520,299842899,Bte1mkvQ2DLXcNY9WCNVKFjBfNxAjvPCzdLiDiu9FQpi,6,1.0
3A4cD2JhfqxstjduAVazNbJvQrwefTBVrLsP7M7zu4djAv45BS1a2QpzbiZhbq96KdsUP7BHzYC2KCYUwbz56tjr,1754158755,2025-08-02T18:19:15,0.000005002,D6JhU5uiVutVUido9N9RPuKs79pvxXsxBv9CTjCR1hhz,inc,1925962,1030157135,1032083097,So11111111111111111111111111111111111111111,9,1.0
5RVpcCXFxXHqUpkC8RxyhBpxRmnGacwDST2ErNLQ4cB3ZMknBQoy4383FYzVkT7TjAwsQ87kR7szdC6bPQH4rz2j,1754158718,2025-08-02T18:18:38,0.000005,D6JhU5uiVutVUido9N9RPuKs79pvxXsxBv9CTjCR1hhz,inc,1,1030157134,1030157135,So11111111111111111111111111111111111111111,9,1.0
5m79aqTvZUE83umyeAyw4eVM3p5dKtLoMYXCPH9Vwu35n9G9WGFbFJHJ1jU52NkxDBt4omdcoJUreaVrjMW6x4Rf,1754158716,2025-08-02T18:18:36,0.000005,D6JhU5uiVutVUido9N9RPuKs79pvxXsxBv9CTjCR1hhz,inc,1,1030157133,1030157134,So11111111111111111111111111111111111111111,9,1.0
5Fwf24sDFk3rQxhep6Luzt6bcmV2Fu98CWFqEimJCcTsRJftT951nZCwEKxZfnckc2C4r4iWABetRiVmbu1APNYL,1754158712,2025-08-02T18:18:32,0.000005,D6JhU5uiVutVUido9N9RPuKs79pvxXsxBv9CTjCR1hhz,dec,6000,1030163133,1030157133,So11111111111111111111111111111111111111111,9,1.0
3g9dCfHikVPgS5pQm9G1sWGHRv6wGxsWNPZZyR94FqYA3Toii6CFHECwpsgf9sEHjiuB2o3r7co8MMcLFHz5eXU5,1754158712,2025-08-02T18:18:32,0.000005002,GAcv9WVN24hMmCjM1VmFJd3Jy5MMzg7uDTof3JMzdSJT,dec,3715809729796,3730809723316,14999993520,Bte1mkvQ2DLXcNY9WCNVKFjBfNxAjvPCzdLiDiu9FQpi,6,1.0
3g9dCfHikVPgS5pQm9G1sWGHRv6wGxsWNPZZyR94FqYA3Toii6CFHECwpsgf9sEHjiuB2o3r7co8MMcLFHz5eXU5,1754158712,2025-08-02T18:18:32,0.000005002,D6JhU5uiVutVUido9N9RPuKs79pvxXsxBv9CTjCR1hhz,inc,474095419,556067714,1030163133,So11111111111111111111111111111111111111111,9,1.0
2UGUzTALBtihTQkJHPyMcQ4FFoqh3Yze1mwLGdWyBtZZAiQp9FU9s9hbYgotJULTi3pgHnDnb8dN9oVAXHE4M6g8,1754158711,2025-08-02T18:18:31,0.000005,D6JhU5uiVutVUido9N9RPuKs79pvxXsxBv9CTjCR1hhz,inc,1,556067713,556067714,So11111111111111111111111111111111111111111,9,1.0
575c4y9Btr3WzJ4xWWioAAPtFoH3idS67ZA1Hg6dZvjo6SJNSkNX4LPozZ5PSAC6H3msiKVGyY6Vy2U7cvkTf6hG,1754158711,2025-08-02T18:18:31,0.000005,D6JhU5uiVutVUido9N9RPuKs79pvxXsxBv9CTjCR1hhz,inc,1,556067712,556067713,So11111111111111111111111111111111111111111,9,1.0
jJXu1nRAk3Ey7FRiNgX74gAShAHB9y7p9aZEMe9p4HGLEd3wZMDa3ZtB52yRJCMuGyAGvsamhFtavjbSReBS3CX,1754158705,2025-08-02T18:18:25,0.000005,D6JhU5uiVutVUido9N9RPuKs79pvxXsxBv9CTjCR1hhz,dec,6000,556073712,556067712,So11111111111111111111111111111111111111111,9,1.0
24qhdBDPPnVdUbmeWwhjN7vRCPkWydmo2riTjW2DJoAbSJLfKAikRWjH72qrKkE8dTujWVrs31f5UPXHPYZ1keiP,1754158705,2025-08-02T18:18:25,0.000005003,GAcv9WVN24hMmCjM1VmFJd3Jy5MMzg7uDTof3JMzdSJT,inc,3695890027464,34919695852,3730809723316,Bte1mkvQ2DLXcNY9WCNVKFjBfNxAjvPCzdLiDiu9FQpi,6,1.0
24qhdBDPPnVdUbmeWwhjN7vRCPkWydmo2riTjW2DJoAbSJLfKAikRWjH72qrKkE8dTujWVrs31f5UPXHPYZ1keiP,1754158705,2025-08-02T18:18:25,0.000005003,D6JhU5uiVutVUido9N9RPuKs79pvxXsxBv9CTjCR1hhz,dec,464719502,1020793214,556073712,So11111111111111111111111111111111111111111,9,1.0
vbhXHTbzwzuZnk7HFM7QLH9dsuCSUYxeEPcafSZPBtjTTiNk3mZ8vLg2RgkoJxuyhVRzDL5jZJX8Ff5m2MZqm87,1754158661,2025-08-02T18:17:41,0.000005,D6JhU5uiVutVUido9N9RPuKs79pvxXsxBv9CTjCR1hhz,dec,6000,1020799214,1020793214,So11111111111111111111111111111111111111111,9,1.0
2sLeE8GNZyma5wNvnoNxPiqhjuvRrozLrSej6M8x5Usr1HUENZaa5gED98HCQ7aaScrZ6MTMWUeik6CthQ2NuCji,1754158661,2025-08-02T18:17:41,0.000005002,GAcv9WVN24hMmCjM1VmFJd3Jy5MMzg7uDTof3JMzdSJT,dec,2889441261847,2924360957699,34919695852,Bte1mkvQ2DLXcNY9WCNVKFjBfNxAjvPCzdLiDiu9FQpi,6,1.0
2sLeE8GNZyma5wNvnoNxPiqhjuvRrozLrSej6M8x5Usr1HUENZaa5gED98HCQ7aaScrZ6MTMWUeik6CthQ2NuCji,1754158661,2025-08-02T18:17:41,0.000005002,D6JhU5uiVutVUido9N9RPuKs79pvxXsxBv9CTjCR1hhz,inc,345305347,675493867,1020799214,So11111111111111111111111111111111111111111,9,1.0
22eEcLnWKDA9Xp5CrVYPiPC3fZuUtZWi2m43vG8AqyYp2SaebYdTaFe6xrCvNjnKZB6KjBs7zaVEMeVxixUvE1og,1754158633,2025-08-02T18:17:13,0.000005,D6JhU5uiVutVUido9N9RPuKs79pvxXsxBv9CTjCR1hhz,dec,6000,675499867,675493867,So11111111111111111111111111111111111111111,9,1.0
NxdVBoMGywmtLDPvgfWjCBvxzbQjnnhPdxMcZRiJ2W6umQSfCoEKioMut1xN6aZFHBLhAfCh7gBnSypisGDyTeQ,1754158633,2025-08-02T18:17:13,0.000005004,GAcv9WVN24hMmCjM1VmFJd3Jy5MMzg7uDTof3JMzdSJT,inc,2924360957699,0,2924360957699,Bte1mkvQ2DLXcNY9WCNVKFjBfNxAjvPCzdLiDiu9FQpi,6,1.0
NxdVBoMGywmtLDPvgfWjCBvxzbQjnnhPdxMcZRiJ2W6umQSfCoEKioMut1xN6aZFHBLhAfCh7gBnSypisGDyTeQ,1754158633,2025-08-02T18:17:13,0.000005004,D6JhU5uiVutVUido9N9RPuKs79pvxXsxBv9CTjCR1hhz,dec,326000133,1001500000,675499867,So11111111111111111111111111111111111111111,9,1.0
2FckGzuMbYGpPGbYzmdi93bitf9Uu2iAmj8dvMNRGGgwkye1kkYPDipEAnSCFuQ3nLt2WxgApCB5iowssJKs31Pa,1754158509,2025-08-02T18:15:09,0.0000314,D6JhU5uiVutVUido9N9RPuKs79pvxXsxBv9CTjCR1hhz,inc,1000000000,1500000,1001500000,So11111111111111111111111111111111111111111,9,1.0
4zGpKvcuXLEUbNnsJQagWkJLb8PpafD8J1rEXYiWGcVHZSQX6yvSvjUAUa4DG86QNXs1CVn7izQgw2cNh77k4YKu,1754158409,2025-08-02T18:13:29,0.00001,9UzJV7mxikRGuoCzRoM3ab9jnYWucaEzpPh8S7yCDPNi,dec,5124,5124,0,6e7iXvzmH9WUeCpyK5BKUnrBHhQ3UuSy3jaqastixRnV,6,1.0
4zGpKvcuXLEUbNnsJQagWkJLb8PpafD8J1rEXYiWGcVHZSQX6yvSvjUAUa4DG86QNXs1CVn7izQgw2cNh77k4YKu,1754158409,2025-08-02T18:13:29,0.00001,8ZJhdzZuNkG5yRkziJsKqN5X1UA2grQzMjmKnxTfM8HQ,dec,5298305590091,5298305590091,0,7ELYi3i6ZrD1yyJRTfrchd4vefNUpxJoGKZb8ahQTmYs,6,1.0
4zGpKvcuXLEUbNnsJQagWkJLb8PpafD8J1rEXYiWGcVHZSQX6yvSvjUAUa4DG86QNXs1CVn7izQgw2cNh77k4YKu,1754158409,2025-08-02T18:13:29,0.00001,CL6Pvino4WShftoNiig3G895nEA1v876gDo2nXosxXWb,dec,6647,6647,0,BmnSa7rnBjg8hCdonruJHCJWU8ZESFGKAULXVPUkeAyV,6,1.0
3GP1ZV8mvF1V7c7jYk7LqXU5DqwP6vyBA7Y3as8p5zGGjSfqvtULhzCAcwoA3HB5xXsHNkFbjHP1tkRaZhLnxfwm,1754158364,2025-08-02T18:12:44,0.000065691,D6JhU5uiVutVUido9N9RPuKs79pvxXsxBv9CTjCR1hhz,dec,981219806,982719806,1500000,So11111111111111111111111111111111111111111,9,1.0
gBPvjrHuWSGURdtKEfFjfEsYU4nJeCV64Uxcybybe4GWZsawep87odXkSd4qAkS4YMxauELfPskWyyLSeiEGuhc,1754158122,2025-08-02T18:08:42,0.000005,D6JhU5uiVutVUido9N9RPuKs79pvxXsxBv9CTjCR1hhz,dec,6000,982725806,982719806,So11111111111111111111111111111111111111111,9,1.0
5XSx15kk4bkr8SGaUg7ZphxUJxmvMFWghQp9Bm1pT47q1PNF6Ugsct3fdkt7F9qbY5tctru83n6QBTTqKKeWqkqe,1754158122,2025-08-02T18:08:42,0.000005002,9UzJV7mxikRGuoCzRoM3ab9jnYWucaEzpPh8S7yCDPNi,dec,6915923071406,6915923076530,5124,6e7iXvzmH9WUeCpyK5BKUnrBHhQ3UuSy3jaqastixRnV,6,1.0
5XSx15kk4bkr8SGaUg7ZphxUJxmvMFWghQp9Bm1pT47q1PNF6Ugsct3fdkt7F9qbY5tctru83n6QBTTqKKeWqkqe,1754158122,2025-08-02T18:08:42,0.000005002,D6JhU5uiVutVUido9N9RPuKs79pvxXsxBv9CTjCR1hhz,inc,950427051,32298755,982725806,So11111111111111111111111111111111111111111,9,1.0
4RrnEmDPRiWhRYnGTxhho2yq5P5Bq56sfmAp3u1zEZztvhUMiwufiMbBhgtjoHXjXigzH9DDQkwcUGLoZWnFDfjJ,1754157968,2025-08-02T18:06:08,0.000005,D6JhU5uiVutVUido9N9RPuKs79pvxXsxBv9CTjCR1hhz,dec,6000,32304755,32298755,So11111111111111111111111111111111111111111,9,1.0
5odwRqXFafHVajduFibXq1zJFM1CKAW8WUXtW7r1wbP9H74RrgDUXoTwbQDVfNZN6sbjtf7FUA2HakodU1YHdkoD,1754157968,2025-08-02T18:06:08,0.000005003,9UzJV7mxikRGuoCzRoM3ab9jnYWucaEzpPh8S7yCDPNi,inc,3324768015644,3591155060886,6915923076530,6e7iXvzmH9WUeCpyK5BKUnrBHhQ3UuSy3jaqastixRnV,6,1.0
5odwRqXFafHVajduFibXq1zJFM1CKAW8WUXtW7r1wbP9H74RrgDUXoTwbQDVfNZN6sbjtf7FUA2HakodU1YHdkoD,1754157968,2025-08-02T18:06:08,0.000005003,D6JhU5uiVutVUido9N9RPuKs79pvxXsxBv9CTjCR1hhz,dec,447551976,479856731,32304755,So11111111111111111111111111111111111111111,9,1.0
3TimCvUcDbQ23kJBXs1dLvmp1QBEGPahQcVYRLHC4du8W2mNkWYfpvnL7skawT8v3weZ9FfNUf61W1qw61NpihVW,1754157901,2025-08-02T18:05:01,0.000005,D6JhU5uiVutVUido9N9RPuKs79pvxXsxBv9CTjCR1hhz,dec,6000,479862731,479856731,So11111111111111111111111111111111111111111,9,1.0
4pcBPUHVNLkhrgY5TGb8XFy5RQ7W9kCiZjjqrSJxcuk6hLfuYJoeNyCQTkhMCVQYF5QJ5aMSkRUuouo9TrE6eewZ,1754157901,2025-08-02T18:05:01,0.000005003,9UzJV7mxikRGuoCzRoM3ab9jnYWucaEzpPh8S7yCDPNi,inc,2630250650457,960904410429,3591155060886,6e7iXvzmH9WUeCpyK5BKUnrBHhQ3UuSy3jaqastixRnV,6,1.0
4pcBPUHVNLkhrgY5TGb8XFy5RQ7W9kCiZjjqrSJxcuk6hLfuYJoeNyCQTkhMCVQYF5QJ5aMSkRUuouo9TrE6eewZ,1754157901,2025-08-02T18:05:01,0.000005003,D6JhU5uiVutVUido9N9RPuKs79pvxXsxBv9CTjCR1hhz,dec,357330235,837192966,479862731,So11111111111111111111111111111111111111111,9,1.0
SfoTjpFGRqRQ91Nn1iBfzExJ75XjDxqz2Z6mL6ZZEVLqRPNxmsgwyfTm35UmDsjvPMm5HiHR9pDJ11YPhxSAENW,1754157851,2025-08-02T18:04:11,0.000005,D6JhU5uiVutVUido9N9RPuKs79pvxXsxBv9CTjCR1hhz,dec,6000,837198966,837192966,So11111111111111111111111111111111111111111,9,1.0
35xTVtmgiKQ5fGVYfQXkNaVdiMzM3v2sENrv6PwXLBT332HzHuoLa9aKk5iidpGUGSEZ22vq531fYpeupFNHCUnx,1754157851,2025-08-02T18:04:11,0.000005003,9UzJV7mxikRGuoCzRoM3ab9jnYWucaEzpPh8S7yCDPNi,inc,958323978364,2580432065,960904410429,6e7iXvzmH9WUeCpyK5BKUnrBHhQ3UuSy3jaqastixRnV,6,1.0
35xTVtmgiKQ5fGVYfQXkNaVdiMzM3v2sENrv6PwXLBT332HzHuoLa9aKk5iidpGUGSEZ22vq531fYpeupFNHCUnx,1754157851,2025-08-02T18:04:11,0.000005003,D6JhU5uiVutVUido9N9RPuKs79pvxXsxBv9CTjCR1hhz,dec,133321427,970520393,837198966,So11111111111111111111111111111111111111111,9,1.0
5AWxpjpDytb5133ynpxi74WPJPvW5gMwwnqgrbzbpxQ6Fw99rZvbDaRiZJSZu8iVnfLnjhqDB6dRYKE2HKi2yyn3,1754157840,2025-08-02T18:04:00,0.000005,D6JhU5uiVutVUido9N9RPuKs79pvxXsxBv9CTjCR1hhz,dec,6000,970526393,970520393,So11111111111111111111111111111111111111111,9,1.0
4uWF5yCHzdQcLGf7gqV7W4BCsTQyomqjjngQ355cKafSXq4wLsY8AP9Y7YHpFPsd9hxq9wTCBz2GenYjN6nFeFsx,1754157840,2025-08-02T18:04:00,0.000005002,9UzJV7mxikRGuoCzRoM3ab9jnYWucaEzpPh8S7yCDPNi,dec,4754479914756,4757060346821,2580432065,6e7iXvzmH9WUeCpyK5BKUnrBHhQ3UuSy3jaqastixRnV,6,1.0
4uWF5yCHzdQcLGf7gqV7W4BCsTQyomqjjngQ355cKafSXq4wLsY8AP9Y7YHpFPsd9hxq9wTCBz2GenYjN6nFeFsx,1754157840,2025-08-02T18:04:00,0.000005002,D6JhU5uiVutVUido9N9RPuKs79pvxXsxBv9CTjCR1hhz,inc,680312056,290214337,970526393,So11111111111111111111111111111111111111111,9,1.0
5SXBriyfs3oWXySvY5aVwvmrcfe9djpF1tAbFexW4x5igWv3xfXDAs5diGp8hq7KntGC3UweGKd96PE8YXHjJyg7,1754157792,2025-08-02T18:03:12,0.000005,D6JhU5uiVutVUido9N9RPuKs79pvxXsxBv9CTjCR1hhz,dec,6000,290220337,290214337,So11111111111111111111111111111111111111111,9,1.0
2e8cScShfgbPJ6dJWf91ChyocYWqxXzChM8eT5rb4Zh2u11nKbgyaUsAV1xheuaFMKFoa68G3Rjj5gpJhXmcuvdP,1754157792,2025-08-02T18:03:12,0.000005003,9UzJV7mxikRGuoCzRoM3ab9jnYWucaEzpPh8S7yCDPNi,inc,1498503323848,3258557022973,4757060346821,6e7iXvzmH9WUeCpyK5BKUnrBHhQ3UuSy3jaqastixRnV,6,1.0
2e8cScShfgbPJ6dJWf91ChyocYWqxXzChM8eT5rb4Zh2u11nKbgyaUsAV1xheuaFMKFoa68G3Rjj5gpJhXmcuvdP,1754157792,2025-08-02T18:03:12,0.000005003,D6JhU5uiVutVUido9N9RPuKs79pvxXsxBv9CTjCR1hhz,dec,221465026,511685363,290220337,So11111111111111111111111111111111111111111,9,1.0
sy22ZWxCCf5GJG7aU7RKySJADWNkz5TNxEHEpUAPqgrP2NjXJ3p7V6bALCbnBKBBXUAo8uju34Vv1z6YWrzryjK,1754157764,2025-08-02T18:02:44,0.000005,D6JhU5uiVutVUido9N9RPuKs79pvxXsxBv9CTjCR1hhz,dec,6000,511691363,511685363,So11111111111111111111111111111111111111111,9,1.0
5Z15xdEkMNxjAGCJrAsyedm2A1bMoztJ81CRvgkgEqmeWpwHab9sAMLKM3mjbXJb9oKwYsJQXKb1SrgyYfDdZoHk,1754157764,2025-08-02T18:02:44,0.000005003,9UzJV7mxikRGuoCzRoM3ab9jnYWucaEzpPh8S7yCDPNi,inc,3258265063884,291959089,3258557022973,6e7iXvzmH9WUeCpyK5BKUnrBHhQ3UuSy3jaqastixRnV,6,1.0
5Z15xdEkMNxjAGCJrAsyedm2A1bMoztJ81CRvgkgEqmeWpwHab9sAMLKM3mjbXJb9oKwYsJQXKb1SrgyYfDdZoHk,1754157764,2025-08-02T18:02:44,0.000005003,D6JhU5uiVutVUido9N9RPuKs79pvxXsxBv9CTjCR1hhz,dec,465823835,977515198,511691363,So11111111111111111111111111111111111111111,9,1.0
57rBgoQo8wJA3PJoxcgkBKBjyoHG8sbZbL4MkyS4bF44rw7RZKcP32DwJUGa1dNs1LJ2RbneMGZBw1qowgUnBSsk,1754157716,2025-08-02T18:01:56,0.000005,D6JhU5uiVutVUido9N9RPuKs79pvxXsxBv9CTjCR1hhz,dec,6000,977521198,977515198,So11111111111111111111111111111111111111111,9,1.0
PCTvwTBTYnUKZTAY9fotdCPjFktF3JYCFpcLmXR48ymyuLrgeBVotRYtHsaEpsbaDeD455QRqmt5yVLMdcYUfow,1754157716,2025-08-02T18:01:56,0.000005002,9UzJV7mxikRGuoCzRoM3ab9jnYWucaEzpPh8S7yCDPNi,dec,18618388301,18910347390,291959089,6e7iXvzmH9WUeCpyK5BKUnrBHhQ3UuSy3jaqastixRnV,6,1.0
PCTvwTBTYnUKZTAY9fotdCPjFktF3JYCFpcLmXR48ymyuLrgeBVotRYtHsaEpsbaDeD455QRqmt5yVLMdcYUfow,1754157716,2025-08-02T18:01:56,0.000005002,D6JhU5uiVutVUido9N9RPuKs79pvxXsxBv9CTjCR1hhz,inc,2657935,974863263,977521198,So11111111111111111111111111111111111111111,9,1.0
Lwa9tUowCaMC5cbQUmGdDH6BHCmH4ARzzZBrGjmzRiXb7zCsBAK4AdQBXoqjRh6ksmcVpggSSB8J7zqC9yxbrJA,1754157708,2025-08-02T18:01:48,0.000005,D6JhU5uiVutVUido9N9RPuKs79pvxXsxBv9CTjCR1hhz,dec,6000,974869263,974863263,So11111111111111111111111111111111111111111,9,1.0
43FuAaWybkzgmjrueeXXG84ZZX5bnZ49e5vvJcJa5vKoaHrpRo8rkNCNoj11QUMJJFuGj2NteRjZDRWmegP3RxFy,1754157708,2025-08-02T18:01:48,0.000005002,9UzJV7mxikRGuoCzRoM3ab9jnYWucaEzpPh8S7yCDPNi,dec,2390305924895,2409216272285,18910347390,6e7iXvzmH9WUeCpyK5BKUnrBHhQ3UuSy3jaqastixRnV,6,1.0
43FuAaWybkzgmjrueeXXG84ZZX5bnZ49e5vvJcJa5vKoaHrpRo8rkNCNoj11QUMJJFuGj2NteRjZDRWmegP3RxFy,1754157708,2025-08-02T18:01:48,0.000005002,D6JhU5uiVutVUido9N9RPuKs79pvxXsxBv9CTjCR1hhz,inc,340630824,634238439,974869263,So11111111111111111111111111111111111111111,9,1.0
5Dq1eY7wB7mGdZLq2Cco32m1BeughwvMTG6tN7vmRKchAGPnpGnte5pSQjF8Czr5rrYPDFvzMZigqGUbyTriVN11,1754157632,2025-08-02T18:00:32,0.000005,D6JhU5uiVutVUido9N9RPuKs79pvxXsxBv9CTjCR1hhz,dec,6000,634244439,634238439,So11111111111111111111111111111111111111111,9,1.0
5U6gzMoE2x3VQ3bTk8yPvygALf61syUtPa24jMgHtjJZCpMYx4UJ5RuicRJRsjuvm6Ag8V7weQwQezotv1pdoDcX,1754157632,2025-08-02T18:00:32,0.000005003,9UzJV7mxikRGuoCzRoM3ab9jnYWucaEzpPh8S7yCDPNi,inc,2400519666818,8696605467,2409216272285,6e7iXvzmH9WUeCpyK5BKUnrBHhQ3UuSy3jaqastixRnV,6,1.0
5U6gzMoE2x3VQ3bTk8yPvygALf61syUtPa24jMgHtjJZCpMYx4UJ5RuicRJRsjuvm6Ag8V7weQwQezotv1pdoDcX,1754157632,2025-08-02T18:00:32,0.000005003,D6JhU5uiVutVUido9N9RPuKs79pvxXsxBv9CTjCR1hhz,dec,340657678,974902117,634244439,So11111111111111111111111111111111111111111,9,1.0
5eHyufLGLz1veDJYAs3iidfqtb2jF1oCXsW7m8tJ9Gr22oQ3QwM8mToLkaVL3mwvSdsoKQzgoTSPkUU6GbeEpLvG,1754157581,2025-08-02T17:59:41,0.000005,D6JhU5uiVutVUido9N9RPuKs79pvxXsxBv9CTjCR1hhz,dec,6000,974908117,974902117,So11111111111111111111111111111111111111111,9,1.0
5nPSNAQRxhkWgzgeYCoH2v7N2U9TY4roS8RogH4EAh12Mhn4A6keA2EUZWXpacMZ8BpfraHeJhJCVB543wHHWAD1,1754157581,2025-08-02T17:59:41,0.000005002,9UzJV7mxikRGuoCzRoM3ab9jnYWucaEzpPh8S7yCDPNi,dec,4030962731576,4039659337043,8696605467,6e7iXvzmH9WUeCpyK5BKUnrBHhQ3UuSy3jaqastixRnV,6,1.0
5nPSNAQRxhkWgzgeYCoH2v7N2U9TY4roS8RogH4EAh12Mhn4A6keA2EUZWXpacMZ8BpfraHeJhJCVB543wHHWAD1,1754157581,2025-08-02T17:59:41,0.000005002,D6JhU5uiVutVUido9N9RPuKs79pvxXsxBv9CTjCR1hhz,inc,558046808,416861309,974908117,So11111111111111111111111111111111111111111,9,1.0
44AdGEXNbDfZg87EUg5JRL53LFAzuRofMHZjzsutNsvM8GWauJHpikL3Cm6AzbNJUjxf8CVWtr5mxxTU2bH4DFXn,1754157499,2025-08-02T17:58:19,0.000005,D6JhU5uiVutVUido9N9RPuKs79pvxXsxBv9CTjCR1hhz,dec,6000,416867309,416861309,So11111111111111111111111111111111111111111,9,1.0
2kTggqpLTWywYpB9h2SJ2LnyzvgNz3S5Z3iYzsvwbk2tFfq28FZYEcdNexbWQUV5NHmFYvrwGedsBLVss2Wdp8zg,1754157499,2025-08-02T17:58:19,0.000005003,9UzJV7mxikRGuoCzRoM3ab9jnYWucaEzpPh8S7yCDPNi,inc,2640952692127,1398706644916,4039659337043,6e7iXvzmH9WUeCpyK5BKUnrBHhQ3UuSy3jaqastixRnV,6,1.0
2kTggqpLTWywYpB9h2SJ2LnyzvgNz3S5Z3iYzsvwbk2tFfq28FZYEcdNexbWQUV5NHmFYvrwGedsBLVss2Wdp8zg,1754157499,2025-08-02T17:58:19,0.000005003,D6JhU5uiVutVUido9N9RPuKs79pvxXsxBv9CTjCR1hhz,dec,379718209,796585518,416867309,So11111111111111111111111111111111111111111,9,1.0
25qMExgPMajV3Fda5oz5tTRNf6V5LZRDxf5FzAqeAiwbeaLJbHQFpXewXKNGQ5aU1nezJVhq5zFiG9NLYYYHPnRy,1754157452,2025-08-02T17:57:32,0.000005,D6JhU5uiVutVUido9N9RPuKs79pvxXsxBv9CTjCR1hhz,dec,6000,796591518,796585518,So11111111111111111111111111111111111111111,9,1.0
jPMVy5GWYwFZSib8Xzr14j4wsZoZSDLJkACbCRAbg6zB3q45yQpRPafYGpBAXZa6NceZYugrXHrgz5RBtWdTods,1754157452,2025-08-02T17:57:32,0.000005003,9UzJV7mxikRGuoCzRoM3ab9jnYWucaEzpPh8S7yCDPNi,inc,1398706637823,7093,1398706644916,6e7iXvzmH9WUeCpyK5BKUnrBHhQ3UuSy3jaqastixRnV,6,1.0
jPMVy5GWYwFZSib8Xzr14j4wsZoZSDLJkACbCRAbg6zB3q45yQpRPafYGpBAXZa6NceZYugrXHrgz5RBtWdTods,1754157452,2025-08-02T17:57:32,0.000005003,D6JhU5uiVutVUido9N9RPuKs79pvxXsxBv9CTjCR1hhz,dec,191639614,988231132,796591518,So11111111111111111111111111111111111111111,9,1.0
GSz4SteUmEJvvwkTCqw8ecvpMc4ZJfAocLmVzzScEbzXK9u6YpfnD3PBJ9YAJvhYSgLpw3fVfDYdnxd7tdLnNtN,1754157424,2025-08-02T17:57:04,0.000005,D6JhU5uiVutVUido9N9RPuKs79pvxXsxBv9CTjCR1hhz,dec,6000,988237132,988231132,So11111111111111111111111111111111111111111,9,1.0
2ActPsJhh63yXMSifiJhUAzMAM4uu1Tr2v6Qf7oeqpk2vRm9QLsrcFa4cWnziVtvaXM6cuzkDujvV7hDTTAtmUgr,1754157424,2025-08-02T17:57:04,0.000005002,9UzJV7mxikRGuoCzRoM3ab9jnYWucaEzpPh8S7yCDPNi,dec,3096680342987,3096680350080,7093,6e7iXvzmH9WUeCpyK5BKUnrBHhQ3UuSy3jaqastixRnV,6,1.0
2ActPsJhh63yXMSifiJhUAzMAM4uu1Tr2v6Qf7oeqpk2vRm9QLsrcFa4cWnziVtvaXM6cuzkDujvV7hDTTAtmUgr,1754157424,2025-08-02T17:57:04,0.000005002,D6JhU5uiVutVUido9N9RPuKs79pvxXsxBv9CTjCR1hhz,inc,426766176,561470956,988237132,So11111111111111111111111111111111111111111,9,1.0
4phEWpGgaSSi6nne9GJHpc32LKfZQAqcjd3YN1hJTo1XpreKEx4A6aPyrF25yh9KGZ7TyCyXviNWT4MNFzq34m14,1754157407,2025-08-02T17:56:47,0.000005,D6JhU5uiVutVUido9N9RPuKs79pvxXsxBv9CTjCR1hhz,dec,6000,561476956,561470956,So11111111111111111111111111111111111111111,9,1.0
24ja47sJN7BZKL8AaoNkM2bA2XoMsUmLuht923NoCueBVRCrernn9HGmNx3Pc2MbZgh8WiAdECUvtN1EMiDwuLPg,1754157407,2025-08-02T17:56:47,0.000005003,9UzJV7mxikRGuoCzRoM3ab9jnYWucaEzpPh8S7yCDPNi,inc,3096452285677,228064403,3096680350080,6e7iXvzmH9WUeCpyK5BKUnrBHhQ3UuSy3jaqastixRnV,6,1.0
24ja47sJN7BZKL8AaoNkM2bA2XoMsUmLuht923NoCueBVRCrernn9HGmNx3Pc2MbZgh8WiAdECUvtN1EMiDwuLPg,1754157407,2025-08-02T17:56:47,0.000005003,D6JhU5uiVutVUido9N9RPuKs79pvxXsxBv9CTjCR1hhz,dec,429602452,991079408,561476956,So11111111111111111111111111111111111111111,9,1.0
MSfJ5LLduD66VqPa7hE74r8CMYAMyHvKLP7Q9uqFnvPm6K8CsBxfFNuSqEtXBBZFrgE6zAwNG1CreTSGPBDUMJi,1754157329,2025-08-02T17:55:29,0.000005,D6JhU5uiVutVUido9N9RPuKs79pvxXsxBv9CTjCR1hhz,dec,6000,991085408,991079408,So11111111111111111111111111111111111111111,9,1.0
cMwRXJKuiw1MLkWfpGp6deqEjt25Rm6waNiyQShBjvsJvJAvapqvfykBQ49YDEhT1hS3Rr1cqZfAYEseWfdqk8i,1754157329,2025-08-02T17:55:29,0.000005002,9UzJV7mxikRGuoCzRoM3ab9jnYWucaEzpPh8S7yCDPNi,dec,55926865429,56154929832,228064403,6e7iXvzmH9WUeCpyK5BKUnrBHhQ3UuSy3jaqastixRnV,6,1.0
cMwRXJKuiw1MLkWfpGp6deqEjt25Rm6waNiyQShBjvsJvJAvapqvfykBQ49YDEhT1hS3Rr1cqZfAYEseWfdqk8i,1754157329,2025-08-02T17:55:29,0.000005002,D6JhU5uiVutVUido9N9RPuKs79pvxXsxBv9CTjCR1hhz,inc,7219809,983865599,991085408,So11111111111111111111111111111111111111111,9,1.0
5o7YS2HZV5XYibfVmBSowhhycfoYax9wzks6p9ah3PKVSKRmykRvtWoVfv971ikuJE7dzCp367nJKec9Cd4fsdLa,1754157310,2025-08-02T17:55:10,0.000005,D6JhU5uiVutVUido9N9RPuKs79pvxXsxBv9CTjCR1hhz,dec,6000,983871599,983865599,So11111111111111111111111111111111111111111,9,1.0
4NB8TFVy8DLYrHhBepDghc4TcNJtnMvWi6A3nByDgBrdfkf6tPyERoQFcijBiFJAnBRpZSbieNp5Cphto8LJxu2r,1754157310,2025-08-02T17:55:10,0.000005002,9UzJV7mxikRGuoCzRoM3ab9jnYWucaEzpPh8S7yCDPNi,dec,5858929491249,5915084421081,56154929832,6e7iXvzmH9WUeCpyK5BKUnrBHhQ3UuSy3jaqastixRnV,6,1.0
4NB8TFVy8DLYrHhBepDghc4TcNJtnMvWi6A3nByDgBrdfkf6tPyERoQFcijBiFJAnBRpZSbieNp5Cphto8LJxu2r,1754157310,2025-08-02T17:55:10,0.000005002,D6JhU5uiVutVUido9N9RPuKs79pvxXsxBv9CTjCR1hhz,inc,758424461,225447138,983871599,So11111111111111111111111111111111111111111,9,1.0
3BtQUf1a8tXhrb9scxzAnNWBbneE6BMTEDpfaeqLyNnPWppDQqY8U7yUQtqXHDaX2HRUMPz1qE3kYJes2g1CG4nb,1754157292,2025-08-02T17:54:52,0.000005,D6JhU5uiVutVUido9N9RPuKs79pvxXsxBv9CTjCR1hhz,dec,6000,225453138,225447138,So11111111111111111111111111111111111111111,9,1.0
4852kVgcoQiQAwGmqGTixJcpQUaPX38gFvN49oB4sJuBzSDsosoGedyUZAgU4eFuh14fzfSCfRNaDYV56iJ1q1UD,1754157292,2025-08-02T17:54:52,0.000005003,9UzJV7mxikRGuoCzRoM3ab9jnYWucaEzpPh8S7yCDPNi,inc,1340111200472,4574973220609,5915084421081,6e7iXvzmH9WUeCpyK5BKUnrBHhQ3UuSy3jaqastixRnV,6,1.0
4852kVgcoQiQAwGmqGTixJcpQUaPX38gFvN49oB4sJuBzSDsosoGedyUZAgU4eFuh14fzfSCfRNaDYV56iJ1q1UD,1754157292,2025-08-02T17:54:52,0.000005003,D6JhU5uiVutVUido9N9RPuKs79pvxXsxBv9CTjCR1hhz,dec,176179082,401632220,225453138,So11111111111111111111111111111111111111111,9,1.0
5YmH2NoKFFxJ1cdL4rGjZr1i376peDM8SKghF78XnhgDkAnszUNA5P4ZMys5j13izfZovHc2UBZdVsHNPfeFx2DF,1754157282,2025-08-02T17:54:42,0.000005,D6JhU5uiVutVUido9N9RPuKs79pvxXsxBv9CTjCR1hhz,dec,6000,401638220,401632220,So11111111111111111111111111111111111111111,9,1.0
37Vii7PgPyJeNAAzoFUwRknCD9DhWKhbh8ga1NLgUxCLtfsXBMchKt41DePuCXN2ZofYZX7V584Hqrdbw4NMbuQB,1754157282,2025-08-02T17:54:42,0.000005003,9UzJV7mxikRGuoCzRoM3ab9jnYWucaEzpPh8S7yCDPNi,inc,3583330685405,991642535204,4574973220609,6e7iXvzmH9WUeCpyK5BKUnrBHhQ3UuSy3jaqastixRnV,6,1.0
37Vii7PgPyJeNAAzoFUwRknCD9DhWKhbh8ga1NLgUxCLtfsXBMchKt41DePuCXN2ZofYZX7V584Hqrdbw4NMbuQB,1754157282,2025-08-02T17:54:42,0.000005003,D6JhU5uiVutVUido9N9RPuKs79pvxXsxBv9CTjCR1hhz,dec,474147842,875786062,401638220,So11111111111111111111111111111111111111111,9,1.0
5REMdWnBa9MfmHU4mz6yWMjRTmU6H5JNmoLexGU9jjvmxzRinc99tyNkkDbQpKET4jrmy1p8796xfmBVaLodnzD8,1754157280,2025-08-02T17:54:40,0.000005,D6JhU5uiVutVUido9N9RPuKs79pvxXsxBv9CTjCR1hhz,dec,6000,875792062,875786062,So11111111111111111111111111111111111111111,9,1.0
nD4VZ49r5YoQZhDkZ2B6X7U37ytkAST3zhn8P5mJ76h227CZfethYbSVeZo4rQomnBhx6Egzie8mkr2fPto4jVD,1754157280,2025-08-02T17:54:40,0.000005003,9UzJV7mxikRGuoCzRoM3ab9jnYWucaEzpPh8S7yCDPNi,inc,991642533590,1614,991642535204,6e7iXvzmH9WUeCpyK5BKUnrBHhQ3UuSy3jaqastixRnV,6,1.0
nD4VZ49r5YoQZhDkZ2B6X7U37ytkAST3zhn8P5mJ76h227CZfethYbSVeZo4rQomnBhx6Egzie8mkr2fPto4jVD,1754157280,2025-08-02T17:54:40,0.000005003,D6JhU5uiVutVUido9N9RPuKs79pvxXsxBv9CTjCR1hhz,dec,129837727,1005629789,875792062,So11111111111111111111111111111111111111111,9,1.0
jFmHEyR4R14q6q5WHJZgrtRxKq2jLSjdDxvTz7cRvKreypQmWkHJEDoPKaATxdTzTTT1Q39ECFpee3ZsQxxDakr,1754157268,2025-08-02T17:54:28,0.000005,D6JhU5uiVutVUido9N9RPuKs79pvxXsxBv9CTjCR1hhz,dec,6000,1005635789,1005629789,So11111111111111111111111111111111111111111,9,1.0
3vi9GWiN5ftXQ4q8FvwySYz2RPZ2gusCQwpPPJAaL1jxxuKrzmdhqsqcHEjuZgmGBdCrsTJH7SCtxK3hEDsTj6e9,1754157268,2025-08-02T17:54:28,0.000005002,9UzJV7mxikRGuoCzRoM3ab9jnYWucaEzpPh8S7yCDPNi,dec,3007028456480,3007028458094,1614,6e7iXvzmH9WUeCpyK5BKUnrBHhQ3UuSy3jaqastixRnV,6,1.0
3vi9GWiN5ftXQ4q8FvwySYz2RPZ2gusCQwpPPJAaL1jxxuKrzmdhqsqcHEjuZgmGBdCrsTJH7SCtxK3hEDsTj6e9,1754157268,2025-08-02T17:54:28,0.000005002,D6JhU5uiVutVUido9N9RPuKs79pvxXsxBv9CTjCR1hhz,inc,398329253,607306536,1005635789,So11111111111111111111111111111111111111111,9,1.0
383XkVeNctP5nVz9JBh3nN83z898qDG1Xpda5NWqLSNuA6Kk1ZAGBidbxzh81NR8GYRQXNsndUwD8TnGYbHwDKKj,1754157246,2025-08-02T17:54:06,0.000005,D6JhU5uiVutVUido9N9RPuKs79pvxXsxBv9CTjCR1hhz,dec,6000,607312536,607306536,So11111111111111111111111111111111111111111,9,1.0
3MiokhUTcKZjSqHnSjYDHNueQYzvQ3Q2zDi7raTmXVsHUuwDQmSgX4ePTUcvNsVWUT5Y9Fz5raZoS8atJz6vDJVx,1754157246,2025-08-02T17:54:06,0.000005003,9UzJV7mxikRGuoCzRoM3ab9jnYWucaEzpPh8S7yCDPNi,inc,2140858063985,866170394109,3007028458094,6e7iXvzmH9WUeCpyK5BKUnrBHhQ3UuSy3jaqastixRnV,6,1.0
3MiokhUTcKZjSqHnSjYDHNueQYzvQ3Q2zDi7raTmXVsHUuwDQmSgX4ePTUcvNsVWUT5Y9Fz5raZoS8atJz6vDJVx,1754157246,2025-08-02T17:54:06,0.000005003,D6JhU5uiVutVUido9N9RPuKs79pvxXsxBv9CTjCR1hhz,dec,284389926,891702462,607312536,So11111111111111111111111111111111111111111,9,1.0
48EQ3jvXy6puHcF3yLQdNCZKki2BpSSZMkhoHEBAZUHkEDStiVt1M28gRC3ghZPJnmyA5EqtrgCynTEVnLSFCBUF,1754157182,2025-08-02T17:53:02,0.000005,D6JhU5uiVutVUido9N9RPuKs79pvxXsxBv9CTjCR1hhz,dec,6000,891708462,891702462,So11111111111111111111111111111111111111111,9,1.0
2JkPMCEouGHdGNqPR89GPkpCL21yzaernS79rZN2oQXGn13vwP9m1XZAC8LjyL9yN9DWTxVfY1ZeTAEDQDHPBMN9,1754157182,2025-08-02T17:53:02,0.000005003,9UzJV7mxikRGuoCzRoM3ab9jnYWucaEzpPh8S7yCDPNi,inc,865960060533,210333576,866170394109,6e7iXvzmH9WUeCpyK5BKUnrBHhQ3UuSy3jaqastixRnV,6,1.0
2JkPMCEouGHdGNqPR89GPkpCL21yzaernS79rZN2oQXGn13vwP9m1XZAC8LjyL9yN9DWTxVfY1ZeTAEDQDHPBMN9,1754157182,2025-08-02T17:53:02,0.000005003,D6JhU5uiVutVUido9N9RPuKs79pvxXsxBv9CTjCR1hhz,dec,121061632,1012770094,891708462,So11111111111111111111111111111111111111111,9,1.0
4bduT2GghbGFg1DT7fkCTfLkDa6ohLN6QNbdji5h2ddpd5GsNGgwyZdAf7FGn8G5EVjmB2YS1xYmsT2Kx3N7iRD2,1754157121,2025-08-02T17:52:01,0.000005,D6JhU5uiVutVUido9N9RPuKs79pvxXsxBv9CTjCR1hhz,dec,6000,1012776094,1012770094,So11111111111111111111111111111111111111111,9,1.0
xq5wKxz9oGqGMPMCymyaQbePu2MQxjhvuSKSZ4dfrYtiMyKzX5utJMZBi3B5vz8F9obseLo8keRd1WCvJRdGShX,1754157121,2025-08-02T17:52:01,0.000005002,9UzJV7mxikRGuoCzRoM3ab9jnYWucaEzpPh8S7yCDPNi,dec,57489404981,57699738557,210333576,6e7iXvzmH9WUeCpyK5BKUnrBHhQ3UuSy3jaqastixRnV,6,1.0
xq5wKxz9oGqGMPMCymyaQbePu2MQxjhvuSKSZ4dfrYtiMyKzX5utJMZBi3B5vz8F9obseLo8keRd1WCvJRdGShX,1754157121,2025-08-02T17:52:01,0.000005002,D6JhU5uiVutVUido9N9RPuKs79pvxXsxBv9CTjCR1hhz,inc,7959986,1004816108,1012776094,So11111111111111111111111111111111111111111,9,1.0
2JStuoJawqhZJrxYsD59ZjUdWefibzne1iFG3uJTsega1ZZEnT3QB2p8HsJDMVxVsRiPNQnpjP4JYhcMxps4tQmi,1754157083,2025-08-02T17:51:23,0.000005,D6JhU5uiVutVUido9N9RPuKs79pvxXsxBv9CTjCR1hhz,dec,6000,1004822108,1004816108,So11111111111111111111111111111111111111111,9,1.0
4BbrMkqmQGKEdUsoezU5SUnBZtYfnTpgdzQRy76QspqXhNLueXZsCw6dRbxmSfci8MLFW7oue1yzEGVzhnqs1G7k,1754157083,2025-08-02T17:51:23,0.000005002,9UzJV7mxikRGuoCzRoM3ab9jnYWucaEzpPh8S7yCDPNi,dec,3501987865386,3559687603943,57699738557,6e7iXvzmH9WUeCpyK5BKUnrBHhQ3UuSy3jaqastixRnV,6,1.0
4BbrMkqmQGKEdUsoezU5SUnBZtYfnTpgdzQRy76QspqXhNLueXZsCw6dRbxmSfci8MLFW7oue1yzEGVzhnqs1G7k,1754157083,2025-08-02T17:51:23,0.000005002,D6JhU5uiVutVUido9N9RPuKs79pvxXsxBv9CTjCR1hhz,inc,476037150,528784958,1004822108,So11111111111111111111111111111111111111111,9,1.0
36eKiv5akWN4m9bXn7hhq3kLtQStR2v76g3AdYVrzVTe8nKw2tjToFGhVAgfXkKUmMxQCBbExi6HDugE3KUL1LyY,1754156961,2025-08-02T17:49:21,0.000005,D6JhU5uiVutVUido9N9RPuKs79pvxXsxBv9CTjCR1hhz,dec,6000,528790958,528784958,So11111111111111111111111111111111111111111,9,1.0
3N6RbH8qjNWsKFJZ9sViwghRJQGiatfNTzQ17U9bryL7w2QBGNgA1o5CfKyZSALjhvEbdYTBRkQJS9G8MkZ8EW4A,1754156961,2025-08-02T17:49:21,0.000005003,9UzJV7mxikRGuoCzRoM3ab9jnYWucaEzpPh8S7yCDPNi,inc,3497022177846,62665426097,3559687603943,6e7iXvzmH9WUeCpyK5BKUnrBHhQ3UuSy3jaqastixRnV,6,1.0
3N6RbH8qjNWsKFJZ9sViwghRJQGiatfNTzQ17U9bryL7w2QBGNgA1o5CfKyZSALjhvEbdYTBRkQJS9G8MkZ8EW4A,1754156961,2025-08-02T17:49:21,0.000005003,D6JhU5uiVutVUido9N9RPuKs79pvxXsxBv9CTjCR1hhz,dec,492886070,1021677028,528790958,So11111111111111111111111111111111111111111,9,1.0
5kev8h16H2jkL1EeVZW3LrS3CSz1DBZjpwwXK9wNzwYJtgqAp8Xf8CFzaf5KBj9vk9DUCU13RAafQDeUcgk3Swi2,1754156835,2025-08-02T17:47:15,0.000005,D6JhU5uiVutVUido9N9RPuKs79pvxXsxBv9CTjCR1hhz,dec,6000,1021683028,1021677028,So11111111111111111111111111111111111111111,9,1.0
3hF9zojYe1KMiMFZ3JY6EA7huA2EKf48bCXiX9ch1ED4amjKjatS5aWYo9Fw7jPKzAy9sgP9MaNr52UExgrwiHAL,1754156835,2025-08-02T17:47:15,0.000005002,9UzJV7mxikRGuoCzRoM3ab9jnYWucaEzpPh8S7yCDPNi,dec,3510792540146,3573457966243,62665426097,6e7iXvzmH9WUeCpyK5BKUnrBHhQ3UuSy3jaqastixRnV,6,1.0
3hF9zojYe1KMiMFZ3JY6EA7huA2EKf48bCXiX9ch1ED4amjKjatS5aWYo9Fw7jPKzAy9sgP9MaNr52UExgrwiHAL,1754156835,2025-08-02T17:47:15,0.000005002,D6JhU5uiVutVUido9N9RPuKs79pvxXsxBv9CTjCR1hhz,inc,453595131,568087897,1021683028,So11111111111111111111111111111111111111111,9,1.0
ZZNyieWMLrsiZboj5adbhLFsThvWUqSk73kb1UZA7owwpN2C5cCvMGHiJJxffMJwgw83AUpELsfzU5ZWu2PycJ4,1754156819,2025-08-02T17:46:59,0.000005,D6JhU5uiVutVUido9N9RPuKs79pvxXsxBv9CTjCR1hhz,dec,6000,568093897,568087897,So11111111111111111111111111111111111111111,9,1.0
4nFQjpy11HcMvpGr7Fnj2UPwLnTdTCxYUR5p2ESoF3wXgVtXUD8qUsiVPFK3bNtNjACtBEUo9gMMhi4PAZKDiDLZ,1754156819,2025-08-02T17:46:59,0.000005003,9UzJV7mxikRGuoCzRoM3ab9jnYWucaEzpPh8S7yCDPNi,inc,3564692339708,8765626535,3573457966243,6e7iXvzmH9WUeCpyK5BKUnrBHhQ3UuSy3jaqastixRnV,6,1.0
4nFQjpy11HcMvpGr7Fnj2UPwLnTdTCxYUR5p2ESoF3wXgVtXUD8qUsiVPFK3bNtNjACtBEUo9gMMhi4PAZKDiDLZ,1754156819,2025-08-02T17:46:59,0.000005003,D6JhU5uiVutVUido9N9RPuKs79pvxXsxBv9CTjCR1hhz,dec,445454612,1013548509,568093897,So11111111111111111111111111111111111111111,9,1.0
59WdFbEimshpdidZ9XuamK4Cvh2ZmDD1wT5kmap4ncUXfuZMPpkFKj9qiY5a6WsMQT955pv28Qrj2Qw1vZhvLhos,1754156807,2025-08-02T17:46:47,0.000005,D6JhU5uiVutVUido9N9RPuKs79pvxXsxBv9CTjCR1hhz,dec,6000,1013554509,1013548509,So11111111111111111111111111111111111111111,9,1.0
4zbNDXNXKb5gJE4mhBw8fHgMQ1nFWE8Mfmm5gLAJmeeir5Ctwv9fgRwiGgAwTddQo4H1AdPTkkPJtjpxAFh4SZsQ,1754156807,2025-08-02T17:46:47,0.000005002,9UzJV7mxikRGuoCzRoM3ab9jnYWucaEzpPh8S7yCDPNi,dec,1067932849308,1076698475843,8765626535,6e7iXvzmH9WUeCpyK5BKUnrBHhQ3UuSy3jaqastixRnV,6,1.0
4zbNDXNXKb5gJE4mhBw8fHgMQ1nFWE8Mfmm5gLAJmeeir5Ctwv9fgRwiGgAwTddQo4H1AdPTkkPJtjpxAFh4SZsQ,1754156807,2025-08-02T17:46:47,0.000005002,D6JhU5uiVutVUido9N9RPuKs79pvxXsxBv9CTjCR1hhz,inc,130082890,883471619,1013554509,So11111111111111111111111111111111111111111,9,1.0
5cw4eoueKCFspZk6ygLG5j91b4nUoSbiXMDn1RH49YCMUX4cyz1ervKCb6KJ85j9VJnbC8jGkZHrAv3dp1RaEdsA,1754156766,2025-08-02T17:46:06,0.000005,D6JhU5uiVutVUido9N9RPuKs79pvxXsxBv9CTjCR1hhz,dec,6000,883477619,883471619,So11111111111111111111111111111111111111111,9,1.0
2LjMPwQ9Le2U8rCBXnDyXtiVcg1xt6RU9Bp48Nzon7nHaWRerEiKgXyPYJYXCVaDJeKqDPS6zVT93zxdaSVy9P9T,1754156766,2025-08-02T17:46:06,0.000005004,9UzJV7mxikRGuoCzRoM3ab9jnYWucaEzpPh8S7yCDPNi,inc,1076698475843,0,1076698475843,6e7iXvzmH9WUeCpyK5BKUnrBHhQ3UuSy3jaqastixRnV,6,1.0
2LjMPwQ9Le2U8rCBXnDyXtiVcg1xt6RU9Bp48Nzon7nHaWRerEiKgXyPYJYXCVaDJeKqDPS6zVT93zxdaSVy9P9T,1754156766,2025-08-02T17:46:06,0.000005004,D6JhU5uiVutVUido9N9RPuKs79pvxXsxBv9CTjCR1hhz,dec,118022381,1001500000,883477619,So11111111111111111111111111111111111111111,9,1.0
5rfi48EJzJth9Gp2KtaiRja4Mv6XQU6jQCBhH7pgBVHv1amd2xm7YfnF3XGo6wP8aNYQw2oAwByj6kXbfW9jbKwP,1754156649,2025-08-02T17:44:09,0.0000314,D6JhU5uiVutVUido9N9RPuKs79pvxXsxBv9CTjCR1hhz,inc,1000000000,1500000,1001500000,So11111111111111111111111111111111111111111,9,1.0
2R7XZQtr8vD8K39zCsAgxAETMxQ62ghSuj7WWmAduaUKxer9UsjfY2zKkS3XnA4rcWbef3Dha5PwUznYoyGexS26,1754156509,2025-08-02T17:41:49,0.0000666,D6JhU5uiVutVUido9N9RPuKs79pvxXsxBv9CTjCR1hhz,dec,145867657,147367657,1500000,So11111111111111111111111111111111111111111,9,1.0
3u1yrXw7DBkD8S1dWZHpyzA7ybkyrs6QtSusfD1xz2eNDe8RyzpJkCStVQJMN5md73HfFUH2JnWYXbZHFMdMMLeU,1754156468,2025-08-02T17:41:08,0.000005,D6JhU5uiVutVUido9N9RPuKs79pvxXsxBv9CTjCR1hhz,dec,6000,147373657,147367657,So11111111111111111111111111111111111111111,9,1.0
313isKx2Eeq9YMG4U4EC6iu5WqLb7xP61s1wqdpDKDJRi1BpDSJ9YqRKHknhq65bcTjEfjKU9zFPQoKj9fH2mKh2,1754156468,2025-08-02T17:41:08,0.000005003,8ZJhdzZuNkG5yRkziJsKqN5X1UA2grQzMjmKnxTfM8HQ,inc,2946590638562,2351714951529,5298305590091,7ELYi3i6ZrD1yyJRTfrchd4vefNUpxJoGKZb8ahQTmYs,6,1.0
313isKx2Eeq9YMG4U4EC6iu5WqLb7xP61s1wqdpDKDJRi1BpDSJ9YqRKHknhq65bcTjEfjKU9zFPQoKj9fH2mKh2,1754156468,2025-08-02T17:41:08,0.000005003,D6JhU5uiVutVUido9N9RPuKs79pvxXsxBv9CTjCR1hhz,dec,529136589,676510246,147373657,So11111111111111111111111111111111111111111,9,1.0
38T4eihTtaYEN9DaEF8UiTgCbwwn5YYXiVqyiah7jw5gLasrVjpPvpkasUpK13j79piy4xonLwXpGtm7RWtVY6ou,1754156451,2025-08-02T17:40:51,0.000005,D6JhU5uiVutVUido9N9RPuKs79pvxXsxBv9CTjCR1hhz,dec,6000,676516246,676510246,So11111111111111111111111111111111111111111,9,1.0
5BimrJFRyqquHYrud3AagnDA6JD4iAsLCasCvCEWVst4GrFUjGFYVAG9mpvHN9oev1wA1u8ndrwVbieyjuHzBbEr,1754156451,2025-08-02T17:40:51,0.000005003,8ZJhdzZuNkG5yRkziJsKqN5X1UA2grQzMjmKnxTfM8HQ,inc,2303819219440,47895732089,2351714951529,7ELYi3i6ZrD1yyJRTfrchd4vefNUpxJoGKZb8ahQTmYs,6,1.0
5BimrJFRyqquHYrud3AagnDA6JD4iAsLCasCvCEWVst4GrFUjGFYVAG9mpvHN9oev1wA1u8ndrwVbieyjuHzBbEr,1754156451,2025-08-02T17:40:51,0.000005003,D6JhU5uiVutVUido9N9RPuKs79pvxXsxBv9CTjCR1hhz,dec,419954315,1096470561,676516246,So11111111111111111111111111111111111111111,9,1.0
5WSkoVuqc55MB92wzRd2Yqas5nJWHJHPojqipoG2ZSTDP6UbDHgx37g32h4i5SoKnvxSsR999PVGmzJcK41ihdsM,1754156444,2025-08-02T17:40:44,0.000005,D6JhU5uiVutVUido9N9RPuKs79pvxXsxBv9CTjCR1hhz,dec,6000,1096476561,1096470561,So11111111111111111111111111111111111111111,9,1.0
63BL2EsSG9mMmgmndLBmxiTsPM4SRf6UEHmzPSSzyJ9XfZajHCLGRZTh4yCwAXnJwvxUKrSyR5nKUMhkkiqzMFCZ,1754156444,2025-08-02T17:40:44,0.000005002,8ZJhdzZuNkG5yRkziJsKqN5X1UA2grQzMjmKnxTfM8HQ,dec,5292955651688,5340851383777,47895732089,7ELYi3i6ZrD1yyJRTfrchd4vefNUpxJoGKZb8ahQTmYs,6,1.0
63BL2EsSG9mMmgmndLBmxiTsPM4SRf6UEHmzPSSzyJ9XfZajHCLGRZTh4yCwAXnJwvxUKrSyR5nKUMhkkiqzMFCZ,1754156444,2025-08-02T17:40:44,0.000005002,D6JhU5uiVutVUido9N9RPuKs79pvxXsxBv9CTjCR1hhz,inc,945717637,150758924,1096476561,So11111111111111111111111111111111111111111,9,1.0
2zHh66Cm5E1W39FyYtS38BTSa2LKR6nLpM2F15qfcUZSqwjgA6ryHJ75d7tAKPvPH3Re3f8wPqpER6fq7a4K9e2S,1754156344,2025-08-02T17:39:04,0.000005,D6JhU5uiVutVUido9N9RPuKs79pvxXsxBv9CTjCR1hhz,dec,6000,150764924,150758924,So11111111111111111111111111111111111111111,9,1.0
17kv4BXYyXdJ35GCAd5fCzJEwzAhdWVTU5np1DwdAgPqTSdFd3WsqdAkofBpKgYWU2pSEQ1q2rYD8Bf5pEyCPkX,1754156344,2025-08-02T17:39:04,0.000005003,8ZJhdzZuNkG5yRkziJsKqN5X1UA2grQzMjmKnxTfM8HQ,inc,2608196192840,2732655190937,5340851383777,7ELYi3i6ZrD1yyJRTfrchd4vefNUpxJoGKZb8ahQTmYs,6,1.0
17kv4BXYyXdJ35GCAd5fCzJEwzAhdWVTU5np1DwdAgPqTSdFd3WsqdAkofBpKgYWU2pSEQ1q2rYD8Bf5pEyCPkX,1754156344,2025-08-02T17:39:04,0.000005003,D6JhU5uiVutVUido9N9RPuKs79pvxXsxBv9CTjCR1hhz,dec,453813350,604578274,150764924,So11111111111111111111111111111111111111111,9,1.0
mnKLxWQ5aLUnCKda7FZXaoE67xrdMHhnFi6vBTY2m5unKPSpXqpvRHcQAJ3k9smPMiKcxKThNjYb128PqWopaTf,1754156156,2025-08-02T17:35:56,0.000005,D6JhU5uiVutVUido9N9RPuKs79pvxXsxBv9CTjCR1hhz,dec,6000,604584274,604578274,So11111111111111111111111111111111111111111,9,1.0
Gay7yYn6xNFpjFvKB2MsNffMQaQwVnnTFMoDPuhQfbQw7VTdy9yXY3xz6W8xti4QbZ8RbCMKW9TM6SgTwdxrhZF,1754156156,2025-08-02T17:35:56,0.000005003,8ZJhdzZuNkG5yRkziJsKqN5X1UA2grQzMjmKnxTfM8HQ,inc,2732315030122,340160815,2732655190937,7ELYi3i6ZrD1yyJRTfrchd4vefNUpxJoGKZb8ahQTmYs,6,1.0
Gay7yYn6xNFpjFvKB2MsNffMQaQwVnnTFMoDPuhQfbQw7VTdy9yXY3xz6W8xti4QbZ8RbCMKW9TM6SgTwdxrhZF,1754156156,2025-08-02T17:35:56,0.000005003,D6JhU5uiVutVUido9N9RPuKs79pvxXsxBv9CTjCR1hhz,dec,459995201,1064579475,604584274,So11111111111111111111111111111111111111111,9,1.0
5CcRPdFxfmrE1KC8jGG6giJ3C5y92iqsXqrix1oBEPXKvxxbW6DR6yYo3Qb1hwJhGXzcoznUce4RZVZv9J8rTPF7,1754156114,2025-08-02T17:35:14,0.000005,D6JhU5uiVutVUido9N9RPuKs79pvxXsxBv9CTjCR1hhz,dec,6000,1064585475,1064579475,So11111111111111111111111111111111111111111,9,1.0
BV5vH52y6wE4LcCTbRDxTMZJvdGMvjrwjejTSXY8tQkW3ShVy7Daj7X631rjzw5ELgMytRGANuCCjCSHrrcq5bo,1754156114,2025-08-02T17:35:14,0.000005002,8ZJhdzZuNkG5yRkziJsKqN5X1UA2grQzMjmKnxTfM8HQ,dec,42868512742,43208673557,340160815,7ELYi3i6ZrD1yyJRTfrchd4vefNUpxJoGKZb8ahQTmYs,6,1.0
BV5vH52y6wE4LcCTbRDxTMZJvdGMvjrwjejTSXY8tQkW3ShVy7Daj7X631rjzw5ELgMytRGANuCCjCSHrrcq5bo,1754156114,2025-08-02T17:35:14,0.000005002,D6JhU5uiVutVUido9N9RPuKs79pvxXsxBv9CTjCR1hhz,inc,7179472,1057406003,1064585475,So11111111111111111111111111111111111111111,9,1.0
5tNsSNxPd6qeNQ9MpXXP8z2dMH8GtVUE7Fou7gNBvHFFLw7Q7WLB34F7Actf1pkmD9N8qD6hvB8h9n6Ztz7qXqYF,1754156079,2025-08-02T17:34:39,0.000005,D6JhU5uiVutVUido9N9RPuKs79pvxXsxBv9CTjCR1hhz,dec,6000,1057412003,1057406003,So11111111111111111111111111111111111111111,9,1.0
5EKNb3nUadHSDy4QjfVTx1ctbKpQiLUUVZqCWj8zMTPqRxSKUmF18tvJdjzK3P4nqvwa9TcM4a6TqyAuXVzrT8wP,1754156079,2025-08-02T17:34:39,0.000005002,8ZJhdzZuNkG5yRkziJsKqN5X1UA2grQzMjmKnxTfM8HQ,dec,5354768667766,5397977341323,43208673557,7ELYi3i6ZrD1yyJRTfrchd4vefNUpxJoGKZb8ahQTmYs,6,1.0
5EKNb3nUadHSDy4QjfVTx1ctbKpQiLUUVZqCWj8zMTPqRxSKUmF18tvJdjzK3P4nqvwa9TcM4a6TqyAuXVzrT8wP,1754156079,2025-08-02T17:34:39,0.000005002,D6JhU5uiVutVUido9N9RPuKs79pvxXsxBv9CTjCR1hhz,inc,881111280,176300723,1057412003,So11111111111111111111111111111111111111111,9,1.0
2vkajfj2PGyuHQQssMNAsNiETKq2HoWaffhFpcbEu4Sdc2buqzyA7Utu29NmdbNScLpGpKMztTinEVm7rgjA14er,1754156069,2025-08-02T17:34:29,0.000005,D6JhU5uiVutVUido9N9RPuKs79pvxXsxBv9CTjCR1hhz,dec,6000,176306723,176300723,So11111111111111111111111111111111111111111,9,1.0
2VmdDtLGmi5wvWFicMXzbJH58wrsC58o2Gbs53dnPeUCst4zsh57h73NvT7vrWsqqrhcQH7DNUh8D6eUasjMHJH2,1754156069,2025-08-02T17:34:29,0.000005003,8ZJhdzZuNkG5yRkziJsKqN5X1UA2grQzMjmKnxTfM8HQ,inc,2244911081045,3153066260278,5397977341323,7ELYi3i6ZrD1yyJRTfrchd4vefNUpxJoGKZb8ahQTmYs,6,1.0
2VmdDtLGmi5wvWFicMXzbJH58wrsC58o2Gbs53dnPeUCst4zsh57h73NvT7vrWsqqrhcQH7DNUh8D6eUasjMHJH2,1754156069,2025-08-02T17:34:29,0.000005003,D6JhU5uiVutVUido9N9RPuKs79pvxXsxBv9CTjCR1hhz,dec,366838255,543144978,176306723,So11111111111111111111111111111111111111111,9,1.0
4BsvSo3gFeffMsKmyUb9TQseihgUuqgJ1Lnh3yhXKKSTDMSF4KH5gX2R39fpaSyQbVZ6AM6Qm1Fx3pygU5mfUDpU,1754155969,2025-08-02T17:32:49,0.000005,D6JhU5uiVutVUido9N9RPuKs79pvxXsxBv9CTjCR1hhz,dec,6000,543150978,543144978,So11111111111111111111111111111111111111111,9,1.0
4R8onknVGPTh7oeK7ZMxSvZ9WX4PijSEWMrBG2inxz6Jm1q3G5sg4g4cMudEnRccqfuAJT6cY9yPA9EvkJLxBvqQ,1754155969,2025-08-02T17:32:49,0.000005002,8ZJhdzZuNkG5yRkziJsKqN5X1UA2grQzMjmKnxTfM8HQ,dec,2393108320293,5546174580571,3153066260278,7ELYi3i6ZrD1yyJRTfrchd4vefNUpxJoGKZb8ahQTmYs,6,1.0
4R8onknVGPTh7oeK7ZMxSvZ9WX4PijSEWMrBG2inxz6Jm1q3G5sg4g4cMudEnRccqfuAJT6cY9yPA9EvkJLxBvqQ,1754155969,2025-08-02T17:32:49,0.000005002,D6JhU5uiVutVUido9N9RPuKs79pvxXsxBv9CTjCR1hhz,inc,400686040,142464938,543150978,So11111111111111111111111111111111111111111,9,1.0
ivnKfj7R3Fmq7SKwC8jS93YNG13fkF6cgS1yxMKciwws9SbhYrzEFX4B3Emdm3bbbEu4LdkxQMf3jhus72YEZiY,1754155969,2025-08-02T17:32:49,0.000005,D6JhU5uiVutVUido9N9RPuKs79pvxXsxBv9CTjCR1hhz,dec,6000,142470938,142464938,So11111111111111111111111111111111111111111,9,1.0
3S3KzvGVgbKQTRNqBGbDWrYTDXaFMBp5tZk6FBfjmuGxRicNLwHfqJKFRdtdAQ8gnUktEZv4gMS6gnaqXoBVzzjH,1754155969,2025-08-02T17:32:49,0.000005003,8ZJhdzZuNkG5yRkziJsKqN5X1UA2grQzMjmKnxTfM8HQ,inc,3058620989320,2487553591251,5546174580571,7ELYi3i6ZrD1yyJRTfrchd4vefNUpxJoGKZb8ahQTmYs,6,1.0
3S3KzvGVgbKQTRNqBGbDWrYTDXaFMBp5tZk6FBfjmuGxRicNLwHfqJKFRdtdAQ8gnUktEZv4gMS6gnaqXoBVzzjH,1754155969,2025-08-02T17:32:49,0.000005003,D6JhU5uiVutVUido9N9RPuKs79pvxXsxBv9CTjCR1hhz,dec,503613035,646083973,142470938,So11111111111111111111111111111111111111111,9,1.0
ZSejRGb3VjYbGW1bH9b7atJFCNrMB3rTpBnzMz46eKt2XxRhzFMKFk4KzuBTwVYuareM41sNCCcMp8gMhcHXfcm,1754155949,2025-08-02T17:32:29,0.000005,D6JhU5uiVutVUido9N9RPuKs79pvxXsxBv9CTjCR1hhz,dec,6000,646089973,646083973,So11111111111111111111111111111111111111111,9,1.0
4HgzQQXELkS7gzq4S7Z1riRotpUzs2FXdpGMgq5nZJg9N4bjFYKzZc1YnGoxnZJs8n75ZmAiBvPeWdQ5GubYStda,1754155949,2025-08-02T17:32:29,0.000005003,8ZJhdzZuNkG5yRkziJsKqN5X1UA2grQzMjmKnxTfM8HQ,inc,2487553587042,4209,2487553591251,7ELYi3i6ZrD1yyJRTfrchd4vefNUpxJoGKZb8ahQTmYs,6,1.0
4HgzQQXELkS7gzq4S7Z1riRotpUzs2FXdpGMgq5nZJg9N4bjFYKzZc1YnGoxnZJs8n75ZmAiBvPeWdQ5GubYStda,1754155949,2025-08-02T17:32:29,0.000005003,D6JhU5uiVutVUido9N9RPuKs79pvxXsxBv9CTjCR1hhz,dec,397696130,1043786103,646089973,So11111111111111111111111111111111111111111,9,1.0
2TvVHDEvpaLrppN4An1ZkNrok2p1CUPAvU35U6QFDdiuqqvnnoucxwjTFHtwPUVge5pCzgWqrukkfZHYfWh23oT8,1754155842,2025-08-02T17:30:42,0.000005,D6JhU5uiVutVUido9N9RPuKs79pvxXsxBv9CTjCR1hhz,dec,6000,1043792103,1043786103,So11111111111111111111111111111111111111111,9,1.0
4GL7QBxYQg81Fp3HCHKDpEYkhZmSHSFLHHxHTW3BsbUznCrKZpKnZjxH1X7SkEjpibRbEzX7kfGn1WPFYVHruXEi,1754155842,2025-08-02T17:30:42,0.000005002,8ZJhdzZuNkG5yRkziJsKqN5X1UA2grQzMjmKnxTfM8HQ,dec,4177723995312,4177723999521,4209,7ELYi3i6ZrD1yyJRTfrchd4vefNUpxJoGKZb8ahQTmYs,6,1.0
4GL7QBxYQg81Fp3HCHKDpEYkhZmSHSFLHHxHTW3BsbUznCrKZpKnZjxH1X7SkEjpibRbEzX7kfGn1WPFYVHruXEi,1754155842,2025-08-02T17:30:42,0.000005002,D6JhU5uiVutVUido9N9RPuKs79pvxXsxBv9CTjCR1hhz,inc,654565586,389226517,1043792103,So11111111111111111111111111111111111111111,9,1.0
4H4bvqfZR9m72kiSkxCm2KWTaFkScwQN3Y5AXrWsxb83ie1z9bLZqcFBGvxZUrrgJU5rf1tcJj8FdjqXjmSwHwkt,1754155760,2025-08-02T17:29:20,0.000005,D6JhU5uiVutVUido9N9RPuKs79pvxXsxBv9CTjCR1hhz,dec,6000,389232517,389226517,So11111111111111111111111111111111111111111,9,1.0
oKMqjoFtkwX5fuT3TAhT8uknLxeoPEcVfeko1G6GwfCCwoSG8HNQ8WJXomfXzJUREphMKDaW5ns7Q5bssNaUtgU,1754155760,2025-08-02T17:29:20,0.000005003,8ZJhdzZuNkG5yRkziJsKqN5X1UA2grQzMjmKnxTfM8HQ,inc,1446088531559,2731635467962,4177723999521,7ELYi3i6ZrD1yyJRTfrchd4vefNUpxJoGKZb8ahQTmYs,6,1.0
oKMqjoFtkwX5fuT3TAhT8uknLxeoPEcVfeko1G6GwfCCwoSG8HNQ8WJXomfXzJUREphMKDaW5ns7Q5bssNaUtgU,1754155760,2025-08-02T17:29:20,0.000005003,D6JhU5uiVutVUido9N9RPuKs79pvxXsxBv9CTjCR1hhz,dec,221668484,610901001,389232517,So11111111111111111111111111111111111111111,9,1.0
28jxsdgBmPBvMpK4puMyS5CcaDHL8MxrRFBZgJL27RuP1N5PbSF6eCZoW9nWoynSvqhh3emVwEuqJnj6rZLRbvLP,1754155682,2025-08-02T17:28:02,0.000005,D6JhU5uiVutVUido9N9RPuKs79pvxXsxBv9CTjCR1hhz,dec,6000,610907001,610901001,So11111111111111111111111111111111111111111,9,1.0
3HRKn3sXdQGEQhtssum6dsKFzzWv4oGt4taPdsV8fdzWPMNwvN5eNZAGGTb2e5ixa3VoWdYhMTSezXqU3fsyhWwr,1754155682,2025-08-02T17:28:02,0.000005003,8ZJhdzZuNkG5yRkziJsKqN5X1UA2grQzMjmKnxTfM8HQ,inc,2731635461853,6109,2731635467962,7ELYi3i6ZrD1yyJRTfrchd4vefNUpxJoGKZb8ahQTmYs,6,1.0
3HRKn3sXdQGEQhtssum6dsKFzzWv4oGt4taPdsV8fdzWPMNwvN5eNZAGGTb2e5ixa3VoWdYhMTSezXqU3fsyhWwr,1754155682,2025-08-02T17:28:02,0.000005003,D6JhU5uiVutVUido9N9RPuKs79pvxXsxBv9CTjCR1hhz,dec,407600912,1018507913,610907001,So11111111111111111111111111111111111111111,9,1.0
3Wd1WQ1FnvetuqqqG19ThiBrcF83SxKRF2ayn8PH8kAEEdW4FjtvL96j9Hwt1xvfMGicgELSqaZPTTJAiVh6Q4hW,1754155624,2025-08-02T17:27:04,0.000005,D6JhU5uiVutVUido9N9RPuKs79pvxXsxBv9CTjCR1hhz,dec,6000,1018513913,1018507913,So11111111111111111111111111111111111111111,9,1.0
36oWh1Niyrak9EuR22LvBs1G7PSFPgHKZ71amyR5XvWontArfrUvcu5kAcc12y7PoKLQPbMPTRsigS9Qk9B8b97K,1754155624,2025-08-02T17:27:04,0.000005002,8ZJhdzZuNkG5yRkziJsKqN5X1UA2grQzMjmKnxTfM8HQ,dec,4783350745418,4783350751527,6109,7ELYi3i6ZrD1yyJRTfrchd4vefNUpxJoGKZb8ahQTmYs,6,1.0
36oWh1Niyrak9EuR22LvBs1G7PSFPgHKZ71amyR5XvWontArfrUvcu5kAcc12y7PoKLQPbMPTRsigS9Qk9B8b97K,1754155624,2025-08-02T17:27:04,0.000005002,D6JhU5uiVutVUido9N9RPuKs79pvxXsxBv9CTjCR1hhz,inc,709000858,309513055,1018513913,So11111111111111111111111111111111111111111,9,1.0
4qWA6qJPo5Ez2h6CWp3mawDPMZbhsTrMqs4ASdF3nD5ssDetU8D4e6AgifAjU1Kyb3RxWNbiBwxaHrafaXVbeurt,1754155580,2025-08-02T17:26:20,0.000005,D6JhU5uiVutVUido9N9RPuKs79pvxXsxBv9CTjCR1hhz,dec,6000,309519055,309513055,So11111111111111111111111111111111111111111,9,1.0
5z8eDuWDgthGnBFSmH45kgdRZmzvUECHzskY7a6MdqCuGE3SeSLtkGj4qWuBZ5mnis3SVFYecqCrmhDvy3W1DLbk,1754155580,2025-08-02T17:26:20,0.000005003,8ZJhdzZuNkG5yRkziJsKqN5X1UA2grQzMjmKnxTfM8HQ,inc,2250585889134,2532764862393,4783350751527,7ELYi3i6ZrD1yyJRTfrchd4vefNUpxJoGKZb8ahQTmYs,6,1.0
5z8eDuWDgthGnBFSmH45kgdRZmzvUECHzskY7a6MdqCuGE3SeSLtkGj4qWuBZ5mnis3SVFYecqCrmhDvy3W1DLbk,1754155580,2025-08-02T17:26:20,0.000005003,D6JhU5uiVutVUido9N9RPuKs79pvxXsxBv9CTjCR1hhz,dec,340440870,649959925,309519055,So11111111111111111111111111111111111111111,9,1.0
3NNrjkgrxdLpyXWe3GtgM7rAi1pzfexLerDxgfrgCUDyNp6YvzaR5qhtNn3ktRyQkPc9tKAws8oy4YN4TGeZZrB2,1754155555,2025-08-02T17:25:55,0.000005,D6JhU5uiVutVUido9N9RPuKs79pvxXsxBv9CTjCR1hhz,dec,6000,649965925,649959925,So11111111111111111111111111111111111111111,9,1.0
2oSB1sXzeC4Lv4np4oxXYvQBrLw7fqjWogci1aEibBU18omUXi2Gzr3yrVFza6z1eJDTg7WpBsYxQ66Z77NgPTuH,1754155555,2025-08-02T17:25:55,0.000005003,8ZJhdzZuNkG5yRkziJsKqN5X1UA2grQzMjmKnxTfM8HQ,inc,2520559451047,12205411346,2532764862393,7ELYi3i6ZrD1yyJRTfrchd4vefNUpxJoGKZb8ahQTmYs,6,1.0
2oSB1sXzeC4Lv4np4oxXYvQBrLw7fqjWogci1aEibBU18omUXi2Gzr3yrVFza6z1eJDTg7WpBsYxQ66Z77NgPTuH,1754155555,2025-08-02T17:25:55,0.000005003,D6JhU5uiVutVUido9N9RPuKs79pvxXsxBv9CTjCR1hhz,dec,370645103,1020611028,649965925,So11111111111111111111111111111111111111111,9,1.0
N7T5LdAzaxYnttGvti2qQvSGP5PGtXXHmsvxbKadEfMxSq9MeEQpu2ADpte2PWs5o9QkwYN6VadZMaMj9PXfNBy,1754155450,2025-08-02T17:24:10,0.000005,D6JhU5uiVutVUido9N9RPuKs79pvxXsxBv9CTjCR1hhz,dec,6000,1020617028,1020611028,So11111111111111111111111111111111111111111,9,1.0
44sLKUnZ5qtHQvu4Cmkb5xrej7x3Xs3Rz26uHjjukXaUYoPfwwZH5Z8dXw8JRWPH76tq3V2cCNRmJhTJiLj4JfZS,1754155450,2025-08-02T17:24:10,0.000005002,8ZJhdzZuNkG5yRkziJsKqN5X1UA2grQzMjmKnxTfM8HQ,dec,5064741246134,5076946657480,12205411346,7ELYi3i6ZrD1yyJRTfrchd4vefNUpxJoGKZb8ahQTmYs,6,1.0
44sLKUnZ5qtHQvu4Cmkb5xrej7x3Xs3Rz26uHjjukXaUYoPfwwZH5Z8dXw8JRWPH76tq3V2cCNRmJhTJiLj4JfZS,1754155450,2025-08-02T17:24:10,0.000005002,D6JhU5uiVutVUido9N9RPuKs79pvxXsxBv9CTjCR1hhz,inc,744722737,275894291,1020617028,So11111111111111111111111111111111111111111,9,1.0
65zkW35WPi1RiY4vaatHsb6TG3QF7f9oCsQi4MJ7ALMTqrdYVoj55NJg1aiRTWPfGWNGndeL5Kr1vmE3AQDZeYYR,1754155366,2025-08-02T17:22:46,0.000005,D6JhU5uiVutVUido9N9RPuKs79pvxXsxBv9CTjCR1hhz,dec,6000,275900291,275894291,So11111111111111111111111111111111111111111,9,1.0
wCi5HjE5SC4ZT5H9Tpv11ZDjSBBfajSfYKQPy1Evyns2zZVCXdChM9EGcmm5jpB4SNBiitu9cNTHdhDRcWydMFK,1754155366,2025-08-02T17:22:46,0.000005003,8ZJhdzZuNkG5yRkziJsKqN5X1UA2grQzMjmKnxTfM8HQ,inc,1204540995010,3872405662470,5076946657480,7ELYi3i6ZrD1yyJRTfrchd4vefNUpxJoGKZb8ahQTmYs,6,1.0
wCi5HjE5SC4ZT5H9Tpv11ZDjSBBfajSfYKQPy1Evyns2zZVCXdChM9EGcmm5jpB4SNBiitu9cNTHdhDRcWydMFK,1754155366,2025-08-02T17:22:46,0.000005003,D6JhU5uiVutVUido9N9RPuKs79pvxXsxBv9CTjCR1hhz,dec,171454968,447355259,275900291,So11111111111111111111111111111111111111111,9,1.0
4pkb1t7DCqvQ9qrPrruxppHEzkwhAzVtutPAz8MMEeKi1XedLHEXhGVir8Dcvx78Qp6RwpyphLcyHMhPRHFRBcrv,1754155335,2025-08-02T17:22:15,0.000005,D6JhU5uiVutVUido9N9RPuKs79pvxXsxBv9CTjCR1hhz,dec,6000,447361259,447355259,So11111111111111111111111111111111111111111,9,1.0
5NKywatehVTqzYGAvXeTcCcqoypv1NnWyjHKu1ukqdhhBrWsUsBgwBy8FxETjtxVsQFLscefpHNvnwhobTPNn2P,1754155335,2025-08-02T17:22:15,0.000005003,8ZJhdzZuNkG5yRkziJsKqN5X1UA2grQzMjmKnxTfM8HQ,inc,2822446327031,1049959335439,3872405662470,7ELYi3i6ZrD1yyJRTfrchd4vefNUpxJoGKZb8ahQTmYs,6,1.0
5NKywatehVTqzYGAvXeTcCcqoypv1NnWyjHKu1ukqdhhBrWsUsBgwBy8FxETjtxVsQFLscefpHNvnwhobTPNn2P,1754155335,2025-08-02T17:22:15,0.000005003,D6JhU5uiVutVUido9N9RPuKs79pvxXsxBv9CTjCR1hhz,dec,408520977,855882236,447361259,So11111111111111111111111111111111111111111,9,1.0
3AyfHJsNbzsviMrra87KU1HXNEaCrFieFBibKj1Xkr9MTRDyFyyNcZHVQqbdzTemn24FMF7SQocjxwhpnHU2gmda,1754155278,2025-08-02T17:21:18,0.000005,D6JhU5uiVutVUido9N9RPuKs79pvxXsxBv9CTjCR1hhz,dec,6000,855888236,855882236,So11111111111111111111111111111111111111111,9,1.0
5jP9gpEdezbzx2u64jKcczpjMmjnn9a6QCknrc5T5fufsp5f2394J28ovmFNnw5cXjzed8s7RCZ69S6tF26AXST7,1754155278,2025-08-02T17:21:18,0.000005003,8ZJhdzZuNkG5yRkziJsKqN5X1UA2grQzMjmKnxTfM8HQ,inc,1042636310270,7323025169,1049959335439,7ELYi3i6ZrD1yyJRTfrchd4vefNUpxJoGKZb8ahQTmYs,6,1.0
5jP9gpEdezbzx2u64jKcczpjMmjnn9a6QCknrc5T5fufsp5f2394J28ovmFNnw5cXjzed8s7RCZ69S6tF26AXST7,1754155278,2025-08-02T17:21:18,0.000005003,D6JhU5uiVutVUido9N9RPuKs79pvxXsxBv9CTjCR1hhz,dec,151522060,1007410296,855888236,So11111111111111111111111111111111111111111,9,1.0
2ksQ6RyHhZVzL33m1CXW7p9ijtK7tQst77NuuFdr9JizuV7a6cziv3TLNyWzHZ7Va4ygEHKN8EDHDKYRmecgZmKt,1754155233,2025-08-02T17:20:33,0.000005,D6JhU5uiVutVUido9N9RPuKs79pvxXsxBv9CTjCR1hhz,dec,6000,1007416296,1007410296,So11111111111111111111111111111111111111111,9,1.0
5nAnBesYZsgKYaAnQaFyuAC5qjs4zywogodnFeWXg9RAmjMMoZJou3LVrS9pjrT7TZC5gv63tNw5w5j2u9931naU,1754155233,2025-08-02T17:20:33,0.000005002,8ZJhdzZuNkG5yRkziJsKqN5X1UA2grQzMjmKnxTfM8HQ,dec,933806657755,941129682924,7323025169,7ELYi3i6ZrD1yyJRTfrchd4vefNUpxJoGKZb8ahQTmYs,6,1.0
5nAnBesYZsgKYaAnQaFyuAC5qjs4zywogodnFeWXg9RAmjMMoZJou3LVrS9pjrT7TZC5gv63tNw5w5j2u9931naU,1754155233,2025-08-02T17:20:33,0.000005002,D6JhU5uiVutVUido9N9RPuKs79pvxXsxBv9CTjCR1hhz,inc,139749926,867666370,1007416296,So11111111111111111111111111111111111111111,9,1.0
3SbLsirrbWhe8xRzyURNHeT2AGYiDrBJqJALkr362SNq62xmorXszaWZtvrp34RNLYapfXgvioTxFPzVYwmU3Z9z,1754155195,2025-08-02T17:19:55,0.000005,D6JhU5uiVutVUido9N9RPuKs79pvxXsxBv9CTjCR1hhz,dec,6000,867672370,867666370,So11111111111111111111111111111111111111111,9,1.0
5757QsYRSngtNgeDa5z8rnm6JTfaGfqzAV9cam2NYZuUCbBd8evt7gc3SB1MTKw5yEqW8GwpgBGdnrJnJRBFid54,1754155195,2025-08-02T17:19:55,0.000005003,8ZJhdzZuNkG5yRkziJsKqN5X1UA2grQzMjmKnxTfM8HQ,inc,941129681052,1872,941129682924,7ELYi3i6ZrD1yyJRTfrchd4vefNUpxJoGKZb8ahQTmYs,6,1.0
5757QsYRSngtNgeDa5z8rnm6JTfaGfqzAV9cam2NYZuUCbBd8evt7gc3SB1MTKw5yEqW8GwpgBGdnrJnJRBFid54,1754155195,2025-08-02T17:19:55,0.000005003,D6JhU5uiVutVUido9N9RPuKs79pvxXsxBv9CTjCR1hhz,dec,142067901,1009740271,867672370,So11111111111111111111111111111111111111111,9,1.0
3rYKFEcGMVmbhtwTi2UnzeKW77kSBrpusK35rn6q7Dq6PhiBsZMnMX7WiiCjEAtFCFX7EtV3hs6aD4MxCQQGn9Fj,1754155108,2025-08-02T17:18:28,0.000005,D6JhU5uiVutVUido9N9RPuKs79pvxXsxBv9CTjCR1hhz,dec,6000,1009746271,1009740271,So11111111111111111111111111111111111111111,9,1.0
WuoPEzFgkC4b7kNw1LWspHXTZin2zogTAGEvDkRjocTvUhNEGXVhNeixzoA54A6rD8vzReuKBtvgDZk2bT6qgsk,1754155108,2025-08-02T17:18:28,0.000005002,8ZJhdzZuNkG5yRkziJsKqN5X1UA2grQzMjmKnxTfM8HQ,dec,21096698019,21096699891,1872,7ELYi3i6ZrD1yyJRTfrchd4vefNUpxJoGKZb8ahQTmYs,6,1.0
WuoPEzFgkC4b7kNw1LWspHXTZin2zogTAGEvDkRjocTvUhNEGXVhNeixzoA54A6rD8vzReuKBtvgDZk2bT6qgsk,1754155108,2025-08-02T17:18:28,0.000005002,D6JhU5uiVutVUido9N9RPuKs79pvxXsxBv9CTjCR1hhz,inc,2673267,1007073004,1009746271,So11111111111111111111111111111111111111111,9,1.0
31pmPAqoCaRKqNXZT3hCEy6v6R8VyJ6iFQxRHDojDMF6XSnV2NEfy4uLfKEyQoLv7bAAdHPiRJHr72ASb4nfbMf5,1754155097,2025-08-02T17:18:17,0.000005,D6JhU5uiVutVUido9N9RPuKs79pvxXsxBv9CTjCR1hhz,dec,6000,1007079004,1007073004,So11111111111111111111111111111111111111111,9,1.0
3Ls7X433rRHBkp3TFGGfRSaQv8Rek5cio7nzRfs2RQoFihAFVgKLUMRGRjCAt6LC1qkqyfYJo1GRH1oWf6BTS8mF,1754155097,2025-08-02T17:18:17,0.000005002,8ZJhdzZuNkG5yRkziJsKqN5X1UA2grQzMjmKnxTfM8HQ,dec,1193325419688,1214422119579,21096699891,7ELYi3i6ZrD1yyJRTfrchd4vefNUpxJoGKZb8ahQTmYs,6,1.0
3Ls7X433rRHBkp3TFGGfRSaQv8Rek5cio7nzRfs2RQoFihAFVgKLUMRGRjCAt6LC1qkqyfYJo1GRH1oWf6BTS8mF,1754155097,2025-08-02T17:18:17,0.000005002,D6JhU5uiVutVUido9N9RPuKs79pvxXsxBv9CTjCR1hhz,inc,151601588,855477416,1007079004,So11111111111111111111111111111111111111111,9,1.0
3hVREtEsxxVGDZ3nkHvKHNepWv6jHYpcBVN2HEqUvxRAD7QUrmRYPhgFEpgUHTGMCDnc5rsqaVanCU2mT5AS28fK,1754155085,2025-08-02T17:18:05,0.000005,D6JhU5uiVutVUido9N9RPuKs79pvxXsxBv9CTjCR1hhz,inc,1,855477415,855477416,So11111111111111111111111111111111111111111,9,1.0
2yQDghXmo7TBjGRQzQhUzKeAFsSv74Wa8p54xJpnGNDaXS468N4Wa2vegEgJxkFi8M86aS4iAhwAZ2xpJ9e3dxJD,1754155085,2025-08-02T17:18:05,0.000005,D6JhU5uiVutVUido9N9RPuKs79pvxXsxBv9CTjCR1hhz,inc,1,855477414,855477415,So11111111111111111111111111111111111111111,9,1.0
3csk8Ku9DrDuqcKPZ5SHjbkodidthhFV9unXjazKuyNmVYddzot3ojBfGvjtwsbu4s4eMyuX3KoemQfm6MW18QA9,1754155083,2025-08-02T17:18:03,0.000005,D6JhU5uiVutVUido9N9RPuKs79pvxXsxBv9CTjCR1hhz,dec,6000,855483414,855477414,So11111111111111111111111111111111111111111,9,1.0
2C4YxuVmHyttRMYdGLvSWb2kiqTdvqbUn2rMhVkQgfEx4MZ9oWxSD8WQqra5mnu48rw13QSfg2SWB3gLFBmnkGQt,1754155083,2025-08-02T17:18:03,0.000005003,8ZJhdzZuNkG5yRkziJsKqN5X1UA2grQzMjmKnxTfM8HQ,inc,1214422119280,299,1214422119579,7ELYi3i6ZrD1yyJRTfrchd4vefNUpxJoGKZb8ahQTmYs,6,1.0
2C4YxuVmHyttRMYdGLvSWb2kiqTdvqbUn2rMhVkQgfEx4MZ9oWxSD8WQqra5mnu48rw13QSfg2SWB3gLFBmnkGQt,1754155083,2025-08-02T17:18:03,0.000005003,D6JhU5uiVutVUido9N9RPuKs79pvxXsxBv9CTjCR1hhz,dec,149639847,1005123261,855483414,So11111111111111111111111111111111111111111,9,1.0
52G3a2mYKAHEJVYqAMALKQnXUxW6JW9hcadmSUtbfBoQ5ST9JEcn3i1y4M25SSkyFHcy5v8yB3aQPoSqq5KYzxF9,1754155058,2025-08-02T17:17:38,0.000005,D6JhU5uiVutVUido9N9RPuKs79pvxXsxBv9CTjCR1hhz,dec,6000,1005129261,1005123261,So11111111111111111111111111111111111111111,9,1.0
5bjTXctw5kZpKReKRKLaJ8ZnSPo4F67J1LB3AGEpgdAMjmGY7b52TJ9B7kguGYNDZdyhnyx3RCfJJHRPkLrHZKRx,1754155058,2025-08-02T17:17:38,0.000005002,8ZJhdzZuNkG5yRkziJsKqN5X1UA2grQzMjmKnxTfM8HQ,dec,4299821818715,4299821819014,299,7ELYi3i6ZrD1yyJRTfrchd4vefNUpxJoGKZb8ahQTmYs,6,1.0
5bjTXctw5kZpKReKRKLaJ8ZnSPo4F67J1LB3AGEpgdAMjmGY7b52TJ9B7kguGYNDZdyhnyx3RCfJJHRPkLrHZKRx,1754155058,2025-08-02T17:17:38,0.000005002,D6JhU5uiVutVUido9N9RPuKs79pvxXsxBv9CTjCR1hhz,inc,514655257,490474004,1005129261,So11111111111111111111111111111111111111111,9,1.0
4J8WmXUTRz5XfTWTQm9JGwavx68Zt475QUfvLtYivUEWWhP5eMPYxxdzywLsj8dfYgiqXgY5v5sV4Bxf7mte6YpH,1754155055,2025-08-02T17:17:35,0.000005,D6JhU5uiVutVUido9N9RPuKs79pvxXsxBv9CTjCR1hhz,dec,6000,490480004,490474004,So11111111111111111111111111111111111111111,9,1.0
4Ddztttx5CkWiUmFmxGyEsDBLA9GgDNxEUWwEMSN7NxYmEWVJVkkb7Cdx4QSWFM8PnPFuLsKaZdQaGeg91FzVeU6,1754155055,2025-08-02T17:17:35,0.000005003,8ZJhdzZuNkG5yRkziJsKqN5X1UA2grQzMjmKnxTfM8HQ,inc,2394621356203,1905200462811,4299821819014,7ELYi3i6ZrD1yyJRTfrchd4vefNUpxJoGKZb8ahQTmYs,6,1.0
4Ddztttx5CkWiUmFmxGyEsDBLA9GgDNxEUWwEMSN7NxYmEWVJVkkb7Cdx4QSWFM8PnPFuLsKaZdQaGeg91FzVeU6,1754155055,2025-08-02T17:17:35,0.000005003,D6JhU5uiVutVUido9N9RPuKs79pvxXsxBv9CTjCR1hhz,dec,288303077,778783081,490480004,So11111111111111111111111111111111111111111,9,1.0
2qafw64LRMwrhBYWoXHWXJAW143f8XCLdd4sKcYW4nciwkgtQM9t3UpUFLuCnu79A31yd3pJgHZRGS5nV9dZx6UU,1754155047,2025-08-02T17:17:27,0.000005,D6JhU5uiVutVUido9N9RPuKs79pvxXsxBv9CTjCR1hhz,dec,6000,778789081,778783081,So11111111111111111111111111111111111111111,9,1.0
4y3kYsV2wRD8UZyifzSFPxc57sxNAGp36RZasfdDmeJkZYgYRqZJrcw3UawuMZKpovAfc6nmSmhUQuos2pGZjj9W,1754155047,2025-08-02T17:17:27,0.000005003,8ZJhdzZuNkG5yRkziJsKqN5X1UA2grQzMjmKnxTfM8HQ,inc,1879043704129,26156758682,1905200462811,7ELYi3i6ZrD1yyJRTfrchd4vefNUpxJoGKZb8ahQTmYs,6,1.0
4y3kYsV2wRD8UZyifzSFPxc57sxNAGp36RZasfdDmeJkZYgYRqZJrcw3UawuMZKpovAfc6nmSmhUQuos2pGZjj9W,1754155047,2025-08-02T17:17:27,0.000005003,D6JhU5uiVutVUido9N9RPuKs79pvxXsxBv9CTjCR1hhz,dec,227477054,1006266135,778789081,So11111111111111111111111111111111111111111,9,1.0
P37JPiLha5K6Are8efEcLoNUgatwFeUNNGxJZswjjQwZ5r7vNVsgFkh2cqe5mgTLbYayWaBJkewtTFNNnJ8vW96,1754154993,2025-08-02T17:16:33,0.000005,D6JhU5uiVutVUido9N9RPuKs79pvxXsxBv9CTjCR1hhz,dec,6000,1006272135,1006266135,So11111111111111111111111111111111111111111,9,1.0
271hmAch4Gcg12RxKdbVeUGDchYF2yrYhUjpqjVddXuJ1tTpm7s5biDLkf7wCEPM6y8KezXyPXrrZqe3vXWNHbnc,1754154993,2025-08-02T17:16:33,0.000005002,8ZJhdzZuNkG5yRkziJsKqN5X1UA2grQzMjmKnxTfM8HQ,dec,3340712376516,3366869135198,26156758682,7ELYi3i6ZrD1yyJRTfrchd4vefNUpxJoGKZb8ahQTmYs,6,1.0
271hmAch4Gcg12RxKdbVeUGDchYF2yrYhUjpqjVddXuJ1tTpm7s5biDLkf7wCEPM6y8KezXyPXrrZqe3vXWNHbnc,1754154993,2025-08-02T17:16:33,0.000005002,D6JhU5uiVutVUido9N9RPuKs79pvxXsxBv9CTjCR1hhz,inc,349556764,656715371,1006272135,So11111111111111111111111111111111111111111,9,1.0
5q2V8N7imrAKErtHraCrhDBuWaZvMFmzFtygBry3KhfQCgm3ffj31rzkPr6jfhnhmBX6DnySSF8icwnvnSNBBQb1,1754154988,2025-08-02T17:16:28,0.000005,D6JhU5uiVutVUido9N9RPuKs79pvxXsxBv9CTjCR1hhz,dec,6000,656721371,656715371,So11111111111111111111111111111111111111111,9,1.0
2V4iaDCVMqSjRNHz2GcdTaUreGezGDS9ez2Qd4PZAkNhvMpz41u9hthk99SZdNpmQ7x5ThoXEhNLHN1qs4aacWcR,1754154988,2025-08-02T17:16:28,0.000005003,8ZJhdzZuNkG5yRkziJsKqN5X1UA2grQzMjmKnxTfM8HQ,inc,2028734890399,1338134244799,3366869135198,7ELYi3i6ZrD1yyJRTfrchd4vefNUpxJoGKZb8ahQTmYs,6,1.0
2V4iaDCVMqSjRNHz2GcdTaUreGezGDS9ez2Qd4PZAkNhvMpz41u9hthk99SZdNpmQ7x5ThoXEhNLHN1qs4aacWcR,1754154988,2025-08-02T17:16:28,0.000005003,D6JhU5uiVutVUido9N9RPuKs79pvxXsxBv9CTjCR1hhz,dec,210333050,867054421,656721371,So11111111111111111111111111111111111111111,9,1.0
3tn8UUDSAXtNyRR2xkCh5SKTqjoYmUPbgMzqKwvpEzkgQv7zrhxHaoiG8qwsRA1BhFaUJMHSdxp7TLo5kyQfFvr8,1754154975,2025-08-02T17:16:15,0.000005,D6JhU5uiVutVUido9N9RPuKs79pvxXsxBv9CTjCR1hhz,dec,6000,867060421,867054421,So11111111111111111111111111111111111111111,9,1.0
3W7odYcCj66d7Uyn2qeA2r2tqqq4MBiFsJHNhBuaWg6ttvaDeGwEMPrKYF65tknPaARRLhLrntSvnQAX5WREhJnd,1754154975,2025-08-02T17:16:15,0.000005004,8ZJhdzZuNkG5yRkziJsKqN5X1UA2grQzMjmKnxTfM8HQ,inc,1338134244799,0,1338134244799,7ELYi3i6ZrD1yyJRTfrchd4vefNUpxJoGKZb8ahQTmYs,6,1.0
3W7odYcCj66d7Uyn2qeA2r2tqqq4MBiFsJHNhBuaWg6ttvaDeGwEMPrKYF65tknPaARRLhLrntSvnQAX5WREhJnd,1754154975,2025-08-02T17:16:15,0.000005004,D6JhU5uiVutVUido9N9RPuKs79pvxXsxBv9CTjCR1hhz,dec,134439580,1001500001,867060421,So11111111111111111111111111111111111111111,9,1.0
4dNz4PJXqT3rh8WwmCG7dhSmyisBo9JxtvCVVtEGAw7FApvzQNL8NFGUkRRaDBmvYUcq5g7mnvtD6jnCCcRwMpH5,1754154877,2025-08-02T17:14:37,0.0000314,D6JhU5uiVutVUido9N9RPuKs79pvxXsxBv9CTjCR1hhz,inc,1000000000,1500001,1001500001,So11111111111111111111111111111111111111111,9,1.0
4ewQPArQ1YEAWwGhF985wcZivPsXXnZL17jyNeH9qpK4cPxBaii8fHpp8VWkYRmL8q6icYS9MGXJj4vcsRPMxNxC,1754154744,2025-08-02T17:12:24,0.000065023,D6JhU5uiVutVUido9N9RPuKs79pvxXsxBv9CTjCR1hhz,dec,1037402454,1038902455,1500001,So11111111111111111111111111111111111111111,9,1.0
2Xye8SVZkrKgBVDfeyNxc1fowYd75jcX9o7dBbWg1734Zrpp1Du73dzH569U3thoFH8ERAMEBZ2eWctBKop3VcSP,1754154569,2025-08-02T17:09:29,0.000005,D6JhU5uiVutVUido9N9RPuKs79pvxXsxBv9CTjCR1hhz,dec,6000,1038908455,1038902455,So11111111111111111111111111111111111111111,9,1.0
2r1554brtEqX7RD5uX8CQdkD1jRshz8azjBX4UsaxKMHCV1Thf9wvZEQBWfmHWGdedaZpzaXCkZGWhr8vFah4qMj,1754154569,2025-08-02T17:09:29,0.000005002,CL6Pvino4WShftoNiig3G895nEA1v876gDo2nXosxXWb,dec,217324377,217331024,6647,BmnSa7rnBjg8hCdonruJHCJWU8ZESFGKAULXVPUkeAyV,6,1.0
2r1554brtEqX7RD5uX8CQdkD1jRshz8azjBX4UsaxKMHCV1Thf9wvZEQBWfmHWGdedaZpzaXCkZGWhr8vFah4qMj,1754154569,2025-08-02T17:09:29,0.000005002,D6JhU5uiVutVUido9N9RPuKs79pvxXsxBv9CTjCR1hhz,inc,21025,1038887430,1038908455,So11111111111111111111111111111111111111111,9,1.0
AvfZTU4MGyDLiVWWhqe9QXgfepwSf1Y1DTEh1qhfcPoLuzzLDdRdH2WCKur9yS4Uiu2DfMnxEWDtCtWhh9Q7zS1,1754154544,2025-08-02T17:09:04,0.000005,D6JhU5uiVutVUido9N9RPuKs79pvxXsxBv9CTjCR1hhz,dec,6000,1038893430,1038887430,So11111111111111111111111111111111111111111,9,1.0
5J4HznP2M8N4NFGp8CcsmGFaxWhSzELrxnJB3TThU8tdcT8owoh5Sg4K4nnL6v76t2oCFJkQzhZb4LiUJdghYDva,1754154544,2025-08-02T17:09:04,0.000005002,CL6Pvino4WShftoNiig3G895nEA1v876gDo2nXosxXWb,dec,19799487974,20016818998,217331024,BmnSa7rnBjg8hCdonruJHCJWU8ZESFGKAULXVPUkeAyV,6,1.0
5J4HznP2M8N4NFGp8CcsmGFaxWhSzELrxnJB3TThU8tdcT8owoh5Sg4K4nnL6v76t2oCFJkQzhZb4LiUJdghYDva,1754154544,2025-08-02T17:09:04,0.000005002,D6JhU5uiVutVUido9N9RPuKs79pvxXsxBv9CTjCR1hhz,inc,2281592,1036611838,1038893430,So11111111111111111111111111111111111111111,9,1.0
4eXcxt4y6hNAhbRDPkTYPzRJ384PwPe6ES2mjZgXF78v1mseLEU176urqigZjs9vqCsme6jHZ36EcDeqngdiUoY7,1754154476,2025-08-02T17:07:56,0.000005,D6JhU5uiVutVUido9N9RPuKs79pvxXsxBv9CTjCR1hhz,dec,6000,1036617838,1036611838,So11111111111111111111111111111111111111111,9,1.0
5z9yVcw3tBEPfMbFFGqNX4hwrt2wbPKh36427ku7famppHWFFMmreQ5JYfeCLe5ouPEjfPr1jSfj4wxvFSp3jdjh,1754154476,2025-08-02T17:07:56,0.000005002,CL6Pvino4WShftoNiig3G895nEA1v876gDo2nXosxXWb,dec,5939846497218,5959863316216,20016818998,BmnSa7rnBjg8hCdonruJHCJWU8ZESFGKAULXVPUkeAyV,6,1.0
5z9yVcw3tBEPfMbFFGqNX4hwrt2wbPKh36427ku7famppHWFFMmreQ5JYfeCLe5ouPEjfPr1jSfj4wxvFSp3jdjh,1754154476,2025-08-02T17:07:56,0.000005002,D6JhU5uiVutVUido9N9RPuKs79pvxXsxBv9CTjCR1hhz,inc,573261681,463356157,1036617838,So11111111111111111111111111111111111111111,9,1.0
57VHhJYsULbyptQ7ATPZ8XTTaFAFZVPct27y3zTFBWhvTMG1nXxkiJRjARFPQX6cGmsqqiap2pPS4hHQUGW2FXKS,1754154464,2025-08-02T17:07:44,0.000005,D6JhU5uiVutVUido9N9RPuKs79pvxXsxBv9CTjCR1hhz,dec,6000,463362157,463356157,So11111111111111111111111111111111111111111,9,1.0
2EHjitcHT5wEkfEDvxW7JvfiemqWhkRKvu7PL1jUZkjgRTm4XNm5fGhPf22Woz7UtDiN8x8pHLgDeAr8hXkzF5do,1754154464,2025-08-02T17:07:44,0.000005004,CL6Pvino4WShftoNiig3G895nEA1v876gDo2nXosxXWb,inc,5959863316216,0,5959863316216,BmnSa7rnBjg8hCdonruJHCJWU8ZESFGKAULXVPUkeAyV,6,1.0
2EHjitcHT5wEkfEDvxW7JvfiemqWhkRKvu7PL1jUZkjgRTm4XNm5fGhPf22Woz7UtDiN8x8pHLgDeAr8hXkzF5do,1754154464,2025-08-02T17:07:44,0.000005004,D6JhU5uiVutVUido9N9RPuKs79pvxXsxBv9CTjCR1hhz,dec,538137843,1001500000,463362157,So11111111111111111111111111111111111111111,9,1.0
2w57ENeKS7PKKRcJmyCZQgZY426QDKC8cJtb6Q4URdm2wEfjcdB1qvt6xdcWCgUeGER4ibUGvBWhZnAjTwBR2zor,1754154388,2025-08-02T17:06:28,0.0000314,D6JhU5uiVutVUido9N9RPuKs79pvxXsxBv9CTjCR1hhz,inc,1000000000,1500000,1001500000,So11111111111111111111111111111111111111111,9,1.0
ypePLZP6dJZwDoRZycYPcLP62LS5HJwE2QiGfpeGw15ZWk7CW3JmdsCj1j5mQPNEZj26LRStGRsm7UUTf6yhFjs,1754154254,2025-08-02T17:04:14,0.0000666,D6JhU5uiVutVUido9N9RPuKs79pvxXsxBv9CTjCR1hhz,dec,1000000000,1001500000,1500000,So11111111111111111111111111111111111111111,9,1.0
3K7MqWQHHZdgJyH6eY9e8sHGmjvVJNv7tZyxrtGvkmG46dp1puiHQCJqARivWM3w4FbCacCFk4RkZQkNivoSckx2,1754154053,2025-08-02T17:00:53,0.0000314,D6JhU5uiVutVUido9N9RPuKs79pvxXsxBv9CTjCR1hhz,inc,1000000000,1500000,1001500000,So11111111111111111111111111111111111111111,9,1.0
UrgMGefJgyaf1VakDryEtEpADWuw3aZ2qraVSSPbyNdoU3f7tj3z3vaKi3TYaGwASAiganVJpNH9Kf4h2ociPZQ,1754153967,2025-08-02T16:59:27,0.00001,FJ79uuM4SCbrvKbPCH7d39janYH1941SE86FHFuH6fKD,dec,6788023279820,6788023279820,0,9vDro3FZVMbUhHWWhqgGPCGP4dw93XDGYmV4whHunnjR,6,1.0
kuyVpmvLNXQ4zkMhhHmx3gXusF5FYsoUcuxhmSybiy5ge8VKgWm6oJMe4m4mhvmR5kHBHT2pKhhZhXQZWN3QB3S,1754153926,2025-08-02T16:58:46,0.00006459,D6JhU5uiVutVUido9N9RPuKs79pvxXsxBv9CTjCR1hhz,dec,160380860,161880860,1500000,So11111111111111111111111111111111111111111,9,1.0
3pMMxTcBkaXYDBzKqpVpQyFvs8nHr97f66ELNYzFFecJE2Fvim9TFkxAUNXYXUvpmV2zLwtR4wfcd4LrNVTz6v3D,1754153874,2025-08-02T16:57:54,0.000005,D6JhU5uiVutVUido9N9RPuKs79pvxXsxBv9CTjCR1hhz,dec,6000,161886860,161880860,So11111111111111111111111111111111111111111,9,1.0
4NqkfnN9t36GRzPxzfG2HgWbPfZ8QoQCBzXtR9jBecyRtAEX6FZQjnZmq8g3pWZuu7QH9F1G9NjsZcAFFheB1Ago,1754153874,2025-08-02T16:57:54,0.000005003,FJ79uuM4SCbrvKbPCH7d39janYH1941SE86FHFuH6fKD,inc,1642394738718,5145628541102,6788023279820,9vDro3FZVMbUhHWWhqgGPCGP4dw93XDGYmV4whHunnjR,6,1.0
4NqkfnN9t36GRzPxzfG2HgWbPfZ8QoQCBzXtR9jBecyRtAEX6FZQjnZmq8g3pWZuu7QH9F1G9NjsZcAFFheB1Ago,1754153874,2025-08-02T16:57:54,0.000005003,D6JhU5uiVutVUido9N9RPuKs79pvxXsxBv9CTjCR1hhz,dec,237760548,399647408,161886860,So11111111111111111111111111111111111111111,9,1.0
2bSKn1ugeb1ynYgGPFcdVwVEkbJqirLbrx1PEaVjJddoxrw3Yin52iTPFSccLgPvR5VCaKztr7noSK8iRzG8nhrw,1754153846,2025-08-02T16:57:26,0.000005,D6JhU5uiVutVUido9N9RPuKs79pvxXsxBv9CTjCR1hhz,dec,6000,399653408,399647408,So11111111111111111111111111111111111111111,9,1.0
5trzse6SjbWJF9i7XevJwngxNaPdvmSXXzUEQN9MahDUTCHUWJfeSVooCqEkqWveB2bhYm6sg33AppZLBCq5a5Fh,1754153846,2025-08-02T16:57:26,0.000005003,FJ79uuM4SCbrvKbPCH7d39janYH1941SE86FHFuH6fKD,inc,2058054272064,3087574269038,5145628541102,9vDro3FZVMbUhHWWhqgGPCGP4dw93XDGYmV4whHunnjR,6,1.0
5trzse6SjbWJF9i7XevJwngxNaPdvmSXXzUEQN9MahDUTCHUWJfeSVooCqEkqWveB2bhYm6sg33AppZLBCq5a5Fh,1754153846,2025-08-02T16:57:26,0.000005003,D6JhU5uiVutVUido9N9RPuKs79pvxXsxBv9CTjCR1hhz,dec,300705897,700359305,399653408,So11111111111111111111111111111111111111111,9,1.0
4BBoB7Tfu5VLfAXtUGkMCucnd5LikDfK7zDtKdKxYmRTJY6NUijddgxgx9QhYi14ps1P1uv5G8FzEV6w62abYpPW,1754153829,2025-08-02T16:57:09,0.000005,D6JhU5uiVutVUido9N9RPuKs79pvxXsxBv9CTjCR1hhz,dec,6000,700365305,700359305,So11111111111111111111111111111111111111111,9,1.0
4peaRm6wqCc1Taz8ycG99Sx53NEPpahCbn7PTL5ZHe7H6mTAriNnkWa22WSBVe6DqLEUPTHcA82KJvQConRSC2Qj,1754153829,2025-08-02T16:57:09,0.000005003,FJ79uuM4SCbrvKbPCH7d39janYH1941SE86FHFuH6fKD,inc,3087574262759,6279,3087574269038,9vDro3FZVMbUhHWWhqgGPCGP4dw93XDGYmV4whHunnjR,6,1.0
4peaRm6wqCc1Taz8ycG99Sx53NEPpahCbn7PTL5ZHe7H6mTAriNnkWa22WSBVe6DqLEUPTHcA82KJvQConRSC2Qj,1754153829,2025-08-02T16:57:09,0.000005003,D6JhU5uiVutVUido9N9RPuKs79pvxXsxBv9CTjCR1hhz,dec,428099648,1128464953,700365305,So11111111111111111111111111111111111111111,9,1.0
2KPQv3kJ14Rs2Yb9hh4jjqpdxE5UQgYA3ZkYnMX72an775PDYqfiVRvkYjQLtRcxmErNrvvRsaLUQyLMBTTrbpna,1754153766,2025-08-02T16:56:06,0.000005,D6JhU5uiVutVUido9N9RPuKs79pvxXsxBv9CTjCR1hhz,dec,6000,1128470953,1128464953,So11111111111111111111111111111111111111111,9,1.0
3WNKyDyxUbcWkVTkcuvLfvp5q3iw4RbjMYcF4S4mia2JUoRjaFcXW6weZrLG5asWnwHgFRYdcpivXqCMvrpY5bM3,1754153766,2025-08-02T16:56:06,0.000005002,FJ79uuM4SCbrvKbPCH7d39janYH1941SE86FHFuH6fKD,dec,1102495,1108774,6279,9vDro3FZVMbUhHWWhqgGPCGP4dw93XDGYmV4whHunnjR,6,1.0
3WNKyDyxUbcWkVTkcuvLfvp5q3iw4RbjMYcF4S4mia2JUoRjaFcXW6weZrLG5asWnwHgFRYdcpivXqCMvrpY5bM3,1754153766,2025-08-02T16:56:06,0.000005002,D6JhU5uiVutVUido9N9RPuKs79pvxXsxBv9CTjCR1hhz,dec,4854,1128475807,1128470953,So11111111111111111111111111111111111111111,9,1.0
4bjPynyhktdZ4GaLZh5qTbcV8z31oMfRN77hDUPXihjpcyTBfCR3gxSGsA16Si4DuyH4vXmFN6pwrBB5nXSLuhLg,1754153758,2025-08-02T16:55:58,0.000005,D6JhU5uiVutVUido9N9RPuKs79pvxXsxBv9CTjCR1hhz,dec,6000,1128481807,1128475807,So11111111111111111111111111111111111111111,9,1.0
2reqPhyDxfzBzxSjBdabUi1M1hMqbzGEWMo6hWKHuQe74rFkhPHR5pbSUYpLmXkRWBqzc3y7AkhgGRY9gcAzPRu8,1754153758,2025-08-02T16:55:58,0.000005002,FJ79uuM4SCbrvKbPCH7d39janYH1941SE86FHFuH6fKD,dec,104142910,105251684,1108774,9vDro3FZVMbUhHWWhqgGPCGP4dw93XDGYmV4whHunnjR,6,1.0
2reqPhyDxfzBzxSjBdabUi1M1hMqbzGEWMo6hWKHuQe74rFkhPHR5pbSUYpLmXkRWBqzc3y7AkhgGRY9gcAzPRu8,1754153758,2025-08-02T16:55:58,0.000005002,D6JhU5uiVutVUido9N9RPuKs79pvxXsxBv9CTjCR1hhz,inc,8816,1128472991,1128481807,So11111111111111111111111111111111111111111,9,1.0
4zG2Gxr75Z3BobWZTneK23Uob9h6AtQAEGfEgmM61iFGc91zBMPvaRuRSA2ogkSvAkihVJCxYL667954bxENEEcB,1754153724,2025-08-02T16:55:24,0.000005,D6JhU5uiVutVUido9N9RPuKs79pvxXsxBv9CTjCR1hhz,dec,6000,1128478991,1128472991,So11111111111111111111111111111111111111111,9,1.0
4MZ83Us7HDf6oUru4Jxn5wTbnzk4xBcgFWcfui8YArQNV1QfacKR2sFrGxo98eJS29VLyEQFURApWBE9wquJFsKt,1754153724,2025-08-02T16:55:24,0.000005002,FJ79uuM4SCbrvKbPCH7d39janYH1941SE86FHFuH6fKD,dec,19243034380,19348286064,105251684,9vDro3FZVMbUhHWWhqgGPCGP4dw93XDGYmV4whHunnjR,6,1.0
4MZ83Us7HDf6oUru4Jxn5wTbnzk4xBcgFWcfui8YArQNV1QfacKR2sFrGxo98eJS29VLyEQFURApWBE9wquJFsKt,1754153724,2025-08-02T16:55:24,0.000005002,D6JhU5uiVutVUido9N9RPuKs79pvxXsxBv9CTjCR1hhz,inc,2535649,1125943342,1128478991,So11111111111111111111111111111111111111111,9,1.0
B7TgXp2bdmgxHVzRiX38cPQABg16aLPN1U6WZ5YJKLtvfzGjyuq55gUUYfQvJuovXDc4uCpUk1Pmkwyev7h1njp,1754153673,2025-08-02T16:54:33,0.000005,D6JhU5uiVutVUido9N9RPuKs79pvxXsxBv9CTjCR1hhz,dec,6000,1125949342,1125943342,So11111111111111111111111111111111111111111,9,1.0
8wyZK613ySo2AaDTp4ztYWSD3ePaJABhBg5ASy2frNgHCCF1aKpd4LhaesJcBWEsbVzyHmvga6bkdts2D5a3XBi,1754153673,2025-08-02T16:54:33,0.000005002,FJ79uuM4SCbrvKbPCH7d39janYH1941SE86FHFuH6fKD,dec,3200554387377,3219902673441,19348286064,9vDro3FZVMbUhHWWhqgGPCGP4dw93XDGYmV4whHunnjR,6,1.0
8wyZK613ySo2AaDTp4ztYWSD3ePaJABhBg5ASy2frNgHCCF1aKpd4LhaesJcBWEsbVzyHmvga6bkdts2D5a3XBi,1754153673,2025-08-02T16:54:33,0.000005002,D6JhU5uiVutVUido9N9RPuKs79pvxXsxBv9CTjCR1hhz,inc,449605226,676344116,1125949342,So11111111111111111111111111111111111111111,9,1.0
5N44Say9NaXu6dx6pzhG5m3kRTTRHH7tZjvHTMBiLwidYM4FzUsCiztKjZ1iX6EroggDe9fPQLN45cTBJFGhvw2L,1754153663,2025-08-02T16:54:23,0.000005,D6JhU5uiVutVUido9N9RPuKs79pvxXsxBv9CTjCR1hhz,dec,6000,676350116,676344116,So11111111111111111111111111111111111111111,9,1.0
4LMDsKsWJpUjSn4U8WeL1Kd7Y3G8u95DBod2nPn9AKMT3totZi4gqik9Fca9NnN3apWy8roknzxkduwoma7Gygys,1754153663,2025-08-02T16:54:23,0.000005003,FJ79uuM4SCbrvKbPCH7d39janYH1941SE86FHFuH6fKD,inc,3197707967740,22194705701,3219902673441,9vDro3FZVMbUhHWWhqgGPCGP4dw93XDGYmV4whHunnjR,6,1.0
4LMDsKsWJpUjSn4U8WeL1Kd7Y3G8u95DBod2nPn9AKMT3totZi4gqik9Fca9NnN3apWy8roknzxkduwoma7Gygys,1754153663,2025-08-02T16:54:23,0.000005003,D6JhU5uiVutVUido9N9RPuKs79pvxXsxBv9CTjCR1hhz,dec,449353402,1125703518,676350116,So11111111111111111111111111111111111111111,9,1.0
4ZteH9xKeVUqqCcStopdAwmm4PawsWDQvxxhmPPa6pCH36JUtD8GsRrGhRDkXQVvf5qRWRUSCg6AZipBuYX934L5,1754153656,2025-08-02T16:54:16,0.000005,D6JhU5uiVutVUido9N9RPuKs79pvxXsxBv9CTjCR1hhz,dec,6000,1125709518,1125703518,So11111111111111111111111111111111111111111,9,1.0
tQKG9hrbicYTPwdiXZECUu8SBpWcXzgsJhvoGs8ZMRfSDPRYLEryW4aLrmvRYvhpiupn8cXAwrehtveXqUEAj5X,1754153656,2025-08-02T16:54:16,0.000005002,FJ79uuM4SCbrvKbPCH7d39janYH1941SE86FHFuH6fKD,dec,7356285903652,7378480609353,22194705701,9vDro3FZVMbUhHWWhqgGPCGP4dw93XDGYmV4whHunnjR,6,1.0
tQKG9hrbicYTPwdiXZECUu8SBpWcXzgsJhvoGs8ZMRfSDPRYLEryW4aLrmvRYvhpiupn8cXAwrehtveXqUEAj5X,1754153656,2025-08-02T16:54:16,0.000005002,D6JhU5uiVutVUido9N9RPuKs79pvxXsxBv9CTjCR1hhz,inc,1042656329,83053189,1125709518,So11111111111111111111111111111111111111111,9,1.0
42LJ1eGDGojktipyh11obBb91pixzM8u6z4ZDoVmRsErXDnTscsPyaVkiqeTNJ6g5AE3ycKQM3CXVsoc5TgserQZ,1754153557,2025-08-02T16:52:37,0.000005,D6JhU5uiVutVUido9N9RPuKs79pvxXsxBv9CTjCR1hhz,dec,6000,83059189,83053189,So11111111111111111111111111111111111111111,9,1.0
4wQaxK54Ge9vhchwd7XpCLJKNEeXeqHVy5z9CuFgTwbnu3TRjqQwicjtikouNEFoXwHmofmz5PYN778G5P1q2f11,1754153557,2025-08-02T16:52:37,0.000005003,FJ79uuM4SCbrvKbPCH7d39janYH1941SE86FHFuH6fKD,inc,2345439431134,5033041178219,7378480609353,9vDro3FZVMbUhHWWhqgGPCGP4dw93XDGYmV4whHunnjR,6,1.0
4wQaxK54Ge9vhchwd7XpCLJKNEeXeqHVy5z9CuFgTwbnu3TRjqQwicjtikouNEFoXwHmofmz5PYN778G5P1q2f11,1754153557,2025-08-02T16:52:37,0.000005003,D6JhU5uiVutVUido9N9RPuKs79pvxXsxBv9CTjCR1hhz,dec,347481067,430540256,83059189,So11111111111111111111111111111111111111111,9,1.0
vyEWmUtbEkMedu4vHDK9orqpK52aWJTWtNNc9fmqKxXZyx7KiET2JpSWxocmZEgHYPNaa1V8JSQ8HKVxo3kKjZe,1754153557,2025-08-02T16:52:37,0.000005,D6JhU5uiVutVUido9N9RPuKs79pvxXsxBv9CTjCR1hhz,dec,6000,430546256,430540256,So11111111111111111111111111111111111111111,9,1.0
2dr1Qjd356RdDHwijmygrwHfY3mvEmbNC716wR8R2A3U3S4Ea7g969fges3y4XXtwhLWVLWqhKBm8HixgS7DQEnn,1754153557,2025-08-02T16:52:37,0.000005003,FJ79uuM4SCbrvKbPCH7d39janYH1941SE86FHFuH6fKD,inc,1659214892729,3373826285490,5033041178219,9vDro3FZVMbUhHWWhqgGPCGP4dw93XDGYmV4whHunnjR,6,1.0
2dr1Qjd356RdDHwijmygrwHfY3mvEmbNC716wR8R2A3U3S4Ea7g969fges3y4XXtwhLWVLWqhKBm8HixgS7DQEnn,1754153557,2025-08-02T16:52:37,0.000005003,D6JhU5uiVutVUido9N9RPuKs79pvxXsxBv9CTjCR1hhz,dec,242848046,673394302,430546256,So11111111111111111111111111111111111111111,9,1.0
4KQLg1vxQ3KccYKG9YqGfJCqWcPaRKVjb3MNeczWC2UQUWixYyuyqaFkULEmk7gTSv8hCwd4ZqFJG1mL4T17mB76,1754153534,2025-08-02T16:52:14,0.000005,D6JhU5uiVutVUido9N9RPuKs79pvxXsxBv9CTjCR1hhz,dec,6000,673400302,673394302,So11111111111111111111111111111111111111111,9,1.0
xvHBr6t93qybsgBs6V3u24w7HRUETwS9EB5e2q5SfNcbbV6U8rEydFdBNx4reBaWTbQJUBL8GNgET2u6cZf3L7L,1754153534,2025-08-02T16:52:14,0.000005003,FJ79uuM4SCbrvKbPCH7d39janYH1941SE86FHFuH6fKD,inc,718282923036,2655543362454,3373826285490,9vDro3FZVMbUhHWWhqgGPCGP4dw93XDGYmV4whHunnjR,6,1.0
xvHBr6t93qybsgBs6V3u24w7HRUETwS9EB5e2q5SfNcbbV6U8rEydFdBNx4reBaWTbQJUBL8GNgET2u6cZf3L7L,1754153534,2025-08-02T16:52:14,0.000005003,D6JhU5uiVutVUido9N9RPuKs79pvxXsxBv9CTjCR1hhz,dec,100465862,773866164,673400302,So11111111111111111111111111111111111111111,9,1.0
4aHWX9uQrrmB8smWMvr3e3XsmkxwsogkP4KuABCQpB1iETqZxkfouYqnFTRLPbRwzuc4URzL3uP49fuQHAo7RUEm,1754153533,2025-08-02T16:52:13,0.000005,D6JhU5uiVutVUido9N9RPuKs79pvxXsxBv9CTjCR1hhz,dec,6000,773872164,773866164,So11111111111111111111111111111111111111111,9,1.0
5nXHPntA4E6fD4NdeoYZ9cgMY9uvnRX7BzqW3osC1fTZYyDv37ySnJzPJafNPWKiPdSakKzC9T6uwzKELr2m3zVz,1754153533,2025-08-02T16:52:13,0.000005003,FJ79uuM4SCbrvKbPCH7d39janYH1941SE86FHFuH6fKD,inc,2642878258268,12665104186,2655543362454,9vDro3FZVMbUhHWWhqgGPCGP4dw93XDGYmV4whHunnjR,6,1.0
5nXHPntA4E6fD4NdeoYZ9cgMY9uvnRX7BzqW3osC1fTZYyDv37ySnJzPJafNPWKiPdSakKzC9T6uwzKELr2m3zVz,1754153533,2025-08-02T16:52:13,0.000005003,D6JhU5uiVutVUido9N9RPuKs79pvxXsxBv9CTjCR1hhz,dec,368061375,1141933539,773872164,So11111111111111111111111111111111111111111,9,1.0
5LMVBPkkDWuu39RezR54Bx4jSumw7ynnNdDW4T8ewTG1zjJebGn2AXbwCwZmhm1gjY52hNQhVhePTssKEbDAoqJv,1754153522,2025-08-02T16:52:02,0.000005,D6JhU5uiVutVUido9N9RPuKs79pvxXsxBv9CTjCR1hhz,dec,6000,1141939539,1141933539,So11111111111111111111111111111111111111111,9,1.0
4Vje1pHCgJapJXaEWQMthDSBLw9BUAsX1igB66dQ22JhY7doCj1zs4vsogdBpfKfBEqLRXU35FVxNZwcAtWkqcVv,1754153522,2025-08-02T16:52:02,0.000005002,FJ79uuM4SCbrvKbPCH7d39janYH1941SE86FHFuH6fKD,dec,3893175342018,3905840446204,12665104186,9vDro3FZVMbUhHWWhqgGPCGP4dw93XDGYmV4whHunnjR,6,1.0
4Vje1pHCgJapJXaEWQMthDSBLw9BUAsX1igB66dQ22JhY7doCj1zs4vsogdBpfKfBEqLRXU35FVxNZwcAtWkqcVv,1754153522,2025-08-02T16:52:02,0.000005002,D6JhU5uiVutVUido9N9RPuKs79pvxXsxBv9CTjCR1hhz,inc,539460215,602479324,1141939539,So11111111111111111111111111111111111111111,9,1.0
iWkjYVZr2wEFYCQnFd4NmvPjazJCk9SXT15VVikoA8ZiS1HVtoP2PXWzSXS71PxW1ufaapWTtpQiucqi1vtMKGj,1754153512,2025-08-02T16:51:52,0.000005,D6JhU5uiVutVUido9N9RPuKs79pvxXsxBv9CTjCR1hhz,dec,6000,602485324,602479324,So11111111111111111111111111111111111111111,9,1.0
3UQpdyapESzeAFGhbGTxqvSixq9rEqd4jBPxGygJP65E3kX9wNoDAECqNnCogLbbJxGJR9i2xQVo2dhd8Y5GJA7N,1754153512,2025-08-02T16:51:52,0.000005003,FJ79uuM4SCbrvKbPCH7d39janYH1941SE86FHFuH6fKD,inc,3905389230355,451215849,3905840446204,9vDro3FZVMbUhHWWhqgGPCGP4dw93XDGYmV4whHunnjR,6,1.0
3UQpdyapESzeAFGhbGTxqvSixq9rEqd4jBPxGygJP65E3kX9wNoDAECqNnCogLbbJxGJR9i2xQVo2dhd8Y5GJA7N,1754153512,2025-08-02T16:51:52,0.000005003,D6JhU5uiVutVUido9N9RPuKs79pvxXsxBv9CTjCR1hhz,dec,531017216,1133502540,602485324,So11111111111111111111111111111111111111111,9,1.0
4cSZuTnWoZ8rBuVMsvjgSGJmQCZ4sWhmXo9j7LVuEpFUVKAcj6BZXvxAjGvfd9QUeGgoYWSPdrZR1PbkrkE2NxaZ,1754153341,2025-08-02T16:49:01,0.000005,D6JhU5uiVutVUido9N9RPuKs79pvxXsxBv9CTjCR1hhz,dec,6000,1133508540,1133502540,So11111111111111111111111111111111111111111,9,1.0
3EioSvXb1dQ34wjuHF18dXehnpSKDSYQCh7SgbL826dGozCg8VDM5d7nDaFpNHQ1BgKbkP1K4W4J5rqWwPBKrvTn,1754153341,2025-08-02T16:49:01,0.000005002,FJ79uuM4SCbrvKbPCH7d39janYH1941SE86FHFuH6fKD,dec,34260720547,34711936396,451215849,9vDro3FZVMbUhHWWhqgGPCGP4dw93XDGYmV4whHunnjR,6,1.0
3EioSvXb1dQ34wjuHF18dXehnpSKDSYQCh7SgbL826dGozCg8VDM5d7nDaFpNHQ1BgKbkP1K4W4J5rqWwPBKrvTn,1754153341,2025-08-02T16:49:01,0.000005002,D6JhU5uiVutVUido9N9RPuKs79pvxXsxBv9CTjCR1hhz,inc,5092059,1128416481,1133508540,So11111111111111111111111111111111111111111,9,1.0
64kt7cwfdbRbeYzoVSojqzLaRdbnVamevarZn7jQoEsvxc4eGsuv8Vmasd9JJyxUYN6KtUpCiUW4a6a3Sg7fd8A2,1754153323,2025-08-02T16:48:43,0.000005,D6JhU5uiVutVUido9N9RPuKs79pvxXsxBv9CTjCR1hhz,dec,6000,1128422481,1128416481,So11111111111111111111111111111111111111111,9,1.0
5jNZT3UPUEaAigMRDJqmyhM2KzGaj9s4LXtgGtvDn2VhwBCCuy29ntYihUHjWKnXBotTHcUp68m749GFnFHFV7JQ,1754153323,2025-08-02T16:48:43,0.000005002,FJ79uuM4SCbrvKbPCH7d39janYH1941SE86FHFuH6fKD,dec,6591947846863,6626659783259,34711936396,9vDro3FZVMbUhHWWhqgGPCGP4dw93XDGYmV4whHunnjR,6,1.0
5jNZT3UPUEaAigMRDJqmyhM2KzGaj9s4LXtgGtvDn2VhwBCCuy29ntYihUHjWKnXBotTHcUp68m749GFnFHFV7JQ,1754153323,2025-08-02T16:48:43,0.000005002,D6JhU5uiVutVUido9N9RPuKs79pvxXsxBv9CTjCR1hhz,inc,1006128356,122294125,1128422481,So11111111111111111111111111111111111111111,9,1.0
3oJRbYNNg7kNjQtJgGE4fHG25ya6QJ5RcgUK7YeCJM3nM31poRVjqfvRGjLpq77pMeG9SgdUiBJStgYvCdzYvtRL,1754153181,2025-08-02T16:46:21,0.000005,D6JhU5uiVutVUido9N9RPuKs79pvxXsxBv9CTjCR1hhz,dec,6000,122300125,122294125,So11111111111111111111111111111111111111111,9,1.0
3vd4En8pLxSAPAYEr5jrrVMjuWww2fNKJS5n3pxF9f4ri2AVTrkay5KSbwEhSgyc7Rqg8xcFDkvWGJx6YDuJt8cK,1754153181,2025-08-02T16:46:21,0.000005003,FJ79uuM4SCbrvKbPCH7d39janYH1941SE86FHFuH6fKD,inc,3331667437124,3294992346135,6626659783259,9vDro3FZVMbUhHWWhqgGPCGP4dw93XDGYmV4whHunnjR,6,1.0
3vd4En8pLxSAPAYEr5jrrVMjuWww2fNKJS5n3pxF9f4ri2AVTrkay5KSbwEhSgyc7Rqg8xcFDkvWGJx6YDuJt8cK,1754153181,2025-08-02T16:46:21,0.000005003,D6JhU5uiVutVUido9N9RPuKs79pvxXsxBv9CTjCR1hhz,dec,457554321,579854446,122300125,So11111111111111111111111111111111111111111,9,1.0
671tjKPnYDuGh7g49xgFT8QcxAmYkb6pn591zsCUyjU13zk4WEa9YZitZJXS6P3wc6dWizCNpp6RZMMaz7hu1eGo,1754153124,2025-08-02T16:45:24,0.000005,D6JhU5uiVutVUido9N9RPuKs79pvxXsxBv9CTjCR1hhz,dec,6000,579860446,579854446,So11111111111111111111111111111111111111111,9,1.0
5LMzrLKnHTeqvjhBmmPZR7iJRwWLH9rB7n7D5DpKaPQueenVLXyWTXWEXyHFS4pvNKUpfJsJDXBL3Ydqo9vwfquD,1754153124,2025-08-02T16:45:24,0.000005004,FJ79uuM4SCbrvKbPCH7d39janYH1941SE86FHFuH6fKD,inc,3294992346135,0,3294992346135,9vDro3FZVMbUhHWWhqgGPCGP4dw93XDGYmV4whHunnjR,6,1.0
5LMzrLKnHTeqvjhBmmPZR7iJRwWLH9rB7n7D5DpKaPQueenVLXyWTXWEXyHFS4pvNKUpfJsJDXBL3Ydqo9vwfquD,1754153124,2025-08-02T16:45:24,0.000005004,D6JhU5uiVutVUido9N9RPuKs79pvxXsxBv9CTjCR1hhz,dec,421639555,1001500001,579860446,So11111111111111111111111111111111111111111,9,1.0
24BtjkZKgDfW1GQHYZzgEJ7KAx58qDpVfcahzGVsaSAwTN9dR8CkRejx5KKNz9c1y4wRiUVeT85ts3NXD4ErET77,1754152984,2025-08-02T16:43:04,0.0000314,D6JhU5uiVutVUido9N9RPuKs79pvxXsxBv9CTjCR1hhz,inc,1000000000,1500001,1001500001,So11111111111111111111111111111111111111111,9,1.0
3gLXHkeAahBTRSdMnA3q6tcCsBH9dR9TYroa6XrN8683VdYYRivazmSd5jRhx5fTU3M7YUqHqXMojTV1utX4Qdjt,1754152895,2025-08-02T16:41:35,0.00001,4ezZPSM4NxY1jRZBkmvDqY34Yh6aWwzyh1NRL4yDgAAn,dec,1208806892993,1208806892993,0,HR9vDumMZq3nS2iPajg7oxtRpQDcrki2qnMPk9cch95R,6,1.0
3gLXHkeAahBTRSdMnA3q6tcCsBH9dR9TYroa6XrN8683VdYYRivazmSd5jRhx5fTU3M7YUqHqXMojTV1utX4Qdjt,1754152895,2025-08-02T16:41:35,0.00001,CdGRCPX8zmgjk8YytuzVLeb1pVwK1DLmaCEgjLj6Qnb5,dec,5978827398811,5978827398811,0,HgZwxFNtTgzpCPFh1GtQBn1gXMH58o5SYMDbPeVjgBV,6,1.0
5MTmyAG5aaVG3mfyuV9Row4Vf8X3ES7eM9LgzEgnjEF2xfvmAgRv247uBGCzdyZERosrvogCBv4AZNfUCiZUYiEC,1754152852,2025-08-02T16:40:52,0.0000666,D6JhU5uiVutVUido9N9RPuKs79pvxXsxBv9CTjCR1hhz,dec,21773730,23273731,1500001,So11111111111111111111111111111111111111111,9,1.0
3hbH8dHYL9ZReou1B6otjWjp2H7wHeaBr5ikotSCDwe2XNtNGCWpGKNfwMrcjNB8iPrkCkm4GcNHekoWAeNiZmwp,1754152661,2025-08-02T16:37:41,0.000005,D6JhU5uiVutVUido9N9RPuKs79pvxXsxBv9CTjCR1hhz,dec,6000,23279731,23273731,So11111111111111111111111111111111111111111,9,1.0
3pzz1y6XfkR4FDGB3nBFDdh32gyHgD82wxdkZCfoc4yHMu4FMi5TF1n8bMeCaKKVwLvPsnNY6Un9DqoCog7gpkpJ,1754152661,2025-08-02T16:37:41,0.000005003,CdGRCPX8zmgjk8YytuzVLeb1pVwK1DLmaCEgjLj6Qnb5,inc,1930411995329,4048415403482,5978827398811,HgZwxFNtTgzpCPFh1GtQBn1gXMH58o5SYMDbPeVjgBV,6,1.0
3pzz1y6XfkR4FDGB3nBFDdh32gyHgD82wxdkZCfoc4yHMu4FMi5TF1n8bMeCaKKVwLvPsnNY6Un9DqoCog7gpkpJ,1754152661,2025-08-02T16:37:41,0.000005003,D6JhU5uiVutVUido9N9RPuKs79pvxXsxBv9CTjCR1hhz,dec,318757706,342037437,23279731,So11111111111111111111111111111111111111111,9,1.0
3UgR3ACuEqUBaGM3FjzNhTan8nA1VjGvkvJ56nJQCcqbyTcQ6YPdF9JVqEr5nknrzrHQBmheK5Gg1MEQ4STNu2VW,1754152624,2025-08-02T16:37:04,0.000005,D6JhU5uiVutVUido9N9RPuKs79pvxXsxBv9CTjCR1hhz,dec,6000,342043437,342037437,So11111111111111111111111111111111111111111,9,1.0
22pPAi9kLJyy9AHBm15A3YgE313nTdCXFexqz6tLb2djeyVXDSWf9XSnqDyUe62Kcr9QuXTCMKgqUFe5bShdxTUr,1754152624,2025-08-02T16:37:04,0.000005003,CdGRCPX8zmgjk8YytuzVLeb1pVwK1DLmaCEgjLj6Qnb5,inc,2546006477461,1502408926021,4048415403482,HgZwxFNtTgzpCPFh1GtQBn1gXMH58o5SYMDbPeVjgBV,6,1.0
22pPAi9kLJyy9AHBm15A3YgE313nTdCXFexqz6tLb2djeyVXDSWf9XSnqDyUe62Kcr9QuXTCMKgqUFe5bShdxTUr,1754152624,2025-08-02T16:37:04,0.000005003,D6JhU5uiVutVUido9N9RPuKs79pvxXsxBv9CTjCR1hhz,dec,437105113,779148550,342043437,So11111111111111111111111111111111111111111,9,1.0
21ZdpyezHtWppPgTBjb7zpa1bdkFD9bgmVxqR4tt9EnURqk9eSJtG4NmVdmQ7hi9DqK3LqHqiG8E7PVHeMx9gL9K,1754152581,2025-08-02T16:36:21,0.000005,D6JhU5uiVutVUido9N9RPuKs79pvxXsxBv9CTjCR1hhz,dec,6000,779154550,779148550,So11111111111111111111111111111111111111111,9,1.0
4f3Mi9Ef535ASQoQBsSy8v4YEZCPFH7op7bkmXXbXtktPdajDkfdtbevHMviqQZ9Lk9ZKyMpKbCBwK47iT6T1cnb,1754152581,2025-08-02T16:36:21,0.000005003,CdGRCPX8zmgjk8YytuzVLeb1pVwK1DLmaCEgjLj6Qnb5,inc,1502408921657,4364,1502408926021,HgZwxFNtTgzpCPFh1GtQBn1gXMH58o5SYMDbPeVjgBV,6,1.0
4f3Mi9Ef535ASQoQBsSy8v4YEZCPFH7op7bkmXXbXtktPdajDkfdtbevHMviqQZ9Lk9ZKyMpKbCBwK47iT6T1cnb,1754152581,2025-08-02T16:36:21,0.000005003,D6JhU5uiVutVUido9N9RPuKs79pvxXsxBv9CTjCR1hhz,dec,255719545,1034874095,779154550,So11111111111111111111111111111111111111111,9,1.0
5Wt6oqd85MLL2ZJ291DTAWpfxUNkNLsMshosCF64ysvV6z8VDYeAssWbgiEp9oyqyYzLHaKoPvWGYMkUUwJfpRB8,1754152569,2025-08-02T16:36:09,0.000005,D6JhU5uiVutVUido9N9RPuKs79pvxXsxBv9CTjCR1hhz,dec,6000,1034880095,1034874095,So11111111111111111111111111111111111111111,9,1.0
4P78LyB3Qsy6KeQmcU9bSsQfFK4YPiLjkfL8fcAaY2kMmVB5z71jmzVpSUFSb2m3o55g687sBgmjnvCsx3ghPTcT,1754152569,2025-08-02T16:36:09,0.000005002,CdGRCPX8zmgjk8YytuzVLeb1pVwK1DLmaCEgjLj6Qnb5,dec,5354220314355,5354220318719,4364,HgZwxFNtTgzpCPFh1GtQBn1gXMH58o5SYMDbPeVjgBV,6,1.0
4P78LyB3Qsy6KeQmcU9bSsQfFK4YPiLjkfL8fcAaY2kMmVB5z71jmzVpSUFSb2m3o55g687sBgmjnvCsx3ghPTcT,1754152569,2025-08-02T16:36:09,0.000005002,D6JhU5uiVutVUido9N9RPuKs79pvxXsxBv9CTjCR1hhz,inc,923495506,111384589,1034880095,So11111111111111111111111111111111111111111,9,1.0
2VNhhXi6Vq3sMssm1gGz2gCsn5VdCRVVSjVj5FQJtPjz8QBVDekKTmDbSig47D5Y1iffZfuBNuViaRthRWbo77Dn,1754152540,2025-08-02T16:35:40,0.000005,D6JhU5uiVutVUido9N9RPuKs79pvxXsxBv9CTjCR1hhz,dec,6000,111390589,111384589,So11111111111111111111111111111111111111111,9,1.0
4qomow2FEtbgAPCR2tNypKpJdoudTzkvABGffVny3fWVuyrBtgquScxMUMWBJY27C1LBvUhkS8cfsJPXH9Rsp32E,1754152540,2025-08-02T16:35:40,0.000005003,CdGRCPX8zmgjk8YytuzVLeb1pVwK1DLmaCEgjLj6Qnb5,inc,2243300033520,3110920285199,5354220318719,HgZwxFNtTgzpCPFh1GtQBn1gXMH58o5SYMDbPeVjgBV,6,1.0
4qomow2FEtbgAPCR2tNypKpJdoudTzkvABGffVny3fWVuyrBtgquScxMUMWBJY27C1LBvUhkS8cfsJPXH9Rsp32E,1754152540,2025-08-02T16:35:40,0.000005003,D6JhU5uiVutVUido9N9RPuKs79pvxXsxBv9CTjCR1hhz,dec,395132732,506523321,111390589,So11111111111111111111111111111111111111111,9,1.0
4TwUBbHGhXjD72Bwfrr2mPGuhTmwuoBTwEzsTzmm9MAT4yU98bHGZbRWZoaCRVfbiFLbsf7R7sbzXTYpfNb4MS8b,1754152507,2025-08-02T16:35:07,0.000005,D6JhU5uiVutVUido9N9RPuKs79pvxXsxBv9CTjCR1hhz,dec,6000,506529321,506523321,So11111111111111111111111111111111111111111,9,1.0
4WNWtzsTDBwy1vRfgaXp6THuSTkof95zxu43uaQdcbJxpSv6LFfMMWvCq3DMweSw9GwiCRhuga39RmCYcva8eK9U,1754152507,2025-08-02T16:35:07,0.000005003,CdGRCPX8zmgjk8YytuzVLeb1pVwK1DLmaCEgjLj6Qnb5,inc,3110920280962,4237,3110920285199,HgZwxFNtTgzpCPFh1GtQBn1gXMH58o5SYMDbPeVjgBV,6,1.0
4WNWtzsTDBwy1vRfgaXp6THuSTkof95zxu43uaQdcbJxpSv6LFfMMWvCq3DMweSw9GwiCRhuga39RmCYcva8eK9U,1754152507,2025-08-02T16:35:07,0.000005003,D6JhU5uiVutVUido9N9RPuKs79pvxXsxBv9CTjCR1hhz,dec,544347173,1050876494,506529321,So11111111111111111111111111111111111111111,9,1.0
3a5LNQ5qxaycKWyFZnVyS6QqF3aivbnKN6LcyPcv44wYqpcmxxYAEBVkGwHcZqSCB3YkeqRJp7j7hkZgj8cgYgH6,1754152442,2025-08-02T16:34:02,0.000005,D6JhU5uiVutVUido9N9RPuKs79pvxXsxBv9CTjCR1hhz,dec,6000,1050882494,1050876494,So11111111111111111111111111111111111111111,9,1.0
cw7LgNNiWtVfwCnUpfCu9eycs5iyfXZkrS5ksZKdYphq9b2iwj6kD58uQsRJzaPmiNsMUCREopLxb1i6Pud8gfL,1754152442,2025-08-02T16:34:02,0.000005002,CdGRCPX8zmgjk8YytuzVLeb1pVwK1DLmaCEgjLj6Qnb5,dec,3892982338233,3892982342470,4237,HgZwxFNtTgzpCPFh1GtQBn1gXMH58o5SYMDbPeVjgBV,6,1.0
cw7LgNNiWtVfwCnUpfCu9eycs5iyfXZkrS5ksZKdYphq9b2iwj6kD58uQsRJzaPmiNsMUCREopLxb1i6Pud8gfL,1754152442,2025-08-02T16:34:02,0.000005002,D6JhU5uiVutVUido9N9RPuKs79pvxXsxBv9CTjCR1hhz,inc,704747527,346134967,1050882494,So11111111111111111111111111111111111111111,9,1.0
ADGKgBs2shURPUAinpShAxZVGKhmoXpJt3kWNW3VHJR9D4XjmdktCdSiRMzSykVgjZvGD1znMaJhFxEP9uTfLrv,1754152433,2025-08-02T16:33:53,0.000005,D6JhU5uiVutVUido9N9RPuKs79pvxXsxBv9CTjCR1hhz,dec,6000,346140967,346134967,So11111111111111111111111111111111111111111,9,1.0
3Br5hvVvELNhqWYjGa4MecyBxkLnPy3twfznRT77AmM4xpqvFpknqF726juctPLtzKKiJ9MQFSUcP1qpFo5GBBU3,1754152433,2025-08-02T16:33:53,0.000005003,CdGRCPX8zmgjk8YytuzVLeb1pVwK1DLmaCEgjLj6Qnb5,inc,1253789529213,2639192813257,3892982342470,HgZwxFNtTgzpCPFh1GtQBn1gXMH58o5SYMDbPeVjgBV,6,1.0
3Br5hvVvELNhqWYjGa4MecyBxkLnPy3twfznRT77AmM4xpqvFpknqF726juctPLtzKKiJ9MQFSUcP1qpFo5GBBU3,1754152433,2025-08-02T16:33:53,0.000005003,D6JhU5uiVutVUido9N9RPuKs79pvxXsxBv9CTjCR1hhz,dec,234577195,580718162,346140967,So11111111111111111111111111111111111111111,9,1.0
msgNaQ59X297gPLbgkiyTZrNrAffGH7JVzEhzTx8Kf6VQR3AbfqXGTnWR9ejXW2twSh8j1Jh5XHQYZoXKxs8K2n,1754152399,2025-08-02T16:33:19,0.000005,D6JhU5uiVutVUido9N9RPuKs79pvxXsxBv9CTjCR1hhz,dec,6000,580724162,580718162,So11111111111111111111111111111111111111111,9,1.0
3SPw5cnd8mjRNy4U1At6N5S95Fi43cpUG9hBvqQ3hHehpfnaHwHyZS9MVC54ESbQ9t16Dz4bUeB8DtcB2UkqyukN,1754152399,2025-08-02T16:33:19,0.000005003,CdGRCPX8zmgjk8YytuzVLeb1pVwK1DLmaCEgjLj6Qnb5,inc,2621683890802,17508922455,2639192813257,HgZwxFNtTgzpCPFh1GtQBn1gXMH58o5SYMDbPeVjgBV,6,1.0
3SPw5cnd8mjRNy4U1At6N5S95Fi43cpUG9hBvqQ3hHehpfnaHwHyZS9MVC54ESbQ9t16Dz4bUeB8DtcB2UkqyukN,1754152399,2025-08-02T16:33:19,0.000005003,D6JhU5uiVutVUido9N9RPuKs79pvxXsxBv9CTjCR1hhz,dec,457538345,1038262507,580724162,So11111111111111111111111111111111111111111,9,1.0
4MeszWb7LJS8ZfkgdMv8eemffj2kEYVvqa4fCW2oyy6NtUTyUH7G6nrf9WuWMPw8nkEzQdPNDit6UKVTfca7aeNe,1754152390,2025-08-02T16:33:10,0.000005,D6JhU5uiVutVUido9N9RPuKs79pvxXsxBv9CTjCR1hhz,dec,6000,1038268507,1038262507,So11111111111111111111111111111111111111111,9,1.0
QpPT58iwnK6MeX36R1WMRMUHVfcEyVZonrz8STXKcA2YuHUdV55tYubdDDtPSDCehzso6c8T6kuPEJD8Mtb1btr,1754152390,2025-08-02T16:33:10,0.000005002,CdGRCPX8zmgjk8YytuzVLeb1pVwK1DLmaCEgjLj6Qnb5,dec,1766588280071,1784097202526,17508922455,HgZwxFNtTgzpCPFh1GtQBn1gXMH58o5SYMDbPeVjgBV,6,1.0
QpPT58iwnK6MeX36R1WMRMUHVfcEyVZonrz8STXKcA2YuHUdV55tYubdDDtPSDCehzso6c8T6kuPEJD8Mtb1btr,1754152390,2025-08-02T16:33:10,0.000005002,D6JhU5uiVutVUido9N9RPuKs79pvxXsxBv9CTjCR1hhz,inc,303639114,734629393,1038268507,So11111111111111111111111111111111111111111,9,1.0
5ncoEtNFew38YoaYYixAE9ptFmpDKL7FSM3AFTWdcLHBVF7xEAYvgTZtccrDRdr9B8GgSgncAai7Nd1dvrc7DJu1,1754152315,2025-08-02T16:31:55,0.000005,D6JhU5uiVutVUido9N9RPuKs79pvxXsxBv9CTjCR1hhz,dec,6000,734635393,734629393,So11111111111111111111111111111111111111111,9,1.0
3wqBUsdBH3BHWxcKmzbRFAsAQQLKBx2xY4ibnVZeFdX9cLiWz9Beq8QLQZihqqLRu6VWSCZRFEAz5r8WTCr1JUUG,1754152315,2025-08-02T16:31:55,0.000005003,CdGRCPX8zmgjk8YytuzVLeb1pVwK1DLmaCEgjLj6Qnb5,inc,1784097199937,2589,1784097202526,HgZwxFNtTgzpCPFh1GtQBn1gXMH58o5SYMDbPeVjgBV,6,1.0
3wqBUsdBH3BHWxcKmzbRFAsAQQLKBx2xY4ibnVZeFdX9cLiWz9Beq8QLQZihqqLRu6VWSCZRFEAz5r8WTCr1JUUG,1754152315,2025-08-02T16:31:55,0.000005003,D6JhU5uiVutVUido9N9RPuKs79pvxXsxBv9CTjCR1hhz,dec,260583946,995219339,734635393,So11111111111111111111111111111111111111111,9,1.0
wRXQ6EDzjy7Mu5fLFp74zk2jmbJtPV8Zyu9pHqtNz8RJCenXpqETBvB1V2E7ufTh9LDvKFvQLXiZENMWgUCyXQ7,1754152269,2025-08-02T16:31:09,0.000005,D6JhU5uiVutVUido9N9RPuKs79pvxXsxBv9CTjCR1hhz,dec,6000,995225339,995219339,So11111111111111111111111111111111111111111,9,1.0
4Zf1qk41kw4TEqyZWbWmDbn3ZoaGg5CT2AaGYMUmSPv9p4qRjk2pFWxQbwZ2G8SBrJPegCtvgqxBsmT8F6WiRmU3,1754152269,2025-08-02T16:31:09,0.000005002,CdGRCPX8zmgjk8YytuzVLeb1pVwK1DLmaCEgjLj6Qnb5,dec,6593634399939,6593634402528,2589,HgZwxFNtTgzpCPFh1GtQBn1gXMH58o5SYMDbPeVjgBV,6,1.0
4Zf1qk41kw4TEqyZWbWmDbn3ZoaGg5CT2AaGYMUmSPv9p4qRjk2pFWxQbwZ2G8SBrJPegCtvgqxBsmT8F6WiRmU3,1754152269,2025-08-02T16:31:09,0.000005002,D6JhU5uiVutVUido9N9RPuKs79pvxXsxBv9CTjCR1hhz,inc,937460863,57764476,995225339,So11111111111111111111111111111111111111111,9,1.0
sNvNRZeQ8mPBn4JWRmAuiYy8rgy9nMHxGBHxUVfLCU3CQuBAtecJKDaKZwKG3Hd5cQnRb44gBQVP8FSwS2gUjxT,1754152255,2025-08-02T16:30:55,0.000005,D6JhU5uiVutVUido9N9RPuKs79pvxXsxBv9CTjCR1hhz,dec,6000,57770476,57764476,So11111111111111111111111111111111111111111,9,1.0
rVBAgzABsL4sDsTH2a23VWPKGDtyhZFsLJWpAvMVJVfybDg2MmmQDsT7R6fzQSeJaHHhDLjSjCr2L85nDQ4Tetg,1754152255,2025-08-02T16:30:55,0.000005003,CdGRCPX8zmgjk8YytuzVLeb1pVwK1DLmaCEgjLj6Qnb5,inc,3029185755402,3564448647126,6593634402528,HgZwxFNtTgzpCPFh1GtQBn1gXMH58o5SYMDbPeVjgBV,6,1.0
rVBAgzABsL4sDsTH2a23VWPKGDtyhZFsLJWpAvMVJVfybDg2MmmQDsT7R6fzQSeJaHHhDLjSjCr2L85nDQ4Tetg,1754152255,2025-08-02T16:30:55,0.000005003,D6JhU5uiVutVUido9N9RPuKs79pvxXsxBv9CTjCR1hhz,dec,446443629,504214105,57770476,So11111111111111111111111111111111111111111,9,1.0
N4nHmSnW2iftLw5v62WaLaeWByh2VdvXJs7BcV1Bki26ebKEksDESQ9cm3CnzGP5tsB9crneFhEdwV1LJaG74no,1754152218,2025-08-02T16:30:18,0.000005,D6JhU5uiVutVUido9N9RPuKs79pvxXsxBv9CTjCR1hhz,dec,6000,504220105,504214105,So11111111111111111111111111111111111111111,9,1.0
9yaRiSBq6iHENtGWWKxxpB9aceuQtVsURWwkySkrEBUSgCF5AucBQeTGZ27ZjaiAxsMxx2tg58uVvtjjdH3pLyq,1754152218,2025-08-02T16:30:18,0.000005003,CdGRCPX8zmgjk8YytuzVLeb1pVwK1DLmaCEgjLj6Qnb5,inc,3564448642509,4617,3564448647126,HgZwxFNtTgzpCPFh1GtQBn1gXMH58o5SYMDbPeVjgBV,6,1.0
9yaRiSBq6iHENtGWWKxxpB9aceuQtVsURWwkySkrEBUSgCF5AucBQeTGZ27ZjaiAxsMxx2tg58uVvtjjdH3pLyq,1754152218,2025-08-02T16:30:18,0.000005003,D6JhU5uiVutVUido9N9RPuKs79pvxXsxBv9CTjCR1hhz,dec,487427293,991647398,504220105,So11111111111111111111111111111111111111111,9,1.0
s3mTnbHoD8s3tTqK58p6uC7uWikwmt3uZ1jM22gWoj9DcSL3BjsKB7uB6cXV7UeRSWVuiGFVEpHxd4hTzPACPxy,1754152181,2025-08-02T16:29:41,0.000005,D6JhU5uiVutVUido9N9RPuKs79pvxXsxBv9CTjCR1hhz,dec,6000,991653398,991647398,So11111111111111111111111111111111111111111,9,1.0
m2HnwYEfhoJ5f7gTWoBk97YLrmoL3uwTWE4qx2J7Jc7M1TyKgZne6tt5jJ624S18qWCrdeNPHKzV55DvDyvpPpg,1754152181,2025-08-02T16:29:41,0.000005002,CdGRCPX8zmgjk8YytuzVLeb1pVwK1DLmaCEgjLj6Qnb5,dec,4223959191044,4223959195661,4617,HgZwxFNtTgzpCPFh1GtQBn1gXMH58o5SYMDbPeVjgBV,6,1.0
m2HnwYEfhoJ5f7gTWoBk97YLrmoL3uwTWE4qx2J7Jc7M1TyKgZne6tt5jJ624S18qWCrdeNPHKzV55DvDyvpPpg,1754152181,2025-08-02T16:29:41,0.000005002,D6JhU5uiVutVUido9N9RPuKs79pvxXsxBv9CTjCR1hhz,inc,570354759,421298639,991653398,So11111111111111111111111111111111111111111,9,1.0
4Lw1ZXbtHkbkWmf1iLipiCur7cqSyXmpETCfWwRcZ8YJtiRqsNXw9kvQAWW1PAS7bPFFAbnmswQVrr7NDnAKygyV,1754152178,2025-08-02T16:29:38,0.000005,D6JhU5uiVutVUido9N9RPuKs79pvxXsxBv9CTjCR1hhz,dec,6000,421304639,421298639,So11111111111111111111111111111111111111111,9,1.0
35hfYAv11Y4k6FCEG7nUNTZVyWtkWMoXjcroRBiXs2dcv8MGFvNNjqDh7Km6ukrAPAwurc2pRXjU4dUvhLjMdD36,1754152178,2025-08-02T16:29:38,0.000005003,CdGRCPX8zmgjk8YytuzVLeb1pVwK1DLmaCEgjLj6Qnb5,inc,3107544027747,1116415167914,4223959195661,HgZwxFNtTgzpCPFh1GtQBn1gXMH58o5SYMDbPeVjgBV,6,1.0
35hfYAv11Y4k6FCEG7nUNTZVyWtkWMoXjcroRBiXs2dcv8MGFvNNjqDh7Km6ukrAPAwurc2pRXjU4dUvhLjMdD36,1754152178,2025-08-02T16:29:38,0.000005003,D6JhU5uiVutVUido9N9RPuKs79pvxXsxBv9CTjCR1hhz,dec,423629839,844934478,421304639,So11111111111111111111111111111111111111111,9,1.0
4GZGMSFZLfp2XakdTu7ZBbsFWx8oiL9NoVjK9cYYCJwEseQDCu7FP5KkTiXcgFGKa2JgHVJGFiybLpW8GaqjT6yq,1754152137,2025-08-02T16:28:57,0.000005,D6JhU5uiVutVUido9N9RPuKs79pvxXsxBv9CTjCR1hhz,dec,6000,844940478,844934478,So11111111111111111111111111111111111111111,9,1.0
4zb9u7M7u6FPU8XA71sosFNE6nFGmoY2g2fWHgNS5qMJETLyKtyDeiXUzJsuVqYU7uuoTVzJEy9w1ux8gAq4px5U,1754152137,2025-08-02T16:28:57,0.000005003,CdGRCPX8zmgjk8YytuzVLeb1pVwK1DLmaCEgjLj6Qnb5,inc,1110020000423,6395167491,1116415167914,HgZwxFNtTgzpCPFh1GtQBn1gXMH58o5SYMDbPeVjgBV,6,1.0
4zb9u7M7u6FPU8XA71sosFNE6nFGmoY2g2fWHgNS5qMJETLyKtyDeiXUzJsuVqYU7uuoTVzJEy9w1ux8gAq4px5U,1754152137,2025-08-02T16:28:57,0.000005003,D6JhU5uiVutVUido9N9RPuKs79pvxXsxBv9CTjCR1hhz,dec,157115021,1002055499,844940478,So11111111111111111111111111111111111111111,9,1.0
2qGqBdHb2MiWwCwcKA5iz7MA7HhkftsFoBMKtWj7EhnXAMCAMJPqUopcnHcrtMXq1ZMENuPJ2SVmxRidmGGcdzgw,1754152040,2025-08-02T16:27:20,0.000005,D6JhU5uiVutVUido9N9RPuKs79pvxXsxBv9CTjCR1hhz,dec,6000,1002061499,1002055499,So11111111111111111111111111111111111111111,9,1.0
2u5UNRPYK9xBscd43DpoZYHPSKxfX7efcZT28mf9jNVHAzcoNS2j1vFPpMZxtUTMNHHPP7xeHS2uSYvGoRGKdcm4,1754152040,2025-08-02T16:27:20,0.000005002,CdGRCPX8zmgjk8YytuzVLeb1pVwK1DLmaCEgjLj6Qnb5,dec,1000050820469,1006445987960,6395167491,HgZwxFNtTgzpCPFh1GtQBn1gXMH58o5SYMDbPeVjgBV,6,1.0
2u5UNRPYK9xBscd43DpoZYHPSKxfX7efcZT28mf9jNVHAzcoNS2j1vFPpMZxtUTMNHHPP7xeHS2uSYvGoRGKdcm4,1754152040,2025-08-02T16:27:20,0.000005002,D6JhU5uiVutVUido9N9RPuKs79pvxXsxBv9CTjCR1hhz,inc,141897314,860164185,1002061499,So11111111111111111111111111111111111111111,9,1.0
2bXmnQtLJhtzkqYQPRhmDL53Wkb22uuTMMzQ8EyozHxHQYd2WpqbyCEjNTRwdjEBMvG7AaZkC6vP1mNR32Mu8EPT,1754151958,2025-08-02T16:25:58,0.000005,D6JhU5uiVutVUido9N9RPuKs79pvxXsxBv9CTjCR1hhz,dec,6000,860170185,860164185,So11111111111111111111111111111111111111111,9,1.0
4kxgB5UoVUvLpKbMhivk6vczoRXMx72Sy4qfMQjCNX45xFcFvpvrwCXa7HA52MGkvR9j2kC2YoKXx6kisTnZVzEH,1754151958,2025-08-02T16:25:58,0.000005003,CdGRCPX8zmgjk8YytuzVLeb1pVwK1DLmaCEgjLj6Qnb5,inc,1006444380917,1607043,1006445987960,HgZwxFNtTgzpCPFh1GtQBn1gXMH58o5SYMDbPeVjgBV,6,1.0
4kxgB5UoVUvLpKbMhivk6vczoRXMx72Sy4qfMQjCNX45xFcFvpvrwCXa7HA52MGkvR9j2kC2YoKXx6kisTnZVzEH,1754151958,2025-08-02T16:25:58,0.000005003,D6JhU5uiVutVUido9N9RPuKs79pvxXsxBv9CTjCR1hhz,dec,150369199,1010539384,860170185,So11111111111111111111111111111111111111111,9,1.0
4tmGEtrr7PU1tzRcwsSBxnGyTjDv4GA6Sqw4Ysyj6c3GPxnHeoxr2yLMhPoN5UDgEXPjoWDngMhf5Z6hZn8c6SqF,1754151954,2025-08-02T16:25:54,0.000005,D6JhU5uiVutVUido9N9RPuKs79pvxXsxBv9CTjCR1hhz,dec,6000,1010545384,1010539384,So11111111111111111111111111111111111111111,9,1.0
3Qb92iFQLuBJQv7Uts8uiVKE5MwWVmcd6f38qnh6xY9Tnk7D3d6DujnSgD9WXmE2nPG22G9RBGgdmYDEcsAxM8bh,1754151954,2025-08-02T16:25:54,0.000005002,CdGRCPX8zmgjk8YytuzVLeb1pVwK1DLmaCEgjLj6Qnb5,dec,253990152,255597195,1607043,HgZwxFNtTgzpCPFh1GtQBn1gXMH58o5SYMDbPeVjgBV,6,1.0
3Qb92iFQLuBJQv7Uts8uiVKE5MwWVmcd6f38qnh6xY9Tnk7D3d6DujnSgD9WXmE2nPG22G9RBGgdmYDEcsAxM8bh,1754151954,2025-08-02T16:25:54,0.000005002,D6JhU5uiVutVUido9N9RPuKs79pvxXsxBv9CTjCR1hhz,inc,32089,1010513295,1010545384,So11111111111111111111111111111111111111111,9,1.0
2y4sQ38ZNY3PZNPaGUXSjo3YGfBf73a32tyKT3bpTLwynMyE6v5Gzt2T6oDQzbPfeGRzgLfEYpSQT2Txz9Da5q3Y,1754151947,2025-08-02T16:25:47,0.000005,D6JhU5uiVutVUido9N9RPuKs79pvxXsxBv9CTjCR1hhz,dec,6000,1010519295,1010513295,So11111111111111111111111111111111111111111,9,1.0
34fayBdb3AitsU9D2q4NSBbFqceNQW22ppc7uTb9bzZq8MJvyhxRzaq6x2pDBVSp3WML9i5ECPLmZ2zxjdmUA1wr,1754151947,2025-08-02T16:25:47,0.000005002,CdGRCPX8zmgjk8YytuzVLeb1pVwK1DLmaCEgjLj6Qnb5,dec,35560967032,35816564227,255597195,HgZwxFNtTgzpCPFh1GtQBn1gXMH58o5SYMDbPeVjgBV,6,1.0
34fayBdb3AitsU9D2q4NSBbFqceNQW22ppc7uTb9bzZq8MJvyhxRzaq6x2pDBVSp3WML9i5ECPLmZ2zxjdmUA1wr,1754151947,2025-08-02T16:25:47,0.000005002,D6JhU5uiVutVUido9N9RPuKs79pvxXsxBv9CTjCR1hhz,inc,5214122,1005305173,1010519295,So11111111111111111111111111111111111111111,9,1.0
3vFwdEstWcjR7KYbwm4LfsewUgd38MdDqwx9iYAmHXExffykUzMHuaTUtC4L9hhRdXiMzDXx1GkXLwee8hZKjgFu,1754151929,2025-08-02T16:25:29,0.000005,D6JhU5uiVutVUido9N9RPuKs79pvxXsxBv9CTjCR1hhz,dec,6000,1005311173,1005305173,So11111111111111111111111111111111111111111,9,1.0
5HdMcJMwwECCjN29HadTzYj5MHUupGqKZrcmqjYKuZCrhGMH7WXfkACCE6LnsHukTVMKVxq2HqGzLAjmNy7nqKDu,1754151929,2025-08-02T16:25:29,0.000005002,CdGRCPX8zmgjk8YytuzVLeb1pVwK1DLmaCEgjLj6Qnb5,dec,1802379705534,1838196269761,35816564227,HgZwxFNtTgzpCPFh1GtQBn1gXMH58o5SYMDbPeVjgBV,6,1.0
5HdMcJMwwECCjN29HadTzYj5MHUupGqKZrcmqjYKuZCrhGMH7WXfkACCE6LnsHukTVMKVxq2HqGzLAjmNy7nqKDu,1754151929,2025-08-02T16:25:29,0.000005002,D6JhU5uiVutVUido9N9RPuKs79pvxXsxBv9CTjCR1hhz,inc,256048101,749263072,1005311173,So11111111111111111111111111111111111111111,9,1.0
5ZF374xRQdSgPBPxGQV3wqXKdDtWYH2YLhd1EBnJp3gxFLs9Fj7k93pNqF25bja7QaAjC6fxU7Jduw7uigZv4nau,1754151917,2025-08-02T16:25:17,0.000005,D6JhU5uiVutVUido9N9RPuKs79pvxXsxBv9CTjCR1hhz,dec,6000,749269072,749263072,So11111111111111111111111111111111111111111,9,1.0
49UF5JS6RQwfggt9SnREcq9Eh9vncqsfws8y5JBUFrDpTA7T4MATMZN7Z2AodEN12aWZz7C3ouc2SDAPY9qaQ9pN,1754151917,2025-08-02T16:25:17,0.000005003,CdGRCPX8zmgjk8YytuzVLeb1pVwK1DLmaCEgjLj6Qnb5,inc,1838196262937,6824,1838196269761,HgZwxFNtTgzpCPFh1GtQBn1gXMH58o5SYMDbPeVjgBV,6,1.0
49UF5JS6RQwfggt9SnREcq9Eh9vncqsfws8y5JBUFrDpTA7T4MATMZN7Z2AodEN12aWZz7C3ouc2SDAPY9qaQ9pN,1754151917,2025-08-02T16:25:17,0.000005003,D6JhU5uiVutVUido9N9RPuKs79pvxXsxBv9CTjCR1hhz,dec,260489146,1009758218,749269072,So11111111111111111111111111111111111111111,9,1.0
4ZQS7CJEKUDbgSdarVy4aq7Ho1tTQW3LwRvg6Pf1poiFfz9BWRY5LtxqAgRVP9Xpxis7hqVcC4ti635p9ks8dvVn,1754151886,2025-08-02T16:24:46,0.000005,D6JhU5uiVutVUido9N9RPuKs79pvxXsxBv9CTjCR1hhz,dec,6000,1009764218,1009758218,So11111111111111111111111111111111111111111,9,1.0
4gHG4vXETu9jBYYLwD5czHL2tBhttnUFPFisBYv6YbxakuEgQWHmTa9KaKJWdNoRwGP44RiCjnp9B15C8taj5fev,1754151886,2025-08-02T16:24:46,0.000005002,CdGRCPX8zmgjk8YytuzVLeb1pVwK1DLmaCEgjLj6Qnb5,dec,6447589606648,6447589613472,6824,HgZwxFNtTgzpCPFh1GtQBn1gXMH58o5SYMDbPeVjgBV,6,1.0
4gHG4vXETu9jBYYLwD5czHL2tBhttnUFPFisBYv6YbxakuEgQWHmTa9KaKJWdNoRwGP44RiCjnp9B15C8taj5fev,1754151886,2025-08-02T16:24:46,0.000005002,D6JhU5uiVutVUido9N9RPuKs79pvxXsxBv9CTjCR1hhz,inc,916139674,93624544,1009764218,So11111111111111111111111111111111111111111,9,1.0
xzC6mvjdvkkL5sfz6MukaXC8jTBBaPCy6KUhz4DDHWtoCGHjFvX866PDrJSWQG1BBEkf1J82PN3u58HHRskkv9c,1754151813,2025-08-02T16:23:33,0.000005,D6JhU5uiVutVUido9N9RPuKs79pvxXsxBv9CTjCR1hhz,dec,6000,93630544,93624544,So11111111111111111111111111111111111111111,9,1.0
9JXmTgAfW7skNQzxKnoDRGMZdaXXsUt8UWmhyiiVJxWCzK8qgRfxj9tysGJbwAfLbX8fQezQYMaCiccd5pVybns,1754151813,2025-08-02T16:23:33,0.000005003,CdGRCPX8zmgjk8YytuzVLeb1pVwK1DLmaCEgjLj6Qnb5,inc,3117924523484,3329665089988,6447589613472,HgZwxFNtTgzpCPFh1GtQBn1gXMH58o5SYMDbPeVjgBV,6,1.0
9JXmTgAfW7skNQzxKnoDRGMZdaXXsUt8UWmhyiiVJxWCzK8qgRfxj9tysGJbwAfLbX8fQezQYMaCiccd5pVybns,1754151813,2025-08-02T16:23:33,0.000005003,D6JhU5uiVutVUido9N9RPuKs79pvxXsxBv9CTjCR1hhz,dec,451631659,545262203,93630544,So11111111111111111111111111111111111111111,9,1.0
3j6vv94vFHhVMaPDvvtTGZaU4YwBBqSi5MGwPWsSvDWE5MV5Woi52VuTr1Jb5HuxYQvbWGXFx4ZwoXq6sHUa5AFA,1754151778,2025-08-02T16:22:58,0.000005,D6JhU5uiVutVUido9N9RPuKs79pvxXsxBv9CTjCR1hhz,dec,6000,545268203,545262203,So11111111111111111111111111111111111111111,9,1.0
3BCPmnzipqsQSw8UkiHeVxxzGGnQ8Uin3CDFoU35psHSvKFud5HC38o11SXWzV6zm46sUZ5jnRvwnfyKSzVwaNwH,1754151778,2025-08-02T16:22:58,0.000005003,CdGRCPX8zmgjk8YytuzVLeb1pVwK1DLmaCEgjLj6Qnb5,inc,2140335317734,1189329772254,3329665089988,HgZwxFNtTgzpCPFh1GtQBn1gXMH58o5SYMDbPeVjgBV,6,1.0
3BCPmnzipqsQSw8UkiHeVxxzGGnQ8Uin3CDFoU35psHSvKFud5HC38o11SXWzV6zm46sUZ5jnRvwnfyKSzVwaNwH,1754151778,2025-08-02T16:22:58,0.000005003,D6JhU5uiVutVUido9N9RPuKs79pvxXsxBv9CTjCR1hhz,dec,301889486,847157689,545268203,So11111111111111111111111111111111111111111,9,1.0
5gnab8da8juKNDXWxfpsZLG8HkY7CSfQRHoJuSR3B7z2oZaKo3DmfgjxtLVysieGdcX4nBtDt7iPBJcD6Te1yKjb,1754151762,2025-08-02T16:22:42,0.000005,D6JhU5uiVutVUido9N9RPuKs79pvxXsxBv9CTjCR1hhz,dec,6000,847163689,847157689,So11111111111111111111111111111111111111111,9,1.0
3zJJ8NNSy1WSxPFXhAV7JLmr811NzRNiDHyoP5Vbc6uQ4LHrCxAavyf5FVZmRwePco6Z6nU4u9wG7NZG7zSLxzsC,1754151762,2025-08-02T16:22:42,0.000005003,CdGRCPX8zmgjk8YytuzVLeb1pVwK1DLmaCEgjLj6Qnb5,inc,1186173208599,3156563655,1189329772254,HgZwxFNtTgzpCPFh1GtQBn1gXMH58o5SYMDbPeVjgBV,6,1.0
3zJJ8NNSy1WSxPFXhAV7JLmr811NzRNiDHyoP5Vbc6uQ4LHrCxAavyf5FVZmRwePco6Z6nU4u9wG7NZG7zSLxzsC,1754151762,2025-08-02T16:22:42,0.000005003,D6JhU5uiVutVUido9N9RPuKs79pvxXsxBv9CTjCR1hhz,dec,163976419,1011140108,847163689,So11111111111111111111111111111111111111111,9,1.0
3eQVeVvRUAxgF5xnpheK9rk18nB955sUFjHUomXphZpCBvG2uTpDk235Dnnybd7otiuSC2NVPymHtbRG2Qrs3kjc,1754151751,2025-08-02T16:22:31,0.000005,D6JhU5uiVutVUido9N9RPuKs79pvxXsxBv9CTjCR1hhz,dec,6000,1011146108,1011140108,So11111111111111111111111111111111111111111,9,1.0
2GQEDarcFqX4wZKjytv14kkRWhjPrhzEgYFK9zpz5RqXBdDr5DKxaJgpv1Ciy4kkagbRBHATzh8RbCeTPiqR7ZSj,1754151751,2025-08-02T16:22:31,0.000005002,CdGRCPX8zmgjk8YytuzVLeb1pVwK1DLmaCEgjLj6Qnb5,dec,71020034924,74176598579,3156563655,HgZwxFNtTgzpCPFh1GtQBn1gXMH58o5SYMDbPeVjgBV,6,1.0
2GQEDarcFqX4wZKjytv14kkRWhjPrhzEgYFK9zpz5RqXBdDr5DKxaJgpv1Ciy4kkagbRBHATzh8RbCeTPiqR7ZSj,1754151751,2025-08-02T16:22:31,0.000005002,D6JhU5uiVutVUido9N9RPuKs79pvxXsxBv9CTjCR1hhz,inc,10028797,1001117311,1011146108,So11111111111111111111111111111111111111111,9,1.0
37SsJYQbeboGBJsba2gAUduYgvdm5ovhCydTbhsdiEP9AjX6WqjnMC6qmcXeBWo3PuDM7xe6XfjeSJj63fAXQGBF,1754151740,2025-08-02T16:22:20,0.000005,D6JhU5uiVutVUido9N9RPuKs79pvxXsxBv9CTjCR1hhz,dec,6000,1001123311,1001117311,So11111111111111111111111111111111111111111,9,1.0
5b6TwD9kW4j63ZfzRNj5NXcsGzCstAwC64FVD5WrdW5uwLUAGiyQ3FSHYMrrdr7V8tBsq3GDS1TofLmmH4XdVCQb,1754151740,2025-08-02T16:22:20,0.000005002,CdGRCPX8zmgjk8YytuzVLeb1pVwK1DLmaCEgjLj6Qnb5,dec,7179672189507,7253848788086,74176598579,HgZwxFNtTgzpCPFh1GtQBn1gXMH58o5SYMDbPeVjgBV,6,1.0
5b6TwD9kW4j63ZfzRNj5NXcsGzCstAwC64FVD5WrdW5uwLUAGiyQ3FSHYMrrdr7V8tBsq3GDS1TofLmmH4XdVCQb,1754151740,2025-08-02T16:22:20,0.000005002,D6JhU5uiVutVUido9N9RPuKs79pvxXsxBv9CTjCR1hhz,inc,977508314,23614997,1001123311,So11111111111111111111111111111111111111111,9,1.0
3rBnsJeDmd18UV7bhQv7zAUNFwjYhvcqBWhKCsn7dB4vysuCF179bEZoqJZChtEoCsC8ymwgpTVLpXF4kR8d7S7L,1754151692,2025-08-02T16:21:32,0.000005,D6JhU5uiVutVUido9N9RPuKs79pvxXsxBv9CTjCR1hhz,dec,6000,23620997,23614997,So11111111111111111111111111111111111111111,9,1.0
o6zKnXmGkjKBfxhzr9MvurCFmxwm9HE2frqj3A9F9JVyHdQ8mBShMUibtTta1kSUETbtmc6T8AcRvwAP5PqKmwD,1754151692,2025-08-02T16:21:32,0.000005003,CdGRCPX8zmgjk8YytuzVLeb1pVwK1DLmaCEgjLj6Qnb5,inc,3914198478617,3339650309469,7253848788086,HgZwxFNtTgzpCPFh1GtQBn1gXMH58o5SYMDbPeVjgBV,6,1.0
o6zKnXmGkjKBfxhzr9MvurCFmxwm9HE2frqj3A9F9JVyHdQ8mBShMUibtTta1kSUETbtmc6T8AcRvwAP5PqKmwD,1754151692,2025-08-02T16:21:32,0.000005003,D6JhU5uiVutVUido9N9RPuKs79pvxXsxBv9CTjCR1hhz,dec,531007348,554628345,23620997,So11111111111111111111111111111111111111111,9,1.0
5L7DPGMYLcjtiDGTd99bo7VnZH3mqEJXGEQG4R8s6UnCvgKiaPWe1wC23CRH7CHBHQ281hBnCURdkaDMtqqyqkGL,1754151614,2025-08-02T16:20:14,0.000005,D6JhU5uiVutVUido9N9RPuKs79pvxXsxBv9CTjCR1hhz,dec,6000,554634345,554628345,So11111111111111111111111111111111111111111,9,1.0
5dhoA6VeeuPkaVy9138maeFowQsyxxh8KdKRiMTA8vyQSaqgUy7Kbd1UpydF8NKFmFSwvC69vKaVJjoo5uQZT6Sz,1754151614,2025-08-02T16:20:14,0.000005003,CdGRCPX8zmgjk8YytuzVLeb1pVwK1DLmaCEgjLj6Qnb5,inc,3339650303650,5819,3339650309469,HgZwxFNtTgzpCPFh1GtQBn1gXMH58o5SYMDbPeVjgBV,6,1.0
5dhoA6VeeuPkaVy9138maeFowQsyxxh8KdKRiMTA8vyQSaqgUy7Kbd1UpydF8NKFmFSwvC69vKaVJjoo5uQZT6Sz,1754151614,2025-08-02T16:20:14,0.000005003,D6JhU5uiVutVUido9N9RPuKs79pvxXsxBv9CTjCR1hhz,dec,448361316,1002995661,554634345,So11111111111111111111111111111111111111111,9,1.0
s38vZbqvxtNGcsu4C6kbSqSfTTvGVrVXLQh4cH75jgbV7ihDWE5JCj6vaNbp9dvo8nFmpDJvQVsg1pG3AMAbNBn,1754151510,2025-08-02T16:18:30,0.000005,D6JhU5uiVutVUido9N9RPuKs79pvxXsxBv9CTjCR1hhz,dec,6000,1003001661,1002995661,So11111111111111111111111111111111111111111,9,1.0
4XexZiHa2rx3nLf8FRtuCV5FqhitJmdnURP9LoxTqwB4k8P8S5XoftbTQcAbZEBPUiGa4HfH1XZxCYrLNMEcx8ow,1754151510,2025-08-02T16:18:30,0.000005002,CdGRCPX8zmgjk8YytuzVLeb1pVwK1DLmaCEgjLj6Qnb5,dec,4331440663534,4331440669353,5819,HgZwxFNtTgzpCPFh1GtQBn1gXMH58o5SYMDbPeVjgBV,6,1.0
4XexZiHa2rx3nLf8FRtuCV5FqhitJmdnURP9LoxTqwB4k8P8S5XoftbTQcAbZEBPUiGa4HfH1XZxCYrLNMEcx8ow,1754151510,2025-08-02T16:18:30,0.000005002,D6JhU5uiVutVUido9N9RPuKs79pvxXsxBv9CTjCR1hhz,inc,591415280,411586381,1003001661,So11111111111111111111111111111111111111111,9,1.0
26LthuPugAFHRK9WEbnmHE5CKgbF6MxdebyT2k6Ai9UPxurVEYwMkc5bp8p7rA5HfYkDBR9w53vAX9wFEUapTtky,1754151452,2025-08-02T16:17:32,0.000005,D6JhU5uiVutVUido9N9RPuKs79pvxXsxBv9CTjCR1hhz,inc,1,411586380,411586381,So11111111111111111111111111111111111111111,9,1.0
4eeioL4WQ4X8cPaNpUgVAKVUY2z7ATBe3cb3PJPFY19aeAAXuHDqMY7rD5moSU1EojH5WYr32cYVj8PXLYxyx8QV,1754151452,2025-08-02T16:17:32,0.000005,D6JhU5uiVutVUido9N9RPuKs79pvxXsxBv9CTjCR1hhz,inc,1,411586379,411586380,So11111111111111111111111111111111111111111,9,1.0
3pAmgUowopenemiXMfx1XDFu9W29XBGHfTQea2ZXPHfnDyYq3jLKt7qm3wgSpPuJ28PFKN7hZx5srSE2FP74WFAB,1754151450,2025-08-02T16:17:30,0.000005,D6JhU5uiVutVUido9N9RPuKs79pvxXsxBv9CTjCR1hhz,dec,6000,411592379,411586379,So11111111111111111111111111111111111111111,9,1.0
U2CXF3n3r6Pjd6tZqL13a6CA6wyroMhRPAijiba6wqtc1eHYvgxJZcETUAmT1tNcAL8WD11hKaqEiaNn5UXiW2D,1754151450,2025-08-02T16:17:30,0.000005003,CdGRCPX8zmgjk8YytuzVLeb1pVwK1DLmaCEgjLj6Qnb5,inc,1999725288737,2331715380616,4331440669353,HgZwxFNtTgzpCPFh1GtQBn1gXMH58o5SYMDbPeVjgBV,6,1.0
U2CXF3n3r6Pjd6tZqL13a6CA6wyroMhRPAijiba6wqtc1eHYvgxJZcETUAmT1tNcAL8WD11hKaqEiaNn5UXiW2D,1754151450,2025-08-02T16:17:30,0.000005003,D6JhU5uiVutVUido9N9RPuKs79pvxXsxBv9CTjCR1hhz,dec,271664853,683257232,411592379,So11111111111111111111111111111111111111111,9,1.0
4RJX9nHP6NZABmv23zq9XKi5HG8FdzTSsHeKhWnRNVa8VaG9hpzragUrbG2iNP5RegwQSyt2STp1CTQimQiawzvU,1754151448,2025-08-02T16:17:28,0.000005,D6JhU5uiVutVUido9N9RPuKs79pvxXsxBv9CTjCR1hhz,inc,1,683257231,683257232,So11111111111111111111111111111111111111111,9,1.0
514sDrN8Jz7oGFV52Y3aV7t4hJ46tgwibGauLsYJUEoZsdE8MqzuAXcRwCNYvWYQPhD5xVDr7gfwrcnzyxEEvU24,1754151448,2025-08-02T16:17:28,0.000005,D6JhU5uiVutVUido9N9RPuKs79pvxXsxBv9CTjCR1hhz,inc,1,683257230,683257231,So11111111111111111111111111111111111111111,9,1.0
48KrDZJi6XXB5sMwG9vbPszD9u4CVbBi1kp9E4xZ3SUbLHcifFH4e8WFeM8KvBDSV7yiMUrAjNY9eKDTrsP9RfWY,1754151446,2025-08-02T16:17:26,0.000005,D6JhU5uiVutVUido9N9RPuKs79pvxXsxBv9CTjCR1hhz,dec,6000,683263230,683257230,So11111111111111111111111111111111111111111,9,1.0
4p3jRXrvUoeFVWaFJwdbXTt4ge6rnzV99qYaNsiDQyctCL8nETsGAr7qRKCizULnxpT58bYZgSn3xFJ5CFFUUw4a,1754151446,2025-08-02T16:17:26,0.000005004,CdGRCPX8zmgjk8YytuzVLeb1pVwK1DLmaCEgjLj6Qnb5,inc,2331715380616,0,2331715380616,HgZwxFNtTgzpCPFh1GtQBn1gXMH58o5SYMDbPeVjgBV,6,1.0
4p3jRXrvUoeFVWaFJwdbXTt4ge6rnzV99qYaNsiDQyctCL8nETsGAr7qRKCizULnxpT58bYZgSn3xFJ5CFFUUw4a,1754151446,2025-08-02T16:17:26,0.000005004,D6JhU5uiVutVUido9N9RPuKs79pvxXsxBv9CTjCR1hhz,dec,318236770,1001500000,683263230,So11111111111111111111111111111111111111111,9,1.0
4x1EMf4WWJoFF8LMTHAydgYK27gRchwNuqybJUtG7emvucmzAKY15pa1AT6fJsbJ5817smwB1wTTY2XocswkySQW,1754151127,2025-08-02T16:12:07,0.0000314,D6JhU5uiVutVUido9N9RPuKs79pvxXsxBv9CTjCR1hhz,inc,1000000000,1500000,1001500000,So11111111111111111111111111111111111111111,9,1.0
5yUFcW1yRW8qbsiCtR6s5aUpssJfJuAUvtM2hW5pyCBErhgzHU865mNsxAC82J82jWfig2RLdJccykdLMANceK6C,1754151001,2025-08-02T16:10:01,0.0000666,D6JhU5uiVutVUido9N9RPuKs79pvxXsxBv9CTjCR1hhz,dec,877523738,879023738,1500000,So11111111111111111111111111111111111111111,9,1.0
4MvBsKb2NKzbv6njHarPHJBxJntmTNXEdKdDopTFSBE1yttRS6aL5zmBv4m9Sa5o6X2sPsPy8wp9QgGfYqfVaDvv,1754150934,2025-08-02T16:08:54,0.000005,D6JhU5uiVutVUido9N9RPuKs79pvxXsxBv9CTjCR1hhz,dec,6000,879029738,879023738,So11111111111111111111111111111111111111111,9,1.0
4X1SYj2BNeeQB7FWVEJQXw3eHCjHCtmVWV7ChyL1ppKsfnsKdQzZC3RDMLp8nSn16UHZc8WVfr4URCKj4vVy9Fzc,1754150934,2025-08-02T16:08:54,0.000005004,4ezZPSM4NxY1jRZBkmvDqY34Yh6aWwzyh1NRL4yDgAAn,inc,1208806892993,0,1208806892993,HR9vDumMZq3nS2iPajg7oxtRpQDcrki2qnMPk9cch95R,6,1.0
4X1SYj2BNeeQB7FWVEJQXw3eHCjHCtmVWV7ChyL1ppKsfnsKdQzZC3RDMLp8nSn16UHZc8WVfr4URCKj4vVy9Fzc,1754150934,2025-08-02T16:08:54,0.000005004,D6JhU5uiVutVUido9N9RPuKs79pvxXsxBv9CTjCR1hhz,dec,122470262,1001500000,879029738,So11111111111111111111111111111111111111111,9,1.0
3GEaV9UM43i5vq9r9WoEkJ8CAqKLqQzq8L5qxxuSEeG2Mchjt5X1R5MBKCLwmre7ikZusAmfqw68yhW4TqBdKPWN,1754150842,2025-08-02T16:07:22,0.0000314,D6JhU5uiVutVUido9N9RPuKs79pvxXsxBv9CTjCR1hhz,inc,1000000000,1500000,1001500000,So11111111111111111111111111111111111111111,9,1.0
4Q74AJ8bmNNYMjekmMSz31gVz1VXnC2JwW3YoqWEV4H3Ua1XeQahtidwwSikY7DovhtFGfokXdXDrzpwt7pJJAH5,1754150753,2025-08-02T16:05:53,0.00001,DQSEoKPj1KESLj5C1DiXEcjnmCBDm5XEihLU9PY9t8T9,dec,1365610203813,1365610203813,0,3BzfAiqEYvBpqQEd5AMqRiYRy2TdBCoyCGRsijpdaar5,6,1.0
4Q74AJ8bmNNYMjekmMSz31gVz1VXnC2JwW3YoqWEV4H3Ua1XeQahtidwwSikY7DovhtFGfokXdXDrzpwt7pJJAH5,1754150753,2025-08-02T16:05:53,0.00001,3qQVMgF8XLHcpLLx9rhsC7oCmQ319Qe1RLWB5vXCWiG4,dec,7063415794260,7063415794260,0,4Ny3BHFpF5X1a5zjXNdJKiA2bDuDwipVEyeD8fokhTDm,6,1.0
4Q74AJ8bmNNYMjekmMSz31gVz1VXnC2JwW3YoqWEV4H3Ua1XeQahtidwwSikY7DovhtFGfokXdXDrzpwt7pJJAH5,1754150753,2025-08-02T16:05:53,0.00001,8TmYwouRNA66jtQCo4sDnRvQzJrekarYFYfGbZc6kVL7,dec,5305195006253,5305195006253,0,51r4QZLBQZQfDnmw2SnR7djq4LnAjHZo2dtuxRWTfSzx,6,1.0
FkRo7oSPidetmbnXeL6YmazbCZkhQ5k7itEg75izaHmjEmj5NidghJc2Fi5qKsbGkhyFkDBexXMh3JHBhFGJea3,1754150706,2025-08-02T16:05:06,0.0000666,D6JhU5uiVutVUido9N9RPuKs79pvxXsxBv9CTjCR1hhz,dec,926671265,928171265,1500000,So11111111111111111111111111111111111111111,9,1.0
3doMzNMnnXEjmWxNzpEpKD1AwCdP7BQTyC1kbTWgB3MNgW76CTugzG8WChSLik8Ty7rA89H9wBXrdVNo3kumiFWS,1754150543,2025-08-02T16:02:23,0.000005,D6JhU5uiVutVUido9N9RPuKs79pvxXsxBv9CTjCR1hhz,dec,6000,928177265,928171265,So11111111111111111111111111111111111111111,9,1.0
3icWxpoo77y3BFz86q64o7YBteWqf7MGpuU16DXLrtpHBDXviFbjwY2GaZtNP5QDjT4XFc7RJMmypYn9oL9XF9AD,1754150543,2025-08-02T16:02:23,0.000005003,DQSEoKPj1KESLj5C1DiXEcjnmCBDm5XEihLU9PY9t8T9,inc,1331434334911,34175868902,1365610203813,3BzfAiqEYvBpqQEd5AMqRiYRy2TdBCoyCGRsijpdaar5,6,1.0
3icWxpoo77y3BFz86q64o7YBteWqf7MGpuU16DXLrtpHBDXviFbjwY2GaZtNP5QDjT4XFc7RJMmypYn9oL9XF9AD,1754150543,2025-08-02T16:02:23,0.000005003,D6JhU5uiVutVUido9N9RPuKs79pvxXsxBv9CTjCR1hhz,dec,208616010,1136793275,928177265,So11111111111111111111111111111111111111111,9,1.0
4NgUY3pyqvTaqe1wwCtsvHcdKf4sbLPY97yY61MJgoass1B1ELoeceUE225K9qqWKi3QfWRbDT3SbNpSR7TGGM6M,1754150504,2025-08-02T16:01:44,0.000005,D6JhU5uiVutVUido9N9RPuKs79pvxXsxBv9CTjCR1hhz,dec,6000,1136799275,1136793275,So11111111111111111111111111111111111111111,9,1.0
4rJr7XND11WiBSVQ5Kbqpd4d2SVMcsa1QQVVZ9nUjuNHRwKEjii5U68RvW6CG28TQo7Zv8gWpTtvs5m89xWQGxtW,1754150504,2025-08-02T16:01:44,0.000005002,DQSEoKPj1KESLj5C1DiXEcjnmCBDm5XEihLU9PY9t8T9,dec,4769862488948,4804038357850,34175868902,3BzfAiqEYvBpqQEd5AMqRiYRy2TdBCoyCGRsijpdaar5,6,1.0
4rJr7XND11WiBSVQ5Kbqpd4d2SVMcsa1QQVVZ9nUjuNHRwKEjii5U68RvW6CG28TQo7Zv8gWpTtvs5m89xWQGxtW,1754150504,2025-08-02T16:01:44,0.000005002,D6JhU5uiVutVUido9N9RPuKs79pvxXsxBv9CTjCR1hhz,inc,807818384,328980891,1136799275,So11111111111111111111111111111111111111111,9,1.0
2XsPxUaFAC9EiCSGsJZLiKHPmb7pVMuqre19aigUyUpnGtx8z2ioPYmUb4WSHkKzrmeHofENLo5HiW5RTwSdWJy5,1754150394,2025-08-02T15:59:54,0.000005,D6JhU5uiVutVUido9N9RPuKs79pvxXsxBv9CTjCR1hhz,dec,6000,328986891,328980891,So11111111111111111111111111111111111111111,9,1.0
2uF96fX3XEWRhGfULnsVNNW94hfVxBtscAp7U5puu9tn2Q4QeABrBaKdrh1ajRsPXjFKErXVZXyAgvBGDhHZ9Zrv,1754150394,2025-08-02T15:59:54,0.000005003,DQSEoKPj1KESLj5C1DiXEcjnmCBDm5XEihLU9PY9t8T9,inc,1165100169611,3638938188239,4804038357850,3BzfAiqEYvBpqQEd5AMqRiYRy2TdBCoyCGRsijpdaar5,6,1.0
2uF96fX3XEWRhGfULnsVNNW94hfVxBtscAp7U5puu9tn2Q4QeABrBaKdrh1ajRsPXjFKErXVZXyAgvBGDhHZ9Zrv,1754150394,2025-08-02T15:59:54,0.000005003,D6JhU5uiVutVUido9N9RPuKs79pvxXsxBv9CTjCR1hhz,dec,193597425,522584316,328986891,So11111111111111111111111111111111111111111,9,1.0
329FgrLpszZeFgA3XYAmbk2cJucvwQK4oSyMhKiePuZbfZUiVDhJWfmeRABvMKkSJuWpER2AjcxfWq6D1tg5cBHn,1754150391,2025-08-02T15:59:51,0.000005,D6JhU5uiVutVUido9N9RPuKs79pvxXsxBv9CTjCR1hhz,dec,6000,522590316,522584316,So11111111111111111111111111111111111111111,9,1.0
4Xxdhyf7cZeZzocHX8kuDhocExdHfHY7MpVqsagFof5X4gmhn12PJND7fL9FDSVcidzDhQFVsTKuCSRMbuEMVZWy,1754150391,2025-08-02T15:59:51,0.000005003,DQSEoKPj1KESLj5C1DiXEcjnmCBDm5XEihLU9PY9t8T9,inc,2751832848175,887105340064,3638938188239,3BzfAiqEYvBpqQEd5AMqRiYRy2TdBCoyCGRsijpdaar5,6,1.0
4Xxdhyf7cZeZzocHX8kuDhocExdHfHY7MpVqsagFof5X4gmhn12PJND7fL9FDSVcidzDhQFVsTKuCSRMbuEMVZWy,1754150391,2025-08-02T15:59:51,0.000005003,D6JhU5uiVutVUido9N9RPuKs79pvxXsxBv9CTjCR1hhz,dec,460996119,983586435,522590316,So11111111111111111111111111111111111111111,9,1.0
2eSnWHRTeu9B1Cc2NiukShKhZc9dqogLTyCH1bnsptS9aoyyuKymN6dWvDtjebSFWd4zCCfDJQszhrqdAFBY26kw,1754150337,2025-08-02T15:58:57,0.000005,D6JhU5uiVutVUido9N9RPuKs79pvxXsxBv9CTjCR1hhz,dec,6000,983592435,983586435,So11111111111111111111111111111111111111111,9,1.0
48AiFX84QJEbqjruUTjmjoTbQtNfLhcQNoPzdxQqu4yxaupEsNfdbwgzJCTvzdu2bMc2ek864VUVoX8Dz9f4eLPa,1754150337,2025-08-02T15:58:57,0.000005003,DQSEoKPj1KESLj5C1DiXEcjnmCBDm5XEihLU9PY9t8T9,inc,881347064391,5758275673,887105340064,3BzfAiqEYvBpqQEd5AMqRiYRy2TdBCoyCGRsijpdaar5,6,1.0
48AiFX84QJEbqjruUTjmjoTbQtNfLhcQNoPzdxQqu4yxaupEsNfdbwgzJCTvzdu2bMc2ek864VUVoX8Dz9f4eLPa,1754150337,2025-08-02T15:58:57,0.000005003,D6JhU5uiVutVUido9N9RPuKs79pvxXsxBv9CTjCR1hhz,dec,153295804,1136888239,983592435,So11111111111111111111111111111111111111111,9,1.0
3rdgstvmsSEELYHituudP6VCdGNSJ3wa14apbKWTnku7VZTdAVDcz459o7iAVv1xqFApGzKVz7gtmMkGC1zL2RYf,1754150267,2025-08-02T15:57:47,0.000005,D6JhU5uiVutVUido9N9RPuKs79pvxXsxBv9CTjCR1hhz,dec,6000,1136894239,1136888239,So11111111111111111111111111111111111111111,9,1.0
5LHJhDZZ5964rwskySfzLpdkihXhSXGajHvs6mg7oUtcfZrBJAZBgcw437NmZdarVjy67MaMX92p1VvRReF7gMtv,1754150267,2025-08-02T15:57:47,0.000005002,DQSEoKPj1KESLj5C1DiXEcjnmCBDm5XEihLU9PY9t8T9,dec,1528738011071,1534496286744,5758275673,3BzfAiqEYvBpqQEd5AMqRiYRy2TdBCoyCGRsijpdaar5,6,1.0
5LHJhDZZ5964rwskySfzLpdkihXhSXGajHvs6mg7oUtcfZrBJAZBgcw437NmZdarVjy67MaMX92p1VvRReF7gMtv,1754150267,2025-08-02T15:57:47,0.000005002,D6JhU5uiVutVUido9N9RPuKs79pvxXsxBv9CTjCR1hhz,inc,247277440,889616799,1136894239,So11111111111111111111111111111111111111111,9,1.0
2ot78PKb8dPBbAVH766ikkpGazqvCeGGrvKSntvHiTzJKiEhiEXDy9J5N1xkVaDhpeaUaaNYXxdC6hiRuafRQUd2,1754150162,2025-08-02T15:56:02,0.000005,D6JhU5uiVutVUido9N9RPuKs79pvxXsxBv9CTjCR1hhz,dec,6000,889622799,889616799,So11111111111111111111111111111111111111111,9,1.0
4V28SedioVwFb2eQWhXjPuANxSHFsJ5CWYAZDd9PQbbMPLvPJhxsY3xztPuGgKhcNCSN4mkD4s8yMzs1t7Y4M9ha,1754150162,2025-08-02T15:56:02,0.000005003,DQSEoKPj1KESLj5C1DiXEcjnmCBDm5XEihLU9PY9t8T9,inc,1499872406034,34623880710,1534496286744,3BzfAiqEYvBpqQEd5AMqRiYRy2TdBCoyCGRsijpdaar5,6,1.0
4V28SedioVwFb2eQWhXjPuANxSHFsJ5CWYAZDd9PQbbMPLvPJhxsY3xztPuGgKhcNCSN4mkD4s8yMzs1t7Y4M9ha,1754150162,2025-08-02T15:56:02,0.000005003,D6JhU5uiVutVUido9N9RPuKs79pvxXsxBv9CTjCR1hhz,dec,256786927,1146409726,889622799,So11111111111111111111111111111111111111111,9,1.0
3vcd9oq7t8yrNvWwEFRwDounyjnvLF9PLKhRTiPyR9dmobTjoZX7guyHz7h7Tz3HWVXiBHQ4b7RASfvZGSMCY7Qw,1754150146,2025-08-02T15:55:46,0.000005,D6JhU5uiVutVUido9N9RPuKs79pvxXsxBv9CTjCR1hhz,dec,6000,1146415726,1146409726,So11111111111111111111111111111111111111111,9,1.0
368CL43m4epnA5U8JWy2Y2uv7GLQhCNkz34TP714aoVw4VCUxk82mWRMRZPDmvDU83umBFkvBsBCu8jEC6aFaui9,1754150146,2025-08-02T15:55:46,0.000005002,DQSEoKPj1KESLj5C1DiXEcjnmCBDm5XEihLU9PY9t8T9,dec,2578944449947,2613568330657,34623880710,3BzfAiqEYvBpqQEd5AMqRiYRy2TdBCoyCGRsijpdaar5,6,1.0
368CL43m4epnA5U8JWy2Y2uv7GLQhCNkz34TP714aoVw4VCUxk82mWRMRZPDmvDU83umBFkvBsBCu8jEC6aFaui9,1754150146,2025-08-02T15:55:46,0.000005002,D6JhU5uiVutVUido9N9RPuKs79pvxXsxBv9CTjCR1hhz,inc,421595151,724820575,1146415726,So11111111111111111111111111111111111111111,9,1.0
xarkd15WW9F3EW5PEzMThM3SgcSy6av51C5V7qrfrd9qjwt5F79ijPLLnKd5VMpPLiG33CfDBPvYpfxvXSYcVA3,1754150126,2025-08-02T15:55:26,0.000005,D6JhU5uiVutVUido9N9RPuKs79pvxXsxBv9CTjCR1hhz,dec,6000,724826575,724820575,So11111111111111111111111111111111111111111,9,1.0
5XMgurmig5xXHUSjgVSodYDurTLSHBdDEje9ruvuFKZP91ngErmesyXvpJ5AV6hT3QHpCGaUbFYCExjfQH3zS9S5,1754150126,2025-08-02T15:55:26,0.000005003,DQSEoKPj1KESLj5C1DiXEcjnmCBDm5XEihLU9PY9t8T9,inc,2576732756966,36835573691,2613568330657,3BzfAiqEYvBpqQEd5AMqRiYRy2TdBCoyCGRsijpdaar5,6,1.0
5XMgurmig5xXHUSjgVSodYDurTLSHBdDEje9ruvuFKZP91ngErmesyXvpJ5AV6hT3QHpCGaUbFYCExjfQH3zS9S5,1754150126,2025-08-02T15:55:26,0.000005003,D6JhU5uiVutVUido9N9RPuKs79pvxXsxBv9CTjCR1hhz,dec,419503984,1144330559,724826575,So11111111111111111111111111111111111111111,9,1.0
3q2x2FcCwziJzi66614KxWWu5XhLUdLTmMPL5r7L4Hk4MGHqtTTiQ1fUzCp7UwnpZNqwkRRKgb28JBgKSNjxWZQ,1754150087,2025-08-02T15:54:47,0.000005,D6JhU5uiVutVUido9N9RPuKs79pvxXsxBv9CTjCR1hhz,dec,6000,1144336559,1144330559,So11111111111111111111111111111111111111111,9,1.0
4EByYysy8yd1dBmSfEXGvrxrCy6iojrSNdghcrLuoSFN9md6HDHEpH95CPUtXbQCXVd75JbnuhqvxPyCWUW4XvZT,1754150087,2025-08-02T15:54:47,0.000005002,DQSEoKPj1KESLj5C1DiXEcjnmCBDm5XEihLU9PY9t8T9,dec,5157960376072,5194795949763,36835573691,3BzfAiqEYvBpqQEd5AMqRiYRy2TdBCoyCGRsijpdaar5,6,1.0
4EByYysy8yd1dBmSfEXGvrxrCy6iojrSNdghcrLuoSFN9md6HDHEpH95CPUtXbQCXVd75JbnuhqvxPyCWUW4XvZT,1754150087,2025-08-02T15:54:47,0.000005002,D6JhU5uiVutVUido9N9RPuKs79pvxXsxBv9CTjCR1hhz,inc,824131432,320205127,1144336559,So11111111111111111111111111111111111111111,9,1.0
5FzRSX3upkVL3iyrTNNaM4BVzUYZU6YkuhbixnUuKbWZPp5ki5w1pG4S8AkGnA6gMmd5mUyWpECw6ooLb6sekH1z,1754150049,2025-08-02T15:54:09,0.000005,D6JhU5uiVutVUido9N9RPuKs79pvxXsxBv9CTjCR1hhz,dec,6000,320211127,320205127,So11111111111111111111111111111111111111111,9,1.0
5i9gKAhrRJ38izPApK8iufPkhbU3R3YLQpuYTYbxHuzToKNsG4Zsw5P5xToXmqAUNKf1uJL2EAeTQBRJNQQMne59,1754150049,2025-08-02T15:54:09,0.000005003,DQSEoKPj1KESLj5C1DiXEcjnmCBDm5XEihLU9PY9t8T9,inc,1682406884174,3512389065589,5194795949763,3BzfAiqEYvBpqQEd5AMqRiYRy2TdBCoyCGRsijpdaar5,6,1.0
5i9gKAhrRJ38izPApK8iufPkhbU3R3YLQpuYTYbxHuzToKNsG4Zsw5P5xToXmqAUNKf1uJL2EAeTQBRJNQQMne59,1754150049,2025-08-02T15:54:09,0.000005003,D6JhU5uiVutVUido9N9RPuKs79pvxXsxBv9CTjCR1hhz,dec,247418923,567630050,320211127,So11111111111111111111111111111111111111111,9,1.0
2gsW4Azv3ChAdyEyGCVjxufMiz4ybZJkwqM6qmeAoZxZkMden95QGNhnMhR3xTSY9H79f26KDRCC3RAEV4QXQaWv,1754149888,2025-08-02T15:51:28,0.000005,D6JhU5uiVutVUido9N9RPuKs79pvxXsxBv9CTjCR1hhz,dec,6000,567636050,567630050,So11111111111111111111111111111111111111111,9,1.0
3oPMErErDQFJ8Yg273yY1NAmt4QHXJDARGE7UiveAfuqpDGvLtgj7erYgLCKrtXJMWRaN33jjjNSrUzTBNVykVzr,1754149888,2025-08-02T15:51:28,0.000005003,DQSEoKPj1KESLj5C1DiXEcjnmCBDm5XEihLU9PY9t8T9,inc,3505336163562,7052902027,3512389065589,3BzfAiqEYvBpqQEd5AMqRiYRy2TdBCoyCGRsijpdaar5,6,1.0
3oPMErErDQFJ8Yg273yY1NAmt4QHXJDARGE7UiveAfuqpDGvLtgj7erYgLCKrtXJMWRaN33jjjNSrUzTBNVykVzr,1754149888,2025-08-02T15:51:28,0.000005003,D6JhU5uiVutVUido9N9RPuKs79pvxXsxBv9CTjCR1hhz,dec,549694475,1117330525,567636050,So11111111111111111111111111111111111111111,9,1.0
2cVSECaqHcjNYAPrYS1kEXiB7VzoWmioatm6ffbgkq5ezgf7QrWyXFYYyrFtdKUxfShUkskD8xEzN7HKtxgd3hYs,1754149729,2025-08-02T15:48:49,0.000005,D6JhU5uiVutVUido9N9RPuKs79pvxXsxBv9CTjCR1hhz,dec,6000,1117336525,1117330525,So11111111111111111111111111111111111111111,9,1.0
232m318oHzS5CbiBFozsDTn3fphXRJ7epbVF87qgHgBi85KUsCQ715advgbFkaTKuFVFVc1sG4Ut5N2RXwrszxmh,1754149729,2025-08-02T15:48:49,0.000005002,DQSEoKPj1KESLj5C1DiXEcjnmCBDm5XEihLU9PY9t8T9,dec,3514600873767,3521653775794,7052902027,3BzfAiqEYvBpqQEd5AMqRiYRy2TdBCoyCGRsijpdaar5,6,1.0
232m318oHzS5CbiBFozsDTn3fphXRJ7epbVF87qgHgBi85KUsCQ715advgbFkaTKuFVFVc1sG4Ut5N2RXwrszxmh,1754149729,2025-08-02T15:48:49,0.000005002,D6JhU5uiVutVUido9N9RPuKs79pvxXsxBv9CTjCR1hhz,inc,494114723,623221802,1117336525,So11111111111111111111111111111111111111111,9,1.0
RZ6Z42Ub5W17rdUhyioV3mdUpTkXk6bE8DFzdz6DxVRnttC9m1wv1MeLYdLzVjgKauD5YkKkMSWDFgyAW6YqGW9,1754149728,2025-08-02T15:48:48,0.000005,D6JhU5uiVutVUido9N9RPuKs79pvxXsxBv9CTjCR1hhz,dec,6000,623227802,623221802,So11111111111111111111111111111111111111111,9,1.0
5ihFtqqKpbJZcNJBfxCfBfPsCTPiQfHc74uKbp95zERRsixwG3A1gNnkK4XoDHQXXYYQwyVwv4LdiT1fjk1b144L,1754149728,2025-08-02T15:48:48,0.000005003,DQSEoKPj1KESLj5C1DiXEcjnmCBDm5XEihLU9PY9t8T9,inc,3521641049329,12726465,3521653775794,3BzfAiqEYvBpqQEd5AMqRiYRy2TdBCoyCGRsijpdaar5,6,1.0
5ihFtqqKpbJZcNJBfxCfBfPsCTPiQfHc74uKbp95zERRsixwG3A1gNnkK4XoDHQXXYYQwyVwv4LdiT1fjk1b144L,1754149728,2025-08-02T15:48:48,0.000005003,D6JhU5uiVutVUido9N9RPuKs79pvxXsxBv9CTjCR1hhz,dec,496593037,1119820839,623227802,So11111111111111111111111111111111111111111,9,1.0
T8Ru85unemnTqJJvto1ayoukEFCS6v7X9HAzrMeKcmhPNh9kgY7XGV7PXgRt6wyoqPtB9ftQ2eTVhvSErkDv5X4,1754149641,2025-08-02T15:47:21,0.000005,D6JhU5uiVutVUido9N9RPuKs79pvxXsxBv9CTjCR1hhz,dec,6000,1119826839,1119820839,So11111111111111111111111111111111111111111,9,1.0
2KWm5k64WtaS7GEmLpDPakizhE2dbs9nX2Yjq8tNg4rYqAuUW7riyhU4z3eRHkELdsyefAuY9FFpUHuu97eVnuZF,1754149641,2025-08-02T15:47:21,0.000005002,DQSEoKPj1KESLj5C1DiXEcjnmCBDm5XEihLU9PY9t8T9,dec,3074981503,3087707968,12726465,3BzfAiqEYvBpqQEd5AMqRiYRy2TdBCoyCGRsijpdaar5,6,1.0
2KWm5k64WtaS7GEmLpDPakizhE2dbs9nX2Yjq8tNg4rYqAuUW7riyhU4z3eRHkELdsyefAuY9FFpUHuu97eVnuZF,1754149641,2025-08-02T15:47:21,0.000005002,D6JhU5uiVutVUido9N9RPuKs79pvxXsxBv9CTjCR1hhz,inc,453148,1119373691,1119826839,So11111111111111111111111111111111111111111,9,1.0
5a8Sx4h1J3pcxcpeTJwg8LGDC5ji9cywhBUV4S9DVSYUxPpYsVZRCdWfevm8wBg7SDgjFKKhxpnUhZ4wd9KNYGit,1754149638,2025-08-02T15:47:18,0.000005,D6JhU5uiVutVUido9N9RPuKs79pvxXsxBv9CTjCR1hhz,dec,6000,1119379691,1119373691,So11111111111111111111111111111111111111111,9,1.0
4Gwhbc4bQVQJUkoHmgmGDd4E4cEzK9s3twRiUikznFYjPbJCtVEyYcQfmUgPS1NFMAYBzPT1FahdB4GGQqeFbELU,1754149638,2025-08-02T15:47:18,0.000005002,DQSEoKPj1KESLj5C1DiXEcjnmCBDm5XEihLU9PY9t8T9,dec,1391724759758,1394812467726,3087707968,3BzfAiqEYvBpqQEd5AMqRiYRy2TdBCoyCGRsijpdaar5,6,1.0
4Gwhbc4bQVQJUkoHmgmGDd4E4cEzK9s3twRiUikznFYjPbJCtVEyYcQfmUgPS1NFMAYBzPT1FahdB4GGQqeFbELU,1754149638,2025-08-02T15:47:18,0.000005002,D6JhU5uiVutVUido9N9RPuKs79pvxXsxBv9CTjCR1hhz,inc,207471735,911907956,1119379691,So11111111111111111111111111111111111111111,9,1.0
3s7dRmwTckCGZsTFi9Sp3mwwszhCAXvyMPGEoh3Cn7P8yYgrp7nb1ZvN4MxneRfZ7naE6QktwNTUmMEToHJmUUtR,1754149550,2025-08-02T15:45:50,0.000005,D6JhU5uiVutVUido9N9RPuKs79pvxXsxBv9CTjCR1hhz,dec,6000,911913956,911907956,So11111111111111111111111111111111111111111,9,1.0
GanzHpXGU8sPtX8QikbSVAKNLatXxeYnwBTPvxXWr9xCgDmju7ikV29AvAm7JzU2vkuKcFWbWhzpUQLksTHMXsb,1754149550,2025-08-02T15:45:50,0.000005003,DQSEoKPj1KESLj5C1DiXEcjnmCBDm5XEihLU9PY9t8T9,inc,1394812461605,6121,1394812467726,3BzfAiqEYvBpqQEd5AMqRiYRy2TdBCoyCGRsijpdaar5,6,1.0
GanzHpXGU8sPtX8QikbSVAKNLatXxeYnwBTPvxXWr9xCgDmju7ikV29AvAm7JzU2vkuKcFWbWhzpUQLksTHMXsb,1754149550,2025-08-02T15:45:50,0.000005003,D6JhU5uiVutVUido9N9RPuKs79pvxXsxBv9CTjCR1hhz,dec,201551729,1113465685,911913956,So11111111111111111111111111111111111111111,9,1.0
5vPKZRCr5Ms59Dp2qS3t7iGF9VGxAAdZ849wjQLzidVyU6hvHa3VjjXFce1W6U8tZUirgYeEif5WDssjyuYhNfj7,1754149387,2025-08-02T15:43:07,0.000005,D6JhU5uiVutVUido9N9RPuKs79pvxXsxBv9CTjCR1hhz,dec,6000,1113471685,1113465685,So11111111111111111111111111111111111111111,9,1.0
34Mnt4Y8T3eVcU4CdNU5zDQp4wYTt64QL38BSWDn4uK9LfRKfbEDHBXx985zCdvFF978P6EkV22AyBotk2BZCLtP,1754149387,2025-08-02T15:43:07,0.000005002,DQSEoKPj1KESLj5C1DiXEcjnmCBDm5XEihLU9PY9t8T9,dec,3599755820813,3599755826934,6121,3BzfAiqEYvBpqQEd5AMqRiYRy2TdBCoyCGRsijpdaar5,6,1.0
34Mnt4Y8T3eVcU4CdNU5zDQp4wYTt64QL38BSWDn4uK9LfRKfbEDHBXx985zCdvFF978P6EkV22AyBotk2BZCLtP,1754149387,2025-08-02T15:43:07,0.000005002,D6JhU5uiVutVUido9N9RPuKs79pvxXsxBv9CTjCR1hhz,inc,516826955,596644730,1113471685,So11111111111111111111111111111111111111111,9,1.0
5KgZKBRCkRmP6pgtnVe8VioyEk4Xbaakkg3xzezcJh4V7T2KMrMJAyvcXTHGSQD3QFpCT3jSZErLtuf1dpEdyUe2,1754149304,2025-08-02T15:41:44,0.000005,D6JhU5uiVutVUido9N9RPuKs79pvxXsxBv9CTjCR1hhz,dec,6000,596650730,596644730,So11111111111111111111111111111111111111111,9,1.0
2TtArxRihMg8kCPRD2qyNPmcbALepgpFYpZrJg41Gg3zxAnu1xdaMkceM4KzEyQUc9pjHraHgafumEy7jyPtKFUk,1754149304,2025-08-02T15:41:44,0.000005003,DQSEoKPj1KESLj5C1DiXEcjnmCBDm5XEihLU9PY9t8T9,inc,3586755673591,13000153343,3599755826934,3BzfAiqEYvBpqQEd5AMqRiYRy2TdBCoyCGRsijpdaar5,6,1.0
2TtArxRihMg8kCPRD2qyNPmcbALepgpFYpZrJg41Gg3zxAnu1xdaMkceM4KzEyQUc9pjHraHgafumEy7jyPtKFUk,1754149304,2025-08-02T15:41:44,0.000005003,D6JhU5uiVutVUido9N9RPuKs79pvxXsxBv9CTjCR1hhz,dec,516206834,1112857564,596650730,So11111111111111111111111111111111111111111,9,1.0
348ooab8eS6gLDgg4wnBHcr2kZ1QRVWeVssoya7272RD8nJgFRjtC4KFV5R3a6jLp76sDZGYiwzxjMBWjQRurRP1,1754149261,2025-08-02T15:41:01,0.000005,D6JhU5uiVutVUido9N9RPuKs79pvxXsxBv9CTjCR1hhz,dec,6000,1112863564,1112857564,So11111111111111111111111111111111111111111,9,1.0
46AF2yXNQ4y8bLxHQ2MysHRGb4D1XFNLe9BTtayiwN8vPg3SgmAzRFc51ADH77f5AiVJ7wn6MUyWVeZGHtEFVa2F,1754149261,2025-08-02T15:41:01,0.000005002,DQSEoKPj1KESLj5C1DiXEcjnmCBDm5XEihLU9PY9t8T9,dec,1984302325089,1997302478432,13000153343,3BzfAiqEYvBpqQEd5AMqRiYRy2TdBCoyCGRsijpdaar5,6,1.0
46AF2yXNQ4y8bLxHQ2MysHRGb4D1XFNLe9BTtayiwN8vPg3SgmAzRFc51ADH77f5AiVJ7wn6MUyWVeZGHtEFVa2F,1754149261,2025-08-02T15:41:01,0.000005002,D6JhU5uiVutVUido9N9RPuKs79pvxXsxBv9CTjCR1hhz,inc,273730939,839132625,1112863564,So11111111111111111111111111111111111111111,9,1.0
3UWJGbpFxU8bBXe9R81UDgquEtnexcEpodjwagPvqWyZTdB2q3FKiyvUjRfEhL3p478v6tKjNFEMD5VHbkUE1omf,1754149247,2025-08-02T15:40:47,0.000005,D6JhU5uiVutVUido9N9RPuKs79pvxXsxBv9CTjCR1hhz,dec,6000,839138625,839132625,So11111111111111111111111111111111111111111,9,1.0
m7Des8cyfNH3yVgykZjSK51TSD7nCBPEp138ewQF62JXqowLhELvZskVBsTxG9zkA6gPXv3PuwzKirx3SaaCcLj,1754149247,2025-08-02T15:40:47,0.000005003,DQSEoKPj1KESLj5C1DiXEcjnmCBDm5XEihLU9PY9t8T9,inc,1972423200052,24879278380,1997302478432,3BzfAiqEYvBpqQEd5AMqRiYRy2TdBCoyCGRsijpdaar5,6,1.0
m7Des8cyfNH3yVgykZjSK51TSD7nCBPEp138ewQF62JXqowLhELvZskVBsTxG9zkA6gPXv3PuwzKirx3SaaCcLj,1754149247,2025-08-02T15:40:47,0.000005003,D6JhU5uiVutVUido9N9RPuKs79pvxXsxBv9CTjCR1hhz,dec,277985066,1117123691,839138625,So11111111111111111111111111111111111111111,9,1.0
4fwkmz9JrLnpC8ZkXNyH1PMCV2bUM9u2LSRmb6xwXXJC83YZjm9eUF7Gj6mzrfYXhNNKmwMKqxNn4MX611J8VAdh,1754149201,2025-08-02T15:40:01,0.000005,D6JhU5uiVutVUido9N9RPuKs79pvxXsxBv9CTjCR1hhz,dec,6000,1117129691,1117123691,So11111111111111111111111111111111111111111,9,1.0
s6eGKi8FAyYLF83zfU2vB34roACayiN4tDzeyZEKRnFdgiK5KNTwa8WcWomaaM9Tb5ArEdTyX2CtL8VrGUQNPzf,1754149201,2025-08-02T15:40:01,0.000005002,DQSEoKPj1KESLj5C1DiXEcjnmCBDm5XEihLU9PY9t8T9,dec,2635917363258,2660796641638,24879278380,3BzfAiqEYvBpqQEd5AMqRiYRy2TdBCoyCGRsijpdaar5,6,1.0
s6eGKi8FAyYLF83zfU2vB34roACayiN4tDzeyZEKRnFdgiK5KNTwa8WcWomaaM9Tb5ArEdTyX2CtL8VrGUQNPzf,1754149201,2025-08-02T15:40:01,0.000005002,D6JhU5uiVutVUido9N9RPuKs79pvxXsxBv9CTjCR1hhz,inc,377586719,739542972,1117129691,So11111111111111111111111111111111111111111,9,1.0
2ZrJ8a1UComTqwZy9WDDpRUZako5jLgrTBSBbkTEsZTTPrq7uWXGPpG2Bu3RnQJ8eBNc73sAiXc5qHdjDNVgZGf,1754149192,2025-08-02T15:39:52,0.000005,D6JhU5uiVutVUido9N9RPuKs79pvxXsxBv9CTjCR1hhz,dec,6000,739548972,739542972,So11111111111111111111111111111111111111111,9,1.0
kWz1dK3X225ziPGZa3FQ3ArXxRyUYsFdQEKJ7T8wBxz5imAB3jCHhyBSr6PjMC1ZZpVkJemBkr7XogHmNhZPrGB,1754149192,2025-08-02T15:39:52,0.000005003,DQSEoKPj1KESLj5C1DiXEcjnmCBDm5XEihLU9PY9t8T9,inc,2660796636641,4997,2660796641638,3BzfAiqEYvBpqQEd5AMqRiYRy2TdBCoyCGRsijpdaar5,6,1.0
kWz1dK3X225ziPGZa3FQ3ArXxRyUYsFdQEKJ7T8wBxz5imAB3jCHhyBSr6PjMC1ZZpVkJemBkr7XogHmNhZPrGB,1754149192,2025-08-02T15:39:52,0.000005003,D6JhU5uiVutVUido9N9RPuKs79pvxXsxBv9CTjCR1hhz,dec,385193644,1124742616,739548972,So11111111111111111111111111111111111111111,9,1.0
3mL853ZC3gtCuF7TqKd6WLnmGvSVZf4ocrViGrkEmL4TiAqpAkFWhkkfv5QGnNo3uq3hpsV21ZZuUmhcg9MKMUXk,1754149189,2025-08-02T15:39:49,0.000005,D6JhU5uiVutVUido9N9RPuKs79pvxXsxBv9CTjCR1hhz,dec,6000,1124748616,1124742616,So11111111111111111111111111111111111111111,9,1.0
vjRKh9DnfV1k8JJ6QHCWTxJVhDDCSQNAP3oyHHfk3bvf5i6B3tfd7QJDNgUdNAfpZRH1FGHX9N2MVdUsY2g1isd,1754149189,2025-08-02T15:39:49,0.000005002,DQSEoKPj1KESLj5C1DiXEcjnmCBDm5XEihLU9PY9t8T9,dec,65549248108,65549253105,4997,3BzfAiqEYvBpqQEd5AMqRiYRy2TdBCoyCGRsijpdaar5,6,1.0
vjRKh9DnfV1k8JJ6QHCWTxJVhDDCSQNAP3oyHHfk3bvf5i6B3tfd7QJDNgUdNAfpZRH1FGHX9N2MVdUsY2g1isd,1754149189,2025-08-02T15:39:49,0.000005002,D6JhU5uiVutVUido9N9RPuKs79pvxXsxBv9CTjCR1hhz,inc,9463254,1115285362,1124748616,So11111111111111111111111111111111111111111,9,1.0
3gVDRFkD3z6nBRjEfzqotyhENVeXAP4g7HGET9YXSfcC6EHzUnpZRURCo8db2wt2CTCLjQRJhNaMVbfViyrTvqnE,1754149182,2025-08-02T15:39:42,0.000005,D6JhU5uiVutVUido9N9RPuKs79pvxXsxBv9CTjCR1hhz,dec,6000,1115291362,1115285362,So11111111111111111111111111111111111111111,9,1.0
4uKe8ie6w1s7jwomMkR1hyoEe31upFf2rJ44djmFdPN35sHmh4YoKYZFiKJUc4hjouzCxkHAx7ET29roQaNzaJzV,1754149182,2025-08-02T15:39:42,0.000005002,DQSEoKPj1KESLj5C1DiXEcjnmCBDm5XEihLU9PY9t8T9,dec,7562861553962,7628410807067,65549253105,3BzfAiqEYvBpqQEd5AMqRiYRy2TdBCoyCGRsijpdaar5,6,1.0
4uKe8ie6w1s7jwomMkR1hyoEe31upFf2rJ44djmFdPN35sHmh4YoKYZFiKJUc4hjouzCxkHAx7ET29roQaNzaJzV,1754149182,2025-08-02T15:39:42,0.000005002,D6JhU5uiVutVUido9N9RPuKs79pvxXsxBv9CTjCR1hhz,inc,1074645222,40646140,1115291362,So11111111111111111111111111111111111111111,9,1.0
2qaWPgwC3o6qDi6YYC44SYLjrtNxXLfPiVfidAbivZfvYXicoGNyZJTvfDYD6uhx2c2ZekTaHb1ZhuAK8USvfJeU,1754149121,2025-08-02T15:38:41,0.000005,D6JhU5uiVutVUido9N9RPuKs79pvxXsxBv9CTjCR1hhz,dec,6000,40652140,40646140,So11111111111111111111111111111111111111111,9,1.0
49ip6XQmevdDKvEkUvtKNjDhNzoWAnLAapAvmc8e6f8gxZaKyPw4C5vfUPox5A5j4LBkycnJHag6Kr9P3bZei7Xr,1754149121,2025-08-02T15:38:41,0.000005003,DQSEoKPj1KESLj5C1DiXEcjnmCBDm5XEihLU9PY9t8T9,inc,3619468852041,4008941955026,7628410807067,3BzfAiqEYvBpqQEd5AMqRiYRy2TdBCoyCGRsijpdaar5,6,1.0
49ip6XQmevdDKvEkUvtKNjDhNzoWAnLAapAvmc8e6f8gxZaKyPw4C5vfUPox5A5j4LBkycnJHag6Kr9P3bZei7Xr,1754149121,2025-08-02T15:38:41,0.000005003,D6JhU5uiVutVUido9N9RPuKs79pvxXsxBv9CTjCR1hhz,dec,463530657,504182797,40652140,So11111111111111111111111111111111111111111,9,1.0
5QcefoPyC8ms6fCvL1V7irr6jghqjqdyr8dSLqvcgcnMykV2ikTbaJfRFtfn38uZ1Lvf2U7F9zYeS2g87gVzLDGh,1754149109,2025-08-02T15:38:29,0.000005,D6JhU5uiVutVUido9N9RPuKs79pvxXsxBv9CTjCR1hhz,dec,6000,504188797,504182797,So11111111111111111111111111111111111111111,9,1.0
4uyynKwWkc16o89kos1pQM3eDPtwU3QgiRLnRGbXg9cHB8xaVBAFEPmWg2bHY3n61zJjuiyqxiq7uDcTqmZiKdjL,1754149109,2025-08-02T15:38:29,0.000005003,DQSEoKPj1KESLj5C1DiXEcjnmCBDm5XEihLU9PY9t8T9,inc,4008941951363,3663,4008941955026,3BzfAiqEYvBpqQEd5AMqRiYRy2TdBCoyCGRsijpdaar5,6,1.0
4uyynKwWkc16o89kos1pQM3eDPtwU3QgiRLnRGbXg9cHB8xaVBAFEPmWg2bHY3n61zJjuiyqxiq7uDcTqmZiKdjL,1754149109,2025-08-02T15:38:29,0.000005003,D6JhU5uiVutVUido9N9RPuKs79pvxXsxBv9CTjCR1hhz,dec,495671784,999860581,504188797,So11111111111111111111111111111111111111111,9,1.0
gqSzHM8Nd9Yxq9Ne7pPbcrXH7yLjfVG4BiG5iF8G5x9NCcMo878EfT6nEvj7yu8ZmfxsEguAsXvFdkTb4RwtZGH,1754149079,2025-08-02T15:37:59,0.000005,D6JhU5uiVutVUido9N9RPuKs79pvxXsxBv9CTjCR1hhz,dec,6000,999866581,999860581,So11111111111111111111111111111111111111111,9,1.0
EiTM4cZz9gfbwjSb9P7QHMUmCHzBdF8b5d3UxZSWZhE227JMH6pF2hhKRmHn37RoRA6rW8CjgjW4zLTweTM3bPm,1754149079,2025-08-02T15:37:59,0.000005002,DQSEoKPj1KESLj5C1DiXEcjnmCBDm5XEihLU9PY9t8T9,dec,3816105255690,3816105259353,3663,3BzfAiqEYvBpqQEd5AMqRiYRy2TdBCoyCGRsijpdaar5,6,1.0
EiTM4cZz9gfbwjSb9P7QHMUmCHzBdF8b5d3UxZSWZhE227JMH6pF2hhKRmHn37RoRA6rW8CjgjW4zLTweTM3bPm,1754149079,2025-08-02T15:37:59,0.000005002,D6JhU5uiVutVUido9N9RPuKs79pvxXsxBv9CTjCR1hhz,inc,428673700,571192881,999866581,So11111111111111111111111111111111111111111,9,1.0
4FupxbRND3nTtx7UeKid2jzv5m95DmZ42o393k4jA41a8WLt8g4fddMeUtVZpM6uTEcjnRcX8VVHZh4t5zPPN3YC,1754149071,2025-08-02T15:37:51,0.000005,D6JhU5uiVutVUido9N9RPuKs79pvxXsxBv9CTjCR1hhz,dec,6000,571198881,571192881,So11111111111111111111111111111111111111111,9,1.0
3vkrwGJdEJbZpJg1yYSrxNRRkycxghvQauAfsENQoPQuejqDuzMs8SHj3UCAGuoaskdSsUeMuGzBJ8h1Tedko928,1754149071,2025-08-02T15:37:51,0.000005004,DQSEoKPj1KESLj5C1DiXEcjnmCBDm5XEihLU9PY9t8T9,inc,3816105259353,0,3816105259353,3BzfAiqEYvBpqQEd5AMqRiYRy2TdBCoyCGRsijpdaar5,6,1.0
3vkrwGJdEJbZpJg1yYSrxNRRkycxghvQauAfsENQoPQuejqDuzMs8SHj3UCAGuoaskdSsUeMuGzBJ8h1Tedko928,1754149071,2025-08-02T15:37:51,0.000005004,D6JhU5uiVutVUido9N9RPuKs79pvxXsxBv9CTjCR1hhz,dec,430301119,1001500000,571198881,So11111111111111111111111111111111111111111,9,1.0
4q2hjcRqTQ4arGwWvAG5kH5oXZ3BKuN74RhBh3nmvThyKFutNWZR1w5pg6fHECYda8HCQ7dhpimErYemgFNFyxaF,1754148934,2025-08-02T15:35:34,0.0000314,D6JhU5uiVutVUido9N9RPuKs79pvxXsxBv9CTjCR1hhz,inc,1000000000,1500000,1001500000,So11111111111111111111111111111111111111111,9,1.0
4dE6FvDX3Lhibn1mhDPmHq7pRstS74qGBRF5vHsDt7jwh8f1YWtGVUKazinrV6Ld7KmxECuLBn1TTKSprkeixzG,1754148800,2025-08-02T15:33:20,0.0000666,D6JhU5uiVutVUido9N9RPuKs79pvxXsxBv9CTjCR1hhz,dec,80958010,82458010,1500000,So11111111111111111111111111111111111111111,9,1.0
2jXPzGYaAvbRFAZesqR8MVVnYwD61k56FtH7evuZbwna4qg9wN3D8uFsCYDsFLHGAxHYhiVB5jtHRjoLufsKkRTd,1754148732,2025-08-02T15:32:12,0.000005,D6JhU5uiVutVUido9N9RPuKs79pvxXsxBv9CTjCR1hhz,dec,6000,82464010,82458010,So11111111111111111111111111111111111111111,9,1.0
3VKWaEpg1XLZJwDaVJrq1y59wzXQihRSLsgPyX6n5tJreUrExAsQ9nxRa3W7MjfeqrgdPpSWYGabQwCQmXFMP8AQ,1754148732,2025-08-02T15:32:12,0.000005003,8TmYwouRNA66jtQCo4sDnRvQzJrekarYFYfGbZc6kVL7,inc,2625667673948,2679527332305,5305195006253,51r4QZLBQZQfDnmw2SnR7djq4LnAjHZo2dtuxRWTfSzx,6,1.0
3VKWaEpg1XLZJwDaVJrq1y59wzXQihRSLsgPyX6n5tJreUrExAsQ9nxRa3W7MjfeqrgdPpSWYGabQwCQmXFMP8AQ,1754148732,2025-08-02T15:32:12,0.000005003,D6JhU5uiVutVUido9N9RPuKs79pvxXsxBv9CTjCR1hhz,dec,412773773,495237783,82464010,So11111111111111111111111111111111111111111,9,1.0
5FarxNaXXQqL3gQ7UivGQM593KVKX6dKkDLfMtVuhGLHE2t2x5NesmHyjam1bD6LAfTabH6Wu7Z8HpVK6mk7yKP2,1754148675,2025-08-02T15:31:15,0.000005,D6JhU5uiVutVUido9N9RPuKs79pvxXsxBv9CTjCR1hhz,dec,6000,495243783,495237783,So11111111111111111111111111111111111111111,9,1.0
5x1VLrC1gDcY8sEaSGEAWGhN2VNMxqsrkforoSEZWTJ5xohhZSceeBiku4gS7C1SVSGrPBzXCvRuquKxTyEsXLVT,1754148675,2025-08-02T15:31:15,0.000005002,8TmYwouRNA66jtQCo4sDnRvQzJrekarYFYfGbZc6kVL7,dec,2255349046662,4934876378967,2679527332305,51r4QZLBQZQfDnmw2SnR7djq4LnAjHZo2dtuxRWTfSzx,6,1.0
5x1VLrC1gDcY8sEaSGEAWGhN2VNMxqsrkforoSEZWTJ5xohhZSceeBiku4gS7C1SVSGrPBzXCvRuquKxTyEsXLVT,1754148675,2025-08-02T15:31:15,0.000005002,D6JhU5uiVutVUido9N9RPuKs79pvxXsxBv9CTjCR1hhz,inc,352804595,142439188,495243783,So11111111111111111111111111111111111111111,9,1.0
2fRwe3tXKgNm5AY9mYoBs2UZqsx7dnDRSoZJz4TX8T3tz39TPWiEfJ335gvgySztyCKdwDdUitwSp3KeEv9Mk1Uu,1754148674,2025-08-02T15:31:14,0.000005,D6JhU5uiVutVUido9N9RPuKs79pvxXsxBv9CTjCR1hhz,dec,6000,142445188,142439188,So11111111111111111111111111111111111111111,9,1.0
3EVRCvVMkFmi1TT2vxYcxGb8LrH3QbPGo3s1G7zwdRhZVGM3aURSr9aSDqpNZB2wCv3JmmyYXjhXWKdjEXQR3dkH,1754148674,2025-08-02T15:31:14,0.000005003,8TmYwouRNA66jtQCo4sDnRvQzJrekarYFYfGbZc6kVL7,inc,2663235394755,2271640984212,4934876378967,51r4QZLBQZQfDnmw2SnR7djq4LnAjHZo2dtuxRWTfSzx,6,1.0
3EVRCvVMkFmi1TT2vxYcxGb8LrH3QbPGo3s1G7zwdRhZVGM3aURSr9aSDqpNZB2wCv3JmmyYXjhXWKdjEXQR3dkH,1754148674,2025-08-02T15:31:14,0.000005003,D6JhU5uiVutVUido9N9RPuKs79pvxXsxBv9CTjCR1hhz,dec,418475939,560921127,142445188,So11111111111111111111111111111111111111111,9,1.0
5nQ6x7oRXoutubQvQNNsyQX2mFBAAdRcSYVGfcFTYHQKhLAtWqsgjbS1s3d4SGWLrwdqiQUSvYZEui16hTVKdMLm,1754148660,2025-08-02T15:31:00,0.000005,D6JhU5uiVutVUido9N9RPuKs79pvxXsxBv9CTjCR1hhz,dec,6000,560927127,560921127,So11111111111111111111111111111111111111111,9,1.0
8g8MDUV6FN2CuYpwgfCnEGmFmU1hsqtxwPf83x1LEorP3HT186mZ3M4MxcyFR6T7aDLjyUTfwnv7AYyZRqTm6Ht,1754148660,2025-08-02T15:31:00,0.000005003,8TmYwouRNA66jtQCo4sDnRvQzJrekarYFYfGbZc6kVL7,inc,2253269220152,18371764060,2271640984212,51r4QZLBQZQfDnmw2SnR7djq4LnAjHZo2dtuxRWTfSzx,6,1.0
8g8MDUV6FN2CuYpwgfCnEGmFmU1hsqtxwPf83x1LEorP3HT186mZ3M4MxcyFR6T7aDLjyUTfwnv7AYyZRqTm6Ht,1754148660,2025-08-02T15:31:00,0.000005003,D6JhU5uiVutVUido9N9RPuKs79pvxXsxBv9CTjCR1hhz,dec,355870218,916797345,560927127,So11111111111111111111111111111111111111111,9,1.0
59HykAgxdcxYyRppyPWnsnzSj7u4DnB6EsqbXQwMAGTwPndRddwzcZcXbfSne84NUT85EpyRqadRTCxC4Do9rb4k,1754148613,2025-08-02T15:30:13,0.000005,D6JhU5uiVutVUido9N9RPuKs79pvxXsxBv9CTjCR1hhz,dec,6000,916803345,916797345,So11111111111111111111111111111111111111111,9,1.0
5tJfva5hCWMy6o1dmUFErYFi8SkGYE3B7dZXeSyH86ZMLU5bk2dnMdzzWd5kFFqhYRUKSU98qS4VkcXsRNoMS4oA,1754148613,2025-08-02T15:30:13,0.000005002,8TmYwouRNA66jtQCo4sDnRvQzJrekarYFYfGbZc6kVL7,dec,4925446822253,4943818586313,18371764060,51r4QZLBQZQfDnmw2SnR7djq4LnAjHZo2dtuxRWTfSzx,6,1.0
5tJfva5hCWMy6o1dmUFErYFi8SkGYE3B7dZXeSyH86ZMLU5bk2dnMdzzWd5kFFqhYRUKSU98qS4VkcXsRNoMS4oA,1754148613,2025-08-02T15:30:13,0.000005002,D6JhU5uiVutVUido9N9RPuKs79pvxXsxBv9CTjCR1hhz,inc,763657529,153145816,916803345,So11111111111111111111111111111111111111111,9,1.0
3otj5Ly47LPktp5QaREJcdBGFHpsdXxKHF9t7v4VS9rBU2rR1a1NUAw1miNSooSjhjgw4SwRzDf51mTKRJkvziT4,1754148511,2025-08-02T15:28:31,0.000005,D6JhU5uiVutVUido9N9RPuKs79pvxXsxBv9CTjCR1hhz,inc,1,153145815,153145816,So11111111111111111111111111111111111111111,9,1.0
5zMxMEarxohcMP62pye6htXVYsGLdrV3XAmV3zy2HQwepUkL3CGKbBNaW1xHGrbwE3k6cAXQSBabKSw8Dts8EVjU,1754148501,2025-08-02T15:28:21,0.000005,D6JhU5uiVutVUido9N9RPuKs79pvxXsxBv9CTjCR1hhz,inc,1,153145814,153145815,So11111111111111111111111111111111111111111,9,1.0
3dJ2G3M3EhmvF8VLXTopjkpxh9URXHdkdenPPDPf9pAKuA7zK7fkUe4TPig6Rg5AKrr3J3sHrcjCT68zx3esE4Qc,1754148497,2025-08-02T15:28:17,0.000005,D6JhU5uiVutVUido9N9RPuKs79pvxXsxBv9CTjCR1hhz,inc,1,153145813,153145814,So11111111111111111111111111111111111111111,9,1.0
5RLW6HgoP81UPKTuSmTon8QLipQqUyqrhUPr828j4Mf7w6qTWUdcM9vmKqMXHCsRN1QHdFjUimXutzRr1NTH8BcS,1754148495,2025-08-02T15:28:15,0.000005,D6JhU5uiVutVUido9N9RPuKs79pvxXsxBv9CTjCR1hhz,inc,1,153145812,153145813,So11111111111111111111111111111111111111111,9,1.0
3QSq81Zw8cVkhthavbPe4dTrSMDYhg3ScVugysom3EijXp3vB6aU3ry2P31k8CtnbpvWQBdbceXQ7NxHaZkhHkjM,1754148493,2025-08-02T15:28:13,0.000005,D6JhU5uiVutVUido9N9RPuKs79pvxXsxBv9CTjCR1hhz,inc,1,153145811,153145812,So11111111111111111111111111111111111111111,9,1.0
4brKt8bB16J7VF4QSBRwqwH3yFDTGAdUT57p9GbpbD9ApYxzw4j6i7mT7V47Xpg3tAi21GeYWT1h2bDMR1Htw7M4,1754148466,2025-08-02T15:27:46,0.000005,D6JhU5uiVutVUido9N9RPuKs79pvxXsxBv9CTjCR1hhz,dec,6000,153151811,153145811,So11111111111111111111111111111111111111111,9,1.0
5qqFqg5zB25ELG85T6xAcx3ZpJyQ8FRJXk5DQG69P4LYbmExPUHMPxtTF2zfUkgXkFZgNA2UBAgwVJybhTxjFePo,1754148466,2025-08-02T15:27:46,0.000005003,8TmYwouRNA66jtQCo4sDnRvQzJrekarYFYfGbZc6kVL7,inc,3052282644927,1891535941386,4943818586313,51r4QZLBQZQfDnmw2SnR7djq4LnAjHZo2dtuxRWTfSzx,6,1.0
5qqFqg5zB25ELG85T6xAcx3ZpJyQ8FRJXk5DQG69P4LYbmExPUHMPxtTF2zfUkgXkFZgNA2UBAgwVJybhTxjFePo,1754148466,2025-08-02T15:27:46,0.000005003,D6JhU5uiVutVUido9N9RPuKs79pvxXsxBv9CTjCR1hhz,dec,506339134,659490945,153151811,So11111111111111111111111111111111111111111,9,1.0
2UfHe4bEsbxWiLVnqKj5QudEhf77Qu6MCrpCy13iMWJMbyzm91RK8ks3QTgb2QtdQiZPamYejhG7mmkY4QZjgzYA,1754148435,2025-08-02T15:27:15,0.000005,D6JhU5uiVutVUido9N9RPuKs79pvxXsxBv9CTjCR1hhz,dec,6000,659496945,659490945,So11111111111111111111111111111111111111111,9,1.0
h8jHtE1NY4VQ6X3AoBAbxBPU5iJBnFo1536HjysCZvrLV1Jdifa74SEK9byUnkNvgDnyg8TfzhvmLZXXV22Av31,1754148435,2025-08-02T15:27:15,0.000005003,8TmYwouRNA66jtQCo4sDnRvQzJrekarYFYfGbZc6kVL7,inc,1891535940461,925,1891535941386,51r4QZLBQZQfDnmw2SnR7djq4LnAjHZo2dtuxRWTfSzx,6,1.0
h8jHtE1NY4VQ6X3AoBAbxBPU5iJBnFo1536HjysCZvrLV1Jdifa74SEK9byUnkNvgDnyg8TfzhvmLZXXV22Av31,1754148435,2025-08-02T15:27:15,0.000005003,D6JhU5uiVutVUido9N9RPuKs79pvxXsxBv9CTjCR1hhz,dec,318910324,978407269,659496945,So11111111111111111111111111111111111111111,9,1.0
5r3dif89o96G74QBKj6bZt8sc5zYpFrzDB1yT36tRtnqTC6gr3XmogMf2R6ffzgzsEs8qwvUDaiioLQodFqX1xDm,1754148418,2025-08-02T15:26:58,0.000005,D6JhU5uiVutVUido9N9RPuKs79pvxXsxBv9CTjCR1hhz,dec,6000,978413269,978407269,So11111111111111111111111111111111111111111,9,1.0
4sqNjA8Cix2Sidf3uW6PioGsSUEmy8KYrQkk2pZZte9N7HjqajSjCVzCtEizYhnDLgZDTw3Mnt6aVyyziTVmaNtY,1754148418,2025-08-02T15:26:58,0.000005002,8TmYwouRNA66jtQCo4sDnRvQzJrekarYFYfGbZc6kVL7,dec,5147354322930,5147354323855,925,51r4QZLBQZQfDnmw2SnR7djq4LnAjHZo2dtuxRWTfSzx,6,1.0
4sqNjA8Cix2Sidf3uW6PioGsSUEmy8KYrQkk2pZZte9N7HjqajSjCVzCtEizYhnDLgZDTw3Mnt6aVyyziTVmaNtY,1754148418,2025-08-02T15:26:58,0.000005002,D6JhU5uiVutVUido9N9RPuKs79pvxXsxBv9CTjCR1hhz,inc,851197273,127215996,978413269,So11111111111111111111111111111111111111111,9,1.0
2Du1LinP8wkRN3QDianK7thdVcDmpg4DuYCUcYe96YoQmkGP6xHEYmCk2CfdYR1Qc3EYyCpsG3aHtsmTSeJppmAh,1754148349,2025-08-02T15:25:49,0.000005,D6JhU5uiVutVUido9N9RPuKs79pvxXsxBv9CTjCR1hhz,dec,6000,127221996,127215996,So11111111111111111111111111111111111111111,9,1.0
5DSbrDYVHebcDXZjXQpgGfxL4gJiPBV7EirNtshv4bEihUyJEuywj3FsSy448tZUrU93PbmVktvQ9yjS6ouH321Q,1754148349,2025-08-02T15:25:49,0.000005003,8TmYwouRNA66jtQCo4sDnRvQzJrekarYFYfGbZc6kVL7,inc,2137504796541,3009849527314,5147354323855,51r4QZLBQZQfDnmw2SnR7djq4LnAjHZo2dtuxRWTfSzx,6,1.0
5DSbrDYVHebcDXZjXQpgGfxL4gJiPBV7EirNtshv4bEihUyJEuywj3FsSy448tZUrU93PbmVktvQ9yjS6ouH321Q,1754148349,2025-08-02T15:25:49,0.000005003,D6JhU5uiVutVUido9N9RPuKs79pvxXsxBv9CTjCR1hhz,dec,354910779,482132775,127221996,So11111111111111111111111111111111111111111,9,1.0
2UTWsHVeKb41UCVP8oFmHi7tLABj6RJEwYmeUyR94MvZg52vuHtdHMuxiDhFPHAbwEchfibcVUgDa33U9a4PWPqG,1754148341,2025-08-02T15:25:41,0.000005,D6JhU5uiVutVUido9N9RPuKs79pvxXsxBv9CTjCR1hhz,dec,6000,482138775,482132775,So11111111111111111111111111111111111111111,9,1.0
5NPJ1dsUNq4X9UtjqpQHKhLtXkd8Ne8qk2tFcErWSRVGPiK3fgRwd8AQpmxtLXTZP64GxeBAse3sxAMMo72SSPnd,1754148341,2025-08-02T15:25:41,0.000005003,8TmYwouRNA66jtQCo4sDnRvQzJrekarYFYfGbZc6kVL7,inc,3009446388192,403139122,3009849527314,51r4QZLBQZQfDnmw2SnR7djq4LnAjHZo2dtuxRWTfSzx,6,1.0
5NPJ1dsUNq4X9UtjqpQHKhLtXkd8Ne8qk2tFcErWSRVGPiK3fgRwd8AQpmxtLXTZP64GxeBAse3sxAMMo72SSPnd,1754148341,2025-08-02T15:25:41,0.000005003,D6JhU5uiVutVUido9N9RPuKs79pvxXsxBv9CTjCR1hhz,dec,493926355,976065130,482138775,So11111111111111111111111111111111111111111,9,1.0
3ZE5TtABS9RZ3qAnUnTL7ZFwLBpzzCb1WUNePyPZ4wXMcqe78M9QAacxpjsrwQ9SM27ozNB9ifM2FvGXs9pik3qy,1754148329,2025-08-02T15:25:29,0.000005,D6JhU5uiVutVUido9N9RPuKs79pvxXsxBv9CTjCR1hhz,dec,6000,976071130,976065130,So11111111111111111111111111111111111111111,9,1.0
2xMSAr21icYsbP6Fjg3WHi1EtD5SSPAHyab1BwTMXHej5XzGPEuTmYGiugVpbb4JbYckrhCp5uhF1jJCtrdEDKCP,1754148329,2025-08-02T15:25:29,0.000005002,8TmYwouRNA66jtQCo4sDnRvQzJrekarYFYfGbZc6kVL7,dec,25275153302,25678292424,403139122,51r4QZLBQZQfDnmw2SnR7djq4LnAjHZo2dtuxRWTfSzx,6,1.0
2xMSAr21icYsbP6Fjg3WHi1EtD5SSPAHyab1BwTMXHej5XzGPEuTmYGiugVpbb4JbYckrhCp5uhF1jJCtrdEDKCP,1754148329,2025-08-02T15:25:29,0.000005002,D6JhU5uiVutVUido9N9RPuKs79pvxXsxBv9CTjCR1hhz,inc,4030694,972040436,976071130,So11111111111111111111111111111111111111111,9,1.0
2B5nYDFC5ihifREaSDQs2nUgaaF2GP3q3P7VnGHNPCDB1K5BNEFWHwnabpN1H1GSf2VFpajSsKTA1q63qUAo7KFa,1754148327,2025-08-02T15:25:27,0.000005,D6JhU5uiVutVUido9N9RPuKs79pvxXsxBv9CTjCR1hhz,dec,6000,972046436,972040436,So11111111111111111111111111111111111111111,9,1.0
61KvSzqt8Htt983Ast36LjnZCdiy84x5iNNftbscDMv7ifGMJUpPhoWccVDjXsALitFhBSsJjLy3UXJBkEt1uXqj,1754148327,2025-08-02T15:25:27,0.000005002,8TmYwouRNA66jtQCo4sDnRvQzJrekarYFYfGbZc6kVL7,dec,4616292975557,4641971267981,25678292424,51r4QZLBQZQfDnmw2SnR7djq4LnAjHZo2dtuxRWTfSzx,6,1.0
61KvSzqt8Htt983Ast36LjnZCdiy84x5iNNftbscDMv7ifGMJUpPhoWccVDjXsALitFhBSsJjLy3UXJBkEt1uXqj,1754148327,2025-08-02T15:25:27,0.000005002,D6JhU5uiVutVUido9N9RPuKs79pvxXsxBv9CTjCR1hhz,inc,730092967,241953469,972046436,So11111111111111111111111111111111111111111,9,1.0
xxoyLqorT5ixj2Y3NivVmLvVQRCryWxsXzjSX6ZYfGiEgf18HonrUf222SBwNop6nxXr8RpKi4yV6eN1RqnDu11,1754148289,2025-08-02T15:24:49,0.000005,D6JhU5uiVutVUido9N9RPuKs79pvxXsxBv9CTjCR1hhz,dec,6000,241959469,241953469,So11111111111111111111111111111111111111111,9,1.0
JeVargTSv6BCZ3UtTAQX5spTG7Eo5ua4r9caQi18L9zFeYuDngHKsDALPhLzopKtrygECZBxwSCHkDysHBtL1CU,1754148289,2025-08-02T15:24:49,0.000005003,8TmYwouRNA66jtQCo4sDnRvQzJrekarYFYfGbZc6kVL7,inc,3121632999387,1520338268594,4641971267981,51r4QZLBQZQfDnmw2SnR7djq4LnAjHZo2dtuxRWTfSzx,6,1.0
JeVargTSv6BCZ3UtTAQX5spTG7Eo5ua4r9caQi18L9zFeYuDngHKsDALPhLzopKtrygECZBxwSCHkDysHBtL1CU,1754148289,2025-08-02T15:24:49,0.000005003,D6JhU5uiVutVUido9N9RPuKs79pvxXsxBv9CTjCR1hhz,dec,496224012,738183481,241959469,So11111111111111111111111111111111111111111,9,1.0
3JXeRQvVpxaCaruTFYvcTPmfGRdHdeTJ62E3Pc9K5wtvEUsnbUWmDiWUVvPfgoJQU8hGZq9GnaUSyThH3UQCR2Qb,1754148271,2025-08-02T15:24:31,0.000005,D6JhU5uiVutVUido9N9RPuKs79pvxXsxBv9CTjCR1hhz,dec,6000,738189481,738183481,So11111111111111111111111111111111111111111,9,1.0
67b17ojuwTR2yxveYKW72baihTLnoDZbbU1wARWeEU6BaEERBf3Tu2J3ZWvr5J3SFn4CMoSrtxyZU2gJTvsdqReB,1754148271,2025-08-02T15:24:31,0.000005003,8TmYwouRNA66jtQCo4sDnRvQzJrekarYFYfGbZc6kVL7,inc,1516708674764,3629593830,1520338268594,51r4QZLBQZQfDnmw2SnR7djq4LnAjHZo2dtuxRWTfSzx,6,1.0
67b17ojuwTR2yxveYKW72baihTLnoDZbbU1wARWeEU6BaEERBf3Tu2J3ZWvr5J3SFn4CMoSrtxyZU2gJTvsdqReB,1754148271,2025-08-02T15:24:31,0.000005003,D6JhU5uiVutVUido9N9RPuKs79pvxXsxBv9CTjCR1hhz,dec,228776478,966965959,738189481,So11111111111111111111111111111111111111111,9,1.0
4h3ALotriv9u7SjRhhVXEykcasGtoF3pyKqAJ1UwzT8RqFReaqpKSPZEUARMEAmz2aH31rm6MnG4u5HWQSj7g3ru,1754148266,2025-08-02T15:24:26,0.000005,D6JhU5uiVutVUido9N9RPuKs79pvxXsxBv9CTjCR1hhz,dec,6000,966971959,966965959,So11111111111111111111111111111111111111111,9,1.0
61JW3cqrY7yApwzGMU5bRRZ8VCnEQmH5Tpxwgx1pPqq5aQT3cNimeT1ReE87XzkxjM2i3EckTPvtxr4Uxdf2dmNb,1754148266,2025-08-02T15:24:26,0.000005002,8TmYwouRNA66jtQCo4sDnRvQzJrekarYFYfGbZc6kVL7,dec,1529576791545,1533206385375,3629593830,51r4QZLBQZQfDnmw2SnR7djq4LnAjHZo2dtuxRWTfSzx,6,1.0
61JW3cqrY7yApwzGMU5bRRZ8VCnEQmH5Tpxwgx1pPqq5aQT3cNimeT1ReE87XzkxjM2i3EckTPvtxr4Uxdf2dmNb,1754148266,2025-08-02T15:24:26,0.000005002,D6JhU5uiVutVUido9N9RPuKs79pvxXsxBv9CTjCR1hhz,inc,228617052,738354907,966971959,So11111111111111111111111111111111111111111,9,1.0
C5EdZ3f9u8TwjMn6DRCzUsUns74zPhvq62n6Sv2Z9F4wXu4kDzNumX5UXdinZ9y7u6GNwhmvuMcdu8LJVHeuPJe,1754148185,2025-08-02T15:23:05,0.000005,D6JhU5uiVutVUido9N9RPuKs79pvxXsxBv9CTjCR1hhz,dec,6000,738360907,738354907,So11111111111111111111111111111111111111111,9,1.0
4xU9FQq6e9npe8hZdcJ4YTZP3ZpgNMKVtYqtcQZBsh2LYdU2xGk5t25sjUfQ1D6st6LrP8QYWpNfokBBQzQ4mfsf,1754148185,2025-08-02T15:23:05,0.000005003,8TmYwouRNA66jtQCo4sDnRvQzJrekarYFYfGbZc6kVL7,inc,1533087688953,118696422,1533206385375,51r4QZLBQZQfDnmw2SnR7djq4LnAjHZo2dtuxRWTfSzx,6,1.0
4xU9FQq6e9npe8hZdcJ4YTZP3ZpgNMKVtYqtcQZBsh2LYdU2xGk5t25sjUfQ1D6st6LrP8QYWpNfokBBQzQ4mfsf,1754148185,2025-08-02T15:23:05,0.000005003,D6JhU5uiVutVUido9N9RPuKs79pvxXsxBv9CTjCR1hhz,dec,212919218,951280125,738360907,So11111111111111111111111111111111111111111,9,1.0
21hHrCZcadaY5xraMr7g8hFhcFXg1FXVvBsUSEGu2HqGq8NMMbFfRzR9wNuGu2hzt4ymy2z6tr7nfAAuenWupj8E,1754148153,2025-08-02T15:22:33,0.000005,D6JhU5uiVutVUido9N9RPuKs79pvxXsxBv9CTjCR1hhz,dec,6000,951286125,951280125,So11111111111111111111111111111111111111111,9,1.0
5ghv9H2J4AV6XigUFLLU69Mb21LvtC915j7mTMmj6ePie657T4XKoicLAHW391JUNeS9hhEgFH1pAewyVGsdq8Fb,1754148153,2025-08-02T15:22:33,0.000005002,8TmYwouRNA66jtQCo4sDnRvQzJrekarYFYfGbZc6kVL7,dec,40110049411,40228745833,118696422,51r4QZLBQZQfDnmw2SnR7djq4LnAjHZo2dtuxRWTfSzx,6,1.0
5ghv9H2J4AV6XigUFLLU69Mb21LvtC915j7mTMmj6ePie657T4XKoicLAHW391JUNeS9hhEgFH1pAewyVGsdq8Fb,1754148153,2025-08-02T15:22:33,0.000005002,D6JhU5uiVutVUido9N9RPuKs79pvxXsxBv9CTjCR1hhz,inc,5474050,945812075,951286125,So11111111111111111111111111111111111111111,9,1.0
3yaP89SRpVxMqAuKsTUVyVa27uPR2Lq3ZWGKVRndp1GKyU6yXL4SfwZ4LvmUUSDc59cVdbu5NTcGJhwKXdsJcT3Y,1754148149,2025-08-02T15:22:29,0.000005,D6JhU5uiVutVUido9N9RPuKs79pvxXsxBv9CTjCR1hhz,dec,6000,945818075,945812075,So11111111111111111111111111111111111111111,9,1.0
3ZGx4FtFYUJd1VqiynVjoPHukaSbDEohn5TiPJrsyuvKDyFHFoGd5FuubjPrUuB8XAhf6LJRevvbtGEc3F37TJBt,1754148149,2025-08-02T15:22:29,0.000005002,8TmYwouRNA66jtQCo4sDnRvQzJrekarYFYfGbZc6kVL7,dec,2948936542196,2989165288029,40228745833,51r4QZLBQZQfDnmw2SnR7djq4LnAjHZo2dtuxRWTfSzx,6,1.0
3ZGx4FtFYUJd1VqiynVjoPHukaSbDEohn5TiPJrsyuvKDyFHFoGd5FuubjPrUuB8XAhf6LJRevvbtGEc3F37TJBt,1754148149,2025-08-02T15:22:29,0.000005002,D6JhU5uiVutVUido9N9RPuKs79pvxXsxBv9CTjCR1hhz,inc,405738061,540080014,945818075,So11111111111111111111111111111111111111111,9,1.0
5Mb4BpBQMAXMeniGp3zmWHZsEVTwPeAyz4gBZ3x3n2r1dFBqeDMvcqW8tpZx5GJ7P8HvnsFEahCgiKhHkFqDkUWv,1754148051,2025-08-02T15:20:51,0.000005,D6JhU5uiVutVUido9N9RPuKs79pvxXsxBv9CTjCR1hhz,dec,6000,540086014,540080014,So11111111111111111111111111111111111111111,9,1.0
4EsCdF7oAqdp3QZF2QJYxPNcBmGC2Tpy7YkK3H3oix7oKwgCTutd6uqP4PFGkZG4PAtzmrM3fmgcn8LqHaPDRqHd,1754148051,2025-08-02T15:20:51,0.000005003,8TmYwouRNA66jtQCo4sDnRvQzJrekarYFYfGbZc6kVL7,inc,2983085150521,6080137508,2989165288029,51r4QZLBQZQfDnmw2SnR7djq4LnAjHZo2dtuxRWTfSzx,6,1.0
4EsCdF7oAqdp3QZF2QJYxPNcBmGC2Tpy7YkK3H3oix7oKwgCTutd6uqP4PFGkZG4PAtzmrM3fmgcn8LqHaPDRqHd,1754148051,2025-08-02T15:20:51,0.000005003,D6JhU5uiVutVUido9N9RPuKs79pvxXsxBv9CTjCR1hhz,dec,437282701,977368715,540086014,So11111111111111111111111111111111111111111,9,1.0
42quSGFE4ZLQVKn8WoHFiq7gmD8pZ5zUF3XazGGv6yo8AJuLoy4Vfbc9xQj4wWa5taSa7SbsQYWKGDvPrwAshgeq,1754148017,2025-08-02T15:20:17,0.000005,D6JhU5uiVutVUido9N9RPuKs79pvxXsxBv9CTjCR1hhz,dec,6000,977374715,977368715,So11111111111111111111111111111111111111111,9,1.0
